ISO-10303-21;
HEADER;
FILE_DESCRIPTION(('FreeCAD Model'),'2;1');
FILE_NAME('Open CASCADE Shape Model','2026-06-08T16:08:47',(''),(''),
  'Open CASCADE STEP processor 7.8','FreeCAD','Unknown');
FILE_SCHEMA(('AUTOMOTIVE_DESIGN { 1 0 10303 214 1 1 1 1 }'));
ENDSEC;
DATA;
#1 = APPLICATION_PROTOCOL_DEFINITION('international standard',
  'automotive_design',2000,#2);
#2 = APPLICATION_CONTEXT(
  'core data for automotive mechanical design processes');
#3 = SHAPE_DEFINITION_REPRESENTATION(#4,#10);
#4 = PRODUCT_DEFINITION_SHAPE('','',#5);
#5 = PRODUCT_DEFINITION('design','',#6,#9);
#6 = PRODUCT_DEFINITION_FORMATION('','',#7);
#7 = PRODUCT('Plate','Plate','',(#8));
#8 = PRODUCT_CONTEXT('',#2,'mechanical');
#9 = PRODUCT_DEFINITION_CONTEXT('part definition',#2,'design');
#10 = ADVANCED_BREP_SHAPE_REPRESENTATION('',(#11,#15),#6854);
#11 = AXIS2_PLACEMENT_3D('',#12,#13,#14);
#12 = CARTESIAN_POINT('',(0.,0.,0.));
#13 = DIRECTION('',(0.,0.,1.));
#14 = DIRECTION('',(1.,0.,-0.));
#15 = MANIFOLD_SOLID_BREP('',#16);
#16 = CLOSED_SHELL('',(#17,#645,#676,#700,#724,#748,#772,#796,#820,#844,
    #868,#892,#916,#941,#965,#990,#1015,#1040,#1065,#1090,#1114,#1139,
    #1163,#1188,#1212,#1237,#1261,#1286,#1310,#1335,#1382,#1414,#1438,
    #1463,#1487,#1512,#1536,#1561,#1585,#1610,#1634,#1659,#1683,#1708,
    #1733,#1758,#1783,#1808,#1832,#1857,#1881,#1905,#1929,#1953,#1977,
    #2001,#2025,#2049,#2073,#2097,#2121,#2145,#2170,#2194,#2219,#2243,
    #2268,#2292,#2317,#2342,#2366,#2391,#2415,#2440,#2457,#3575,#3592,
    #3609,#4729,#4751,#4768,#4785,#4797,#4819,#4836,#4853,#4865,#4887,
    #4904,#4921,#4933,#4955,#4972,#4989,#5001,#5023,#5040,#5057,#5069,
    #5091,#5108,#5125,#5137,#5159,#5176,#5193,#5205,#5227,#5244,#5261,
    #5273,#5295,#5312,#5329,#5341,#5363,#5380,#5397,#5409,#5431,#5448,
    #5465,#5477,#5499,#5516,#5533,#5545,#5567,#5584,#5601,#5613,#5635,
    #5652,#5669,#5681,#5703,#5720,#5737,#5749,#5771,#5788,#5805,#5817,
    #5839,#5856,#5873,#5885,#5907,#5924,#5941,#5953,#5975,#5992,#6009,
    #6021,#6043,#6060,#6077,#6089,#6111,#6128,#6145,#6157,#6179,#6196,
    #6213,#6225,#6247,#6264,#6281,#6293,#6315,#6332,#6349,#6361,#6383,
    #6400,#6417,#6429,#6451,#6468,#6485,#6497,#6519,#6536,#6553,#6565,
    #6587,#6604,#6621,#6633,#6655,#6672,#6689,#6701,#6723,#6740,#6757,
    #6769,#6786,#6803,#6820,#6837));
#17 = ADVANCED_FACE('',(#18),#640,.F.);
#18 = FACE_BOUND('',#19,.F.);
#19 = EDGE_LOOP('',(#20,#30,#38,#47,#55,#64,#72,#81,#89,#97,#105,#114,
    #122,#131,#139,#148,#156,#164,#172,#180,#188,#196,#204,#212,#220,
    #228,#236,#244,#253,#261,#270,#279,#288,#297,#306,#314,#323,#331,
    #340,#348,#357,#365,#374,#382,#391,#399,#407,#415,#424,#432,#441,
    #449,#458,#466,#475,#483,#492,#500,#509,#518,#527,#536,#545,#553,
    #562,#570,#578,#586,#594,#602,#610,#618,#626,#634));
#20 = ORIENTED_EDGE('',*,*,#21,.F.);
#21 = EDGE_CURVE('',#22,#24,#26,.T.);
#22 = VERTEX_POINT('',#23);
#23 = CARTESIAN_POINT('',(192.88125,-114.3,1.6));
#24 = VERTEX_POINT('',#25);
#25 = CARTESIAN_POINT('',(192.900319,-114.777376,1.6));
#26 = LINE('',#27,#28);
#27 = CARTESIAN_POINT('',(192.88125,-114.3,1.6));
#28 = VECTOR('',#29,1.);
#29 = DIRECTION('',(3.991362062866E-02,-0.999203133946,0.));
#30 = ORIENTED_EDGE('',*,*,#31,.T.);
#31 = EDGE_CURVE('',#22,#32,#34,.T.);
#32 = VERTEX_POINT('',#33);
#33 = CARTESIAN_POINT('',(192.88125,-96.49999937039,1.6));
#34 = LINE('',#35,#36);
#35 = CARTESIAN_POINT('',(192.88125,-114.3,1.6));
#36 = VECTOR('',#37,1.);
#37 = DIRECTION('',(2.23541526939E-14,1.,0.));
#38 = ORIENTED_EDGE('',*,*,#39,.T.);
#39 = EDGE_CURVE('',#32,#40,#42,.T.);
#40 = VERTEX_POINT('',#41);
#41 = CARTESIAN_POINT('',(190.5000016296,-94.118751,1.6));
#42 = CIRCLE('',#43,2.381248370398);
#43 = AXIS2_PLACEMENT_3D('',#44,#45,#46);
#44 = CARTESIAN_POINT('',(190.5000016296,-96.49999937039,1.6));
#45 = DIRECTION('',(0.,0.,1.));
#46 = DIRECTION('',(1.,0.,0.));
#47 = ORIENTED_EDGE('',*,*,#48,.F.);
#48 = EDGE_CURVE('',#49,#40,#51,.T.);
#49 = VERTEX_POINT('',#50);
#50 = CARTESIAN_POINT('',(176.3562483704,-94.11875099999,1.6));
#51 = LINE('',#52,#53);
#52 = CARTESIAN_POINT('',(176.3562483704,-94.118751,1.6));
#53 = VECTOR('',#54,1.);
#54 = DIRECTION('',(1.,0.,0.));
#55 = ORIENTED_EDGE('',*,*,#56,.F.);
#56 = EDGE_CURVE('',#57,#49,#59,.T.);
#57 = VERTEX_POINT('',#58);
#58 = CARTESIAN_POINT('',(173.975,-91.73750262959,1.6));
#59 = CIRCLE('',#60,2.381248370398);
#60 = AXIS2_PLACEMENT_3D('',#61,#62,#63);
#61 = CARTESIAN_POINT('',(176.3562483704,-91.73750262959,1.6));
#62 = DIRECTION('',(0.,0.,1.));
#63 = DIRECTION('',(1.,0.,0.));
#64 = ORIENTED_EDGE('',*,*,#65,.T.);
#65 = EDGE_CURVE('',#57,#66,#68,.T.);
#66 = VERTEX_POINT('',#67);
#67 = CARTESIAN_POINT('',(173.97499999999,-37.40254637039,1.6));
#68 = LINE('',#69,#70);
#69 = CARTESIAN_POINT('',(173.975,-91.73750262959,1.6));
#70 = VECTOR('',#71,1.);
#71 = DIRECTION('',(-2.196949953143E-13,1.,0.));
#72 = ORIENTED_EDGE('',*,*,#73,.T.);
#73 = EDGE_CURVE('',#66,#74,#76,.T.);
#74 = VERTEX_POINT('',#75);
#75 = CARTESIAN_POINT('',(171.5937516296,-35.021298,1.6));
#76 = CIRCLE('',#77,2.381248370398);
#77 = AXIS2_PLACEMENT_3D('',#78,#79,#80);
#78 = CARTESIAN_POINT('',(171.5937516296,-37.40254637039,1.6));
#79 = DIRECTION('',(0.,0.,1.));
#80 = DIRECTION('',(1.,0.,0.));
#81 = ORIENTED_EDGE('',*,*,#82,.T.);
#82 = EDGE_CURVE('',#74,#83,#85,.T.);
#83 = VERTEX_POINT('',#84);
#84 = CARTESIAN_POINT('',(161.93925499999,-35.02129799999,1.6));
#85 = LINE('',#86,#87);
#86 = CARTESIAN_POINT('',(171.5937516296,-35.021298,1.6));
#87 = VECTOR('',#88,1.);
#88 = DIRECTION('',(-1.,9.908916924758E-14,0.));
#89 = ORIENTED_EDGE('',*,*,#90,.F.);
#90 = EDGE_CURVE('',#91,#83,#93,.T.);
#91 = VERTEX_POINT('',#92);
#92 = CARTESIAN_POINT('',(161.93925499999,-36.02129799999,1.6));
#93 = LINE('',#94,#95);
#94 = CARTESIAN_POINT('',(161.93925499999,-64.40075451967,1.6));
#95 = VECTOR('',#96,1.);
#96 = DIRECTION('',(9.908916924758E-14,1.,0.));
#97 = ORIENTED_EDGE('',*,*,#98,.F.);
#98 = EDGE_CURVE('',#99,#91,#101,.T.);
#99 = VERTEX_POINT('',#100);
#100 = CARTESIAN_POINT('',(171.5937516296,-36.021298,1.6));
#101 = LINE('',#102,#103);
#102 = CARTESIAN_POINT('',(171.5937516296,-36.021298,1.6));
#103 = VECTOR('',#104,1.);
#104 = DIRECTION('',(-1.,1.000974763548E-13,0.));
#105 = ORIENTED_EDGE('',*,*,#106,.F.);
#106 = EDGE_CURVE('',#107,#99,#109,.T.);
#107 = VERTEX_POINT('',#108);
#108 = CARTESIAN_POINT('',(172.975,-37.40254637039,1.6));
#109 = CIRCLE('',#110,1.381248370398);
#110 = AXIS2_PLACEMENT_3D('',#111,#112,#113);
#111 = CARTESIAN_POINT('',(171.5937516296,-37.40254637039,1.6));
#112 = DIRECTION('',(0.,0.,1.));
#113 = DIRECTION('',(1.,0.,0.));
#114 = ORIENTED_EDGE('',*,*,#115,.F.);
#115 = EDGE_CURVE('',#116,#107,#118,.T.);
#116 = VERTEX_POINT('',#117);
#117 = CARTESIAN_POINT('',(172.975,-91.7375026296,1.6));
#118 = LINE('',#119,#120);
#119 = CARTESIAN_POINT('',(172.975,-91.7375026296,1.6));
#120 = VECTOR('',#121,1.);
#121 = DIRECTION('',(-3.452349926368E-14,1.,0.));
#122 = ORIENTED_EDGE('',*,*,#123,.T.);
#123 = EDGE_CURVE('',#116,#124,#126,.T.);
#124 = VERTEX_POINT('',#125);
#125 = CARTESIAN_POINT('',(176.3562483704,-95.11875099999,1.6));
#126 = CIRCLE('',#127,3.381248370398);
#127 = AXIS2_PLACEMENT_3D('',#128,#129,#130);
#128 = CARTESIAN_POINT('',(176.3562483704,-91.73750262959,1.6));
#129 = DIRECTION('',(0.,0.,1.));
#130 = DIRECTION('',(1.,0.,0.));
#131 = ORIENTED_EDGE('',*,*,#132,.T.);
#132 = EDGE_CURVE('',#124,#133,#135,.T.);
#133 = VERTEX_POINT('',#134);
#134 = CARTESIAN_POINT('',(190.5000016296,-95.118751,1.6));
#135 = LINE('',#136,#137);
#136 = CARTESIAN_POINT('',(176.3562483704,-95.11875099999,1.6));
#137 = VECTOR('',#138,1.);
#138 = DIRECTION('',(1.,-1.768349874351E-13,0.));
#139 = ORIENTED_EDGE('',*,*,#140,.F.);
#140 = EDGE_CURVE('',#141,#133,#143,.T.);
#141 = VERTEX_POINT('',#142);
#142 = CARTESIAN_POINT('',(191.88125,-96.49999937039,1.6));
#143 = CIRCLE('',#144,1.381248370398);
#144 = AXIS2_PLACEMENT_3D('',#145,#146,#147);
#145 = CARTESIAN_POINT('',(190.5000016296,-96.49999937039,1.6));
#146 = DIRECTION('',(0.,0.,1.));
#147 = DIRECTION('',(1.,0.,0.));
#148 = ORIENTED_EDGE('',*,*,#149,.F.);
#149 = EDGE_CURVE('',#150,#141,#152,.T.);
#150 = VERTEX_POINT('',#151);
#151 = CARTESIAN_POINT('',(191.88125,-114.3199647649,1.6));
#152 = LINE('',#153,#154);
#153 = CARTESIAN_POINT('',(191.88125,-114.3199647649,1.6));
#154 = VECTOR('',#155,1.);
#155 = DIRECTION('',(2.232910800981E-14,1.,0.));
#156 = ORIENTED_EDGE('',*,*,#157,.T.);
#157 = EDGE_CURVE('',#150,#158,#160,.T.);
#158 = VERTEX_POINT('',#159);
#159 = CARTESIAN_POINT('',(191.90278189882,-114.8589973169,1.6));
#160 = LINE('',#161,#162);
#161 = CARTESIAN_POINT('',(191.88125,-114.3199647649,1.6));
#162 = VECTOR('',#163,1.);
#163 = DIRECTION('',(3.991362062869E-02,-0.999203133946,0.));
#164 = ORIENTED_EDGE('',*,*,#165,.T.);
#165 = EDGE_CURVE('',#158,#166,#168,.T.);
#166 = VERTEX_POINT('',#167);
#167 = CARTESIAN_POINT('',(191.9688750098,-115.3920610522,1.6));
#168 = LINE('',#169,#170);
#169 = CARTESIAN_POINT('',(191.90278189882,-114.8589973169,1.6));
#170 = VECTOR('',#171,1.);
#171 = DIRECTION('',(0.123045089089,-0.992401081242,0.));
#172 = ORIENTED_EDGE('',*,*,#173,.T.);
#173 = EDGE_CURVE('',#166,#174,#176,.T.);
#174 = VERTEX_POINT('',#175);
#175 = CARTESIAN_POINT('',(192.0772806919,-115.8990015515,1.6));
#176 = LINE('',#177,#178);
#177 = CARTESIAN_POINT('',(191.9688750098,-115.3920610522,1.6));
#178 = VECTOR('',#179,1.);
#179 = DIRECTION('',(0.209115159183,-0.977891021638,0.));
#180 = ORIENTED_EDGE('',*,*,#181,.T.);
#181 = EDGE_CURVE('',#174,#182,#184,.T.);
#182 = VERTEX_POINT('',#183);
#183 = CARTESIAN_POINT('',(192.22638768195,-116.3786170308,1.6));
#184 = LINE('',#185,#186);
#185 = CARTESIAN_POINT('',(192.0772806919,-115.8990015515,1.6));
#186 = VECTOR('',#187,1.);
#187 = DIRECTION('',(0.296872827264,-0.954917024894,0.));
#188 = ORIENTED_EDGE('',*,*,#189,.T.);
#189 = EDGE_CURVE('',#182,#190,#192,.T.);
#190 = VERTEX_POINT('',#191);
#191 = CARTESIAN_POINT('',(192.4141446329,-116.8288808532,1.6));
#192 = LINE('',#193,#194);
#193 = CARTESIAN_POINT('',(192.22638768195,-116.3786170308,1.6));
#194 = VECTOR('',#195,1.);
#195 = DIRECTION('',(0.384872165152,-0.922969889266,0.));
#196 = ORIENTED_EDGE('',*,*,#197,.T.);
#197 = EDGE_CURVE('',#190,#198,#200,.T.);
#198 = VERTEX_POINT('',#199);
#199 = CARTESIAN_POINT('',(192.63761376911,-117.2467112304,1.6));
#200 = LINE('',#201,#202);
#201 = CARTESIAN_POINT('',(192.4141446329,-116.8288808532,1.6));
#202 = VECTOR('',#203,1.);
#203 = DIRECTION('',(0.47161691914,-0.881803539107,0.));
#204 = ORIENTED_EDGE('',*,*,#205,.T.);
#205 = EDGE_CURVE('',#198,#206,#208,.T.);
#206 = VERTEX_POINT('',#207);
#207 = CARTESIAN_POINT('',(192.89209640264,-117.6274344565,1.6));
#208 = LINE('',#209,#210);
#209 = CARTESIAN_POINT('',(192.63761376911,-117.2467112304,1.6));
#210 = VECTOR('',#211,1.);
#211 = DIRECTION('',(0.555708370418,-0.831377295244,0.));
#212 = ORIENTED_EDGE('',*,*,#213,.T.);
#213 = EDGE_CURVE('',#206,#214,#216,.T.);
#214 = VERTEX_POINT('',#215);
#215 = CARTESIAN_POINT('',(193.16901582154,-117.9634282274,1.6));
#216 = LINE('',#217,#218);
#217 = CARTESIAN_POINT('',(192.89209640264,-117.6274344565,1.6));
#218 = VECTOR('',#219,1.);
#219 = DIRECTION('',(0.636006463372,-0.771683729613,0.));
#220 = ORIENTED_EDGE('',*,*,#221,.T.);
#221 = EDGE_CURVE('',#214,#222,#224,.T.);
#222 = VERTEX_POINT('',#223);
#223 = CARTESIAN_POINT('',(193.4479922493,-118.2387543492,1.6));
#224 = LINE('',#225,#226);
#225 = CARTESIAN_POINT('',(193.16901582154,-117.9634282274,1.6));
#226 = VECTOR('',#227,1.);
#227 = DIRECTION('',(0.711747931417,-0.702434966473,0.));
#228 = ORIENTED_EDGE('',*,*,#229,.T.);
#229 = EDGE_CURVE('',#222,#230,#232,.T.);
#230 = VERTEX_POINT('',#231);
#231 = CARTESIAN_POINT('',(193.67506283431,-118.4207499623,1.6));
#232 = LINE('',#233,#234);
#233 = CARTESIAN_POINT('',(193.4479922493,-118.2387543492,1.6));
#234 = VECTOR('',#235,1.);
#235 = DIRECTION('',(0.780299983687,-0.625405416876,0.));
#236 = ORIENTED_EDGE('',*,*,#237,.T.);
#237 = EDGE_CURVE('',#230,#238,#240,.T.);
#238 = VERTEX_POINT('',#239);
#239 = CARTESIAN_POINT('',(203.37775253604,-124.3225610192,1.6));
#240 = LINE('',#241,#242);
#241 = CARTESIAN_POINT('',(193.67506283431,-118.4207499623,1.6));
#242 = VECTOR('',#243,1.);
#243 = DIRECTION('',(0.854361750204,-0.519678746716,0.));
#244 = ORIENTED_EDGE('',*,*,#245,.F.);
#245 = EDGE_CURVE('',#246,#238,#248,.T.);
#246 = VERTEX_POINT('',#247);
#247 = CARTESIAN_POINT('',(203.89190584529,-126.2143000326,1.6));
#248 = CIRCLE('',#249,1.381252591028);
#249 = AXIS2_PLACEMENT_3D('',#250,#251,#252);
#250 = CARTESIAN_POINT('',(202.69570610313,-125.52367358,1.6));
#251 = DIRECTION('',(0.,-0.,1.));
#252 = DIRECTION('',(0.500001932325,0.866024288153,0.));
#253 = ORIENTED_EDGE('',*,*,#254,.T.);
#254 = EDGE_CURVE('',#246,#255,#257,.T.);
#255 = VERTEX_POINT('',#256);
#256 = CARTESIAN_POINT('',(184.84189839804,-159.2098708072,1.6));
#257 = LINE('',#258,#259);
#258 = CARTESIAN_POINT('',(203.89190584529,-126.2143000326,1.6));
#259 = VECTOR('',#260,1.);
#260 = DIRECTION('',(-0.500000113749,-0.866025338111,0.));
#261 = ORIENTED_EDGE('',*,*,#262,.F.);
#262 = EDGE_CURVE('',#263,#255,#265,.T.);
#263 = VERTEX_POINT('',#264);
#264 = CARTESIAN_POINT('',(182.96895554509,-159.7233502945,1.6));
#265 = CIRCLE('',#266,1.381250259068);
#266 = AXIS2_PLACEMENT_3D('',#267,#268,#269);
#267 = CARTESIAN_POINT('',(183.64570067542,-158.5192455206,1.6));
#268 = DIRECTION('',(-0.,0.,1.));
#269 = DIRECTION('',(0.866026288806,-0.499998467095,0.));
#270 = ORIENTED_EDGE('',*,*,#271,.T.);
#271 = EDGE_CURVE('',#263,#272,#274,.T.);
#272 = VERTEX_POINT('',#273);
#273 = CARTESIAN_POINT('',(168.52390858787,-151.835104807,1.6));
#274 = CIRCLE('',#275,135.8148020984);
#275 = AXIS2_PLACEMENT_3D('',#276,#277,#278);
#276 = CARTESIAN_POINT('',(110.77277508551,-274.7597445186,1.6));
#277 = DIRECTION('',(0.,0.,1.));
#278 = DIRECTION('',(1.,0.,0.));
#279 = ORIENTED_EDGE('',*,*,#280,.T.);
#280 = EDGE_CURVE('',#272,#281,#283,.T.);
#281 = VERTEX_POINT('',#282);
#282 = CARTESIAN_POINT('',(151.80221618759,-145.7731523941,1.6));
#283 = CIRCLE('',#284,97.846989070694);
#284 = AXIS2_PLACEMENT_3D('',#285,#286,#287);
#285 = CARTESIAN_POINT('',(126.95325477459,-240.4122689733,1.6));
#286 = DIRECTION('',(0.,0.,1.));
#287 = DIRECTION('',(1.,0.,0.));
#288 = ORIENTED_EDGE('',*,*,#289,.T.);
#289 = EDGE_CURVE('',#281,#290,#292,.T.);
#290 = VERTEX_POINT('',#291);
#291 = CARTESIAN_POINT('',(129.77415737247,-143.0656193011,1.6));
#292 = CIRCLE('',#293,84.665606478227);
#293 = AXIS2_PLACEMENT_3D('',#294,#295,#296);
#294 = CARTESIAN_POINT('',(130.54852029876,-227.727684492,1.6));
#295 = DIRECTION('',(0.,0.,1.));
#296 = DIRECTION('',(1.,0.,0.));
#297 = ORIENTED_EDGE('',*,*,#298,.F.);
#298 = EDGE_CURVE('',#299,#290,#301,.T.);
#299 = VERTEX_POINT('',#300);
#300 = CARTESIAN_POINT('',(128.39687499999,-141.6843749224,1.6));
#301 = CIRCLE('',#302,1.381250077504);
#302 = AXIS2_PLACEMENT_3D('',#303,#304,#305);
#303 = CARTESIAN_POINT('',(129.7781250775,-141.6843749224,1.6));
#304 = DIRECTION('',(0.,0.,1.));
#305 = DIRECTION('',(-3.254771097083E-08,-1.,0.));
#306 = ORIENTED_EDGE('',*,*,#307,.T.);
#307 = EDGE_CURVE('',#299,#308,#310,.T.);
#308 = VERTEX_POINT('',#309);
#309 = CARTESIAN_POINT('',(128.39687499999,-132.1593750775,1.6));
#310 = LINE('',#311,#312);
#311 = CARTESIAN_POINT('',(128.39687499999,-141.6843749224,1.6));
#312 = VECTOR('',#313,1.);
#313 = DIRECTION('',(-2.118573650832E-13,1.,0.));
#314 = ORIENTED_EDGE('',*,*,#315,.T.);
#315 = EDGE_CURVE('',#308,#316,#318,.T.);
#316 = VERTEX_POINT('',#317);
#317 = CARTESIAN_POINT('',(125.01562492249,-128.7781249999,1.6));
#318 = CIRCLE('',#319,3.381250077504);
#319 = AXIS2_PLACEMENT_3D('',#320,#321,#322);
#320 = CARTESIAN_POINT('',(125.01562492249,-132.1593750775,1.6));
#321 = DIRECTION('',(0.,-0.,1.));
#322 = DIRECTION('',(1.,3.25476991E-08,0.));
#323 = ORIENTED_EDGE('',*,*,#324,.T.);
#324 = EDGE_CURVE('',#316,#325,#327,.T.);
#325 = VERTEX_POINT('',#326);
#326 = CARTESIAN_POINT('',(57.150000077504,-128.7781249999,1.6));
#327 = LINE('',#328,#329);
#328 = CARTESIAN_POINT('',(125.01562492249,-128.7781249999,1.6));
#329 = VECTOR('',#330,1.);
#330 = DIRECTION('',(-1.,1.355217047318E-12,0.));
#331 = ORIENTED_EDGE('',*,*,#332,.F.);
#332 = EDGE_CURVE('',#333,#325,#335,.T.);
#333 = VERTEX_POINT('',#334);
#334 = CARTESIAN_POINT('',(55.76875,-127.3968749224,1.6));
#335 = CIRCLE('',#336,1.381250077504);
#336 = AXIS2_PLACEMENT_3D('',#337,#338,#339);
#337 = CARTESIAN_POINT('',(57.150000077504,-127.3968749224,1.6));
#338 = DIRECTION('',(0.,0.,1.));
#339 = DIRECTION('',(-3.254771696604E-08,-1.,0.));
#340 = ORIENTED_EDGE('',*,*,#341,.T.);
#341 = EDGE_CURVE('',#333,#342,#344,.T.);
#342 = VERTEX_POINT('',#343);
#343 = CARTESIAN_POINT('',(55.76875,-47.6250000775,1.6));
#344 = LINE('',#345,#346);
#345 = CARTESIAN_POINT('',(55.76875,-127.3968749224,1.6));
#346 = VECTOR('',#347,1.);
#347 = DIRECTION('',(0.,1.,0.));
#348 = ORIENTED_EDGE('',*,*,#349,.F.);
#349 = EDGE_CURVE('',#350,#342,#352,.T.);
#350 = VERTEX_POINT('',#351);
#351 = CARTESIAN_POINT('',(57.150000077504,-46.24374999999,1.6));
#352 = CIRCLE('',#353,1.381250077504);
#353 = AXIS2_PLACEMENT_3D('',#354,#355,#356);
#354 = CARTESIAN_POINT('',(57.150000077504,-47.6250000775,1.6));
#355 = DIRECTION('',(0.,0.,1.));
#356 = DIRECTION('',(-1.,3.25477170885E-08,0.));
#357 = ORIENTED_EDGE('',*,*,#358,.T.);
#358 = EDGE_CURVE('',#350,#359,#361,.T.);
#359 = VERTEX_POINT('',#360);
#360 = CARTESIAN_POINT('',(89.296874922496,-46.24374999999,1.6));
#361 = LINE('',#362,#363);
#362 = CARTESIAN_POINT('',(57.150000077504,-46.24374999999,1.6));
#363 = VECTOR('',#364,1.);
#364 = DIRECTION('',(1.,6.233049167315E-14,0.));
#365 = ORIENTED_EDGE('',*,*,#366,.T.);
#366 = EDGE_CURVE('',#359,#367,#369,.T.);
#367 = VERTEX_POINT('',#368);
#368 = CARTESIAN_POINT('',(92.678124488749,-42.86435931346,1.6));
#369 = CIRCLE('',#370,3.381250077504);
#370 = AXIS2_PLACEMENT_3D('',#371,#372,#373);
#371 = CARTESIAN_POINT('',(89.296874922496,-42.86249992249,1.6));
#372 = DIRECTION('',(-0.,0.,1.));
#373 = DIRECTION('',(3.254771463457E-08,-1.,0.));
#374 = ORIENTED_EDGE('',*,*,#375,.T.);
#375 = EDGE_CURVE('',#367,#376,#378,.T.);
#376 = VERTEX_POINT('',#377);
#377 = CARTESIAN_POINT('',(92.696796792555,-37.40402604221,1.6));
#378 = LINE('',#379,#380);
#379 = CARTESIAN_POINT('',(92.678124488749,-42.86435931346,1.6));
#380 = VECTOR('',#381,1.);
#381 = DIRECTION('',(3.41960713814E-03,0.999994153126,0.));
#382 = ORIENTED_EDGE('',*,*,#383,.F.);
#383 = EDGE_CURVE('',#384,#376,#386,.T.);
#384 = VERTEX_POINT('',#385);
#385 = CARTESIAN_POINT('',(94.078044370398,-36.02129799999,1.6));
#386 = CIRCLE('',#387,1.381248370398);
#387 = AXIS2_PLACEMENT_3D('',#388,#389,#390);
#388 = CARTESIAN_POINT('',(94.078044370398,-37.40254637039,1.6));
#389 = DIRECTION('',(0.,0.,1.));
#390 = DIRECTION('',(-1.,-6.843476888621E-07,0.));
#391 = ORIENTED_EDGE('',*,*,#392,.F.);
#392 = EDGE_CURVE('',#393,#384,#395,.T.);
#393 = VERTEX_POINT('',#394);
#394 = CARTESIAN_POINT('',(154.17114299999,-36.02129799999,1.6));
#395 = LINE('',#396,#397);
#396 = CARTESIAN_POINT('',(171.5937516296,-36.021298,1.6));
#397 = VECTOR('',#398,1.);
#398 = DIRECTION('',(-1.,1.000974763548E-13,0.));
#399 = ORIENTED_EDGE('',*,*,#400,.F.);
#400 = EDGE_CURVE('',#401,#393,#403,.T.);
#401 = VERTEX_POINT('',#402);
#402 = CARTESIAN_POINT('',(154.17114299999,-35.02129799999,1.6));
#403 = LINE('',#404,#405);
#404 = CARTESIAN_POINT('',(154.17114299999,-64.40075451966,1.6));
#405 = VECTOR('',#406,1.);
#406 = DIRECTION('',(-9.908916924758E-14,-1.,0.));
#407 = ORIENTED_EDGE('',*,*,#408,.T.);
#408 = EDGE_CURVE('',#401,#409,#411,.T.);
#409 = VERTEX_POINT('',#410);
#410 = CARTESIAN_POINT('',(94.078045,-35.02129799999,1.6));
#411 = LINE('',#412,#413);
#412 = CARTESIAN_POINT('',(171.5937516296,-35.021298,1.6));
#413 = VECTOR('',#414,1.);
#414 = DIRECTION('',(-1.,9.908916924758E-14,0.));
#415 = ORIENTED_EDGE('',*,*,#416,.F.);
#416 = EDGE_CURVE('',#417,#409,#419,.T.);
#417 = VERTEX_POINT('',#418);
#418 = CARTESIAN_POINT('',(91.696796,-37.40254799999,1.6));
#419 = CIRCLE('',#420,2.381248370398);
#420 = AXIS2_PLACEMENT_3D('',#421,#422,#423);
#421 = CARTESIAN_POINT('',(94.078044370398,-37.40254637039,1.6));
#422 = DIRECTION('',(0.,0.,-1.));
#423 = DIRECTION('',(-1.,-6.8434768883E-07,-0.));
#424 = ORIENTED_EDGE('',*,*,#425,.F.);
#425 = EDGE_CURVE('',#426,#417,#428,.T.);
#426 = VERTEX_POINT('',#427);
#427 = CARTESIAN_POINT('',(91.678125,-42.8625,1.6));
#428 = LINE('',#429,#430);
#429 = CARTESIAN_POINT('',(91.678125,-42.8625,1.6));
#430 = VECTOR('',#431,1.);
#431 = DIRECTION('',(3.41960713813E-03,0.999994153126,0.));
#432 = ORIENTED_EDGE('',*,*,#433,.F.);
#433 = EDGE_CURVE('',#434,#426,#436,.T.);
#434 = VERTEX_POINT('',#435);
#435 = CARTESIAN_POINT('',(89.296875,-45.24374999999,1.6));
#436 = CIRCLE('',#437,2.381250077504);
#437 = AXIS2_PLACEMENT_3D('',#438,#439,#440);
#438 = CARTESIAN_POINT('',(89.296874922496,-42.86249992249,1.6));
#439 = DIRECTION('',(-0.,0.,1.));
#440 = DIRECTION('',(3.254771105E-08,-1.,0.));
#441 = ORIENTED_EDGE('',*,*,#442,.F.);
#442 = EDGE_CURVE('',#443,#434,#445,.T.);
#443 = VERTEX_POINT('',#444);
#444 = CARTESIAN_POINT('',(57.15,-45.24374999999,1.6));
#445 = LINE('',#446,#447);
#446 = CARTESIAN_POINT('',(57.15,-45.24375,1.6));
#447 = VECTOR('',#448,1.);
#448 = DIRECTION('',(1.,0.,0.));
#449 = ORIENTED_EDGE('',*,*,#450,.F.);
#450 = EDGE_CURVE('',#451,#443,#453,.T.);
#451 = VERTEX_POINT('',#452);
#452 = CARTESIAN_POINT('',(54.76875,-47.62499999999,1.6));
#453 = CIRCLE('',#454,2.381250077504);
#454 = AXIS2_PLACEMENT_3D('',#455,#456,#457);
#455 = CARTESIAN_POINT('',(57.150000077504,-47.6250000775,1.6));
#456 = DIRECTION('',(0.,0.,-1.));
#457 = DIRECTION('',(-1.,3.254771702E-08,0.));
#458 = ORIENTED_EDGE('',*,*,#459,.F.);
#459 = EDGE_CURVE('',#460,#451,#462,.T.);
#460 = VERTEX_POINT('',#461);
#461 = CARTESIAN_POINT('',(54.76875,-127.396875,1.6));
#462 = LINE('',#463,#464);
#463 = CARTESIAN_POINT('',(54.76875,-127.396875,1.6));
#464 = VECTOR('',#465,1.);
#465 = DIRECTION('',(0.,1.,0.));
#466 = ORIENTED_EDGE('',*,*,#467,.F.);
#467 = EDGE_CURVE('',#468,#460,#470,.T.);
#468 = VERTEX_POINT('',#469);
#469 = CARTESIAN_POINT('',(57.15,-129.7781249999,1.6));
#470 = CIRCLE('',#471,2.381250077504);
#471 = AXIS2_PLACEMENT_3D('',#472,#473,#474);
#472 = CARTESIAN_POINT('',(57.150000077504,-127.3968749224,1.6));
#473 = DIRECTION('',(0.,0.,-1.));
#474 = DIRECTION('',(-3.254771702E-08,-1.,-0.));
#475 = ORIENTED_EDGE('',*,*,#476,.F.);
#476 = EDGE_CURVE('',#477,#468,#479,.T.);
#477 = VERTEX_POINT('',#478);
#478 = CARTESIAN_POINT('',(125.015625,-129.7781249999,1.6));
#479 = LINE('',#480,#481);
#480 = CARTESIAN_POINT('',(125.015625,-129.778125,1.6));
#481 = VECTOR('',#482,1.);
#482 = DIRECTION('',(-1.,0.,0.));
#483 = ORIENTED_EDGE('',*,*,#484,.F.);
#484 = EDGE_CURVE('',#485,#477,#487,.T.);
#485 = VERTEX_POINT('',#486);
#486 = CARTESIAN_POINT('',(127.39687499999,-132.1593749999,1.6));
#487 = CIRCLE('',#488,2.381250077504);
#488 = AXIS2_PLACEMENT_3D('',#489,#490,#491);
#489 = CARTESIAN_POINT('',(125.01562492249,-132.1593750775,1.6));
#490 = DIRECTION('',(0.,-0.,1.));
#491 = DIRECTION('',(1.,3.254769912E-08,0.));
#492 = ORIENTED_EDGE('',*,*,#493,.F.);
#493 = EDGE_CURVE('',#494,#485,#496,.T.);
#494 = VERTEX_POINT('',#495);
#495 = CARTESIAN_POINT('',(127.39687499999,-141.684375,1.6));
#496 = LINE('',#497,#498);
#497 = CARTESIAN_POINT('',(127.396875,-141.684375,1.6));
#498 = VECTOR('',#499,1.);
#499 = DIRECTION('',(0.,1.,0.));
#500 = ORIENTED_EDGE('',*,*,#501,.F.);
#501 = EDGE_CURVE('',#502,#494,#504,.T.);
#502 = VERTEX_POINT('',#503);
#503 = CARTESIAN_POINT('',(129.77812499999,-144.0656249999,1.6));
#504 = CIRCLE('',#505,2.381250077504);
#505 = AXIS2_PLACEMENT_3D('',#506,#507,#508);
#506 = CARTESIAN_POINT('',(129.7781250775,-141.6843749224,1.6));
#507 = DIRECTION('',(0.,0.,-1.));
#508 = DIRECTION('',(-3.254771105E-08,-1.,-0.));
#509 = ORIENTED_EDGE('',*,*,#510,.F.);
#510 = EDGE_CURVE('',#511,#502,#513,.T.);
#511 = VERTEX_POINT('',#512);
#512 = CARTESIAN_POINT('',(151.549722,-146.740752,1.6));
#513 = CIRCLE('',#514,83.665606478227);
#514 = AXIS2_PLACEMENT_3D('',#515,#516,#517);
#515 = CARTESIAN_POINT('',(130.54852029876,-227.727684492,1.6));
#516 = DIRECTION('',(0.,0.,1.));
#517 = DIRECTION('',(1.,0.,0.));
#518 = ORIENTED_EDGE('',*,*,#519,.F.);
#519 = EDGE_CURVE('',#520,#511,#522,.T.);
#520 = VERTEX_POINT('',#521);
#521 = CARTESIAN_POINT('',(168.098872,-152.740281,1.6));
#522 = CIRCLE('',#523,96.846989070694);
#523 = AXIS2_PLACEMENT_3D('',#524,#525,#526);
#524 = CARTESIAN_POINT('',(126.95325477459,-240.4122689733,1.6));
#525 = DIRECTION('',(0.,0.,1.));
#526 = DIRECTION('',(1.,0.,0.));
#527 = ORIENTED_EDGE('',*,*,#528,.F.);
#528 = EDGE_CURVE('',#529,#520,#531,.T.);
#529 = VERTEX_POINT('',#530);
#530 = CARTESIAN_POINT('',(182.45507600003,-160.5814689999,1.6));
#531 = CIRCLE('',#532,134.8148020984);
#532 = AXIS2_PLACEMENT_3D('',#533,#534,#535);
#533 = CARTESIAN_POINT('',(110.77277508551,-274.7597445186,1.6));
#534 = DIRECTION('',(0.,0.,1.));
#535 = DIRECTION('',(1.,0.,0.));
#536 = ORIENTED_EDGE('',*,*,#537,.F.);
#537 = EDGE_CURVE('',#538,#529,#540,.T.);
#538 = VERTEX_POINT('',#539);
#539 = CARTESIAN_POINT('',(185.70792599999,-159.7098669999,1.6));
#540 = CIRCLE('',#541,2.381250259068);
#541 = AXIS2_PLACEMENT_3D('',#542,#543,#544);
#542 = CARTESIAN_POINT('',(183.64570067542,-158.5192455206,1.6));
#543 = DIRECTION('',(0.,-0.,-1.));
#544 = DIRECTION('',(0.866026288806,-0.499998467095,0.));
#545 = ORIENTED_EDGE('',*,*,#546,.F.);
#546 = EDGE_CURVE('',#547,#538,#549,.T.);
#547 = VERTEX_POINT('',#548);
#548 = CARTESIAN_POINT('',(204.75793299998,-126.7142969999,1.6));
#549 = LINE('',#550,#551);
#550 = CARTESIAN_POINT('',(204.757933,-126.714297,1.6));
#551 = VECTOR('',#552,1.);
#552 = DIRECTION('',(-0.500000113749,-0.866025338112,0.));
#553 = ORIENTED_EDGE('',*,*,#554,.F.);
#554 = EDGE_CURVE('',#555,#547,#557,.T.);
#555 = VERTEX_POINT('',#556);
#556 = CARTESIAN_POINT('',(203.88633699999,-123.4614509999,1.6));
#557 = CIRCLE('',#558,2.381252591028);
#558 = AXIS2_PLACEMENT_3D('',#559,#560,#561);
#559 = CARTESIAN_POINT('',(202.69570610313,-125.52367358,1.6));
#560 = DIRECTION('',(0.,0.,-1.));
#561 = DIRECTION('',(0.500001932325,0.866024288153,0.));
#562 = ORIENTED_EDGE('',*,*,#563,.F.);
#563 = EDGE_CURVE('',#564,#555,#566,.T.);
#564 = VERTEX_POINT('',#565);
#565 = CARTESIAN_POINT('',(194.25,-117.6,1.6));
#566 = LINE('',#567,#568);
#567 = CARTESIAN_POINT('',(194.25,-117.6,1.6));
#568 = VECTOR('',#569,1.);
#569 = DIRECTION('',(0.854361750204,-0.519678746716,0.));
#570 = ORIENTED_EDGE('',*,*,#571,.F.);
#571 = EDGE_CURVE('',#572,#564,#574,.T.);
#572 = VERTEX_POINT('',#573);
#573 = CARTESIAN_POINT('',(194.113682,-117.490742,1.6));
#574 = LINE('',#575,#576);
#575 = CARTESIAN_POINT('',(194.113682,-117.490742,1.6));
#576 = VECTOR('',#577,1.);
#577 = DIRECTION('',(0.780299983687,-0.625405416876,0.));
#578 = ORIENTED_EDGE('',*,*,#579,.F.);
#579 = EDGE_CURVE('',#580,#572,#582,.T.);
#580 = VERTEX_POINT('',#581);
#581 = CARTESIAN_POINT('',(193.908021,-117.287772,1.6));
#582 = LINE('',#583,#584);
#583 = CARTESIAN_POINT('',(193.908021,-117.287772,1.6));
#584 = VECTOR('',#585,1.);
#585 = DIRECTION('',(0.711747931417,-0.702434966473,0.));
#586 = ORIENTED_EDGE('',*,*,#587,.F.);
#587 = EDGE_CURVE('',#588,#580,#590,.T.);
#588 = VERTEX_POINT('',#589);
#589 = CARTESIAN_POINT('',(193.695638,-117.030082,1.6));
#590 = LINE('',#591,#592);
#591 = CARTESIAN_POINT('',(193.695638,-117.030082,1.6));
#592 = VECTOR('',#593,1.);
#593 = DIRECTION('',(0.636006463372,-0.771683729613,0.));
#594 = ORIENTED_EDGE('',*,*,#595,.F.);
#595 = EDGE_CURVE('',#596,#588,#598,.T.);
#596 = VERTEX_POINT('',#597);
#597 = CARTESIAN_POINT('',(193.496268,-116.731811,1.6));
#598 = LINE('',#599,#600);
#599 = CARTESIAN_POINT('',(193.496268,-116.731811,1.6));
#600 = VECTOR('',#601,1.);
#601 = DIRECTION('',(0.555708370418,-0.831377295244,0.));
#602 = ORIENTED_EDGE('',*,*,#603,.F.);
#603 = EDGE_CURVE('',#604,#596,#606,.T.);
#604 = VERTEX_POINT('',#605);
#605 = CARTESIAN_POINT('',(193.318616,-116.399647,1.6));
#606 = LINE('',#607,#608);
#607 = CARTESIAN_POINT('',(193.318616,-116.399647,1.6));
#608 = VECTOR('',#609,1.);
#609 = DIRECTION('',(0.47161691914,-0.881803539106,0.));
#610 = ORIENTED_EDGE('',*,*,#611,.F.);
#611 = EDGE_CURVE('',#612,#604,#614,.T.);
#612 = VERTEX_POINT('',#613);
#613 = CARTESIAN_POINT('',(193.167393,-116.036996,1.6));
#614 = LINE('',#615,#616);
#615 = CARTESIAN_POINT('',(193.167393,-116.036996,1.6));
#616 = VECTOR('',#617,1.);
#617 = DIRECTION('',(0.384872165152,-0.922969889266,0.));
#618 = ORIENTED_EDGE('',*,*,#619,.F.);
#619 = EDGE_CURVE('',#620,#612,#622,.T.);
#620 = VERTEX_POINT('',#621);
#621 = CARTESIAN_POINT('',(193.045677,-115.645486,1.6));
#622 = LINE('',#623,#624);
#623 = CARTESIAN_POINT('',(193.045677,-115.645486,1.6));
#624 = VECTOR('',#625,1.);
#625 = DIRECTION('',(0.296872827264,-0.954917024894,0.));
#626 = ORIENTED_EDGE('',*,*,#627,.F.);
#627 = EDGE_CURVE('',#628,#620,#630,.T.);
#628 = VERTEX_POINT('',#629);
#629 = CARTESIAN_POINT('',(192.955901,-115.225664,1.6));
#630 = LINE('',#631,#632);
#631 = CARTESIAN_POINT('',(192.955901,-115.225664,1.6));
#632 = VECTOR('',#633,1.);
#633 = DIRECTION('',(0.209115159183,-0.977891021638,0.));
#634 = ORIENTED_EDGE('',*,*,#635,.F.);
#635 = EDGE_CURVE('',#24,#628,#636,.T.);
#636 = LINE('',#637,#638);
#637 = CARTESIAN_POINT('',(192.900319,-114.777376,1.6));
#638 = VECTOR('',#639,1.);
#639 = DIRECTION('',(0.123045089089,-0.992401081242,0.));
#640 = PLANE('',#641);
#641 = AXIS2_PLACEMENT_3D('',#642,#643,#644);
#642 = CARTESIAN_POINT('',(127.96054435707,-93.78021103933,1.6));
#643 = DIRECTION('',(0.,0.,1.));
#644 = DIRECTION('',(1.,0.,0.));
#645 = ADVANCED_FACE('',(#646),#671,.T.);
#646 = FACE_BOUND('',#647,.T.);
#647 = EDGE_LOOP('',(#648,#658,#664,#665));
#648 = ORIENTED_EDGE('',*,*,#649,.T.);
#649 = EDGE_CURVE('',#650,#652,#654,.T.);
#650 = VERTEX_POINT('',#651);
#651 = CARTESIAN_POINT('',(192.88125,-114.3,4.1));
#652 = VERTEX_POINT('',#653);
#653 = CARTESIAN_POINT('',(192.900319,-114.777376,4.1));
#654 = LINE('',#655,#656);
#655 = CARTESIAN_POINT('',(192.88125,-114.3,4.1));
#656 = VECTOR('',#657,1.);
#657 = DIRECTION('',(3.991362062866E-02,-0.999203133946,0.));
#658 = ORIENTED_EDGE('',*,*,#659,.T.);
#659 = EDGE_CURVE('',#652,#24,#660,.T.);
#660 = LINE('',#661,#662);
#661 = CARTESIAN_POINT('',(192.900319,-114.777376,4.1));
#662 = VECTOR('',#663,1.);
#663 = DIRECTION('',(-0.,-0.,-1.));
#664 = ORIENTED_EDGE('',*,*,#21,.F.);
#665 = ORIENTED_EDGE('',*,*,#666,.F.);
#666 = EDGE_CURVE('',#650,#22,#667,.T.);
#667 = LINE('',#668,#669);
#668 = CARTESIAN_POINT('',(192.88125,-114.3,4.1));
#669 = VECTOR('',#670,1.);
#670 = DIRECTION('',(-0.,-0.,-1.));
#671 = PLANE('',#672);
#672 = AXIS2_PLACEMENT_3D('',#673,#674,#675);
#673 = CARTESIAN_POINT('',(192.8907845,-114.538688,2.85));
#674 = DIRECTION('',(0.999203133946,3.991362062866E-02,0.));
#675 = DIRECTION('',(-3.991362062866E-02,0.999203133946,0.));
#676 = ADVANCED_FACE('',(#677),#695,.T.);
#677 = FACE_BOUND('',#678,.T.);
#678 = EDGE_LOOP('',(#679,#680,#688,#694));
#679 = ORIENTED_EDGE('',*,*,#659,.F.);
#680 = ORIENTED_EDGE('',*,*,#681,.T.);
#681 = EDGE_CURVE('',#652,#682,#684,.T.);
#682 = VERTEX_POINT('',#683);
#683 = CARTESIAN_POINT('',(192.955901,-115.225664,4.1));
#684 = LINE('',#685,#686);
#685 = CARTESIAN_POINT('',(192.900319,-114.777376,4.1));
#686 = VECTOR('',#687,1.);
#687 = DIRECTION('',(0.123045089089,-0.992401081242,0.));
#688 = ORIENTED_EDGE('',*,*,#689,.T.);
#689 = EDGE_CURVE('',#682,#628,#690,.T.);
#690 = LINE('',#691,#692);
#691 = CARTESIAN_POINT('',(192.955901,-115.225664,4.1));
#692 = VECTOR('',#693,1.);
#693 = DIRECTION('',(-0.,-0.,-1.));
#694 = ORIENTED_EDGE('',*,*,#635,.F.);
#695 = PLANE('',#696);
#696 = AXIS2_PLACEMENT_3D('',#697,#698,#699);
#697 = CARTESIAN_POINT('',(192.92811,-115.00152,2.85));
#698 = DIRECTION('',(0.992401081242,0.123045089089,0.));
#699 = DIRECTION('',(-0.123045089089,0.992401081242,0.));
#700 = ADVANCED_FACE('',(#701),#719,.T.);
#701 = FACE_BOUND('',#702,.T.);
#702 = EDGE_LOOP('',(#703,#704,#712,#718));
#703 = ORIENTED_EDGE('',*,*,#689,.F.);
#704 = ORIENTED_EDGE('',*,*,#705,.T.);
#705 = EDGE_CURVE('',#682,#706,#708,.T.);
#706 = VERTEX_POINT('',#707);
#707 = CARTESIAN_POINT('',(193.045677,-115.645486,4.1));
#708 = LINE('',#709,#710);
#709 = CARTESIAN_POINT('',(192.955901,-115.225664,4.1));
#710 = VECTOR('',#711,1.);
#711 = DIRECTION('',(0.209115159183,-0.977891021638,0.));
#712 = ORIENTED_EDGE('',*,*,#713,.T.);
#713 = EDGE_CURVE('',#706,#620,#714,.T.);
#714 = LINE('',#715,#716);
#715 = CARTESIAN_POINT('',(193.045677,-115.645486,4.1));
#716 = VECTOR('',#717,1.);
#717 = DIRECTION('',(-0.,-0.,-1.));
#718 = ORIENTED_EDGE('',*,*,#627,.F.);
#719 = PLANE('',#720);
#720 = AXIS2_PLACEMENT_3D('',#721,#722,#723);
#721 = CARTESIAN_POINT('',(193.000789,-115.435575,2.85));
#722 = DIRECTION('',(0.977891021638,0.209115159183,0.));
#723 = DIRECTION('',(-0.209115159183,0.977891021638,0.));
#724 = ADVANCED_FACE('',(#725),#743,.T.);
#725 = FACE_BOUND('',#726,.T.);
#726 = EDGE_LOOP('',(#727,#728,#736,#742));
#727 = ORIENTED_EDGE('',*,*,#713,.F.);
#728 = ORIENTED_EDGE('',*,*,#729,.T.);
#729 = EDGE_CURVE('',#706,#730,#732,.T.);
#730 = VERTEX_POINT('',#731);
#731 = CARTESIAN_POINT('',(193.167393,-116.036996,4.1));
#732 = LINE('',#733,#734);
#733 = CARTESIAN_POINT('',(193.045677,-115.645486,4.1));
#734 = VECTOR('',#735,1.);
#735 = DIRECTION('',(0.296872827264,-0.954917024894,0.));
#736 = ORIENTED_EDGE('',*,*,#737,.T.);
#737 = EDGE_CURVE('',#730,#612,#738,.T.);
#738 = LINE('',#739,#740);
#739 = CARTESIAN_POINT('',(193.167393,-116.036996,4.1));
#740 = VECTOR('',#741,1.);
#741 = DIRECTION('',(-0.,-0.,-1.));
#742 = ORIENTED_EDGE('',*,*,#619,.F.);
#743 = PLANE('',#744);
#744 = AXIS2_PLACEMENT_3D('',#745,#746,#747);
#745 = CARTESIAN_POINT('',(193.106535,-115.841241,2.85));
#746 = DIRECTION('',(0.954917024894,0.296872827264,0.));
#747 = DIRECTION('',(-0.296872827264,0.954917024894,0.));
#748 = ADVANCED_FACE('',(#749),#767,.T.);
#749 = FACE_BOUND('',#750,.T.);
#750 = EDGE_LOOP('',(#751,#752,#760,#766));
#751 = ORIENTED_EDGE('',*,*,#737,.F.);
#752 = ORIENTED_EDGE('',*,*,#753,.T.);
#753 = EDGE_CURVE('',#730,#754,#756,.T.);
#754 = VERTEX_POINT('',#755);
#755 = CARTESIAN_POINT('',(193.318616,-116.399647,4.1));
#756 = LINE('',#757,#758);
#757 = CARTESIAN_POINT('',(193.167393,-116.036996,4.1));
#758 = VECTOR('',#759,1.);
#759 = DIRECTION('',(0.384872165152,-0.922969889266,0.));
#760 = ORIENTED_EDGE('',*,*,#761,.T.);
#761 = EDGE_CURVE('',#754,#604,#762,.T.);
#762 = LINE('',#763,#764);
#763 = CARTESIAN_POINT('',(193.318616,-116.399647,4.1));
#764 = VECTOR('',#765,1.);
#765 = DIRECTION('',(-0.,-0.,-1.));
#766 = ORIENTED_EDGE('',*,*,#611,.F.);
#767 = PLANE('',#768);
#768 = AXIS2_PLACEMENT_3D('',#769,#770,#771);
#769 = CARTESIAN_POINT('',(193.2430045,-116.2183215,2.85));
#770 = DIRECTION('',(0.922969889266,0.384872165152,0.));
#771 = DIRECTION('',(-0.384872165152,0.922969889266,0.));
#772 = ADVANCED_FACE('',(#773),#791,.T.);
#773 = FACE_BOUND('',#774,.T.);
#774 = EDGE_LOOP('',(#775,#776,#784,#790));
#775 = ORIENTED_EDGE('',*,*,#761,.F.);
#776 = ORIENTED_EDGE('',*,*,#777,.T.);
#777 = EDGE_CURVE('',#754,#778,#780,.T.);
#778 = VERTEX_POINT('',#779);
#779 = CARTESIAN_POINT('',(193.496268,-116.731811,4.1));
#780 = LINE('',#781,#782);
#781 = CARTESIAN_POINT('',(193.318616,-116.399647,4.1));
#782 = VECTOR('',#783,1.);
#783 = DIRECTION('',(0.47161691914,-0.881803539106,0.));
#784 = ORIENTED_EDGE('',*,*,#785,.T.);
#785 = EDGE_CURVE('',#778,#596,#786,.T.);
#786 = LINE('',#787,#788);
#787 = CARTESIAN_POINT('',(193.496268,-116.731811,4.1));
#788 = VECTOR('',#789,1.);
#789 = DIRECTION('',(-0.,-0.,-1.));
#790 = ORIENTED_EDGE('',*,*,#603,.F.);
#791 = PLANE('',#792);
#792 = AXIS2_PLACEMENT_3D('',#793,#794,#795);
#793 = CARTESIAN_POINT('',(193.407442,-116.565729,2.85));
#794 = DIRECTION('',(0.881803539106,0.47161691914,0.));
#795 = DIRECTION('',(-0.47161691914,0.881803539106,0.));
#796 = ADVANCED_FACE('',(#797),#815,.T.);
#797 = FACE_BOUND('',#798,.T.);
#798 = EDGE_LOOP('',(#799,#800,#808,#814));
#799 = ORIENTED_EDGE('',*,*,#785,.F.);
#800 = ORIENTED_EDGE('',*,*,#801,.T.);
#801 = EDGE_CURVE('',#778,#802,#804,.T.);
#802 = VERTEX_POINT('',#803);
#803 = CARTESIAN_POINT('',(193.695638,-117.030082,4.1));
#804 = LINE('',#805,#806);
#805 = CARTESIAN_POINT('',(193.496268,-116.731811,4.1));
#806 = VECTOR('',#807,1.);
#807 = DIRECTION('',(0.555708370418,-0.831377295244,0.));
#808 = ORIENTED_EDGE('',*,*,#809,.T.);
#809 = EDGE_CURVE('',#802,#588,#810,.T.);
#810 = LINE('',#811,#812);
#811 = CARTESIAN_POINT('',(193.695638,-117.030082,4.1));
#812 = VECTOR('',#813,1.);
#813 = DIRECTION('',(-0.,-0.,-1.));
#814 = ORIENTED_EDGE('',*,*,#595,.F.);
#815 = PLANE('',#816);
#816 = AXIS2_PLACEMENT_3D('',#817,#818,#819);
#817 = CARTESIAN_POINT('',(193.595953,-116.8809465,2.85));
#818 = DIRECTION('',(0.831377295244,0.555708370418,0.));
#819 = DIRECTION('',(-0.555708370418,0.831377295244,0.));
#820 = ADVANCED_FACE('',(#821),#839,.T.);
#821 = FACE_BOUND('',#822,.T.);
#822 = EDGE_LOOP('',(#823,#824,#832,#838));
#823 = ORIENTED_EDGE('',*,*,#809,.F.);
#824 = ORIENTED_EDGE('',*,*,#825,.T.);
#825 = EDGE_CURVE('',#802,#826,#828,.T.);
#826 = VERTEX_POINT('',#827);
#827 = CARTESIAN_POINT('',(193.908021,-117.287772,4.1));
#828 = LINE('',#829,#830);
#829 = CARTESIAN_POINT('',(193.695638,-117.030082,4.1));
#830 = VECTOR('',#831,1.);
#831 = DIRECTION('',(0.636006463372,-0.771683729613,0.));
#832 = ORIENTED_EDGE('',*,*,#833,.T.);
#833 = EDGE_CURVE('',#826,#580,#834,.T.);
#834 = LINE('',#835,#836);
#835 = CARTESIAN_POINT('',(193.908021,-117.287772,4.1));
#836 = VECTOR('',#837,1.);
#837 = DIRECTION('',(-0.,-0.,-1.));
#838 = ORIENTED_EDGE('',*,*,#587,.F.);
#839 = PLANE('',#840);
#840 = AXIS2_PLACEMENT_3D('',#841,#842,#843);
#841 = CARTESIAN_POINT('',(193.8018295,-117.158927,2.85));
#842 = DIRECTION('',(0.771683729613,0.636006463372,0.));
#843 = DIRECTION('',(-0.636006463372,0.771683729613,0.));
#844 = ADVANCED_FACE('',(#845),#863,.T.);
#845 = FACE_BOUND('',#846,.T.);
#846 = EDGE_LOOP('',(#847,#848,#856,#862));
#847 = ORIENTED_EDGE('',*,*,#833,.F.);
#848 = ORIENTED_EDGE('',*,*,#849,.T.);
#849 = EDGE_CURVE('',#826,#850,#852,.T.);
#850 = VERTEX_POINT('',#851);
#851 = CARTESIAN_POINT('',(194.113682,-117.490742,4.1));
#852 = LINE('',#853,#854);
#853 = CARTESIAN_POINT('',(193.908021,-117.287772,4.1));
#854 = VECTOR('',#855,1.);
#855 = DIRECTION('',(0.711747931417,-0.702434966473,0.));
#856 = ORIENTED_EDGE('',*,*,#857,.T.);
#857 = EDGE_CURVE('',#850,#572,#858,.T.);
#858 = LINE('',#859,#860);
#859 = CARTESIAN_POINT('',(194.113682,-117.490742,4.1));
#860 = VECTOR('',#861,1.);
#861 = DIRECTION('',(-0.,-0.,-1.));
#862 = ORIENTED_EDGE('',*,*,#579,.F.);
#863 = PLANE('',#864);
#864 = AXIS2_PLACEMENT_3D('',#865,#866,#867);
#865 = CARTESIAN_POINT('',(194.0108515,-117.389257,2.85));
#866 = DIRECTION('',(0.702434966473,0.711747931417,0.));
#867 = DIRECTION('',(0.711747931417,-0.702434966473,0.));
#868 = ADVANCED_FACE('',(#869),#887,.T.);
#869 = FACE_BOUND('',#870,.T.);
#870 = EDGE_LOOP('',(#871,#872,#880,#886));
#871 = ORIENTED_EDGE('',*,*,#857,.F.);
#872 = ORIENTED_EDGE('',*,*,#873,.T.);
#873 = EDGE_CURVE('',#850,#874,#876,.T.);
#874 = VERTEX_POINT('',#875);
#875 = CARTESIAN_POINT('',(194.25,-117.6,4.1));
#876 = LINE('',#877,#878);
#877 = CARTESIAN_POINT('',(194.113682,-117.490742,4.1));
#878 = VECTOR('',#879,1.);
#879 = DIRECTION('',(0.780299983687,-0.625405416876,0.));
#880 = ORIENTED_EDGE('',*,*,#881,.T.);
#881 = EDGE_CURVE('',#874,#564,#882,.T.);
#882 = LINE('',#883,#884);
#883 = CARTESIAN_POINT('',(194.25,-117.6,4.1));
#884 = VECTOR('',#885,1.);
#885 = DIRECTION('',(-0.,-0.,-1.));
#886 = ORIENTED_EDGE('',*,*,#571,.F.);
#887 = PLANE('',#888);
#888 = AXIS2_PLACEMENT_3D('',#889,#890,#891);
#889 = CARTESIAN_POINT('',(194.181841,-117.545371,2.85));
#890 = DIRECTION('',(0.625405416876,0.780299983687,0.));
#891 = DIRECTION('',(0.780299983687,-0.625405416876,0.));
#892 = ADVANCED_FACE('',(#893),#911,.T.);
#893 = FACE_BOUND('',#894,.T.);
#894 = EDGE_LOOP('',(#895,#896,#904,#910));
#895 = ORIENTED_EDGE('',*,*,#881,.F.);
#896 = ORIENTED_EDGE('',*,*,#897,.T.);
#897 = EDGE_CURVE('',#874,#898,#900,.T.);
#898 = VERTEX_POINT('',#899);
#899 = CARTESIAN_POINT('',(203.88633699999,-123.4614509999,4.1));
#900 = LINE('',#901,#902);
#901 = CARTESIAN_POINT('',(194.25,-117.6,4.1));
#902 = VECTOR('',#903,1.);
#903 = DIRECTION('',(0.854361750204,-0.519678746716,0.));
#904 = ORIENTED_EDGE('',*,*,#905,.T.);
#905 = EDGE_CURVE('',#898,#555,#906,.T.);
#906 = LINE('',#907,#908);
#907 = CARTESIAN_POINT('',(203.88633699999,-123.4614509999,4.1));
#908 = VECTOR('',#909,1.);
#909 = DIRECTION('',(-0.,-0.,-1.));
#910 = ORIENTED_EDGE('',*,*,#563,.F.);
#911 = PLANE('',#912);
#912 = AXIS2_PLACEMENT_3D('',#913,#914,#915);
#913 = CARTESIAN_POINT('',(199.0681685,-120.5307254999,2.85));
#914 = DIRECTION('',(0.519678746716,0.854361750204,0.));
#915 = DIRECTION('',(0.854361750204,-0.519678746716,0.));
#916 = ADVANCED_FACE('',(#917),#936,.T.);
#917 = FACE_BOUND('',#918,.F.);
#918 = EDGE_LOOP('',(#919,#920,#928,#935));
#919 = ORIENTED_EDGE('',*,*,#554,.T.);
#920 = ORIENTED_EDGE('',*,*,#921,.F.);
#921 = EDGE_CURVE('',#922,#547,#924,.T.);
#922 = VERTEX_POINT('',#923);
#923 = CARTESIAN_POINT('',(204.75793299998,-126.7142969999,4.1));
#924 = LINE('',#925,#926);
#925 = CARTESIAN_POINT('',(204.75793299998,-126.7142969999,4.1));
#926 = VECTOR('',#927,1.);
#927 = DIRECTION('',(-0.,-0.,-1.));
#928 = ORIENTED_EDGE('',*,*,#929,.F.);
#929 = EDGE_CURVE('',#898,#922,#930,.T.);
#930 = CIRCLE('',#931,2.381252591028);
#931 = AXIS2_PLACEMENT_3D('',#932,#933,#934);
#932 = CARTESIAN_POINT('',(202.69570610313,-125.52367358,4.1));
#933 = DIRECTION('',(0.,0.,-1.));
#934 = DIRECTION('',(0.500001932325,0.866024288153,0.));
#935 = ORIENTED_EDGE('',*,*,#905,.T.);
#936 = CYLINDRICAL_SURFACE('',#937,2.381252591028);
#937 = AXIS2_PLACEMENT_3D('',#938,#939,#940);
#938 = CARTESIAN_POINT('',(202.69570610313,-125.52367358,4.1));
#939 = DIRECTION('',(0.,0.,1.));
#940 = DIRECTION('',(0.500001932325,0.866024288153,0.));
#941 = ADVANCED_FACE('',(#942),#960,.T.);
#942 = FACE_BOUND('',#943,.T.);
#943 = EDGE_LOOP('',(#944,#952,#958,#959));
#944 = ORIENTED_EDGE('',*,*,#945,.T.);
#945 = EDGE_CURVE('',#922,#946,#948,.T.);
#946 = VERTEX_POINT('',#947);
#947 = CARTESIAN_POINT('',(185.70792599999,-159.7098669999,4.1));
#948 = LINE('',#949,#950);
#949 = CARTESIAN_POINT('',(204.757933,-126.714297,4.1));
#950 = VECTOR('',#951,1.);
#951 = DIRECTION('',(-0.500000113749,-0.866025338112,0.));
#952 = ORIENTED_EDGE('',*,*,#953,.T.);
#953 = EDGE_CURVE('',#946,#538,#954,.T.);
#954 = LINE('',#955,#956);
#955 = CARTESIAN_POINT('',(185.70792599999,-159.7098669999,4.1));
#956 = VECTOR('',#957,1.);
#957 = DIRECTION('',(-0.,-0.,-1.));
#958 = ORIENTED_EDGE('',*,*,#546,.F.);
#959 = ORIENTED_EDGE('',*,*,#921,.F.);
#960 = PLANE('',#961);
#961 = AXIS2_PLACEMENT_3D('',#962,#963,#964);
#962 = CARTESIAN_POINT('',(195.23292949999,-143.2120819999,2.85));
#963 = DIRECTION('',(0.866025338112,-0.500000113749,-2.333169925691E-16)
  );
#964 = DIRECTION('',(0.500000113749,0.866025338112,1.769971847442E-33));
#965 = ADVANCED_FACE('',(#966),#985,.T.);
#966 = FACE_BOUND('',#967,.F.);
#967 = EDGE_LOOP('',(#968,#969,#977,#984));
#968 = ORIENTED_EDGE('',*,*,#537,.T.);
#969 = ORIENTED_EDGE('',*,*,#970,.F.);
#970 = EDGE_CURVE('',#971,#529,#973,.T.);
#971 = VERTEX_POINT('',#972);
#972 = CARTESIAN_POINT('',(182.45507600003,-160.5814689999,4.1));
#973 = LINE('',#974,#975);
#974 = CARTESIAN_POINT('',(182.45507600003,-160.5814689999,4.1));
#975 = VECTOR('',#976,1.);
#976 = DIRECTION('',(-0.,-0.,-1.));
#977 = ORIENTED_EDGE('',*,*,#978,.F.);
#978 = EDGE_CURVE('',#946,#971,#979,.T.);
#979 = CIRCLE('',#980,2.381250259068);
#980 = AXIS2_PLACEMENT_3D('',#981,#982,#983);
#981 = CARTESIAN_POINT('',(183.64570067542,-158.5192455206,4.1));
#982 = DIRECTION('',(0.,-0.,-1.));
#983 = DIRECTION('',(0.866026288806,-0.499998467095,0.));
#984 = ORIENTED_EDGE('',*,*,#953,.T.);
#985 = CYLINDRICAL_SURFACE('',#986,2.381250259068);
#986 = AXIS2_PLACEMENT_3D('',#987,#988,#989);
#987 = CARTESIAN_POINT('',(183.64570067542,-158.5192455206,4.1));
#988 = DIRECTION('',(0.,0.,1.));
#989 = DIRECTION('',(0.866026288806,-0.499998467095,0.));
#990 = ADVANCED_FACE('',(#991),#1010,.F.);
#991 = FACE_BOUND('',#992,.F.);
#992 = EDGE_LOOP('',(#993,#994,#1002,#1009));
#993 = ORIENTED_EDGE('',*,*,#528,.T.);
#994 = ORIENTED_EDGE('',*,*,#995,.F.);
#995 = EDGE_CURVE('',#996,#520,#998,.T.);
#996 = VERTEX_POINT('',#997);
#997 = CARTESIAN_POINT('',(168.098872,-152.740281,4.1));
#998 = LINE('',#999,#1000);
#999 = CARTESIAN_POINT('',(168.098872,-152.740281,4.1));
#1000 = VECTOR('',#1001,1.);
#1001 = DIRECTION('',(-0.,-0.,-1.));
#1002 = ORIENTED_EDGE('',*,*,#1003,.F.);
#1003 = EDGE_CURVE('',#971,#996,#1004,.T.);
#1004 = CIRCLE('',#1005,134.8148020984);
#1005 = AXIS2_PLACEMENT_3D('',#1006,#1007,#1008);
#1006 = CARTESIAN_POINT('',(110.77277508551,-274.7597445186,4.1));
#1007 = DIRECTION('',(0.,0.,1.));
#1008 = DIRECTION('',(1.,0.,0.));
#1009 = ORIENTED_EDGE('',*,*,#970,.T.);
#1010 = CYLINDRICAL_SURFACE('',#1011,134.8148020984);
#1011 = AXIS2_PLACEMENT_3D('',#1012,#1013,#1014);
#1012 = CARTESIAN_POINT('',(110.77277508551,-274.7597445186,4.1));
#1013 = DIRECTION('',(0.,0.,1.));
#1014 = DIRECTION('',(1.,0.,0.));
#1015 = ADVANCED_FACE('',(#1016),#1035,.F.);
#1016 = FACE_BOUND('',#1017,.F.);
#1017 = EDGE_LOOP('',(#1018,#1019,#1027,#1034));
#1018 = ORIENTED_EDGE('',*,*,#519,.T.);
#1019 = ORIENTED_EDGE('',*,*,#1020,.F.);
#1020 = EDGE_CURVE('',#1021,#511,#1023,.T.);
#1021 = VERTEX_POINT('',#1022);
#1022 = CARTESIAN_POINT('',(151.549722,-146.740752,4.1));
#1023 = LINE('',#1024,#1025);
#1024 = CARTESIAN_POINT('',(151.549722,-146.740752,4.1));
#1025 = VECTOR('',#1026,1.);
#1026 = DIRECTION('',(-0.,-0.,-1.));
#1027 = ORIENTED_EDGE('',*,*,#1028,.F.);
#1028 = EDGE_CURVE('',#996,#1021,#1029,.T.);
#1029 = CIRCLE('',#1030,96.846989070694);
#1030 = AXIS2_PLACEMENT_3D('',#1031,#1032,#1033);
#1031 = CARTESIAN_POINT('',(126.95325477459,-240.4122689733,4.1));
#1032 = DIRECTION('',(0.,0.,1.));
#1033 = DIRECTION('',(1.,0.,0.));
#1034 = ORIENTED_EDGE('',*,*,#995,.T.);
#1035 = CYLINDRICAL_SURFACE('',#1036,96.846989070694);
#1036 = AXIS2_PLACEMENT_3D('',#1037,#1038,#1039);
#1037 = CARTESIAN_POINT('',(126.95325477459,-240.4122689733,4.1));
#1038 = DIRECTION('',(0.,0.,1.));
#1039 = DIRECTION('',(1.,0.,0.));
#1040 = ADVANCED_FACE('',(#1041),#1060,.F.);
#1041 = FACE_BOUND('',#1042,.F.);
#1042 = EDGE_LOOP('',(#1043,#1044,#1052,#1059));
#1043 = ORIENTED_EDGE('',*,*,#510,.T.);
#1044 = ORIENTED_EDGE('',*,*,#1045,.F.);
#1045 = EDGE_CURVE('',#1046,#502,#1048,.T.);
#1046 = VERTEX_POINT('',#1047);
#1047 = CARTESIAN_POINT('',(129.77812499999,-144.0656249999,4.1));
#1048 = LINE('',#1049,#1050);
#1049 = CARTESIAN_POINT('',(129.77812499999,-144.0656249999,4.1));
#1050 = VECTOR('',#1051,1.);
#1051 = DIRECTION('',(-0.,-0.,-1.));
#1052 = ORIENTED_EDGE('',*,*,#1053,.F.);
#1053 = EDGE_CURVE('',#1021,#1046,#1054,.T.);
#1054 = CIRCLE('',#1055,83.665606478227);
#1055 = AXIS2_PLACEMENT_3D('',#1056,#1057,#1058);
#1056 = CARTESIAN_POINT('',(130.54852029876,-227.727684492,4.1));
#1057 = DIRECTION('',(0.,0.,1.));
#1058 = DIRECTION('',(1.,0.,0.));
#1059 = ORIENTED_EDGE('',*,*,#1020,.T.);
#1060 = CYLINDRICAL_SURFACE('',#1061,83.665606478227);
#1061 = AXIS2_PLACEMENT_3D('',#1062,#1063,#1064);
#1062 = CARTESIAN_POINT('',(130.54852029876,-227.727684492,4.1));
#1063 = DIRECTION('',(0.,0.,1.));
#1064 = DIRECTION('',(1.,0.,0.));
#1065 = ADVANCED_FACE('',(#1066),#1085,.T.);
#1066 = FACE_BOUND('',#1067,.F.);
#1067 = EDGE_LOOP('',(#1068,#1069,#1077,#1084));
#1068 = ORIENTED_EDGE('',*,*,#501,.T.);
#1069 = ORIENTED_EDGE('',*,*,#1070,.F.);
#1070 = EDGE_CURVE('',#1071,#494,#1073,.T.);
#1071 = VERTEX_POINT('',#1072);
#1072 = CARTESIAN_POINT('',(127.39687499999,-141.684375,4.1));
#1073 = LINE('',#1074,#1075);
#1074 = CARTESIAN_POINT('',(127.39687499999,-141.684375,4.1));
#1075 = VECTOR('',#1076,1.);
#1076 = DIRECTION('',(-0.,-0.,-1.));
#1077 = ORIENTED_EDGE('',*,*,#1078,.F.);
#1078 = EDGE_CURVE('',#1046,#1071,#1079,.T.);
#1079 = CIRCLE('',#1080,2.381250077504);
#1080 = AXIS2_PLACEMENT_3D('',#1081,#1082,#1083);
#1081 = CARTESIAN_POINT('',(129.7781250775,-141.6843749224,4.1));
#1082 = DIRECTION('',(0.,0.,-1.));
#1083 = DIRECTION('',(-3.254771105E-08,-1.,-0.));
#1084 = ORIENTED_EDGE('',*,*,#1045,.T.);
#1085 = CYLINDRICAL_SURFACE('',#1086,2.381250077504);
#1086 = AXIS2_PLACEMENT_3D('',#1087,#1088,#1089);
#1087 = CARTESIAN_POINT('',(129.7781250775,-141.6843749224,4.1));
#1088 = DIRECTION('',(0.,0.,1.));
#1089 = DIRECTION('',(-3.254771105E-08,-1.,-0.));
#1090 = ADVANCED_FACE('',(#1091),#1109,.T.);
#1091 = FACE_BOUND('',#1092,.T.);
#1092 = EDGE_LOOP('',(#1093,#1101,#1107,#1108));
#1093 = ORIENTED_EDGE('',*,*,#1094,.T.);
#1094 = EDGE_CURVE('',#1071,#1095,#1097,.T.);
#1095 = VERTEX_POINT('',#1096);
#1096 = CARTESIAN_POINT('',(127.39687499999,-132.1593749999,4.1));
#1097 = LINE('',#1098,#1099);
#1098 = CARTESIAN_POINT('',(127.396875,-141.684375,4.1));
#1099 = VECTOR('',#1100,1.);
#1100 = DIRECTION('',(0.,1.,0.));
#1101 = ORIENTED_EDGE('',*,*,#1102,.T.);
#1102 = EDGE_CURVE('',#1095,#485,#1103,.T.);
#1103 = LINE('',#1104,#1105);
#1104 = CARTESIAN_POINT('',(127.39687499999,-132.1593749999,4.1));
#1105 = VECTOR('',#1106,1.);
#1106 = DIRECTION('',(-0.,-0.,-1.));
#1107 = ORIENTED_EDGE('',*,*,#493,.F.);
#1108 = ORIENTED_EDGE('',*,*,#1070,.F.);
#1109 = PLANE('',#1110);
#1110 = AXIS2_PLACEMENT_3D('',#1111,#1112,#1113);
#1111 = CARTESIAN_POINT('',(127.39687499999,-136.921875,2.85));
#1112 = DIRECTION('',(-1.,-2.171241737337E-14,-0.));
#1113 = DIRECTION('',(2.171241737337E-14,-1.,0.));
#1114 = ADVANCED_FACE('',(#1115),#1134,.F.);
#1115 = FACE_BOUND('',#1116,.F.);
#1116 = EDGE_LOOP('',(#1117,#1118,#1126,#1133));
#1117 = ORIENTED_EDGE('',*,*,#484,.T.);
#1118 = ORIENTED_EDGE('',*,*,#1119,.F.);
#1119 = EDGE_CURVE('',#1120,#477,#1122,.T.);
#1120 = VERTEX_POINT('',#1121);
#1121 = CARTESIAN_POINT('',(125.015625,-129.7781249999,4.1));
#1122 = LINE('',#1123,#1124);
#1123 = CARTESIAN_POINT('',(125.015625,-129.7781249999,4.1));
#1124 = VECTOR('',#1125,1.);
#1125 = DIRECTION('',(-0.,-0.,-1.));
#1126 = ORIENTED_EDGE('',*,*,#1127,.F.);
#1127 = EDGE_CURVE('',#1095,#1120,#1128,.T.);
#1128 = CIRCLE('',#1129,2.381250077504);
#1129 = AXIS2_PLACEMENT_3D('',#1130,#1131,#1132);
#1130 = CARTESIAN_POINT('',(125.01562492249,-132.1593750775,4.1));
#1131 = DIRECTION('',(0.,-0.,1.));
#1132 = DIRECTION('',(1.,3.254769912E-08,0.));
#1133 = ORIENTED_EDGE('',*,*,#1102,.T.);
#1134 = CYLINDRICAL_SURFACE('',#1135,2.381250077504);
#1135 = AXIS2_PLACEMENT_3D('',#1136,#1137,#1138);
#1136 = CARTESIAN_POINT('',(125.01562492249,-132.1593750775,4.1));
#1137 = DIRECTION('',(0.,0.,1.));
#1138 = DIRECTION('',(1.,3.254769912E-08,0.));
#1139 = ADVANCED_FACE('',(#1140),#1158,.T.);
#1140 = FACE_BOUND('',#1141,.T.);
#1141 = EDGE_LOOP('',(#1142,#1150,#1156,#1157));
#1142 = ORIENTED_EDGE('',*,*,#1143,.T.);
#1143 = EDGE_CURVE('',#1120,#1144,#1146,.T.);
#1144 = VERTEX_POINT('',#1145);
#1145 = CARTESIAN_POINT('',(57.15,-129.7781249999,4.1));
#1146 = LINE('',#1147,#1148);
#1147 = CARTESIAN_POINT('',(125.015625,-129.778125,4.1));
#1148 = VECTOR('',#1149,1.);
#1149 = DIRECTION('',(-1.,0.,0.));
#1150 = ORIENTED_EDGE('',*,*,#1151,.T.);
#1151 = EDGE_CURVE('',#1144,#468,#1152,.T.);
#1152 = LINE('',#1153,#1154);
#1153 = CARTESIAN_POINT('',(57.15,-129.7781249999,4.1));
#1154 = VECTOR('',#1155,1.);
#1155 = DIRECTION('',(-0.,-0.,-1.));
#1156 = ORIENTED_EDGE('',*,*,#476,.F.);
#1157 = ORIENTED_EDGE('',*,*,#1119,.F.);
#1158 = PLANE('',#1159);
#1159 = AXIS2_PLACEMENT_3D('',#1160,#1161,#1162);
#1160 = CARTESIAN_POINT('',(91.0828125,-129.7781249999,2.85));
#1161 = DIRECTION('',(-2.408943699449E-14,-1.,-0.));
#1162 = DIRECTION('',(-1.,2.408943699449E-14,0.));
#1163 = ADVANCED_FACE('',(#1164),#1183,.T.);
#1164 = FACE_BOUND('',#1165,.F.);
#1165 = EDGE_LOOP('',(#1166,#1167,#1175,#1182));
#1166 = ORIENTED_EDGE('',*,*,#467,.T.);
#1167 = ORIENTED_EDGE('',*,*,#1168,.F.);
#1168 = EDGE_CURVE('',#1169,#460,#1171,.T.);
#1169 = VERTEX_POINT('',#1170);
#1170 = CARTESIAN_POINT('',(54.76875,-127.396875,4.1));
#1171 = LINE('',#1172,#1173);
#1172 = CARTESIAN_POINT('',(54.76875,-127.396875,4.1));
#1173 = VECTOR('',#1174,1.);
#1174 = DIRECTION('',(-0.,-0.,-1.));
#1175 = ORIENTED_EDGE('',*,*,#1176,.F.);
#1176 = EDGE_CURVE('',#1144,#1169,#1177,.T.);
#1177 = CIRCLE('',#1178,2.381250077504);
#1178 = AXIS2_PLACEMENT_3D('',#1179,#1180,#1181);
#1179 = CARTESIAN_POINT('',(57.150000077504,-127.3968749224,4.1));
#1180 = DIRECTION('',(0.,0.,-1.));
#1181 = DIRECTION('',(-3.254771702E-08,-1.,-0.));
#1182 = ORIENTED_EDGE('',*,*,#1151,.T.);
#1183 = CYLINDRICAL_SURFACE('',#1184,2.381250077504);
#1184 = AXIS2_PLACEMENT_3D('',#1185,#1186,#1187);
#1185 = CARTESIAN_POINT('',(57.150000077504,-127.3968749224,4.1));
#1186 = DIRECTION('',(0.,0.,1.));
#1187 = DIRECTION('',(-3.254771702E-08,-1.,-0.));
#1188 = ADVANCED_FACE('',(#1189),#1207,.T.);
#1189 = FACE_BOUND('',#1190,.T.);
#1190 = EDGE_LOOP('',(#1191,#1199,#1205,#1206));
#1191 = ORIENTED_EDGE('',*,*,#1192,.T.);
#1192 = EDGE_CURVE('',#1169,#1193,#1195,.T.);
#1193 = VERTEX_POINT('',#1194);
#1194 = CARTESIAN_POINT('',(54.76875,-47.62499999999,4.1));
#1195 = LINE('',#1196,#1197);
#1196 = CARTESIAN_POINT('',(54.76875,-127.396875,4.1));
#1197 = VECTOR('',#1198,1.);
#1198 = DIRECTION('',(0.,1.,0.));
#1199 = ORIENTED_EDGE('',*,*,#1200,.T.);
#1200 = EDGE_CURVE('',#1193,#451,#1201,.T.);
#1201 = LINE('',#1202,#1203);
#1202 = CARTESIAN_POINT('',(54.76875,-47.62499999999,4.1));
#1203 = VECTOR('',#1204,1.);
#1204 = DIRECTION('',(-0.,-0.,-1.));
#1205 = ORIENTED_EDGE('',*,*,#459,.F.);
#1206 = ORIENTED_EDGE('',*,*,#1168,.F.);
#1207 = PLANE('',#1208);
#1208 = AXIS2_PLACEMENT_3D('',#1209,#1210,#1211);
#1209 = CARTESIAN_POINT('',(54.76875,-87.5109375,2.85));
#1210 = DIRECTION('',(-1.,-0.,-0.));
#1211 = DIRECTION('',(0.,0.,-1.));
#1212 = ADVANCED_FACE('',(#1213),#1232,.T.);
#1213 = FACE_BOUND('',#1214,.F.);
#1214 = EDGE_LOOP('',(#1215,#1216,#1224,#1231));
#1215 = ORIENTED_EDGE('',*,*,#450,.T.);
#1216 = ORIENTED_EDGE('',*,*,#1217,.F.);
#1217 = EDGE_CURVE('',#1218,#443,#1220,.T.);
#1218 = VERTEX_POINT('',#1219);
#1219 = CARTESIAN_POINT('',(57.15,-45.24374999999,4.1));
#1220 = LINE('',#1221,#1222);
#1221 = CARTESIAN_POINT('',(57.15,-45.24374999999,4.1));
#1222 = VECTOR('',#1223,1.);
#1223 = DIRECTION('',(-0.,-0.,-1.));
#1224 = ORIENTED_EDGE('',*,*,#1225,.F.);
#1225 = EDGE_CURVE('',#1193,#1218,#1226,.T.);
#1226 = CIRCLE('',#1227,2.381250077504);
#1227 = AXIS2_PLACEMENT_3D('',#1228,#1229,#1230);
#1228 = CARTESIAN_POINT('',(57.150000077504,-47.6250000775,4.1));
#1229 = DIRECTION('',(0.,0.,-1.));
#1230 = DIRECTION('',(-1.,3.254771702E-08,0.));
#1231 = ORIENTED_EDGE('',*,*,#1200,.T.);
#1232 = CYLINDRICAL_SURFACE('',#1233,2.381250077504);
#1233 = AXIS2_PLACEMENT_3D('',#1234,#1235,#1236);
#1234 = CARTESIAN_POINT('',(57.150000077504,-47.6250000775,4.1));
#1235 = DIRECTION('',(0.,0.,1.));
#1236 = DIRECTION('',(-1.,3.254771702E-08,0.));
#1237 = ADVANCED_FACE('',(#1238),#1256,.T.);
#1238 = FACE_BOUND('',#1239,.T.);
#1239 = EDGE_LOOP('',(#1240,#1248,#1254,#1255));
#1240 = ORIENTED_EDGE('',*,*,#1241,.T.);
#1241 = EDGE_CURVE('',#1218,#1242,#1244,.T.);
#1242 = VERTEX_POINT('',#1243);
#1243 = CARTESIAN_POINT('',(89.296875,-45.24374999999,4.1));
#1244 = LINE('',#1245,#1246);
#1245 = CARTESIAN_POINT('',(57.15,-45.24375,4.1));
#1246 = VECTOR('',#1247,1.);
#1247 = DIRECTION('',(1.,0.,0.));
#1248 = ORIENTED_EDGE('',*,*,#1249,.T.);
#1249 = EDGE_CURVE('',#1242,#434,#1250,.T.);
#1250 = LINE('',#1251,#1252);
#1251 = CARTESIAN_POINT('',(89.296875,-45.24374999999,4.1));
#1252 = VECTOR('',#1253,1.);
#1253 = DIRECTION('',(-0.,-0.,-1.));
#1254 = ORIENTED_EDGE('',*,*,#442,.F.);
#1255 = ORIENTED_EDGE('',*,*,#1217,.F.);
#1256 = PLANE('',#1257);
#1257 = AXIS2_PLACEMENT_3D('',#1258,#1259,#1260);
#1258 = CARTESIAN_POINT('',(73.2234375,-45.24375,2.85));
#1259 = DIRECTION('',(-2.248777536668E-15,1.,0.));
#1260 = DIRECTION('',(1.,2.248777536668E-15,0.));
#1261 = ADVANCED_FACE('',(#1262),#1281,.F.);
#1262 = FACE_BOUND('',#1263,.F.);
#1263 = EDGE_LOOP('',(#1264,#1265,#1273,#1280));
#1264 = ORIENTED_EDGE('',*,*,#433,.T.);
#1265 = ORIENTED_EDGE('',*,*,#1266,.F.);
#1266 = EDGE_CURVE('',#1267,#426,#1269,.T.);
#1267 = VERTEX_POINT('',#1268);
#1268 = CARTESIAN_POINT('',(91.678125,-42.8625,4.1));
#1269 = LINE('',#1270,#1271);
#1270 = CARTESIAN_POINT('',(91.678125,-42.8625,4.1));
#1271 = VECTOR('',#1272,1.);
#1272 = DIRECTION('',(-0.,-0.,-1.));
#1273 = ORIENTED_EDGE('',*,*,#1274,.F.);
#1274 = EDGE_CURVE('',#1242,#1267,#1275,.T.);
#1275 = CIRCLE('',#1276,2.381250077504);
#1276 = AXIS2_PLACEMENT_3D('',#1277,#1278,#1279);
#1277 = CARTESIAN_POINT('',(89.296874922496,-42.86249992249,4.1));
#1278 = DIRECTION('',(-0.,0.,1.));
#1279 = DIRECTION('',(3.254771105E-08,-1.,0.));
#1280 = ORIENTED_EDGE('',*,*,#1249,.T.);
#1281 = CYLINDRICAL_SURFACE('',#1282,2.381250077504);
#1282 = AXIS2_PLACEMENT_3D('',#1283,#1284,#1285);
#1283 = CARTESIAN_POINT('',(89.296874922496,-42.86249992249,4.1));
#1284 = DIRECTION('',(0.,0.,1.));
#1285 = DIRECTION('',(3.254771105E-08,-1.,0.));
#1286 = ADVANCED_FACE('',(#1287),#1305,.T.);
#1287 = FACE_BOUND('',#1288,.T.);
#1288 = EDGE_LOOP('',(#1289,#1297,#1303,#1304));
#1289 = ORIENTED_EDGE('',*,*,#1290,.T.);
#1290 = EDGE_CURVE('',#1267,#1291,#1293,.T.);
#1291 = VERTEX_POINT('',#1292);
#1292 = CARTESIAN_POINT('',(91.696796,-37.40254799999,4.1));
#1293 = LINE('',#1294,#1295);
#1294 = CARTESIAN_POINT('',(91.678125,-42.8625,4.1));
#1295 = VECTOR('',#1296,1.);
#1296 = DIRECTION('',(3.41960713813E-03,0.999994153126,0.));
#1297 = ORIENTED_EDGE('',*,*,#1298,.T.);
#1298 = EDGE_CURVE('',#1291,#417,#1299,.T.);
#1299 = LINE('',#1300,#1301);
#1300 = CARTESIAN_POINT('',(91.696796,-37.40254799999,4.1));
#1301 = VECTOR('',#1302,1.);
#1302 = DIRECTION('',(-0.,-0.,-1.));
#1303 = ORIENTED_EDGE('',*,*,#425,.F.);
#1304 = ORIENTED_EDGE('',*,*,#1266,.F.);
#1305 = PLANE('',#1306);
#1306 = AXIS2_PLACEMENT_3D('',#1307,#1308,#1309);
#1307 = CARTESIAN_POINT('',(91.6874605,-40.13252399999,2.85));
#1308 = DIRECTION('',(-0.999994153126,3.419607138145E-03,0.));
#1309 = DIRECTION('',(-3.419607138145E-03,-0.999994153126,0.));
#1310 = ADVANCED_FACE('',(#1311),#1330,.T.);
#1311 = FACE_BOUND('',#1312,.F.);
#1312 = EDGE_LOOP('',(#1313,#1314,#1322,#1329));
#1313 = ORIENTED_EDGE('',*,*,#416,.T.);
#1314 = ORIENTED_EDGE('',*,*,#1315,.F.);
#1315 = EDGE_CURVE('',#1316,#409,#1318,.T.);
#1316 = VERTEX_POINT('',#1317);
#1317 = CARTESIAN_POINT('',(94.078045,-35.02129799999,4.1));
#1318 = LINE('',#1319,#1320);
#1319 = CARTESIAN_POINT('',(94.078045,-35.02129799999,4.1));
#1320 = VECTOR('',#1321,1.);
#1321 = DIRECTION('',(-0.,-0.,-1.));
#1322 = ORIENTED_EDGE('',*,*,#1323,.F.);
#1323 = EDGE_CURVE('',#1291,#1316,#1324,.T.);
#1324 = CIRCLE('',#1325,2.381248370398);
#1325 = AXIS2_PLACEMENT_3D('',#1326,#1327,#1328);
#1326 = CARTESIAN_POINT('',(94.078044370398,-37.40254637039,4.1));
#1327 = DIRECTION('',(0.,0.,-1.));
#1328 = DIRECTION('',(-1.,-6.8434768883E-07,-0.));
#1329 = ORIENTED_EDGE('',*,*,#1298,.T.);
#1330 = CYLINDRICAL_SURFACE('',#1331,2.381248370398);
#1331 = AXIS2_PLACEMENT_3D('',#1332,#1333,#1334);
#1332 = CARTESIAN_POINT('',(94.078044370398,-37.40254637039,4.1));
#1333 = DIRECTION('',(0.,0.,1.));
#1334 = DIRECTION('',(-1.,-6.8434768883E-07,-0.));
#1335 = ADVANCED_FACE('',(#1336),#1377,.T.);
#1336 = FACE_BOUND('',#1337,.T.);
#1337 = EDGE_LOOP('',(#1338,#1346,#1352,#1353,#1361,#1369,#1375,#1376));
#1338 = ORIENTED_EDGE('',*,*,#1339,.F.);
#1339 = EDGE_CURVE('',#1340,#1316,#1342,.T.);
#1340 = VERTEX_POINT('',#1341);
#1341 = CARTESIAN_POINT('',(171.5937516296,-35.021298,4.1));
#1342 = LINE('',#1343,#1344);
#1343 = CARTESIAN_POINT('',(171.5937516296,-35.021298,4.1));
#1344 = VECTOR('',#1345,1.);
#1345 = DIRECTION('',(-1.,9.908916924758E-14,0.));
#1346 = ORIENTED_EDGE('',*,*,#1347,.T.);
#1347 = EDGE_CURVE('',#1340,#74,#1348,.T.);
#1348 = LINE('',#1349,#1350);
#1349 = CARTESIAN_POINT('',(171.5937516296,-35.021298,4.1));
#1350 = VECTOR('',#1351,1.);
#1351 = DIRECTION('',(-0.,-0.,-1.));
#1352 = ORIENTED_EDGE('',*,*,#82,.T.);
#1353 = ORIENTED_EDGE('',*,*,#1354,.F.);
#1354 = EDGE_CURVE('',#1355,#83,#1357,.T.);
#1355 = VERTEX_POINT('',#1356);
#1356 = CARTESIAN_POINT('',(161.93925499999,-35.02129799999,3.399095));
#1357 = LINE('',#1358,#1359);
#1358 = CARTESIAN_POINT('',(161.93925499999,-35.02129799999,3.399095));
#1359 = VECTOR('',#1360,1.);
#1360 = DIRECTION('',(-1.130495510247E-29,-2.22044604925E-16,-1.));
#1361 = ORIENTED_EDGE('',*,*,#1362,.F.);
#1362 = EDGE_CURVE('',#1363,#1355,#1365,.T.);
#1363 = VERTEX_POINT('',#1364);
#1364 = CARTESIAN_POINT('',(154.17114299999,-35.02129799999,3.399095));
#1365 = LINE('',#1366,#1367);
#1366 = CARTESIAN_POINT('',(154.17114299999,-35.02129799999,3.399095));
#1367 = VECTOR('',#1368,1.);
#1368 = DIRECTION('',(1.,-9.908916924758E-14,1.069726033546E-29));
#1369 = ORIENTED_EDGE('',*,*,#1370,.F.);
#1370 = EDGE_CURVE('',#401,#1363,#1371,.T.);
#1371 = LINE('',#1372,#1373);
#1372 = CARTESIAN_POINT('',(154.17114299999,-35.02129799999,-3.418964));
#1373 = VECTOR('',#1374,1.);
#1374 = DIRECTION('',(1.130495510247E-29,2.22044604925E-16,1.));
#1375 = ORIENTED_EDGE('',*,*,#408,.T.);
#1376 = ORIENTED_EDGE('',*,*,#1315,.F.);
#1377 = PLANE('',#1378);
#1378 = AXIS2_PLACEMENT_3D('',#1379,#1380,#1381);
#1379 = CARTESIAN_POINT('',(132.8358983148,-35.02129799999,2.85));
#1380 = DIRECTION('',(9.908916924758E-14,1.,0.));
#1381 = DIRECTION('',(1.,-9.908916924758E-14,0.));
#1382 = ADVANCED_FACE('',(#1383),#1409,.F.);
#1383 = FACE_BOUND('',#1384,.F.);
#1384 = EDGE_LOOP('',(#1385,#1386,#1387,#1395,#1403));
#1385 = ORIENTED_EDGE('',*,*,#1370,.F.);
#1386 = ORIENTED_EDGE('',*,*,#400,.T.);
#1387 = ORIENTED_EDGE('',*,*,#1388,.T.);
#1388 = EDGE_CURVE('',#393,#1389,#1391,.T.);
#1389 = VERTEX_POINT('',#1390);
#1390 = CARTESIAN_POINT('',(154.17114299999,-36.02129799999,2.7));
#1391 = LINE('',#1392,#1393);
#1392 = CARTESIAN_POINT('',(154.17114299999,-36.02129799999,-3.418964));
#1393 = VECTOR('',#1394,1.);
#1394 = DIRECTION('',(1.130495510247E-29,2.22044604925E-16,1.));
#1395 = ORIENTED_EDGE('',*,*,#1396,.T.);
#1396 = EDGE_CURVE('',#1389,#1397,#1399,.T.);
#1397 = VERTEX_POINT('',#1398);
#1398 = CARTESIAN_POINT('',(154.17114299999,-36.02129799999,3.399095));
#1399 = LINE('',#1400,#1401);
#1400 = CARTESIAN_POINT('',(154.17114299999,-36.02129799999,-3.418964));
#1401 = VECTOR('',#1402,1.);
#1402 = DIRECTION('',(1.130495510247E-29,2.22044604925E-16,1.));
#1403 = ORIENTED_EDGE('',*,*,#1404,.F.);
#1404 = EDGE_CURVE('',#1363,#1397,#1405,.T.);
#1405 = LINE('',#1406,#1407);
#1406 = CARTESIAN_POINT('',(154.17114299999,-35.02129799999,3.399095));
#1407 = VECTOR('',#1408,1.);
#1408 = DIRECTION('',(-9.908916924758E-14,-1.,2.22044604925E-16));
#1409 = PLANE('',#1410);
#1410 = AXIS2_PLACEMENT_3D('',#1411,#1412,#1413);
#1411 = CARTESIAN_POINT('',(154.17114299999,-35.02129799999,-3.418964));
#1412 = DIRECTION('',(-1.,9.908916924758E-14,-1.069726033546E-29));
#1413 = DIRECTION('',(1.130495510247E-29,2.22044604925E-16,1.));
#1414 = ADVANCED_FACE('',(#1415),#1433,.F.);
#1415 = FACE_BOUND('',#1416,.F.);
#1416 = EDGE_LOOP('',(#1417,#1425,#1426,#1427));
#1417 = ORIENTED_EDGE('',*,*,#1418,.F.);
#1418 = EDGE_CURVE('',#1389,#1419,#1421,.T.);
#1419 = VERTEX_POINT('',#1420);
#1420 = CARTESIAN_POINT('',(94.078044370398,-36.02129799999,2.7));
#1421 = LINE('',#1422,#1423);
#1422 = CARTESIAN_POINT('',(148.19754931339,-36.02129799999,2.7));
#1423 = VECTOR('',#1424,1.);
#1424 = DIRECTION('',(-1.,1.000974763548E-13,0.));
#1425 = ORIENTED_EDGE('',*,*,#1388,.F.);
#1426 = ORIENTED_EDGE('',*,*,#392,.T.);
#1427 = ORIENTED_EDGE('',*,*,#1428,.F.);
#1428 = EDGE_CURVE('',#1419,#384,#1429,.T.);
#1429 = LINE('',#1430,#1431);
#1430 = CARTESIAN_POINT('',(94.078044370398,-36.02129799999,4.1));
#1431 = VECTOR('',#1432,1.);
#1432 = DIRECTION('',(-0.,-0.,-1.));
#1433 = PLANE('',#1434);
#1434 = AXIS2_PLACEMENT_3D('',#1435,#1436,#1437);
#1435 = CARTESIAN_POINT('',(171.5937516296,-36.021298,4.1));
#1436 = DIRECTION('',(1.000974763548E-13,1.,0.));
#1437 = DIRECTION('',(-1.,1.000974763548E-13,0.));
#1438 = ADVANCED_FACE('',(#1439),#1458,.F.);
#1439 = FACE_BOUND('',#1440,.F.);
#1440 = EDGE_LOOP('',(#1441,#1450,#1451,#1452));
#1441 = ORIENTED_EDGE('',*,*,#1442,.F.);
#1442 = EDGE_CURVE('',#1419,#1443,#1445,.T.);
#1443 = VERTEX_POINT('',#1444);
#1444 = CARTESIAN_POINT('',(92.696796792555,-37.40402604221,2.7));
#1445 = CIRCLE('',#1446,1.381248370398);
#1446 = AXIS2_PLACEMENT_3D('',#1447,#1448,#1449);
#1447 = CARTESIAN_POINT('',(94.078044370398,-37.40254637039,2.7));
#1448 = DIRECTION('',(0.,0.,1.));
#1449 = DIRECTION('',(-1.,-6.843476888621E-07,0.));
#1450 = ORIENTED_EDGE('',*,*,#1428,.T.);
#1451 = ORIENTED_EDGE('',*,*,#383,.T.);
#1452 = ORIENTED_EDGE('',*,*,#1453,.F.);
#1453 = EDGE_CURVE('',#1443,#376,#1454,.T.);
#1454 = LINE('',#1455,#1456);
#1455 = CARTESIAN_POINT('',(92.696796792555,-37.40402604221,4.1));
#1456 = VECTOR('',#1457,1.);
#1457 = DIRECTION('',(-0.,-0.,-1.));
#1458 = CYLINDRICAL_SURFACE('',#1459,1.381248370398);
#1459 = AXIS2_PLACEMENT_3D('',#1460,#1461,#1462);
#1460 = CARTESIAN_POINT('',(94.078044370398,-37.40254637039,4.1));
#1461 = DIRECTION('',(0.,0.,1.));
#1462 = DIRECTION('',(-1.,-6.843476888621E-07,0.));
#1463 = ADVANCED_FACE('',(#1464),#1482,.T.);
#1464 = FACE_BOUND('',#1465,.T.);
#1465 = EDGE_LOOP('',(#1466,#1474,#1480,#1481));
#1466 = ORIENTED_EDGE('',*,*,#1467,.F.);
#1467 = EDGE_CURVE('',#1468,#1443,#1470,.T.);
#1468 = VERTEX_POINT('',#1469);
#1469 = CARTESIAN_POINT('',(92.678124488749,-42.86435931346,2.7));
#1470 = LINE('',#1471,#1472);
#1471 = CARTESIAN_POINT('',(92.596301653422,-66.79177366648,2.7));
#1472 = VECTOR('',#1473,1.);
#1473 = DIRECTION('',(3.41960713814E-03,0.999994153126,0.));
#1474 = ORIENTED_EDGE('',*,*,#1475,.T.);
#1475 = EDGE_CURVE('',#1468,#367,#1476,.T.);
#1476 = LINE('',#1477,#1478);
#1477 = CARTESIAN_POINT('',(92.678124488749,-42.86435931346,4.1));
#1478 = VECTOR('',#1479,1.);
#1479 = DIRECTION('',(-0.,-0.,-1.));
#1480 = ORIENTED_EDGE('',*,*,#375,.T.);
#1481 = ORIENTED_EDGE('',*,*,#1453,.F.);
#1482 = PLANE('',#1483);
#1483 = AXIS2_PLACEMENT_3D('',#1484,#1485,#1486);
#1484 = CARTESIAN_POINT('',(92.678124488749,-42.86435931346,4.1));
#1485 = DIRECTION('',(0.999994153126,-3.41960713814E-03,0.));
#1486 = DIRECTION('',(3.41960713814E-03,0.999994153126,0.));
#1487 = ADVANCED_FACE('',(#1488),#1507,.T.);
#1488 = FACE_BOUND('',#1489,.T.);
#1489 = EDGE_LOOP('',(#1490,#1499,#1505,#1506));
#1490 = ORIENTED_EDGE('',*,*,#1491,.F.);
#1491 = EDGE_CURVE('',#1492,#1468,#1494,.T.);
#1492 = VERTEX_POINT('',#1493);
#1493 = CARTESIAN_POINT('',(89.296874922496,-46.24374999999,2.7));
#1494 = CIRCLE('',#1495,3.381250077504);
#1495 = AXIS2_PLACEMENT_3D('',#1496,#1497,#1498);
#1496 = CARTESIAN_POINT('',(89.296874922496,-42.86249992249,2.7));
#1497 = DIRECTION('',(-0.,0.,1.));
#1498 = DIRECTION('',(3.254771463457E-08,-1.,0.));
#1499 = ORIENTED_EDGE('',*,*,#1500,.T.);
#1500 = EDGE_CURVE('',#1492,#359,#1501,.T.);
#1501 = LINE('',#1502,#1503);
#1502 = CARTESIAN_POINT('',(89.296874922496,-46.24374999999,4.1));
#1503 = VECTOR('',#1504,1.);
#1504 = DIRECTION('',(-0.,-0.,-1.));
#1505 = ORIENTED_EDGE('',*,*,#366,.T.);
#1506 = ORIENTED_EDGE('',*,*,#1475,.F.);
#1507 = CYLINDRICAL_SURFACE('',#1508,3.381250077504);
#1508 = AXIS2_PLACEMENT_3D('',#1509,#1510,#1511);
#1509 = CARTESIAN_POINT('',(89.296874922496,-42.86249992249,4.1));
#1510 = DIRECTION('',(0.,0.,1.));
#1511 = DIRECTION('',(3.254771463457E-08,-1.,0.));
#1512 = ADVANCED_FACE('',(#1513),#1531,.T.);
#1513 = FACE_BOUND('',#1514,.T.);
#1514 = EDGE_LOOP('',(#1515,#1523,#1529,#1530));
#1515 = ORIENTED_EDGE('',*,*,#1516,.F.);
#1516 = EDGE_CURVE('',#1517,#1492,#1519,.T.);
#1517 = VERTEX_POINT('',#1518);
#1518 = CARTESIAN_POINT('',(57.150000077504,-46.24374999999,2.7));
#1519 = LINE('',#1520,#1521);
#1520 = CARTESIAN_POINT('',(90.975673537337,-46.24374999999,2.7));
#1521 = VECTOR('',#1522,1.);
#1522 = DIRECTION('',(1.,6.233049167315E-14,0.));
#1523 = ORIENTED_EDGE('',*,*,#1524,.T.);
#1524 = EDGE_CURVE('',#1517,#350,#1525,.T.);
#1525 = LINE('',#1526,#1527);
#1526 = CARTESIAN_POINT('',(57.150000077504,-46.24374999999,4.1));
#1527 = VECTOR('',#1528,1.);
#1528 = DIRECTION('',(-0.,-0.,-1.));
#1529 = ORIENTED_EDGE('',*,*,#358,.T.);
#1530 = ORIENTED_EDGE('',*,*,#1500,.F.);
#1531 = PLANE('',#1532);
#1532 = AXIS2_PLACEMENT_3D('',#1533,#1534,#1535);
#1533 = CARTESIAN_POINT('',(57.150000077504,-46.24374999999,4.1));
#1534 = DIRECTION('',(6.233049167315E-14,-1.,0.));
#1535 = DIRECTION('',(1.,6.233049167315E-14,0.));
#1536 = ADVANCED_FACE('',(#1537),#1556,.F.);
#1537 = FACE_BOUND('',#1538,.F.);
#1538 = EDGE_LOOP('',(#1539,#1548,#1549,#1550));
#1539 = ORIENTED_EDGE('',*,*,#1540,.F.);
#1540 = EDGE_CURVE('',#1517,#1541,#1543,.T.);
#1541 = VERTEX_POINT('',#1542);
#1542 = CARTESIAN_POINT('',(55.76875,-47.6250000775,2.7));
#1543 = CIRCLE('',#1544,1.381250077504);
#1544 = AXIS2_PLACEMENT_3D('',#1545,#1546,#1547);
#1545 = CARTESIAN_POINT('',(57.150000077504,-47.6250000775,2.7));
#1546 = DIRECTION('',(0.,0.,1.));
#1547 = DIRECTION('',(-1.,3.25477170885E-08,0.));
#1548 = ORIENTED_EDGE('',*,*,#1524,.T.);
#1549 = ORIENTED_EDGE('',*,*,#349,.T.);
#1550 = ORIENTED_EDGE('',*,*,#1551,.F.);
#1551 = EDGE_CURVE('',#1541,#342,#1552,.T.);
#1552 = LINE('',#1553,#1554);
#1553 = CARTESIAN_POINT('',(55.76875,-47.6250000775,4.1));
#1554 = VECTOR('',#1555,1.);
#1555 = DIRECTION('',(-0.,-0.,-1.));
#1556 = CYLINDRICAL_SURFACE('',#1557,1.381250077504);
#1557 = AXIS2_PLACEMENT_3D('',#1558,#1559,#1560);
#1558 = CARTESIAN_POINT('',(57.150000077504,-47.6250000775,4.1));
#1559 = DIRECTION('',(0.,0.,1.));
#1560 = DIRECTION('',(-1.,3.25477170885E-08,0.));
#1561 = ADVANCED_FACE('',(#1562),#1580,.T.);
#1562 = FACE_BOUND('',#1563,.T.);
#1563 = EDGE_LOOP('',(#1564,#1572,#1578,#1579));
#1564 = ORIENTED_EDGE('',*,*,#1565,.F.);
#1565 = EDGE_CURVE('',#1566,#1541,#1568,.T.);
#1566 = VERTEX_POINT('',#1567);
#1567 = CARTESIAN_POINT('',(55.76875,-127.3968749224,2.7));
#1568 = LINE('',#1569,#1570);
#1569 = CARTESIAN_POINT('',(55.76875,-109.1132359961,2.7));
#1570 = VECTOR('',#1571,1.);
#1571 = DIRECTION('',(0.,1.,0.));
#1572 = ORIENTED_EDGE('',*,*,#1573,.T.);
#1573 = EDGE_CURVE('',#1566,#333,#1574,.T.);
#1574 = LINE('',#1575,#1576);
#1575 = CARTESIAN_POINT('',(55.76875,-127.3968749224,4.1));
#1576 = VECTOR('',#1577,1.);
#1577 = DIRECTION('',(-0.,-0.,-1.));
#1578 = ORIENTED_EDGE('',*,*,#341,.T.);
#1579 = ORIENTED_EDGE('',*,*,#1551,.F.);
#1580 = PLANE('',#1581);
#1581 = AXIS2_PLACEMENT_3D('',#1582,#1583,#1584);
#1582 = CARTESIAN_POINT('',(55.76875,-127.3968749224,4.1));
#1583 = DIRECTION('',(1.,0.,0.));
#1584 = DIRECTION('',(0.,1.,0.));
#1585 = ADVANCED_FACE('',(#1586),#1605,.F.);
#1586 = FACE_BOUND('',#1587,.F.);
#1587 = EDGE_LOOP('',(#1588,#1597,#1598,#1599));
#1588 = ORIENTED_EDGE('',*,*,#1589,.F.);
#1589 = EDGE_CURVE('',#1566,#1590,#1592,.T.);
#1590 = VERTEX_POINT('',#1591);
#1591 = CARTESIAN_POINT('',(57.150000077504,-128.7781249999,2.7));
#1592 = CIRCLE('',#1593,1.381250077504);
#1593 = AXIS2_PLACEMENT_3D('',#1594,#1595,#1596);
#1594 = CARTESIAN_POINT('',(57.150000077504,-127.3968749224,2.7));
#1595 = DIRECTION('',(0.,0.,1.));
#1596 = DIRECTION('',(-3.254771696604E-08,-1.,0.));
#1597 = ORIENTED_EDGE('',*,*,#1573,.T.);
#1598 = ORIENTED_EDGE('',*,*,#332,.T.);
#1599 = ORIENTED_EDGE('',*,*,#1600,.F.);
#1600 = EDGE_CURVE('',#1590,#325,#1601,.T.);
#1601 = LINE('',#1602,#1603);
#1602 = CARTESIAN_POINT('',(57.150000077504,-128.7781249999,4.1));
#1603 = VECTOR('',#1604,1.);
#1604 = DIRECTION('',(-0.,-0.,-1.));
#1605 = CYLINDRICAL_SURFACE('',#1606,1.381250077504);
#1606 = AXIS2_PLACEMENT_3D('',#1607,#1608,#1609);
#1607 = CARTESIAN_POINT('',(57.150000077504,-127.3968749224,4.1));
#1608 = DIRECTION('',(0.,0.,1.));
#1609 = DIRECTION('',(-3.254771696604E-08,-1.,0.));
#1610 = ADVANCED_FACE('',(#1611),#1629,.T.);
#1611 = FACE_BOUND('',#1612,.T.);
#1612 = EDGE_LOOP('',(#1613,#1621,#1627,#1628));
#1613 = ORIENTED_EDGE('',*,*,#1614,.F.);
#1614 = EDGE_CURVE('',#1615,#1590,#1617,.T.);
#1615 = VERTEX_POINT('',#1616);
#1616 = CARTESIAN_POINT('',(125.01562492249,-128.7781249999,2.7));
#1617 = LINE('',#1618,#1619);
#1618 = CARTESIAN_POINT('',(124.9084859598,-128.7781249999,2.7));
#1619 = VECTOR('',#1620,1.);
#1620 = DIRECTION('',(-1.,1.355217047318E-12,0.));
#1621 = ORIENTED_EDGE('',*,*,#1622,.T.);
#1622 = EDGE_CURVE('',#1615,#316,#1623,.T.);
#1623 = LINE('',#1624,#1625);
#1624 = CARTESIAN_POINT('',(125.01562492249,-128.7781249999,4.1));
#1625 = VECTOR('',#1626,1.);
#1626 = DIRECTION('',(-0.,-0.,-1.));
#1627 = ORIENTED_EDGE('',*,*,#324,.T.);
#1628 = ORIENTED_EDGE('',*,*,#1600,.F.);
#1629 = PLANE('',#1630);
#1630 = AXIS2_PLACEMENT_3D('',#1631,#1632,#1633);
#1631 = CARTESIAN_POINT('',(125.01562492249,-128.7781249999,4.1));
#1632 = DIRECTION('',(1.355217047318E-12,1.,0.));
#1633 = DIRECTION('',(-1.,1.355217047318E-12,0.));
#1634 = ADVANCED_FACE('',(#1635),#1654,.T.);
#1635 = FACE_BOUND('',#1636,.T.);
#1636 = EDGE_LOOP('',(#1637,#1646,#1652,#1653));
#1637 = ORIENTED_EDGE('',*,*,#1638,.F.);
#1638 = EDGE_CURVE('',#1639,#1615,#1641,.T.);
#1639 = VERTEX_POINT('',#1640);
#1640 = CARTESIAN_POINT('',(128.39687499999,-132.1593750775,2.7));
#1641 = CIRCLE('',#1642,3.381250077504);
#1642 = AXIS2_PLACEMENT_3D('',#1643,#1644,#1645);
#1643 = CARTESIAN_POINT('',(125.01562492249,-132.1593750775,2.7));
#1644 = DIRECTION('',(0.,-0.,1.));
#1645 = DIRECTION('',(1.,3.25476991E-08,0.));
#1646 = ORIENTED_EDGE('',*,*,#1647,.T.);
#1647 = EDGE_CURVE('',#1639,#308,#1648,.T.);
#1648 = LINE('',#1649,#1650);
#1649 = CARTESIAN_POINT('',(128.39687499999,-132.1593750775,4.1));
#1650 = VECTOR('',#1651,1.);
#1651 = DIRECTION('',(-0.,-0.,-1.));
#1652 = ORIENTED_EDGE('',*,*,#315,.T.);
#1653 = ORIENTED_EDGE('',*,*,#1622,.F.);
#1654 = CYLINDRICAL_SURFACE('',#1655,3.381250077504);
#1655 = AXIS2_PLACEMENT_3D('',#1656,#1657,#1658);
#1656 = CARTESIAN_POINT('',(125.01562492249,-132.1593750775,4.1));
#1657 = DIRECTION('',(0.,0.,1.));
#1658 = DIRECTION('',(1.,3.25476991E-08,0.));
#1659 = ADVANCED_FACE('',(#1660),#1678,.T.);
#1660 = FACE_BOUND('',#1661,.T.);
#1661 = EDGE_LOOP('',(#1662,#1670,#1676,#1677));
#1662 = ORIENTED_EDGE('',*,*,#1663,.F.);
#1663 = EDGE_CURVE('',#1664,#1639,#1666,.T.);
#1664 = VERTEX_POINT('',#1665);
#1665 = CARTESIAN_POINT('',(128.39687499999,-141.6843749224,2.7));
#1666 = LINE('',#1667,#1668);
#1667 = CARTESIAN_POINT('',(128.39687499999,-116.2569859961,2.7));
#1668 = VECTOR('',#1669,1.);
#1669 = DIRECTION('',(-2.118573650832E-13,1.,0.));
#1670 = ORIENTED_EDGE('',*,*,#1671,.T.);
#1671 = EDGE_CURVE('',#1664,#299,#1672,.T.);
#1672 = LINE('',#1673,#1674);
#1673 = CARTESIAN_POINT('',(128.39687499999,-141.6843749224,4.1));
#1674 = VECTOR('',#1675,1.);
#1675 = DIRECTION('',(-0.,-0.,-1.));
#1676 = ORIENTED_EDGE('',*,*,#307,.T.);
#1677 = ORIENTED_EDGE('',*,*,#1647,.F.);
#1678 = PLANE('',#1679);
#1679 = AXIS2_PLACEMENT_3D('',#1680,#1681,#1682);
#1680 = CARTESIAN_POINT('',(128.39687499999,-141.6843749224,4.1));
#1681 = DIRECTION('',(1.,2.118573650832E-13,0.));
#1682 = DIRECTION('',(-2.118573650832E-13,1.,0.));
#1683 = ADVANCED_FACE('',(#1684),#1703,.F.);
#1684 = FACE_BOUND('',#1685,.F.);
#1685 = EDGE_LOOP('',(#1686,#1695,#1696,#1697));
#1686 = ORIENTED_EDGE('',*,*,#1687,.F.);
#1687 = EDGE_CURVE('',#1664,#1688,#1690,.T.);
#1688 = VERTEX_POINT('',#1689);
#1689 = CARTESIAN_POINT('',(129.77415737247,-143.0656193011,2.7));
#1690 = CIRCLE('',#1691,1.381250077504);
#1691 = AXIS2_PLACEMENT_3D('',#1692,#1693,#1694);
#1692 = CARTESIAN_POINT('',(129.7781250775,-141.6843749224,2.7));
#1693 = DIRECTION('',(0.,0.,1.));
#1694 = DIRECTION('',(-3.254771097083E-08,-1.,0.));
#1695 = ORIENTED_EDGE('',*,*,#1671,.T.);
#1696 = ORIENTED_EDGE('',*,*,#298,.T.);
#1697 = ORIENTED_EDGE('',*,*,#1698,.F.);
#1698 = EDGE_CURVE('',#1688,#290,#1699,.T.);
#1699 = LINE('',#1700,#1701);
#1700 = CARTESIAN_POINT('',(129.77415737247,-143.0656193011,4.1));
#1701 = VECTOR('',#1702,1.);
#1702 = DIRECTION('',(-0.,-0.,-1.));
#1703 = CYLINDRICAL_SURFACE('',#1704,1.381250077504);
#1704 = AXIS2_PLACEMENT_3D('',#1705,#1706,#1707);
#1705 = CARTESIAN_POINT('',(129.7781250775,-141.6843749224,4.1));
#1706 = DIRECTION('',(0.,0.,1.));
#1707 = DIRECTION('',(-3.254771097083E-08,-1.,0.));
#1708 = ADVANCED_FACE('',(#1709),#1728,.T.);
#1709 = FACE_BOUND('',#1710,.T.);
#1710 = EDGE_LOOP('',(#1711,#1720,#1726,#1727));
#1711 = ORIENTED_EDGE('',*,*,#1712,.F.);
#1712 = EDGE_CURVE('',#1713,#1688,#1715,.T.);
#1713 = VERTEX_POINT('',#1714);
#1714 = CARTESIAN_POINT('',(151.80221618759,-145.7731523941,2.7));
#1715 = CIRCLE('',#1716,84.665606478227);
#1716 = AXIS2_PLACEMENT_3D('',#1717,#1718,#1719);
#1717 = CARTESIAN_POINT('',(130.54852029876,-227.727684492,2.7));
#1718 = DIRECTION('',(0.,0.,1.));
#1719 = DIRECTION('',(1.,0.,0.));
#1720 = ORIENTED_EDGE('',*,*,#1721,.T.);
#1721 = EDGE_CURVE('',#1713,#281,#1722,.T.);
#1722 = LINE('',#1723,#1724);
#1723 = CARTESIAN_POINT('',(151.80221618759,-145.7731523941,4.1));
#1724 = VECTOR('',#1725,1.);
#1725 = DIRECTION('',(-0.,-0.,-1.));
#1726 = ORIENTED_EDGE('',*,*,#289,.T.);
#1727 = ORIENTED_EDGE('',*,*,#1698,.F.);
#1728 = CYLINDRICAL_SURFACE('',#1729,84.665606478227);
#1729 = AXIS2_PLACEMENT_3D('',#1730,#1731,#1732);
#1730 = CARTESIAN_POINT('',(130.54852029876,-227.727684492,4.1));
#1731 = DIRECTION('',(0.,0.,1.));
#1732 = DIRECTION('',(1.,0.,0.));
#1733 = ADVANCED_FACE('',(#1734),#1753,.T.);
#1734 = FACE_BOUND('',#1735,.T.);
#1735 = EDGE_LOOP('',(#1736,#1745,#1751,#1752));
#1736 = ORIENTED_EDGE('',*,*,#1737,.F.);
#1737 = EDGE_CURVE('',#1738,#1713,#1740,.T.);
#1738 = VERTEX_POINT('',#1739);
#1739 = CARTESIAN_POINT('',(168.52390858787,-151.835104807,2.7));
#1740 = CIRCLE('',#1741,97.846989070694);
#1741 = AXIS2_PLACEMENT_3D('',#1742,#1743,#1744);
#1742 = CARTESIAN_POINT('',(126.95325477459,-240.4122689733,2.7));
#1743 = DIRECTION('',(0.,0.,1.));
#1744 = DIRECTION('',(1.,0.,0.));
#1745 = ORIENTED_EDGE('',*,*,#1746,.T.);
#1746 = EDGE_CURVE('',#1738,#272,#1747,.T.);
#1747 = LINE('',#1748,#1749);
#1748 = CARTESIAN_POINT('',(168.52390858787,-151.835104807,4.1));
#1749 = VECTOR('',#1750,1.);
#1750 = DIRECTION('',(-0.,-0.,-1.));
#1751 = ORIENTED_EDGE('',*,*,#280,.T.);
#1752 = ORIENTED_EDGE('',*,*,#1721,.F.);
#1753 = CYLINDRICAL_SURFACE('',#1754,97.846989070694);
#1754 = AXIS2_PLACEMENT_3D('',#1755,#1756,#1757);
#1755 = CARTESIAN_POINT('',(126.95325477459,-240.4122689733,4.1));
#1756 = DIRECTION('',(0.,0.,1.));
#1757 = DIRECTION('',(1.,0.,0.));
#1758 = ADVANCED_FACE('',(#1759),#1778,.T.);
#1759 = FACE_BOUND('',#1760,.T.);
#1760 = EDGE_LOOP('',(#1761,#1770,#1776,#1777));
#1761 = ORIENTED_EDGE('',*,*,#1762,.F.);
#1762 = EDGE_CURVE('',#1763,#1738,#1765,.T.);
#1763 = VERTEX_POINT('',#1764);
#1764 = CARTESIAN_POINT('',(182.96895554509,-159.7233502945,2.7));
#1765 = CIRCLE('',#1766,135.8148020984);
#1766 = AXIS2_PLACEMENT_3D('',#1767,#1768,#1769);
#1767 = CARTESIAN_POINT('',(110.77277508551,-274.7597445186,2.7));
#1768 = DIRECTION('',(0.,0.,1.));
#1769 = DIRECTION('',(1.,0.,0.));
#1770 = ORIENTED_EDGE('',*,*,#1771,.T.);
#1771 = EDGE_CURVE('',#1763,#263,#1772,.T.);
#1772 = LINE('',#1773,#1774);
#1773 = CARTESIAN_POINT('',(182.96895554509,-159.7233502945,4.1));
#1774 = VECTOR('',#1775,1.);
#1775 = DIRECTION('',(-0.,-0.,-1.));
#1776 = ORIENTED_EDGE('',*,*,#271,.T.);
#1777 = ORIENTED_EDGE('',*,*,#1746,.F.);
#1778 = CYLINDRICAL_SURFACE('',#1779,135.8148020984);
#1779 = AXIS2_PLACEMENT_3D('',#1780,#1781,#1782);
#1780 = CARTESIAN_POINT('',(110.77277508551,-274.7597445186,4.1));
#1781 = DIRECTION('',(0.,0.,1.));
#1782 = DIRECTION('',(1.,0.,0.));
#1783 = ADVANCED_FACE('',(#1784),#1803,.F.);
#1784 = FACE_BOUND('',#1785,.F.);
#1785 = EDGE_LOOP('',(#1786,#1795,#1796,#1797));
#1786 = ORIENTED_EDGE('',*,*,#1787,.F.);
#1787 = EDGE_CURVE('',#1763,#1788,#1790,.T.);
#1788 = VERTEX_POINT('',#1789);
#1789 = CARTESIAN_POINT('',(184.84189839804,-159.2098708072,2.7));
#1790 = CIRCLE('',#1791,1.381250259068);
#1791 = AXIS2_PLACEMENT_3D('',#1792,#1793,#1794);
#1792 = CARTESIAN_POINT('',(183.64570067542,-158.5192455206,2.7));
#1793 = DIRECTION('',(-0.,0.,1.));
#1794 = DIRECTION('',(0.866026288806,-0.499998467095,0.));
#1795 = ORIENTED_EDGE('',*,*,#1771,.T.);
#1796 = ORIENTED_EDGE('',*,*,#262,.T.);
#1797 = ORIENTED_EDGE('',*,*,#1798,.F.);
#1798 = EDGE_CURVE('',#1788,#255,#1799,.T.);
#1799 = LINE('',#1800,#1801);
#1800 = CARTESIAN_POINT('',(184.84189839804,-159.2098708072,4.1));
#1801 = VECTOR('',#1802,1.);
#1802 = DIRECTION('',(-0.,-0.,-1.));
#1803 = CYLINDRICAL_SURFACE('',#1804,1.381250259068);
#1804 = AXIS2_PLACEMENT_3D('',#1805,#1806,#1807);
#1805 = CARTESIAN_POINT('',(183.64570067542,-158.5192455206,4.1));
#1806 = DIRECTION('',(0.,0.,1.));
#1807 = DIRECTION('',(0.866026288806,-0.499998467095,0.));
#1808 = ADVANCED_FACE('',(#1809),#1827,.T.);
#1809 = FACE_BOUND('',#1810,.T.);
#1810 = EDGE_LOOP('',(#1811,#1819,#1825,#1826));
#1811 = ORIENTED_EDGE('',*,*,#1812,.F.);
#1812 = EDGE_CURVE('',#1813,#1788,#1815,.T.);
#1813 = VERTEX_POINT('',#1814);
#1814 = CARTESIAN_POINT('',(203.89190584529,-126.2143000326,2.7));
#1815 = LINE('',#1816,#1817);
#1816 = CARTESIAN_POINT('',(201.66659557071,-130.0686493216,2.7));
#1817 = VECTOR('',#1818,1.);
#1818 = DIRECTION('',(-0.500000113749,-0.866025338111,0.));
#1819 = ORIENTED_EDGE('',*,*,#1820,.T.);
#1820 = EDGE_CURVE('',#1813,#246,#1821,.T.);
#1821 = LINE('',#1822,#1823);
#1822 = CARTESIAN_POINT('',(203.89190584529,-126.2143000326,4.1));
#1823 = VECTOR('',#1824,1.);
#1824 = DIRECTION('',(-0.,-0.,-1.));
#1825 = ORIENTED_EDGE('',*,*,#254,.T.);
#1826 = ORIENTED_EDGE('',*,*,#1798,.F.);
#1827 = PLANE('',#1828);
#1828 = AXIS2_PLACEMENT_3D('',#1829,#1830,#1831);
#1829 = CARTESIAN_POINT('',(203.89190584529,-126.2143000326,4.1));
#1830 = DIRECTION('',(-0.866025338111,0.500000113749,0.));
#1831 = DIRECTION('',(-0.500000113749,-0.866025338111,0.));
#1832 = ADVANCED_FACE('',(#1833),#1852,.F.);
#1833 = FACE_BOUND('',#1834,.F.);
#1834 = EDGE_LOOP('',(#1835,#1844,#1845,#1846));
#1835 = ORIENTED_EDGE('',*,*,#1836,.F.);
#1836 = EDGE_CURVE('',#1813,#1837,#1839,.T.);
#1837 = VERTEX_POINT('',#1838);
#1838 = CARTESIAN_POINT('',(203.37775253604,-124.3225610192,2.7));
#1839 = CIRCLE('',#1840,1.381252591028);
#1840 = AXIS2_PLACEMENT_3D('',#1841,#1842,#1843);
#1841 = CARTESIAN_POINT('',(202.69570610313,-125.52367358,2.7));
#1842 = DIRECTION('',(0.,-0.,1.));
#1843 = DIRECTION('',(0.500001932325,0.866024288153,0.));
#1844 = ORIENTED_EDGE('',*,*,#1820,.T.);
#1845 = ORIENTED_EDGE('',*,*,#245,.T.);
#1846 = ORIENTED_EDGE('',*,*,#1847,.F.);
#1847 = EDGE_CURVE('',#1837,#238,#1848,.T.);
#1848 = LINE('',#1849,#1850);
#1849 = CARTESIAN_POINT('',(203.37775253604,-124.3225610192,4.1));
#1850 = VECTOR('',#1851,1.);
#1851 = DIRECTION('',(-0.,-0.,-1.));
#1852 = CYLINDRICAL_SURFACE('',#1853,1.381252591028);
#1853 = AXIS2_PLACEMENT_3D('',#1854,#1855,#1856);
#1854 = CARTESIAN_POINT('',(202.69570610313,-125.52367358,4.1));
#1855 = DIRECTION('',(0.,0.,1.));
#1856 = DIRECTION('',(0.500001932325,0.866024288153,0.));
#1857 = ADVANCED_FACE('',(#1858),#1876,.T.);
#1858 = FACE_BOUND('',#1859,.T.);
#1859 = EDGE_LOOP('',(#1860,#1868,#1874,#1875));
#1860 = ORIENTED_EDGE('',*,*,#1861,.F.);
#1861 = EDGE_CURVE('',#1862,#1837,#1864,.T.);
#1862 = VERTEX_POINT('',#1863);
#1863 = CARTESIAN_POINT('',(193.67506283431,-118.4207499623,2.7));
#1864 = LINE('',#1865,#1866);
#1865 = CARTESIAN_POINT('',(162.41328112735,-99.40528779573,2.7));
#1866 = VECTOR('',#1867,1.);
#1867 = DIRECTION('',(0.854361750204,-0.519678746716,0.));
#1868 = ORIENTED_EDGE('',*,*,#1869,.T.);
#1869 = EDGE_CURVE('',#1862,#230,#1870,.T.);
#1870 = LINE('',#1871,#1872);
#1871 = CARTESIAN_POINT('',(193.67506283431,-118.4207499623,4.1));
#1872 = VECTOR('',#1873,1.);
#1873 = DIRECTION('',(-0.,-0.,-1.));
#1874 = ORIENTED_EDGE('',*,*,#237,.T.);
#1875 = ORIENTED_EDGE('',*,*,#1847,.F.);
#1876 = PLANE('',#1877);
#1877 = AXIS2_PLACEMENT_3D('',#1878,#1879,#1880);
#1878 = CARTESIAN_POINT('',(193.67506283431,-118.4207499623,4.1));
#1879 = DIRECTION('',(-0.519678746716,-0.854361750204,0.));
#1880 = DIRECTION('',(0.854361750204,-0.519678746716,0.));
#1881 = ADVANCED_FACE('',(#1882),#1900,.T.);
#1882 = FACE_BOUND('',#1883,.T.);
#1883 = EDGE_LOOP('',(#1884,#1892,#1898,#1899));
#1884 = ORIENTED_EDGE('',*,*,#1885,.F.);
#1885 = EDGE_CURVE('',#1886,#1862,#1888,.T.);
#1886 = VERTEX_POINT('',#1887);
#1887 = CARTESIAN_POINT('',(193.4479922493,-118.2387543492,2.7));
#1888 = LINE('',#1889,#1890);
#1889 = CARTESIAN_POINT('',(165.86173027834,-96.12854285542,2.7));
#1890 = VECTOR('',#1891,1.);
#1891 = DIRECTION('',(0.780299983687,-0.625405416876,0.));
#1892 = ORIENTED_EDGE('',*,*,#1893,.T.);
#1893 = EDGE_CURVE('',#1886,#222,#1894,.T.);
#1894 = LINE('',#1895,#1896);
#1895 = CARTESIAN_POINT('',(193.4479922493,-118.2387543492,4.1));
#1896 = VECTOR('',#1897,1.);
#1897 = DIRECTION('',(-0.,-0.,-1.));
#1898 = ORIENTED_EDGE('',*,*,#229,.T.);
#1899 = ORIENTED_EDGE('',*,*,#1869,.F.);
#1900 = PLANE('',#1901);
#1901 = AXIS2_PLACEMENT_3D('',#1902,#1903,#1904);
#1902 = CARTESIAN_POINT('',(193.4479922493,-118.2387543492,4.1));
#1903 = DIRECTION('',(-0.625405416876,-0.780299983687,0.));
#1904 = DIRECTION('',(0.780299983687,-0.625405416876,0.));
#1905 = ADVANCED_FACE('',(#1906),#1924,.T.);
#1906 = FACE_BOUND('',#1907,.T.);
#1907 = EDGE_LOOP('',(#1908,#1916,#1922,#1923));
#1908 = ORIENTED_EDGE('',*,*,#1909,.F.);
#1909 = EDGE_CURVE('',#1910,#1886,#1912,.T.);
#1910 = VERTEX_POINT('',#1911);
#1911 = CARTESIAN_POINT('',(193.16901582154,-117.9634282274,2.7));
#1912 = LINE('',#1913,#1914);
#1913 = CARTESIAN_POINT('',(169.06912458522,-94.17887537477,2.7));
#1914 = VECTOR('',#1915,1.);
#1915 = DIRECTION('',(0.711747931417,-0.702434966473,0.));
#1916 = ORIENTED_EDGE('',*,*,#1917,.T.);
#1917 = EDGE_CURVE('',#1910,#214,#1918,.T.);
#1918 = LINE('',#1919,#1920);
#1919 = CARTESIAN_POINT('',(193.16901582154,-117.9634282274,4.1));
#1920 = VECTOR('',#1921,1.);
#1921 = DIRECTION('',(-0.,-0.,-1.));
#1922 = ORIENTED_EDGE('',*,*,#221,.T.);
#1923 = ORIENTED_EDGE('',*,*,#1893,.F.);
#1924 = PLANE('',#1925);
#1925 = AXIS2_PLACEMENT_3D('',#1926,#1927,#1928);
#1926 = CARTESIAN_POINT('',(193.16901582154,-117.9634282274,4.1));
#1927 = DIRECTION('',(-0.702434966473,-0.711747931417,0.));
#1928 = DIRECTION('',(0.711747931417,-0.702434966473,0.));
#1929 = ADVANCED_FACE('',(#1930),#1948,.T.);
#1930 = FACE_BOUND('',#1931,.T.);
#1931 = EDGE_LOOP('',(#1932,#1940,#1946,#1947));
#1932 = ORIENTED_EDGE('',*,*,#1933,.F.);
#1933 = EDGE_CURVE('',#1934,#1910,#1936,.T.);
#1934 = VERTEX_POINT('',#1935);
#1935 = CARTESIAN_POINT('',(192.89209640264,-117.6274344565,2.7));
#1936 = LINE('',#1937,#1938);
#1937 = CARTESIAN_POINT('',(172.54446506321,-92.93910667197,2.7));
#1938 = VECTOR('',#1939,1.);
#1939 = DIRECTION('',(0.636006463372,-0.771683729613,0.));
#1940 = ORIENTED_EDGE('',*,*,#1941,.T.);
#1941 = EDGE_CURVE('',#1934,#206,#1942,.T.);
#1942 = LINE('',#1943,#1944);
#1943 = CARTESIAN_POINT('',(192.89209640264,-117.6274344565,4.1));
#1944 = VECTOR('',#1945,1.);
#1945 = DIRECTION('',(-0.,-0.,-1.));
#1946 = ORIENTED_EDGE('',*,*,#213,.T.);
#1947 = ORIENTED_EDGE('',*,*,#1917,.F.);
#1948 = PLANE('',#1949);
#1949 = AXIS2_PLACEMENT_3D('',#1950,#1951,#1952);
#1950 = CARTESIAN_POINT('',(192.89209640264,-117.6274344565,4.1));
#1951 = DIRECTION('',(-0.771683729613,-0.636006463372,0.));
#1952 = DIRECTION('',(0.636006463372,-0.771683729613,0.));
#1953 = ADVANCED_FACE('',(#1954),#1972,.T.);
#1954 = FACE_BOUND('',#1955,.T.);
#1955 = EDGE_LOOP('',(#1956,#1964,#1970,#1971));
#1956 = ORIENTED_EDGE('',*,*,#1957,.F.);
#1957 = EDGE_CURVE('',#1958,#1934,#1960,.T.);
#1958 = VERTEX_POINT('',#1959);
#1959 = CARTESIAN_POINT('',(192.63761376911,-117.2467112304,2.7));
#1960 = LINE('',#1961,#1962);
#1961 = CARTESIAN_POINT('',(176.06089693544,-92.44682204604,2.7));
#1962 = VECTOR('',#1963,1.);
#1963 = DIRECTION('',(0.555708370418,-0.831377295244,0.));
#1964 = ORIENTED_EDGE('',*,*,#1965,.T.);
#1965 = EDGE_CURVE('',#1958,#198,#1966,.T.);
#1966 = LINE('',#1967,#1968);
#1967 = CARTESIAN_POINT('',(192.63761376911,-117.2467112304,4.1));
#1968 = VECTOR('',#1969,1.);
#1969 = DIRECTION('',(-0.,-0.,-1.));
#1970 = ORIENTED_EDGE('',*,*,#205,.T.);
#1971 = ORIENTED_EDGE('',*,*,#1941,.F.);
#1972 = PLANE('',#1973);
#1973 = AXIS2_PLACEMENT_3D('',#1974,#1975,#1976);
#1974 = CARTESIAN_POINT('',(192.63761376911,-117.2467112304,4.1));
#1975 = DIRECTION('',(-0.831377295244,-0.555708370418,0.));
#1976 = DIRECTION('',(0.555708370418,-0.831377295244,0.));
#1977 = ADVANCED_FACE('',(#1978),#1996,.T.);
#1978 = FACE_BOUND('',#1979,.T.);
#1979 = EDGE_LOOP('',(#1980,#1988,#1994,#1995));
#1980 = ORIENTED_EDGE('',*,*,#1981,.F.);
#1981 = EDGE_CURVE('',#1982,#1958,#1984,.T.);
#1982 = VERTEX_POINT('',#1983);
#1983 = CARTESIAN_POINT('',(192.4141446329,-116.8288808532,2.7));
#1984 = LINE('',#1985,#1986);
#1985 = CARTESIAN_POINT('',(179.4886341077,-92.6614677192,2.7));
#1986 = VECTOR('',#1987,1.);
#1987 = DIRECTION('',(0.47161691914,-0.881803539107,0.));
#1988 = ORIENTED_EDGE('',*,*,#1989,.T.);
#1989 = EDGE_CURVE('',#1982,#190,#1990,.T.);
#1990 = LINE('',#1991,#1992);
#1991 = CARTESIAN_POINT('',(192.4141446329,-116.8288808532,4.1));
#1992 = VECTOR('',#1993,1.);
#1993 = DIRECTION('',(-0.,-0.,-1.));
#1994 = ORIENTED_EDGE('',*,*,#197,.T.);
#1995 = ORIENTED_EDGE('',*,*,#1965,.F.);
#1996 = PLANE('',#1997);
#1997 = AXIS2_PLACEMENT_3D('',#1998,#1999,#2000);
#1998 = CARTESIAN_POINT('',(192.4141446329,-116.8288808532,4.1));
#1999 = DIRECTION('',(-0.881803539107,-0.47161691914,0.));
#2000 = DIRECTION('',(0.47161691914,-0.881803539107,0.));
#2001 = ADVANCED_FACE('',(#2002),#2020,.T.);
#2002 = FACE_BOUND('',#2003,.T.);
#2003 = EDGE_LOOP('',(#2004,#2012,#2018,#2019));
#2004 = ORIENTED_EDGE('',*,*,#2005,.F.);
#2005 = EDGE_CURVE('',#2006,#1982,#2008,.T.);
#2006 = VERTEX_POINT('',#2007);
#2007 = CARTESIAN_POINT('',(192.22638768195,-116.3786170308,2.7));
#2008 = LINE('',#2009,#2010);
#2009 = CARTESIAN_POINT('',(182.69483655352,-93.52080738365,2.7));
#2010 = VECTOR('',#2011,1.);
#2011 = DIRECTION('',(0.384872165152,-0.922969889266,0.));
#2012 = ORIENTED_EDGE('',*,*,#2013,.T.);
#2013 = EDGE_CURVE('',#2006,#182,#2014,.T.);
#2014 = LINE('',#2015,#2016);
#2015 = CARTESIAN_POINT('',(192.22638768195,-116.3786170308,4.1));
#2016 = VECTOR('',#2017,1.);
#2017 = DIRECTION('',(-0.,-0.,-1.));
#2018 = ORIENTED_EDGE('',*,*,#189,.T.);
#2019 = ORIENTED_EDGE('',*,*,#1989,.F.);
#2020 = PLANE('',#2021);
#2021 = AXIS2_PLACEMENT_3D('',#2022,#2023,#2024);
#2022 = CARTESIAN_POINT('',(192.22638768195,-116.3786170308,4.1));
#2023 = DIRECTION('',(-0.922969889266,-0.384872165152,0.));
#2024 = DIRECTION('',(0.384872165152,-0.922969889266,0.));
#2025 = ADVANCED_FACE('',(#2026),#2044,.T.);
#2026 = FACE_BOUND('',#2027,.T.);
#2027 = EDGE_LOOP('',(#2028,#2036,#2042,#2043));
#2028 = ORIENTED_EDGE('',*,*,#2029,.F.);
#2029 = EDGE_CURVE('',#2030,#2006,#2032,.T.);
#2030 = VERTEX_POINT('',#2031);
#2031 = CARTESIAN_POINT('',(192.0772806919,-115.8990015515,2.7));
#2032 = LINE('',#2033,#2034);
#2033 = CARTESIAN_POINT('',(185.55920059965,-94.93303539338,2.7));
#2034 = VECTOR('',#2035,1.);
#2035 = DIRECTION('',(0.296872827264,-0.954917024894,0.));
#2036 = ORIENTED_EDGE('',*,*,#2037,.T.);
#2037 = EDGE_CURVE('',#2030,#174,#2038,.T.);
#2038 = LINE('',#2039,#2040);
#2039 = CARTESIAN_POINT('',(192.0772806919,-115.8990015515,4.1));
#2040 = VECTOR('',#2041,1.);
#2041 = DIRECTION('',(-0.,-0.,-1.));
#2042 = ORIENTED_EDGE('',*,*,#181,.T.);
#2043 = ORIENTED_EDGE('',*,*,#2013,.F.);
#2044 = PLANE('',#2045);
#2045 = AXIS2_PLACEMENT_3D('',#2046,#2047,#2048);
#2046 = CARTESIAN_POINT('',(192.0772806919,-115.8990015515,4.1));
#2047 = DIRECTION('',(-0.954917024894,-0.296872827264,0.));
#2048 = DIRECTION('',(0.296872827264,-0.954917024894,0.));
#2049 = ADVANCED_FACE('',(#2050),#2068,.T.);
#2050 = FACE_BOUND('',#2051,.T.);
#2051 = EDGE_LOOP('',(#2052,#2060,#2066,#2067));
#2052 = ORIENTED_EDGE('',*,*,#2053,.F.);
#2053 = EDGE_CURVE('',#2054,#2030,#2056,.T.);
#2054 = VERTEX_POINT('',#2055);
#2055 = CARTESIAN_POINT('',(191.9688750098,-115.3920610522,2.7));
#2056 = LINE('',#2057,#2058);
#2057 = CARTESIAN_POINT('',(187.98887387648,-96.78027131117,2.7));
#2058 = VECTOR('',#2059,1.);
#2059 = DIRECTION('',(0.209115159183,-0.977891021638,0.));
#2060 = ORIENTED_EDGE('',*,*,#2061,.T.);
#2061 = EDGE_CURVE('',#2054,#166,#2062,.T.);
#2062 = LINE('',#2063,#2064);
#2063 = CARTESIAN_POINT('',(191.9688750098,-115.3920610522,4.1));
#2064 = VECTOR('',#2065,1.);
#2065 = DIRECTION('',(-0.,-0.,-1.));
#2066 = ORIENTED_EDGE('',*,*,#173,.T.);
#2067 = ORIENTED_EDGE('',*,*,#2037,.F.);
#2068 = PLANE('',#2069);
#2069 = AXIS2_PLACEMENT_3D('',#2070,#2071,#2072);
#2070 = CARTESIAN_POINT('',(191.9688750098,-115.3920610522,4.1));
#2071 = DIRECTION('',(-0.977891021638,-0.209115159183,0.));
#2072 = DIRECTION('',(0.209115159183,-0.977891021638,0.));
#2073 = ADVANCED_FACE('',(#2074),#2092,.T.);
#2074 = FACE_BOUND('',#2075,.T.);
#2075 = EDGE_LOOP('',(#2076,#2084,#2090,#2091));
#2076 = ORIENTED_EDGE('',*,*,#2077,.F.);
#2077 = EDGE_CURVE('',#2078,#2054,#2080,.T.);
#2078 = VERTEX_POINT('',#2079);
#2079 = CARTESIAN_POINT('',(191.90278189882,-114.8589973169,2.7));
#2080 = LINE('',#2081,#2082);
#2081 = CARTESIAN_POINT('',(189.92770489787,-98.92932010844,2.7));
#2082 = VECTOR('',#2083,1.);
#2083 = DIRECTION('',(0.123045089089,-0.992401081242,0.));
#2084 = ORIENTED_EDGE('',*,*,#2085,.T.);
#2085 = EDGE_CURVE('',#2078,#158,#2086,.T.);
#2086 = LINE('',#2087,#2088);
#2087 = CARTESIAN_POINT('',(191.90278189882,-114.8589973169,4.1));
#2088 = VECTOR('',#2089,1.);
#2089 = DIRECTION('',(-0.,-0.,-1.));
#2090 = ORIENTED_EDGE('',*,*,#165,.T.);
#2091 = ORIENTED_EDGE('',*,*,#2061,.F.);
#2092 = PLANE('',#2093);
#2093 = AXIS2_PLACEMENT_3D('',#2094,#2095,#2096);
#2094 = CARTESIAN_POINT('',(191.90278189882,-114.8589973169,4.1));
#2095 = DIRECTION('',(-0.992401081242,-0.123045089089,0.));
#2096 = DIRECTION('',(0.123045089089,-0.992401081242,0.));
#2097 = ADVANCED_FACE('',(#2098),#2116,.T.);
#2098 = FACE_BOUND('',#2099,.T.);
#2099 = EDGE_LOOP('',(#2100,#2108,#2114,#2115));
#2100 = ORIENTED_EDGE('',*,*,#2101,.F.);
#2101 = EDGE_CURVE('',#2102,#2078,#2104,.T.);
#2102 = VERTEX_POINT('',#2103);
#2103 = CARTESIAN_POINT('',(191.88125,-114.3199647649,2.7));
#2104 = LINE('',#2105,#2106);
#2105 = CARTESIAN_POINT('',(191.35939835291,-101.255858001,2.7));
#2106 = VECTOR('',#2107,1.);
#2107 = DIRECTION('',(3.991362062869E-02,-0.999203133946,0.));
#2108 = ORIENTED_EDGE('',*,*,#2109,.T.);
#2109 = EDGE_CURVE('',#2102,#150,#2110,.T.);
#2110 = LINE('',#2111,#2112);
#2111 = CARTESIAN_POINT('',(191.88125,-114.3199647649,4.1));
#2112 = VECTOR('',#2113,1.);
#2113 = DIRECTION('',(-0.,-0.,-1.));
#2114 = ORIENTED_EDGE('',*,*,#157,.T.);
#2115 = ORIENTED_EDGE('',*,*,#2085,.F.);
#2116 = PLANE('',#2117);
#2117 = AXIS2_PLACEMENT_3D('',#2118,#2119,#2120);
#2118 = CARTESIAN_POINT('',(191.88125,-114.3199647649,4.1));
#2119 = DIRECTION('',(-0.999203133946,-3.991362062869E-02,0.));
#2120 = DIRECTION('',(3.991362062869E-02,-0.999203133946,0.));
#2121 = ADVANCED_FACE('',(#2122),#2140,.F.);
#2122 = FACE_BOUND('',#2123,.F.);
#2123 = EDGE_LOOP('',(#2124,#2132,#2133,#2134));
#2124 = ORIENTED_EDGE('',*,*,#2125,.F.);
#2125 = EDGE_CURVE('',#2102,#2126,#2128,.T.);
#2126 = VERTEX_POINT('',#2127);
#2127 = CARTESIAN_POINT('',(191.88125,-96.49999937039,2.7));
#2128 = LINE('',#2129,#2130);
#2129 = CARTESIAN_POINT('',(191.88125,-102.5747809174,2.7));
#2130 = VECTOR('',#2131,1.);
#2131 = DIRECTION('',(2.232910800981E-14,1.,0.));
#2132 = ORIENTED_EDGE('',*,*,#2109,.T.);
#2133 = ORIENTED_EDGE('',*,*,#149,.T.);
#2134 = ORIENTED_EDGE('',*,*,#2135,.F.);
#2135 = EDGE_CURVE('',#2126,#141,#2136,.T.);
#2136 = LINE('',#2137,#2138);
#2137 = CARTESIAN_POINT('',(191.88125,-96.49999937039,4.1));
#2138 = VECTOR('',#2139,1.);
#2139 = DIRECTION('',(-0.,-0.,-1.));
#2140 = PLANE('',#2141);
#2141 = AXIS2_PLACEMENT_3D('',#2142,#2143,#2144);
#2142 = CARTESIAN_POINT('',(191.88125,-114.3199647649,4.1));
#2143 = DIRECTION('',(1.,-2.232910800981E-14,0.));
#2144 = DIRECTION('',(2.232910800981E-14,1.,0.));
#2145 = ADVANCED_FACE('',(#2146),#2165,.F.);
#2146 = FACE_BOUND('',#2147,.F.);
#2147 = EDGE_LOOP('',(#2148,#2157,#2158,#2159));
#2148 = ORIENTED_EDGE('',*,*,#2149,.F.);
#2149 = EDGE_CURVE('',#2126,#2150,#2152,.T.);
#2150 = VERTEX_POINT('',#2151);
#2151 = CARTESIAN_POINT('',(190.5000016296,-95.118751,2.7));
#2152 = CIRCLE('',#2153,1.381248370398);
#2153 = AXIS2_PLACEMENT_3D('',#2154,#2155,#2156);
#2154 = CARTESIAN_POINT('',(190.5000016296,-96.49999937039,2.7));
#2155 = DIRECTION('',(0.,0.,1.));
#2156 = DIRECTION('',(1.,0.,0.));
#2157 = ORIENTED_EDGE('',*,*,#2135,.T.);
#2158 = ORIENTED_EDGE('',*,*,#140,.T.);
#2159 = ORIENTED_EDGE('',*,*,#2160,.F.);
#2160 = EDGE_CURVE('',#2150,#133,#2161,.T.);
#2161 = LINE('',#2162,#2163);
#2162 = CARTESIAN_POINT('',(190.5000016296,-95.118751,4.1));
#2163 = VECTOR('',#2164,1.);
#2164 = DIRECTION('',(-0.,-0.,-1.));
#2165 = CYLINDRICAL_SURFACE('',#2166,1.381248370398);
#2166 = AXIS2_PLACEMENT_3D('',#2167,#2168,#2169);
#2167 = CARTESIAN_POINT('',(190.5000016296,-96.49999937039,4.1));
#2168 = DIRECTION('',(0.,0.,1.));
#2169 = DIRECTION('',(1.,0.,0.));
#2170 = ADVANCED_FACE('',(#2171),#2189,.T.);
#2171 = FACE_BOUND('',#2172,.T.);
#2172 = EDGE_LOOP('',(#2173,#2181,#2187,#2188));
#2173 = ORIENTED_EDGE('',*,*,#2174,.F.);
#2174 = EDGE_CURVE('',#2175,#2150,#2177,.T.);
#2175 = VERTEX_POINT('',#2176);
#2176 = CARTESIAN_POINT('',(176.3562483704,-95.11875099999,2.7));
#2177 = LINE('',#2178,#2179);
#2178 = CARTESIAN_POINT('',(150.57879768378,-95.11875099999,2.7));
#2179 = VECTOR('',#2180,1.);
#2180 = DIRECTION('',(1.,-1.768349874351E-13,0.));
#2181 = ORIENTED_EDGE('',*,*,#2182,.T.);
#2182 = EDGE_CURVE('',#2175,#124,#2183,.T.);
#2183 = LINE('',#2184,#2185);
#2184 = CARTESIAN_POINT('',(176.3562483704,-95.11875099999,4.1));
#2185 = VECTOR('',#2186,1.);
#2186 = DIRECTION('',(-0.,-0.,-1.));
#2187 = ORIENTED_EDGE('',*,*,#132,.T.);
#2188 = ORIENTED_EDGE('',*,*,#2160,.F.);
#2189 = PLANE('',#2190);
#2190 = AXIS2_PLACEMENT_3D('',#2191,#2192,#2193);
#2191 = CARTESIAN_POINT('',(176.3562483704,-95.11875099999,4.1));
#2192 = DIRECTION('',(-1.768349874351E-13,-1.,0.));
#2193 = DIRECTION('',(1.,-1.768349874351E-13,0.));
#2194 = ADVANCED_FACE('',(#2195),#2214,.T.);
#2195 = FACE_BOUND('',#2196,.T.);
#2196 = EDGE_LOOP('',(#2197,#2206,#2212,#2213));
#2197 = ORIENTED_EDGE('',*,*,#2198,.F.);
#2198 = EDGE_CURVE('',#2199,#2175,#2201,.T.);
#2199 = VERTEX_POINT('',#2200);
#2200 = CARTESIAN_POINT('',(172.975,-91.7375026296,2.7));
#2201 = CIRCLE('',#2202,3.381248370398);
#2202 = AXIS2_PLACEMENT_3D('',#2203,#2204,#2205);
#2203 = CARTESIAN_POINT('',(176.3562483704,-91.73750262959,2.7));
#2204 = DIRECTION('',(0.,0.,1.));
#2205 = DIRECTION('',(1.,0.,0.));
#2206 = ORIENTED_EDGE('',*,*,#2207,.T.);
#2207 = EDGE_CURVE('',#2199,#116,#2208,.T.);
#2208 = LINE('',#2209,#2210);
#2209 = CARTESIAN_POINT('',(172.975,-91.7375026296,4.1));
#2210 = VECTOR('',#2211,1.);
#2211 = DIRECTION('',(-0.,-0.,-1.));
#2212 = ORIENTED_EDGE('',*,*,#123,.T.);
#2213 = ORIENTED_EDGE('',*,*,#2182,.F.);
#2214 = CYLINDRICAL_SURFACE('',#2215,3.381248370398);
#2215 = AXIS2_PLACEMENT_3D('',#2216,#2217,#2218);
#2216 = CARTESIAN_POINT('',(176.3562483704,-91.73750262959,4.1));
#2217 = DIRECTION('',(0.,0.,1.));
#2218 = DIRECTION('',(1.,0.,0.));
#2219 = ADVANCED_FACE('',(#2220),#2238,.F.);
#2220 = FACE_BOUND('',#2221,.F.);
#2221 = EDGE_LOOP('',(#2222,#2230,#2231,#2232));
#2222 = ORIENTED_EDGE('',*,*,#2223,.F.);
#2223 = EDGE_CURVE('',#2199,#2224,#2226,.T.);
#2224 = VERTEX_POINT('',#2225);
#2225 = CARTESIAN_POINT('',(172.975,-37.40254637039,2.7));
#2226 = LINE('',#2227,#2228);
#2227 = CARTESIAN_POINT('',(172.975,-91.28354984977,2.7));
#2228 = VECTOR('',#2229,1.);
#2229 = DIRECTION('',(-3.452349926368E-14,1.,0.));
#2230 = ORIENTED_EDGE('',*,*,#2207,.T.);
#2231 = ORIENTED_EDGE('',*,*,#115,.T.);
#2232 = ORIENTED_EDGE('',*,*,#2233,.F.);
#2233 = EDGE_CURVE('',#2224,#107,#2234,.T.);
#2234 = LINE('',#2235,#2236);
#2235 = CARTESIAN_POINT('',(172.975,-37.40254637039,4.1));
#2236 = VECTOR('',#2237,1.);
#2237 = DIRECTION('',(-0.,-0.,-1.));
#2238 = PLANE('',#2239);
#2239 = AXIS2_PLACEMENT_3D('',#2240,#2241,#2242);
#2240 = CARTESIAN_POINT('',(172.975,-91.7375026296,4.1));
#2241 = DIRECTION('',(1.,3.452349926368E-14,0.));
#2242 = DIRECTION('',(-3.452349926368E-14,1.,0.));
#2243 = ADVANCED_FACE('',(#2244),#2263,.F.);
#2244 = FACE_BOUND('',#2245,.F.);
#2245 = EDGE_LOOP('',(#2246,#2255,#2256,#2257));
#2246 = ORIENTED_EDGE('',*,*,#2247,.F.);
#2247 = EDGE_CURVE('',#2224,#2248,#2250,.T.);
#2248 = VERTEX_POINT('',#2249);
#2249 = CARTESIAN_POINT('',(171.5937516296,-36.021298,2.7));
#2250 = CIRCLE('',#2251,1.381248370398);
#2251 = AXIS2_PLACEMENT_3D('',#2252,#2253,#2254);
#2252 = CARTESIAN_POINT('',(171.5937516296,-37.40254637039,2.7));
#2253 = DIRECTION('',(0.,0.,1.));
#2254 = DIRECTION('',(1.,0.,0.));
#2255 = ORIENTED_EDGE('',*,*,#2233,.T.);
#2256 = ORIENTED_EDGE('',*,*,#106,.T.);
#2257 = ORIENTED_EDGE('',*,*,#2258,.F.);
#2258 = EDGE_CURVE('',#2248,#99,#2259,.T.);
#2259 = LINE('',#2260,#2261);
#2260 = CARTESIAN_POINT('',(171.5937516296,-36.021298,4.1));
#2261 = VECTOR('',#2262,1.);
#2262 = DIRECTION('',(-0.,-0.,-1.));
#2263 = CYLINDRICAL_SURFACE('',#2264,1.381248370398);
#2264 = AXIS2_PLACEMENT_3D('',#2265,#2266,#2267);
#2265 = CARTESIAN_POINT('',(171.5937516296,-37.40254637039,4.1));
#2266 = DIRECTION('',(0.,0.,1.));
#2267 = DIRECTION('',(1.,0.,0.));
#2268 = ADVANCED_FACE('',(#2269),#2287,.F.);
#2269 = FACE_BOUND('',#2270,.F.);
#2270 = EDGE_LOOP('',(#2271,#2279,#2280,#2281));
#2271 = ORIENTED_EDGE('',*,*,#2272,.F.);
#2272 = EDGE_CURVE('',#2248,#2273,#2275,.T.);
#2273 = VERTEX_POINT('',#2274);
#2274 = CARTESIAN_POINT('',(161.93925499999,-36.02129799999,2.7));
#2275 = LINE('',#2276,#2277);
#2276 = CARTESIAN_POINT('',(148.19754931339,-36.02129799999,2.7));
#2277 = VECTOR('',#2278,1.);
#2278 = DIRECTION('',(-1.,1.000974763548E-13,0.));
#2279 = ORIENTED_EDGE('',*,*,#2258,.T.);
#2280 = ORIENTED_EDGE('',*,*,#98,.T.);
#2281 = ORIENTED_EDGE('',*,*,#2282,.F.);
#2282 = EDGE_CURVE('',#2273,#91,#2283,.T.);
#2283 = LINE('',#2284,#2285);
#2284 = CARTESIAN_POINT('',(161.93925499999,-36.02129799999,3.399095));
#2285 = VECTOR('',#2286,1.);
#2286 = DIRECTION('',(-1.130495510247E-29,-2.22044604925E-16,-1.));
#2287 = PLANE('',#2288);
#2288 = AXIS2_PLACEMENT_3D('',#2289,#2290,#2291);
#2289 = CARTESIAN_POINT('',(171.5937516296,-36.021298,4.1));
#2290 = DIRECTION('',(1.000974763548E-13,1.,0.));
#2291 = DIRECTION('',(-1.,1.000974763548E-13,0.));
#2292 = ADVANCED_FACE('',(#2293),#2312,.F.);
#2293 = FACE_BOUND('',#2294,.F.);
#2294 = EDGE_LOOP('',(#2295,#2296,#2304,#2310,#2311));
#2295 = ORIENTED_EDGE('',*,*,#1354,.F.);
#2296 = ORIENTED_EDGE('',*,*,#2297,.T.);
#2297 = EDGE_CURVE('',#1355,#2298,#2300,.T.);
#2298 = VERTEX_POINT('',#2299);
#2299 = CARTESIAN_POINT('',(161.93925499999,-36.02129799999,3.399095));
#2300 = LINE('',#2301,#2302);
#2301 = CARTESIAN_POINT('',(161.93925499999,-35.02129799999,3.399095));
#2302 = VECTOR('',#2303,1.);
#2303 = DIRECTION('',(-9.908916924758E-14,-1.,2.22044604925E-16));
#2304 = ORIENTED_EDGE('',*,*,#2305,.T.);
#2305 = EDGE_CURVE('',#2298,#2273,#2306,.T.);
#2306 = LINE('',#2307,#2308);
#2307 = CARTESIAN_POINT('',(161.93925499999,-36.02129799999,3.399095));
#2308 = VECTOR('',#2309,1.);
#2309 = DIRECTION('',(-1.130495510247E-29,-2.22044604925E-16,-1.));
#2310 = ORIENTED_EDGE('',*,*,#2282,.T.);
#2311 = ORIENTED_EDGE('',*,*,#90,.T.);
#2312 = PLANE('',#2313);
#2313 = AXIS2_PLACEMENT_3D('',#2314,#2315,#2316);
#2314 = CARTESIAN_POINT('',(161.93925499999,-35.02129799999,3.399095));
#2315 = DIRECTION('',(1.,-9.908916924758E-14,1.069726033546E-29));
#2316 = DIRECTION('',(-1.130495510247E-29,-2.22044604925E-16,-1.));
#2317 = ADVANCED_FACE('',(#2318),#2337,.T.);
#2318 = FACE_BOUND('',#2319,.T.);
#2319 = EDGE_LOOP('',(#2320,#2328,#2329,#2330));
#2320 = ORIENTED_EDGE('',*,*,#2321,.T.);
#2321 = EDGE_CURVE('',#2322,#66,#2324,.T.);
#2322 = VERTEX_POINT('',#2323);
#2323 = CARTESIAN_POINT('',(173.97499999999,-37.40254637039,4.1));
#2324 = LINE('',#2325,#2326);
#2325 = CARTESIAN_POINT('',(173.97499999999,-37.40254637039,4.1));
#2326 = VECTOR('',#2327,1.);
#2327 = DIRECTION('',(-0.,-0.,-1.));
#2328 = ORIENTED_EDGE('',*,*,#73,.T.);
#2329 = ORIENTED_EDGE('',*,*,#1347,.F.);
#2330 = ORIENTED_EDGE('',*,*,#2331,.F.);
#2331 = EDGE_CURVE('',#2322,#1340,#2332,.T.);
#2332 = CIRCLE('',#2333,2.381248370398);
#2333 = AXIS2_PLACEMENT_3D('',#2334,#2335,#2336);
#2334 = CARTESIAN_POINT('',(171.5937516296,-37.40254637039,4.1));
#2335 = DIRECTION('',(0.,0.,1.));
#2336 = DIRECTION('',(1.,0.,0.));
#2337 = CYLINDRICAL_SURFACE('',#2338,2.381248370398);
#2338 = AXIS2_PLACEMENT_3D('',#2339,#2340,#2341);
#2339 = CARTESIAN_POINT('',(171.5937516296,-37.40254637039,4.1));
#2340 = DIRECTION('',(0.,0.,1.));
#2341 = DIRECTION('',(1.,0.,0.));
#2342 = ADVANCED_FACE('',(#2343),#2361,.T.);
#2343 = FACE_BOUND('',#2344,.T.);
#2344 = EDGE_LOOP('',(#2345,#2353,#2359,#2360));
#2345 = ORIENTED_EDGE('',*,*,#2346,.F.);
#2346 = EDGE_CURVE('',#2347,#2322,#2349,.T.);
#2347 = VERTEX_POINT('',#2348);
#2348 = CARTESIAN_POINT('',(173.975,-91.73750262959,4.1));
#2349 = LINE('',#2350,#2351);
#2350 = CARTESIAN_POINT('',(173.975,-91.73750262959,4.1));
#2351 = VECTOR('',#2352,1.);
#2352 = DIRECTION('',(-2.197168075712E-13,1.,0.));
#2353 = ORIENTED_EDGE('',*,*,#2354,.T.);
#2354 = EDGE_CURVE('',#2347,#57,#2355,.T.);
#2355 = LINE('',#2356,#2357);
#2356 = CARTESIAN_POINT('',(173.975,-91.73750262959,4.1));
#2357 = VECTOR('',#2358,1.);
#2358 = DIRECTION('',(-0.,-0.,-1.));
#2359 = ORIENTED_EDGE('',*,*,#65,.T.);
#2360 = ORIENTED_EDGE('',*,*,#2321,.F.);
#2361 = PLANE('',#2362);
#2362 = AXIS2_PLACEMENT_3D('',#2363,#2364,#2365);
#2363 = CARTESIAN_POINT('',(173.97499999999,-64.57002449999,2.85));
#2364 = DIRECTION('',(1.,2.133417852291E-13,-2.22928853507E-14));
#2365 = DIRECTION('',(-2.133417852291E-13,1.,0.));
#2366 = ADVANCED_FACE('',(#2367),#2386,.F.);
#2367 = FACE_BOUND('',#2368,.F.);
#2368 = EDGE_LOOP('',(#2369,#2370,#2378,#2385));
#2369 = ORIENTED_EDGE('',*,*,#56,.T.);
#2370 = ORIENTED_EDGE('',*,*,#2371,.F.);
#2371 = EDGE_CURVE('',#2372,#49,#2374,.T.);
#2372 = VERTEX_POINT('',#2373);
#2373 = CARTESIAN_POINT('',(176.3562483704,-94.11875099999,4.1));
#2374 = LINE('',#2375,#2376);
#2375 = CARTESIAN_POINT('',(176.3562483704,-94.11875099999,4.1));
#2376 = VECTOR('',#2377,1.);
#2377 = DIRECTION('',(-0.,-0.,-1.));
#2378 = ORIENTED_EDGE('',*,*,#2379,.F.);
#2379 = EDGE_CURVE('',#2347,#2372,#2380,.T.);
#2380 = CIRCLE('',#2381,2.381248370398);
#2381 = AXIS2_PLACEMENT_3D('',#2382,#2383,#2384);
#2382 = CARTESIAN_POINT('',(176.3562483704,-91.73750262959,4.1));
#2383 = DIRECTION('',(0.,0.,1.));
#2384 = DIRECTION('',(1.,0.,0.));
#2385 = ORIENTED_EDGE('',*,*,#2354,.T.);
#2386 = CYLINDRICAL_SURFACE('',#2387,2.381248370398);
#2387 = AXIS2_PLACEMENT_3D('',#2388,#2389,#2390);
#2388 = CARTESIAN_POINT('',(176.3562483704,-91.73750262959,4.1));
#2389 = DIRECTION('',(0.,0.,1.));
#2390 = DIRECTION('',(1.,0.,0.));
#2391 = ADVANCED_FACE('',(#2392),#2410,.T.);
#2392 = FACE_BOUND('',#2393,.T.);
#2393 = EDGE_LOOP('',(#2394,#2402,#2408,#2409));
#2394 = ORIENTED_EDGE('',*,*,#2395,.T.);
#2395 = EDGE_CURVE('',#2372,#2396,#2398,.T.);
#2396 = VERTEX_POINT('',#2397);
#2397 = CARTESIAN_POINT('',(190.5000016296,-94.118751,4.1));
#2398 = LINE('',#2399,#2400);
#2399 = CARTESIAN_POINT('',(176.3562483704,-94.118751,4.1));
#2400 = VECTOR('',#2401,1.);
#2401 = DIRECTION('',(1.,0.,0.));
#2402 = ORIENTED_EDGE('',*,*,#2403,.T.);
#2403 = EDGE_CURVE('',#2396,#40,#2404,.T.);
#2404 = LINE('',#2405,#2406);
#2405 = CARTESIAN_POINT('',(190.5000016296,-94.118751,4.1));
#2406 = VECTOR('',#2407,1.);
#2407 = DIRECTION('',(-0.,-0.,-1.));
#2408 = ORIENTED_EDGE('',*,*,#48,.F.);
#2409 = ORIENTED_EDGE('',*,*,#2371,.F.);
#2410 = PLANE('',#2411);
#2411 = AXIS2_PLACEMENT_3D('',#2412,#2413,#2414);
#2412 = CARTESIAN_POINT('',(183.428125,-94.118751,2.85));
#2413 = DIRECTION('',(1.32808826742E-14,1.,0.));
#2414 = DIRECTION('',(1.,-1.32808826742E-14,0.));
#2415 = ADVANCED_FACE('',(#2416),#2435,.T.);
#2416 = FACE_BOUND('',#2417,.T.);
#2417 = EDGE_LOOP('',(#2418,#2426,#2427,#2428));
#2418 = ORIENTED_EDGE('',*,*,#2419,.T.);
#2419 = EDGE_CURVE('',#2420,#32,#2422,.T.);
#2420 = VERTEX_POINT('',#2421);
#2421 = CARTESIAN_POINT('',(192.88125,-96.49999937039,4.1));
#2422 = LINE('',#2423,#2424);
#2423 = CARTESIAN_POINT('',(192.88125,-96.49999937039,4.1));
#2424 = VECTOR('',#2425,1.);
#2425 = DIRECTION('',(-0.,-0.,-1.));
#2426 = ORIENTED_EDGE('',*,*,#39,.T.);
#2427 = ORIENTED_EDGE('',*,*,#2403,.F.);
#2428 = ORIENTED_EDGE('',*,*,#2429,.F.);
#2429 = EDGE_CURVE('',#2420,#2396,#2430,.T.);
#2430 = CIRCLE('',#2431,2.381248370398);
#2431 = AXIS2_PLACEMENT_3D('',#2432,#2433,#2434);
#2432 = CARTESIAN_POINT('',(190.5000016296,-96.49999937039,4.1));
#2433 = DIRECTION('',(0.,0.,1.));
#2434 = DIRECTION('',(1.,0.,0.));
#2435 = CYLINDRICAL_SURFACE('',#2436,2.381248370398);
#2436 = AXIS2_PLACEMENT_3D('',#2437,#2438,#2439);
#2437 = CARTESIAN_POINT('',(190.5000016296,-96.49999937039,4.1));
#2438 = DIRECTION('',(0.,0.,1.));
#2439 = DIRECTION('',(1.,0.,0.));
#2440 = ADVANCED_FACE('',(#2441),#2452,.T.);
#2441 = FACE_BOUND('',#2442,.T.);
#2442 = EDGE_LOOP('',(#2443,#2444,#2445,#2446));
#2443 = ORIENTED_EDGE('',*,*,#666,.T.);
#2444 = ORIENTED_EDGE('',*,*,#31,.T.);
#2445 = ORIENTED_EDGE('',*,*,#2419,.F.);
#2446 = ORIENTED_EDGE('',*,*,#2447,.F.);
#2447 = EDGE_CURVE('',#650,#2420,#2448,.T.);
#2448 = LINE('',#2449,#2450);
#2449 = CARTESIAN_POINT('',(192.88125,-114.3,4.1));
#2450 = VECTOR('',#2451,1.);
#2451 = DIRECTION('',(2.23541526939E-14,1.,0.));
#2452 = PLANE('',#2453);
#2453 = AXIS2_PLACEMENT_3D('',#2454,#2455,#2456);
#2454 = CARTESIAN_POINT('',(192.88125,-105.3999996851,2.85));
#2455 = DIRECTION('',(1.,-2.23541526939E-14,0.));
#2456 = DIRECTION('',(2.23541526939E-14,1.,0.));
#2457 = ADVANCED_FACE('',(#2458,#2495,#2529,#2563,#2597,#2631,#2665,
    #2699,#2733,#2767,#2801,#2835,#2869,#2903,#2937,#2971,#3005,#3039,
    #3073,#3107,#3141,#3175,#3209,#3243,#3277,#3311,#3345,#3379,#3413,
    #3447,#3481,#3515,#3526,#3537,#3548,#3559),#3570,.T.);
#2458 = FACE_BOUND('',#2459,.T.);
#2459 = EDGE_LOOP('',(#2460,#2461,#2462,#2463,#2464,#2465,#2466,#2467,
    #2468,#2469,#2470,#2471,#2472,#2473,#2474,#2475,#2476,#2477,#2478,
    #2479,#2480,#2481,#2482,#2483,#2484,#2485,#2486,#2487,#2488,#2489,
    #2490,#2491,#2492,#2493,#2494));
#2460 = ORIENTED_EDGE('',*,*,#649,.F.);
#2461 = ORIENTED_EDGE('',*,*,#2447,.T.);
#2462 = ORIENTED_EDGE('',*,*,#2429,.T.);
#2463 = ORIENTED_EDGE('',*,*,#2395,.F.);
#2464 = ORIENTED_EDGE('',*,*,#2379,.F.);
#2465 = ORIENTED_EDGE('',*,*,#2346,.T.);
#2466 = ORIENTED_EDGE('',*,*,#2331,.T.);
#2467 = ORIENTED_EDGE('',*,*,#1339,.T.);
#2468 = ORIENTED_EDGE('',*,*,#1323,.F.);
#2469 = ORIENTED_EDGE('',*,*,#1290,.F.);
#2470 = ORIENTED_EDGE('',*,*,#1274,.F.);
#2471 = ORIENTED_EDGE('',*,*,#1241,.F.);
#2472 = ORIENTED_EDGE('',*,*,#1225,.F.);
#2473 = ORIENTED_EDGE('',*,*,#1192,.F.);
#2474 = ORIENTED_EDGE('',*,*,#1176,.F.);
#2475 = ORIENTED_EDGE('',*,*,#1143,.F.);
#2476 = ORIENTED_EDGE('',*,*,#1127,.F.);
#2477 = ORIENTED_EDGE('',*,*,#1094,.F.);
#2478 = ORIENTED_EDGE('',*,*,#1078,.F.);
#2479 = ORIENTED_EDGE('',*,*,#1053,.F.);
#2480 = ORIENTED_EDGE('',*,*,#1028,.F.);
#2481 = ORIENTED_EDGE('',*,*,#1003,.F.);
#2482 = ORIENTED_EDGE('',*,*,#978,.F.);
#2483 = ORIENTED_EDGE('',*,*,#945,.F.);
#2484 = ORIENTED_EDGE('',*,*,#929,.F.);
#2485 = ORIENTED_EDGE('',*,*,#897,.F.);
#2486 = ORIENTED_EDGE('',*,*,#873,.F.);
#2487 = ORIENTED_EDGE('',*,*,#849,.F.);
#2488 = ORIENTED_EDGE('',*,*,#825,.F.);
#2489 = ORIENTED_EDGE('',*,*,#801,.F.);
#2490 = ORIENTED_EDGE('',*,*,#777,.F.);
#2491 = ORIENTED_EDGE('',*,*,#753,.F.);
#2492 = ORIENTED_EDGE('',*,*,#729,.F.);
#2493 = ORIENTED_EDGE('',*,*,#705,.F.);
#2494 = ORIENTED_EDGE('',*,*,#681,.F.);
#2495 = FACE_BOUND('',#2496,.T.);
#2496 = EDGE_LOOP('',(#2497,#2507,#2515,#2523));
#2497 = ORIENTED_EDGE('',*,*,#2498,.T.);
#2498 = EDGE_CURVE('',#2499,#2501,#2503,.T.);
#2499 = VERTEX_POINT('',#2500);
#2500 = CARTESIAN_POINT('',(170.560881,-148.119407,4.1));
#2501 = VERTEX_POINT('',#2502);
#2502 = CARTESIAN_POINT('',(177.560881,-135.995051,4.1));
#2503 = LINE('',#2504,#2505);
#2504 = CARTESIAN_POINT('',(170.560881,-148.119407,4.1));
#2505 = VECTOR('',#2506,1.);
#2506 = DIRECTION('',(0.499999989267,0.866025409981,0.));
#2507 = ORIENTED_EDGE('',*,*,#2508,.T.);
#2508 = EDGE_CURVE('',#2501,#2509,#2511,.T.);
#2509 = VERTEX_POINT('',#2510);
#2510 = CARTESIAN_POINT('',(189.685237,-142.995051,4.1));
#2511 = LINE('',#2512,#2513);
#2512 = CARTESIAN_POINT('',(177.560881,-135.995051,4.1));
#2513 = VECTOR('',#2514,1.);
#2514 = DIRECTION('',(0.866025409981,-0.499999989267,0.));
#2515 = ORIENTED_EDGE('',*,*,#2516,.T.);
#2516 = EDGE_CURVE('',#2509,#2517,#2519,.T.);
#2517 = VERTEX_POINT('',#2518);
#2518 = CARTESIAN_POINT('',(182.685237,-155.119407,4.1));
#2519 = LINE('',#2520,#2521);
#2520 = CARTESIAN_POINT('',(189.685237,-142.995051,4.1));
#2521 = VECTOR('',#2522,1.);
#2522 = DIRECTION('',(-0.499999989267,-0.866025409981,0.));
#2523 = ORIENTED_EDGE('',*,*,#2524,.T.);
#2524 = EDGE_CURVE('',#2517,#2499,#2525,.T.);
#2525 = LINE('',#2526,#2527);
#2526 = CARTESIAN_POINT('',(182.685237,-155.119407,4.1));
#2527 = VECTOR('',#2528,1.);
#2528 = DIRECTION('',(-0.866025409981,0.499999989267,0.));
#2529 = FACE_BOUND('',#2530,.T.);
#2530 = EDGE_LOOP('',(#2531,#2541,#2549,#2557));
#2531 = ORIENTED_EDGE('',*,*,#2532,.T.);
#2532 = EDGE_CURVE('',#2533,#2535,#2537,.T.);
#2533 = VERTEX_POINT('',#2534);
#2534 = CARTESIAN_POINT('',(180.076875,-131.625162,4.1));
#2535 = VERTEX_POINT('',#2536);
#2536 = CARTESIAN_POINT('',(187.076875,-119.500806,4.1));
#2537 = LINE('',#2538,#2539);
#2538 = CARTESIAN_POINT('',(180.076875,-131.625162,4.1));
#2539 = VECTOR('',#2540,1.);
#2540 = DIRECTION('',(0.499999989267,0.866025409981,0.));
#2541 = ORIENTED_EDGE('',*,*,#2542,.T.);
#2542 = EDGE_CURVE('',#2535,#2543,#2545,.T.);
#2543 = VERTEX_POINT('',#2544);
#2544 = CARTESIAN_POINT('',(199.201231,-126.500806,4.1));
#2545 = LINE('',#2546,#2547);
#2546 = CARTESIAN_POINT('',(187.076875,-119.500806,4.1));
#2547 = VECTOR('',#2548,1.);
#2548 = DIRECTION('',(0.866025409981,-0.499999989267,0.));
#2549 = ORIENTED_EDGE('',*,*,#2550,.T.);
#2550 = EDGE_CURVE('',#2543,#2551,#2553,.T.);
#2551 = VERTEX_POINT('',#2552);
#2552 = CARTESIAN_POINT('',(192.201231,-138.625162,4.1));
#2553 = LINE('',#2554,#2555);
#2554 = CARTESIAN_POINT('',(199.201231,-126.500806,4.1));
#2555 = VECTOR('',#2556,1.);
#2556 = DIRECTION('',(-0.499999989267,-0.866025409981,0.));
#2557 = ORIENTED_EDGE('',*,*,#2558,.T.);
#2558 = EDGE_CURVE('',#2551,#2533,#2559,.T.);
#2559 = LINE('',#2560,#2561);
#2560 = CARTESIAN_POINT('',(192.201231,-138.625162,4.1));
#2561 = VECTOR('',#2562,1.);
#2562 = DIRECTION('',(-0.866025409981,0.499999989267,0.));
#2563 = FACE_BOUND('',#2564,.T.);
#2564 = EDGE_LOOP('',(#2565,#2575,#2583,#2591));
#2565 = ORIENTED_EDGE('',*,*,#2566,.T.);
#2566 = EDGE_CURVE('',#2567,#2569,#2571,.T.);
#2567 = VERTEX_POINT('',#2568);
#2568 = CARTESIAN_POINT('',(152.431118,-140.995453,4.1));
#2569 = VERTEX_POINT('',#2570);
#2570 = CARTESIAN_POINT('',(157.2194,-127.839757,4.1));
#2571 = LINE('',#2572,#2573);
#2572 = CARTESIAN_POINT('',(152.431118,-140.995453,4.1));
#2573 = VECTOR('',#2574,1.);
#2574 = DIRECTION('',(0.342020158775,0.939692615163,0.));
#2575 = ORIENTED_EDGE('',*,*,#2576,.T.);
#2576 = EDGE_CURVE('',#2569,#2577,#2579,.T.);
#2577 = VERTEX_POINT('',#2578);
#2578 = CARTESIAN_POINT('',(170.375096,-132.628039,4.1));
#2579 = LINE('',#2580,#2581);
#2580 = CARTESIAN_POINT('',(157.2194,-127.839757,4.1));
#2581 = VECTOR('',#2582,1.);
#2582 = DIRECTION('',(0.939692615163,-0.342020158775,0.));
#2583 = ORIENTED_EDGE('',*,*,#2584,.T.);
#2584 = EDGE_CURVE('',#2577,#2585,#2587,.T.);
#2585 = VERTEX_POINT('',#2586);
#2586 = CARTESIAN_POINT('',(165.586814,-145.783735,4.1));
#2587 = LINE('',#2588,#2589);
#2588 = CARTESIAN_POINT('',(170.375096,-132.628039,4.1));
#2589 = VECTOR('',#2590,1.);
#2590 = DIRECTION('',(-0.342020158775,-0.939692615163,0.));
#2591 = ORIENTED_EDGE('',*,*,#2592,.T.);
#2592 = EDGE_CURVE('',#2585,#2567,#2593,.T.);
#2593 = LINE('',#2594,#2595);
#2594 = CARTESIAN_POINT('',(165.586814,-145.783735,4.1));
#2595 = VECTOR('',#2596,1.);
#2596 = DIRECTION('',(-0.939692615163,0.342020158775,0.));
#2597 = FACE_BOUND('',#2598,.T.);
#2598 = EDGE_LOOP('',(#2599,#2609,#2617,#2625));
#2599 = ORIENTED_EDGE('',*,*,#2600,.T.);
#2600 = EDGE_CURVE('',#2601,#2603,#2605,.T.);
#2601 = VERTEX_POINT('',#2602);
#2602 = CARTESIAN_POINT('',(132.910297,-138.522648,4.1));
#2603 = VERTEX_POINT('',#2604);
#2604 = CARTESIAN_POINT('',(134.130477,-124.575922,4.1));
#2605 = LINE('',#2606,#2607);
#2606 = CARTESIAN_POINT('',(132.910297,-138.522648,4.1));
#2607 = VECTOR('',#2608,1.);
#2608 = DIRECTION('',(8.715571309589E-02,0.996194700686,0.));
#2609 = ORIENTED_EDGE('',*,*,#2610,.T.);
#2610 = EDGE_CURVE('',#2603,#2611,#2613,.T.);
#2611 = VERTEX_POINT('',#2612);
#2612 = CARTESIAN_POINT('',(148.077203,-125.796102,4.1));
#2613 = LINE('',#2614,#2615);
#2614 = CARTESIAN_POINT('',(134.130477,-124.575922,4.1));
#2615 = VECTOR('',#2616,1.);
#2616 = DIRECTION('',(0.996194700686,-8.715571309589E-02,0.));
#2617 = ORIENTED_EDGE('',*,*,#2618,.T.);
#2618 = EDGE_CURVE('',#2611,#2619,#2621,.T.);
#2619 = VERTEX_POINT('',#2620);
#2620 = CARTESIAN_POINT('',(146.857023,-139.742828,4.1));
#2621 = LINE('',#2622,#2623);
#2622 = CARTESIAN_POINT('',(148.077203,-125.796102,4.1));
#2623 = VECTOR('',#2624,1.);
#2624 = DIRECTION('',(-8.715571309589E-02,-0.996194700686,0.));
#2625 = ORIENTED_EDGE('',*,*,#2626,.T.);
#2626 = EDGE_CURVE('',#2619,#2601,#2627,.T.);
#2627 = LINE('',#2628,#2629);
#2628 = CARTESIAN_POINT('',(146.857023,-139.742828,4.1));
#2629 = VECTOR('',#2630,1.);
#2630 = DIRECTION('',(-0.996194700686,8.715571309589E-02,0.));
#2631 = FACE_BOUND('',#2632,.T.);
#2632 = EDGE_LOOP('',(#2633,#2643,#2651,#2659));
#2633 = ORIENTED_EDGE('',*,*,#2634,.F.);
#2634 = EDGE_CURVE('',#2635,#2637,#2639,.T.);
#2635 = VERTEX_POINT('',#2636);
#2636 = CARTESIAN_POINT('',(78.725,-50.353125,4.1));
#2637 = VERTEX_POINT('',#2638);
#2638 = CARTESIAN_POINT('',(78.725,-64.353125,4.1));
#2639 = LINE('',#2640,#2641);
#2640 = CARTESIAN_POINT('',(78.725,-50.353125,4.1));
#2641 = VECTOR('',#2642,1.);
#2642 = DIRECTION('',(0.,-1.,0.));
#2643 = ORIENTED_EDGE('',*,*,#2644,.F.);
#2644 = EDGE_CURVE('',#2645,#2635,#2647,.T.);
#2645 = VERTEX_POINT('',#2646);
#2646 = CARTESIAN_POINT('',(92.725,-50.353125,4.1));
#2647 = LINE('',#2648,#2649);
#2648 = CARTESIAN_POINT('',(92.725,-50.353125,4.1));
#2649 = VECTOR('',#2650,1.);
#2650 = DIRECTION('',(-1.,0.,0.));
#2651 = ORIENTED_EDGE('',*,*,#2652,.F.);
#2652 = EDGE_CURVE('',#2653,#2645,#2655,.T.);
#2653 = VERTEX_POINT('',#2654);
#2654 = CARTESIAN_POINT('',(92.725,-64.353125,4.1));
#2655 = LINE('',#2656,#2657);
#2656 = CARTESIAN_POINT('',(92.725,-64.353125,4.1));
#2657 = VECTOR('',#2658,1.);
#2658 = DIRECTION('',(0.,1.,0.));
#2659 = ORIENTED_EDGE('',*,*,#2660,.F.);
#2660 = EDGE_CURVE('',#2637,#2653,#2661,.T.);
#2661 = LINE('',#2662,#2663);
#2662 = CARTESIAN_POINT('',(78.725,-64.353125,4.1));
#2663 = VECTOR('',#2664,1.);
#2664 = DIRECTION('',(1.,0.,0.));
#2665 = FACE_BOUND('',#2666,.T.);
#2666 = EDGE_LOOP('',(#2667,#2677,#2685,#2693));
#2667 = ORIENTED_EDGE('',*,*,#2668,.F.);
#2668 = EDGE_CURVE('',#2669,#2671,#2673,.T.);
#2669 = VERTEX_POINT('',#2670);
#2670 = CARTESIAN_POINT('',(154.925,-69.2,4.1));
#2671 = VERTEX_POINT('',#2672);
#2672 = CARTESIAN_POINT('',(154.925,-83.2,4.1));
#2673 = LINE('',#2674,#2675);
#2674 = CARTESIAN_POINT('',(154.925,-69.2,4.1));
#2675 = VECTOR('',#2676,1.);
#2676 = DIRECTION('',(0.,-1.,0.));
#2677 = ORIENTED_EDGE('',*,*,#2678,.F.);
#2678 = EDGE_CURVE('',#2679,#2669,#2681,.T.);
#2679 = VERTEX_POINT('',#2680);
#2680 = CARTESIAN_POINT('',(168.925,-69.2,4.1));
#2681 = LINE('',#2682,#2683);
#2682 = CARTESIAN_POINT('',(168.925,-69.2,4.1));
#2683 = VECTOR('',#2684,1.);
#2684 = DIRECTION('',(-1.,0.,0.));
#2685 = ORIENTED_EDGE('',*,*,#2686,.F.);
#2686 = EDGE_CURVE('',#2687,#2679,#2689,.T.);
#2687 = VERTEX_POINT('',#2688);
#2688 = CARTESIAN_POINT('',(168.925,-83.2,4.1));
#2689 = LINE('',#2690,#2691);
#2690 = CARTESIAN_POINT('',(168.925,-83.2,4.1));
#2691 = VECTOR('',#2692,1.);
#2692 = DIRECTION('',(0.,1.,0.));
#2693 = ORIENTED_EDGE('',*,*,#2694,.F.);
#2694 = EDGE_CURVE('',#2671,#2687,#2695,.T.);
#2695 = LINE('',#2696,#2697);
#2696 = CARTESIAN_POINT('',(154.925,-83.2,4.1));
#2697 = VECTOR('',#2698,1.);
#2698 = DIRECTION('',(1.,0.,0.));
#2699 = FACE_BOUND('',#2700,.T.);
#2700 = EDGE_LOOP('',(#2701,#2711,#2719,#2727));
#2701 = ORIENTED_EDGE('',*,*,#2702,.F.);
#2702 = EDGE_CURVE('',#2703,#2705,#2707,.T.);
#2703 = VERTEX_POINT('',#2704);
#2704 = CARTESIAN_POINT('',(135.875,-46.578125,4.1));
#2705 = VERTEX_POINT('',#2706);
#2706 = CARTESIAN_POINT('',(135.875,-60.578125,4.1));
#2707 = LINE('',#2708,#2709);
#2708 = CARTESIAN_POINT('',(135.875,-46.578125,4.1));
#2709 = VECTOR('',#2710,1.);
#2710 = DIRECTION('',(0.,-1.,0.));
#2711 = ORIENTED_EDGE('',*,*,#2712,.F.);
#2712 = EDGE_CURVE('',#2713,#2703,#2715,.T.);
#2713 = VERTEX_POINT('',#2714);
#2714 = CARTESIAN_POINT('',(149.875,-46.578125,4.1));
#2715 = LINE('',#2716,#2717);
#2716 = CARTESIAN_POINT('',(149.875,-46.578125,4.1));
#2717 = VECTOR('',#2718,1.);
#2718 = DIRECTION('',(-1.,0.,0.));
#2719 = ORIENTED_EDGE('',*,*,#2720,.F.);
#2720 = EDGE_CURVE('',#2721,#2713,#2723,.T.);
#2721 = VERTEX_POINT('',#2722);
#2722 = CARTESIAN_POINT('',(149.875,-60.578125,4.1));
#2723 = LINE('',#2724,#2725);
#2724 = CARTESIAN_POINT('',(149.875,-60.578125,4.1));
#2725 = VECTOR('',#2726,1.);
#2726 = DIRECTION('',(0.,1.,0.));
#2727 = ORIENTED_EDGE('',*,*,#2728,.F.);
#2728 = EDGE_CURVE('',#2705,#2721,#2729,.T.);
#2729 = LINE('',#2730,#2731);
#2730 = CARTESIAN_POINT('',(135.875,-60.578125,4.1));
#2731 = VECTOR('',#2732,1.);
#2732 = DIRECTION('',(1.,0.,0.));
#2733 = FACE_BOUND('',#2734,.T.);
#2734 = EDGE_LOOP('',(#2735,#2745,#2753,#2761));
#2735 = ORIENTED_EDGE('',*,*,#2736,.F.);
#2736 = EDGE_CURVE('',#2737,#2739,#2741,.T.);
#2737 = VERTEX_POINT('',#2738);
#2738 = CARTESIAN_POINT('',(97.775,-100.473752,4.1));
#2739 = VERTEX_POINT('',#2740);
#2740 = CARTESIAN_POINT('',(97.775,-114.473752,4.1));
#2741 = LINE('',#2742,#2743);
#2742 = CARTESIAN_POINT('',(97.775,-100.473752,4.1));
#2743 = VECTOR('',#2744,1.);
#2744 = DIRECTION('',(0.,-1.,0.));
#2745 = ORIENTED_EDGE('',*,*,#2746,.F.);
#2746 = EDGE_CURVE('',#2747,#2737,#2749,.T.);
#2747 = VERTEX_POINT('',#2748);
#2748 = CARTESIAN_POINT('',(111.775,-100.473752,4.1));
#2749 = LINE('',#2750,#2751);
#2750 = CARTESIAN_POINT('',(111.775,-100.473752,4.1));
#2751 = VECTOR('',#2752,1.);
#2752 = DIRECTION('',(-1.,0.,0.));
#2753 = ORIENTED_EDGE('',*,*,#2754,.F.);
#2754 = EDGE_CURVE('',#2755,#2747,#2757,.T.);
#2755 = VERTEX_POINT('',#2756);
#2756 = CARTESIAN_POINT('',(111.775,-114.473752,4.1));
#2757 = LINE('',#2758,#2759);
#2758 = CARTESIAN_POINT('',(111.775,-114.473752,4.1));
#2759 = VECTOR('',#2760,1.);
#2760 = DIRECTION('',(0.,1.,0.));
#2761 = ORIENTED_EDGE('',*,*,#2762,.F.);
#2762 = EDGE_CURVE('',#2739,#2755,#2763,.T.);
#2763 = LINE('',#2764,#2765);
#2764 = CARTESIAN_POINT('',(97.775,-114.473752,4.1));
#2765 = VECTOR('',#2766,1.);
#2766 = DIRECTION('',(1.,0.,0.));
#2767 = FACE_BOUND('',#2768,.T.);
#2768 = EDGE_LOOP('',(#2769,#2779,#2787,#2795));
#2769 = ORIENTED_EDGE('',*,*,#2770,.F.);
#2770 = EDGE_CURVE('',#2771,#2773,#2775,.T.);
#2771 = VERTEX_POINT('',#2772);
#2772 = CARTESIAN_POINT('',(154.925,-88.25,4.1));
#2773 = VERTEX_POINT('',#2774);
#2774 = CARTESIAN_POINT('',(154.925,-102.25,4.1));
#2775 = LINE('',#2776,#2777);
#2776 = CARTESIAN_POINT('',(154.925,-88.25,4.1));
#2777 = VECTOR('',#2778,1.);
#2778 = DIRECTION('',(0.,-1.,0.));
#2779 = ORIENTED_EDGE('',*,*,#2780,.F.);
#2780 = EDGE_CURVE('',#2781,#2771,#2783,.T.);
#2781 = VERTEX_POINT('',#2782);
#2782 = CARTESIAN_POINT('',(168.925,-88.25,4.1));
#2783 = LINE('',#2784,#2785);
#2784 = CARTESIAN_POINT('',(168.925,-88.25,4.1));
#2785 = VECTOR('',#2786,1.);
#2786 = DIRECTION('',(-1.,0.,0.));
#2787 = ORIENTED_EDGE('',*,*,#2788,.F.);
#2788 = EDGE_CURVE('',#2789,#2781,#2791,.T.);
#2789 = VERTEX_POINT('',#2790);
#2790 = CARTESIAN_POINT('',(168.925,-102.25,4.1));
#2791 = LINE('',#2792,#2793);
#2792 = CARTESIAN_POINT('',(168.925,-102.25,4.1));
#2793 = VECTOR('',#2794,1.);
#2794 = DIRECTION('',(0.,1.,0.));
#2795 = ORIENTED_EDGE('',*,*,#2796,.F.);
#2796 = EDGE_CURVE('',#2773,#2789,#2797,.T.);
#2797 = LINE('',#2798,#2799);
#2798 = CARTESIAN_POINT('',(154.925,-102.25,4.1));
#2799 = VECTOR('',#2800,1.);
#2800 = DIRECTION('',(1.,0.,0.));
#2801 = FACE_BOUND('',#2802,.T.);
#2802 = EDGE_LOOP('',(#2803,#2813,#2821,#2829));
#2803 = ORIENTED_EDGE('',*,*,#2804,.F.);
#2804 = EDGE_CURVE('',#2805,#2807,#2809,.T.);
#2805 = VERTEX_POINT('',#2806);
#2806 = CARTESIAN_POINT('',(135.875,-84.678125,4.1));
#2807 = VERTEX_POINT('',#2808);
#2808 = CARTESIAN_POINT('',(135.875,-98.678125,4.1));
#2809 = LINE('',#2810,#2811);
#2810 = CARTESIAN_POINT('',(135.875,-84.678125,4.1));
#2811 = VECTOR('',#2812,1.);
#2812 = DIRECTION('',(0.,-1.,0.));
#2813 = ORIENTED_EDGE('',*,*,#2814,.F.);
#2814 = EDGE_CURVE('',#2815,#2805,#2817,.T.);
#2815 = VERTEX_POINT('',#2816);
#2816 = CARTESIAN_POINT('',(149.875,-84.678125,4.1));
#2817 = LINE('',#2818,#2819);
#2818 = CARTESIAN_POINT('',(149.875,-84.678125,4.1));
#2819 = VECTOR('',#2820,1.);
#2820 = DIRECTION('',(-1.,0.,0.));
#2821 = ORIENTED_EDGE('',*,*,#2822,.F.);
#2822 = EDGE_CURVE('',#2823,#2815,#2825,.T.);
#2823 = VERTEX_POINT('',#2824);
#2824 = CARTESIAN_POINT('',(149.875,-98.678125,4.1));
#2825 = LINE('',#2826,#2827);
#2826 = CARTESIAN_POINT('',(149.875,-98.678125,4.1));
#2827 = VECTOR('',#2828,1.);
#2828 = DIRECTION('',(0.,1.,0.));
#2829 = ORIENTED_EDGE('',*,*,#2830,.F.);
#2830 = EDGE_CURVE('',#2807,#2823,#2831,.T.);
#2831 = LINE('',#2832,#2833);
#2832 = CARTESIAN_POINT('',(135.875,-98.678125,4.1));
#2833 = VECTOR('',#2834,1.);
#2834 = DIRECTION('',(1.,0.,0.));
#2835 = FACE_BOUND('',#2836,.T.);
#2836 = EDGE_LOOP('',(#2837,#2847,#2855,#2863));
#2837 = ORIENTED_EDGE('',*,*,#2838,.F.);
#2838 = EDGE_CURVE('',#2839,#2841,#2843,.T.);
#2839 = VERTEX_POINT('',#2840);
#2840 = CARTESIAN_POINT('',(154.925,-107.3,4.1));
#2841 = VERTEX_POINT('',#2842);
#2842 = CARTESIAN_POINT('',(154.925,-121.3,4.1));
#2843 = LINE('',#2844,#2845);
#2844 = CARTESIAN_POINT('',(154.925,-107.3,4.1));
#2845 = VECTOR('',#2846,1.);
#2846 = DIRECTION('',(0.,-1.,0.));
#2847 = ORIENTED_EDGE('',*,*,#2848,.F.);
#2848 = EDGE_CURVE('',#2849,#2839,#2851,.T.);
#2849 = VERTEX_POINT('',#2850);
#2850 = CARTESIAN_POINT('',(168.925,-107.3,4.1));
#2851 = LINE('',#2852,#2853);
#2852 = CARTESIAN_POINT('',(168.925,-107.3,4.1));
#2853 = VECTOR('',#2854,1.);
#2854 = DIRECTION('',(-1.,0.,0.));
#2855 = ORIENTED_EDGE('',*,*,#2856,.F.);
#2856 = EDGE_CURVE('',#2857,#2849,#2859,.T.);
#2857 = VERTEX_POINT('',#2858);
#2858 = CARTESIAN_POINT('',(168.925,-121.3,4.1));
#2859 = LINE('',#2860,#2861);
#2860 = CARTESIAN_POINT('',(168.925,-121.3,4.1));
#2861 = VECTOR('',#2862,1.);
#2862 = DIRECTION('',(0.,1.,0.));
#2863 = ORIENTED_EDGE('',*,*,#2864,.F.);
#2864 = EDGE_CURVE('',#2841,#2857,#2865,.T.);
#2865 = LINE('',#2866,#2867);
#2866 = CARTESIAN_POINT('',(154.925,-121.3,4.1));
#2867 = VECTOR('',#2868,1.);
#2868 = DIRECTION('',(1.,0.,0.));
#2869 = FACE_BOUND('',#2870,.T.);
#2870 = EDGE_LOOP('',(#2871,#2881,#2889,#2897));
#2871 = ORIENTED_EDGE('',*,*,#2872,.F.);
#2872 = EDGE_CURVE('',#2873,#2875,#2877,.T.);
#2873 = VERTEX_POINT('',#2874);
#2874 = CARTESIAN_POINT('',(135.875,-103.728125,4.1));
#2875 = VERTEX_POINT('',#2876);
#2876 = CARTESIAN_POINT('',(135.875,-117.728125,4.1));
#2877 = LINE('',#2878,#2879);
#2878 = CARTESIAN_POINT('',(135.875,-103.728125,4.1));
#2879 = VECTOR('',#2880,1.);
#2880 = DIRECTION('',(0.,-1.,0.));
#2881 = ORIENTED_EDGE('',*,*,#2882,.F.);
#2882 = EDGE_CURVE('',#2883,#2873,#2885,.T.);
#2883 = VERTEX_POINT('',#2884);
#2884 = CARTESIAN_POINT('',(149.875,-103.728125,4.1));
#2885 = LINE('',#2886,#2887);
#2886 = CARTESIAN_POINT('',(149.875,-103.728125,4.1));
#2887 = VECTOR('',#2888,1.);
#2888 = DIRECTION('',(-1.,0.,0.));
#2889 = ORIENTED_EDGE('',*,*,#2890,.F.);
#2890 = EDGE_CURVE('',#2891,#2883,#2893,.T.);
#2891 = VERTEX_POINT('',#2892);
#2892 = CARTESIAN_POINT('',(149.875,-117.728125,4.1));
#2893 = LINE('',#2894,#2895);
#2894 = CARTESIAN_POINT('',(149.875,-117.728125,4.1));
#2895 = VECTOR('',#2896,1.);
#2896 = DIRECTION('',(0.,1.,0.));
#2897 = ORIENTED_EDGE('',*,*,#2898,.F.);
#2898 = EDGE_CURVE('',#2875,#2891,#2899,.T.);
#2899 = LINE('',#2900,#2901);
#2900 = CARTESIAN_POINT('',(135.875,-117.728125,4.1));
#2901 = VECTOR('',#2902,1.);
#2902 = DIRECTION('',(1.,0.,0.));
#2903 = FACE_BOUND('',#2904,.T.);
#2904 = EDGE_LOOP('',(#2905,#2915,#2923,#2931));
#2905 = ORIENTED_EDGE('',*,*,#2906,.F.);
#2906 = EDGE_CURVE('',#2907,#2909,#2911,.T.);
#2907 = VERTEX_POINT('',#2908);
#2908 = CARTESIAN_POINT('',(173.975,-99.168751,4.1));
#2909 = VERTEX_POINT('',#2910);
#2910 = CARTESIAN_POINT('',(173.975,-113.168751,4.1));
#2911 = LINE('',#2912,#2913);
#2912 = CARTESIAN_POINT('',(173.975,-99.168751,4.1));
#2913 = VECTOR('',#2914,1.);
#2914 = DIRECTION('',(0.,-1.,0.));
#2915 = ORIENTED_EDGE('',*,*,#2916,.F.);
#2916 = EDGE_CURVE('',#2917,#2907,#2919,.T.);
#2917 = VERTEX_POINT('',#2918);
#2918 = CARTESIAN_POINT('',(187.975,-99.168751,4.1));
#2919 = LINE('',#2920,#2921);
#2920 = CARTESIAN_POINT('',(187.975,-99.168751,4.1));
#2921 = VECTOR('',#2922,1.);
#2922 = DIRECTION('',(-1.,0.,0.));
#2923 = ORIENTED_EDGE('',*,*,#2924,.F.);
#2924 = EDGE_CURVE('',#2925,#2917,#2927,.T.);
#2925 = VERTEX_POINT('',#2926);
#2926 = CARTESIAN_POINT('',(187.975,-113.168751,4.1));
#2927 = LINE('',#2928,#2929);
#2928 = CARTESIAN_POINT('',(187.975,-113.168751,4.1));
#2929 = VECTOR('',#2930,1.);
#2930 = DIRECTION('',(0.,1.,0.));
#2931 = ORIENTED_EDGE('',*,*,#2932,.F.);
#2932 = EDGE_CURVE('',#2909,#2925,#2933,.T.);
#2933 = LINE('',#2934,#2935);
#2934 = CARTESIAN_POINT('',(173.975,-113.168751,4.1));
#2935 = VECTOR('',#2936,1.);
#2936 = DIRECTION('',(1.,0.,0.));
#2937 = FACE_BOUND('',#2938,.T.);
#2938 = EDGE_LOOP('',(#2939,#2949,#2957,#2965));
#2939 = ORIENTED_EDGE('',*,*,#2940,.F.);
#2940 = EDGE_CURVE('',#2941,#2943,#2945,.T.);
#2941 = VERTEX_POINT('',#2942);
#2942 = CARTESIAN_POINT('',(59.674999,-90.834377,4.1));
#2943 = VERTEX_POINT('',#2944);
#2944 = CARTESIAN_POINT('',(59.674999,-104.834377,4.1));
#2945 = LINE('',#2946,#2947);
#2946 = CARTESIAN_POINT('',(59.674999,-90.834377,4.1));
#2947 = VECTOR('',#2948,1.);
#2948 = DIRECTION('',(0.,-1.,0.));
#2949 = ORIENTED_EDGE('',*,*,#2950,.F.);
#2950 = EDGE_CURVE('',#2951,#2941,#2953,.T.);
#2951 = VERTEX_POINT('',#2952);
#2952 = CARTESIAN_POINT('',(73.674999,-90.834377,4.1));
#2953 = LINE('',#2954,#2955);
#2954 = CARTESIAN_POINT('',(73.674999,-90.834377,4.1));
#2955 = VECTOR('',#2956,1.);
#2956 = DIRECTION('',(-1.,0.,0.));
#2957 = ORIENTED_EDGE('',*,*,#2958,.F.);
#2958 = EDGE_CURVE('',#2959,#2951,#2961,.T.);
#2959 = VERTEX_POINT('',#2960);
#2960 = CARTESIAN_POINT('',(73.674999,-104.834377,4.1));
#2961 = LINE('',#2962,#2963);
#2962 = CARTESIAN_POINT('',(73.674999,-104.834377,4.1));
#2963 = VECTOR('',#2964,1.);
#2964 = DIRECTION('',(0.,1.,0.));
#2965 = ORIENTED_EDGE('',*,*,#2966,.F.);
#2966 = EDGE_CURVE('',#2943,#2959,#2967,.T.);
#2967 = LINE('',#2968,#2969);
#2968 = CARTESIAN_POINT('',(59.674999,-104.834377,4.1));
#2969 = VECTOR('',#2970,1.);
#2970 = DIRECTION('',(1.,0.,0.));
#2971 = FACE_BOUND('',#2972,.T.);
#2972 = EDGE_LOOP('',(#2973,#2983,#2991,#2999));
#2973 = ORIENTED_EDGE('',*,*,#2974,.F.);
#2974 = EDGE_CURVE('',#2975,#2977,#2979,.T.);
#2975 = VERTEX_POINT('',#2976);
#2976 = CARTESIAN_POINT('',(78.725,-88.453124,4.1));
#2977 = VERTEX_POINT('',#2978);
#2978 = CARTESIAN_POINT('',(78.725,-102.453124,4.1));
#2979 = LINE('',#2980,#2981);
#2980 = CARTESIAN_POINT('',(78.725,-88.453124,4.1));
#2981 = VECTOR('',#2982,1.);
#2982 = DIRECTION('',(0.,-1.,0.));
#2983 = ORIENTED_EDGE('',*,*,#2984,.F.);
#2984 = EDGE_CURVE('',#2985,#2975,#2987,.T.);
#2985 = VERTEX_POINT('',#2986);
#2986 = CARTESIAN_POINT('',(92.725,-88.453124,4.1));
#2987 = LINE('',#2988,#2989);
#2988 = CARTESIAN_POINT('',(92.725,-88.453124,4.1));
#2989 = VECTOR('',#2990,1.);
#2990 = DIRECTION('',(-1.,0.,0.));
#2991 = ORIENTED_EDGE('',*,*,#2992,.F.);
#2992 = EDGE_CURVE('',#2993,#2985,#2995,.T.);
#2993 = VERTEX_POINT('',#2994);
#2994 = CARTESIAN_POINT('',(92.725,-102.453124,4.1));
#2995 = LINE('',#2996,#2997);
#2996 = CARTESIAN_POINT('',(92.725,-102.453124,4.1));
#2997 = VECTOR('',#2998,1.);
#2998 = DIRECTION('',(0.,1.,0.));
#2999 = ORIENTED_EDGE('',*,*,#3000,.F.);
#3000 = EDGE_CURVE('',#2977,#2993,#3001,.T.);
#3001 = LINE('',#3002,#3003);
#3002 = CARTESIAN_POINT('',(78.725,-102.453124,4.1));
#3003 = VECTOR('',#3004,1.);
#3004 = DIRECTION('',(1.,0.,0.));
#3005 = FACE_BOUND('',#3006,.T.);
#3006 = EDGE_LOOP('',(#3007,#3017,#3025,#3033));
#3007 = ORIENTED_EDGE('',*,*,#3008,.F.);
#3008 = EDGE_CURVE('',#3009,#3011,#3013,.T.);
#3009 = VERTEX_POINT('',#3010);
#3010 = CARTESIAN_POINT('',(59.675,-71.784376,4.1));
#3011 = VERTEX_POINT('',#3012);
#3012 = CARTESIAN_POINT('',(59.675,-85.784376,4.1));
#3013 = LINE('',#3014,#3015);
#3014 = CARTESIAN_POINT('',(59.675,-71.784376,4.1));
#3015 = VECTOR('',#3016,1.);
#3016 = DIRECTION('',(0.,-1.,0.));
#3017 = ORIENTED_EDGE('',*,*,#3018,.F.);
#3018 = EDGE_CURVE('',#3019,#3009,#3021,.T.);
#3019 = VERTEX_POINT('',#3020);
#3020 = CARTESIAN_POINT('',(73.675,-71.784376,4.1));
#3021 = LINE('',#3022,#3023);
#3022 = CARTESIAN_POINT('',(73.675,-71.784376,4.1));
#3023 = VECTOR('',#3024,1.);
#3024 = DIRECTION('',(-1.,0.,0.));
#3025 = ORIENTED_EDGE('',*,*,#3026,.F.);
#3026 = EDGE_CURVE('',#3027,#3019,#3029,.T.);
#3027 = VERTEX_POINT('',#3028);
#3028 = CARTESIAN_POINT('',(73.675,-85.784376,4.1));
#3029 = LINE('',#3030,#3031);
#3030 = CARTESIAN_POINT('',(73.675,-85.784376,4.1));
#3031 = VECTOR('',#3032,1.);
#3032 = DIRECTION('',(0.,1.,0.));
#3033 = ORIENTED_EDGE('',*,*,#3034,.F.);
#3034 = EDGE_CURVE('',#3011,#3027,#3035,.T.);
#3035 = LINE('',#3036,#3037);
#3036 = CARTESIAN_POINT('',(59.675,-85.784376,4.1));
#3037 = VECTOR('',#3038,1.);
#3038 = DIRECTION('',(1.,0.,0.));
#3039 = FACE_BOUND('',#3040,.T.);
#3040 = EDGE_LOOP('',(#3041,#3051,#3059,#3067));
#3041 = ORIENTED_EDGE('',*,*,#3042,.F.);
#3042 = EDGE_CURVE('',#3043,#3045,#3047,.T.);
#3043 = VERTEX_POINT('',#3044);
#3044 = CARTESIAN_POINT('',(78.724997,-69.403126,4.1));
#3045 = VERTEX_POINT('',#3046);
#3046 = CARTESIAN_POINT('',(78.724997,-83.403126,4.1));
#3047 = LINE('',#3048,#3049);
#3048 = CARTESIAN_POINT('',(78.724997,-69.403126,4.1));
#3049 = VECTOR('',#3050,1.);
#3050 = DIRECTION('',(0.,-1.,0.));
#3051 = ORIENTED_EDGE('',*,*,#3052,.F.);
#3052 = EDGE_CURVE('',#3053,#3043,#3055,.T.);
#3053 = VERTEX_POINT('',#3054);
#3054 = CARTESIAN_POINT('',(92.724997,-69.403126,4.1));
#3055 = LINE('',#3056,#3057);
#3056 = CARTESIAN_POINT('',(92.724997,-69.403126,4.1));
#3057 = VECTOR('',#3058,1.);
#3058 = DIRECTION('',(-1.,0.,0.));
#3059 = ORIENTED_EDGE('',*,*,#3060,.F.);
#3060 = EDGE_CURVE('',#3061,#3053,#3063,.T.);
#3061 = VERTEX_POINT('',#3062);
#3062 = CARTESIAN_POINT('',(92.724997,-83.403126,4.1));
#3063 = LINE('',#3064,#3065);
#3064 = CARTESIAN_POINT('',(92.724997,-83.403126,4.1));
#3065 = VECTOR('',#3066,1.);
#3066 = DIRECTION('',(0.,1.,0.));
#3067 = ORIENTED_EDGE('',*,*,#3068,.F.);
#3068 = EDGE_CURVE('',#3045,#3061,#3069,.T.);
#3069 = LINE('',#3070,#3071);
#3070 = CARTESIAN_POINT('',(78.724997,-83.403126,4.1));
#3071 = VECTOR('',#3072,1.);
#3072 = DIRECTION('',(1.,0.,0.));
#3073 = FACE_BOUND('',#3074,.T.);
#3074 = EDGE_LOOP('',(#3075,#3085,#3093,#3101));
#3075 = ORIENTED_EDGE('',*,*,#3076,.F.);
#3076 = EDGE_CURVE('',#3077,#3079,#3081,.T.);
#3077 = VERTEX_POINT('',#3078);
#3078 = CARTESIAN_POINT('',(92.725,-121.503126,4.1));
#3079 = VERTEX_POINT('',#3080);
#3080 = CARTESIAN_POINT('',(92.725,-107.503126,4.1));
#3081 = LINE('',#3082,#3083);
#3082 = CARTESIAN_POINT('',(92.725,-121.503126,4.1));
#3083 = VECTOR('',#3084,1.);
#3084 = DIRECTION('',(0.,1.,0.));
#3085 = ORIENTED_EDGE('',*,*,#3086,.F.);
#3086 = EDGE_CURVE('',#3087,#3077,#3089,.T.);
#3087 = VERTEX_POINT('',#3088);
#3088 = CARTESIAN_POINT('',(78.725,-121.503126,4.1));
#3089 = LINE('',#3090,#3091);
#3090 = CARTESIAN_POINT('',(78.725,-121.503126,4.1));
#3091 = VECTOR('',#3092,1.);
#3092 = DIRECTION('',(1.,0.,0.));
#3093 = ORIENTED_EDGE('',*,*,#3094,.F.);
#3094 = EDGE_CURVE('',#3095,#3087,#3097,.T.);
#3095 = VERTEX_POINT('',#3096);
#3096 = CARTESIAN_POINT('',(78.725,-107.503126,4.1));
#3097 = LINE('',#3098,#3099);
#3098 = CARTESIAN_POINT('',(78.725,-107.503126,4.1));
#3099 = VECTOR('',#3100,1.);
#3100 = DIRECTION('',(0.,-1.,0.));
#3101 = ORIENTED_EDGE('',*,*,#3102,.F.);
#3102 = EDGE_CURVE('',#3079,#3095,#3103,.T.);
#3103 = LINE('',#3104,#3105);
#3104 = CARTESIAN_POINT('',(92.725,-107.503126,4.1));
#3105 = VECTOR('',#3106,1.);
#3106 = DIRECTION('',(-1.,0.,0.));
#3107 = FACE_BOUND('',#3108,.T.);
#3108 = EDGE_LOOP('',(#3109,#3119,#3127,#3135));
#3109 = ORIENTED_EDGE('',*,*,#3110,.F.);
#3110 = EDGE_CURVE('',#3111,#3113,#3115,.T.);
#3111 = VERTEX_POINT('',#3112);
#3112 = CARTESIAN_POINT('',(97.775,-81.423751,4.1));
#3113 = VERTEX_POINT('',#3114);
#3114 = CARTESIAN_POINT('',(97.775,-95.423751,4.1));
#3115 = LINE('',#3116,#3117);
#3116 = CARTESIAN_POINT('',(97.775,-81.423751,4.1));
#3117 = VECTOR('',#3118,1.);
#3118 = DIRECTION('',(0.,-1.,0.));
#3119 = ORIENTED_EDGE('',*,*,#3120,.F.);
#3120 = EDGE_CURVE('',#3121,#3111,#3123,.T.);
#3121 = VERTEX_POINT('',#3122);
#3122 = CARTESIAN_POINT('',(111.775,-81.423751,4.1));
#3123 = LINE('',#3124,#3125);
#3124 = CARTESIAN_POINT('',(111.775,-81.423751,4.1));
#3125 = VECTOR('',#3126,1.);
#3126 = DIRECTION('',(-1.,0.,0.));
#3127 = ORIENTED_EDGE('',*,*,#3128,.F.);
#3128 = EDGE_CURVE('',#3129,#3121,#3131,.T.);
#3129 = VERTEX_POINT('',#3130);
#3130 = CARTESIAN_POINT('',(111.775,-95.423751,4.1));
#3131 = LINE('',#3132,#3133);
#3132 = CARTESIAN_POINT('',(111.775,-95.423751,4.1));
#3133 = VECTOR('',#3134,1.);
#3134 = DIRECTION('',(0.,1.,0.));
#3135 = ORIENTED_EDGE('',*,*,#3136,.F.);
#3136 = EDGE_CURVE('',#3113,#3129,#3137,.T.);
#3137 = LINE('',#3138,#3139);
#3138 = CARTESIAN_POINT('',(97.775,-95.423751,4.1));
#3139 = VECTOR('',#3140,1.);
#3140 = DIRECTION('',(1.,0.,0.));
#3141 = FACE_BOUND('',#3142,.T.);
#3142 = EDGE_LOOP('',(#3143,#3153,#3161,#3169));
#3143 = ORIENTED_EDGE('',*,*,#3144,.F.);
#3144 = EDGE_CURVE('',#3145,#3147,#3149,.T.);
#3145 = VERTEX_POINT('',#3146);
#3146 = CARTESIAN_POINT('',(97.775,-43.323752,4.1));
#3147 = VERTEX_POINT('',#3148);
#3148 = CARTESIAN_POINT('',(97.775,-57.323752,4.1));
#3149 = LINE('',#3150,#3151);
#3150 = CARTESIAN_POINT('',(97.775,-43.323752,4.1));
#3151 = VECTOR('',#3152,1.);
#3152 = DIRECTION('',(0.,-1.,0.));
#3153 = ORIENTED_EDGE('',*,*,#3154,.F.);
#3154 = EDGE_CURVE('',#3155,#3145,#3157,.T.);
#3155 = VERTEX_POINT('',#3156);
#3156 = CARTESIAN_POINT('',(111.775,-43.323752,4.1));
#3157 = LINE('',#3158,#3159);
#3158 = CARTESIAN_POINT('',(111.775,-43.323752,4.1));
#3159 = VECTOR('',#3160,1.);
#3160 = DIRECTION('',(-1.,0.,0.));
#3161 = ORIENTED_EDGE('',*,*,#3162,.F.);
#3162 = EDGE_CURVE('',#3163,#3155,#3165,.T.);
#3163 = VERTEX_POINT('',#3164);
#3164 = CARTESIAN_POINT('',(111.775,-57.323752,4.1));
#3165 = LINE('',#3166,#3167);
#3166 = CARTESIAN_POINT('',(111.775,-57.323752,4.1));
#3167 = VECTOR('',#3168,1.);
#3168 = DIRECTION('',(0.,1.,0.));
#3169 = ORIENTED_EDGE('',*,*,#3170,.F.);
#3170 = EDGE_CURVE('',#3147,#3163,#3171,.T.);
#3171 = LINE('',#3172,#3173);
#3172 = CARTESIAN_POINT('',(97.775,-57.323752,4.1));
#3173 = VECTOR('',#3174,1.);
#3174 = DIRECTION('',(1.,0.,0.));
#3175 = FACE_BOUND('',#3176,.T.);
#3176 = EDGE_LOOP('',(#3177,#3187,#3195,#3203));
#3177 = ORIENTED_EDGE('',*,*,#3178,.F.);
#3178 = EDGE_CURVE('',#3179,#3181,#3183,.T.);
#3179 = VERTEX_POINT('',#3180);
#3180 = CARTESIAN_POINT('',(59.675,-109.884376,4.1));
#3181 = VERTEX_POINT('',#3182);
#3182 = CARTESIAN_POINT('',(59.675,-123.884376,4.1));
#3183 = LINE('',#3184,#3185);
#3184 = CARTESIAN_POINT('',(59.675,-109.884376,4.1));
#3185 = VECTOR('',#3186,1.);
#3186 = DIRECTION('',(0.,-1.,0.));
#3187 = ORIENTED_EDGE('',*,*,#3188,.F.);
#3188 = EDGE_CURVE('',#3189,#3179,#3191,.T.);
#3189 = VERTEX_POINT('',#3190);
#3190 = CARTESIAN_POINT('',(73.675,-109.884376,4.1));
#3191 = LINE('',#3192,#3193);
#3192 = CARTESIAN_POINT('',(73.675,-109.884376,4.1));
#3193 = VECTOR('',#3194,1.);
#3194 = DIRECTION('',(-1.,0.,0.));
#3195 = ORIENTED_EDGE('',*,*,#3196,.F.);
#3196 = EDGE_CURVE('',#3197,#3189,#3199,.T.);
#3197 = VERTEX_POINT('',#3198);
#3198 = CARTESIAN_POINT('',(73.675,-123.884376,4.1));
#3199 = LINE('',#3200,#3201);
#3200 = CARTESIAN_POINT('',(73.675,-123.884376,4.1));
#3201 = VECTOR('',#3202,1.);
#3202 = DIRECTION('',(0.,1.,0.));
#3203 = ORIENTED_EDGE('',*,*,#3204,.F.);
#3204 = EDGE_CURVE('',#3181,#3197,#3205,.T.);
#3205 = LINE('',#3206,#3207);
#3206 = CARTESIAN_POINT('',(59.675,-123.884376,4.1));
#3207 = VECTOR('',#3208,1.);
#3208 = DIRECTION('',(1.,0.,0.));
#3209 = FACE_BOUND('',#3210,.T.);
#3210 = EDGE_LOOP('',(#3211,#3221,#3229,#3237));
#3211 = ORIENTED_EDGE('',*,*,#3212,.F.);
#3212 = EDGE_CURVE('',#3213,#3215,#3217,.T.);
#3213 = VERTEX_POINT('',#3214);
#3214 = CARTESIAN_POINT('',(135.875,-65.628125,4.1));
#3215 = VERTEX_POINT('',#3216);
#3216 = CARTESIAN_POINT('',(135.875,-79.628125,4.1));
#3217 = LINE('',#3218,#3219);
#3218 = CARTESIAN_POINT('',(135.875,-65.628125,4.1));
#3219 = VECTOR('',#3220,1.);
#3220 = DIRECTION('',(0.,-1.,0.));
#3221 = ORIENTED_EDGE('',*,*,#3222,.F.);
#3222 = EDGE_CURVE('',#3223,#3213,#3225,.T.);
#3223 = VERTEX_POINT('',#3224);
#3224 = CARTESIAN_POINT('',(149.875,-65.628125,4.1));
#3225 = LINE('',#3226,#3227);
#3226 = CARTESIAN_POINT('',(149.875,-65.628125,4.1));
#3227 = VECTOR('',#3228,1.);
#3228 = DIRECTION('',(-1.,0.,0.));
#3229 = ORIENTED_EDGE('',*,*,#3230,.F.);
#3230 = EDGE_CURVE('',#3231,#3223,#3233,.T.);
#3231 = VERTEX_POINT('',#3232);
#3232 = CARTESIAN_POINT('',(149.875,-79.628125,4.1));
#3233 = LINE('',#3234,#3235);
#3234 = CARTESIAN_POINT('',(149.875,-79.628125,4.1));
#3235 = VECTOR('',#3236,1.);
#3236 = DIRECTION('',(0.,1.,0.));
#3237 = ORIENTED_EDGE('',*,*,#3238,.F.);
#3238 = EDGE_CURVE('',#3215,#3231,#3239,.T.);
#3239 = LINE('',#3240,#3241);
#3240 = CARTESIAN_POINT('',(135.875,-79.628125,4.1));
#3241 = VECTOR('',#3242,1.);
#3242 = DIRECTION('',(1.,0.,0.));
#3243 = FACE_BOUND('',#3244,.T.);
#3244 = EDGE_LOOP('',(#3245,#3255,#3263,#3271));
#3245 = ORIENTED_EDGE('',*,*,#3246,.F.);
#3246 = EDGE_CURVE('',#3247,#3249,#3251,.T.);
#3247 = VERTEX_POINT('',#3248);
#3248 = CARTESIAN_POINT('',(59.675,-52.734377,4.1));
#3249 = VERTEX_POINT('',#3250);
#3250 = CARTESIAN_POINT('',(59.675,-66.734377,4.1));
#3251 = LINE('',#3252,#3253);
#3252 = CARTESIAN_POINT('',(59.675,-52.734377,4.1));
#3253 = VECTOR('',#3254,1.);
#3254 = DIRECTION('',(0.,-1.,0.));
#3255 = ORIENTED_EDGE('',*,*,#3256,.F.);
#3256 = EDGE_CURVE('',#3257,#3247,#3259,.T.);
#3257 = VERTEX_POINT('',#3258);
#3258 = CARTESIAN_POINT('',(73.675,-52.734377,4.1));
#3259 = LINE('',#3260,#3261);
#3260 = CARTESIAN_POINT('',(73.675,-52.734377,4.1));
#3261 = VECTOR('',#3262,1.);
#3262 = DIRECTION('',(-1.,0.,0.));
#3263 = ORIENTED_EDGE('',*,*,#3264,.F.);
#3264 = EDGE_CURVE('',#3265,#3257,#3267,.T.);
#3265 = VERTEX_POINT('',#3266);
#3266 = CARTESIAN_POINT('',(73.675,-66.734377,4.1));
#3267 = LINE('',#3268,#3269);
#3268 = CARTESIAN_POINT('',(73.675,-66.734377,4.1));
#3269 = VECTOR('',#3270,1.);
#3270 = DIRECTION('',(0.,1.,0.));
#3271 = ORIENTED_EDGE('',*,*,#3272,.F.);
#3272 = EDGE_CURVE('',#3249,#3265,#3273,.T.);
#3273 = LINE('',#3274,#3275);
#3274 = CARTESIAN_POINT('',(59.675,-66.734377,4.1));
#3275 = VECTOR('',#3276,1.);
#3276 = DIRECTION('',(1.,0.,0.));
#3277 = FACE_BOUND('',#3278,.T.);
#3278 = EDGE_LOOP('',(#3279,#3289,#3297,#3305));
#3279 = ORIENTED_EDGE('',*,*,#3280,.F.);
#3280 = EDGE_CURVE('',#3281,#3283,#3285,.T.);
#3281 = VERTEX_POINT('',#3282);
#3282 = CARTESIAN_POINT('',(97.775,-62.373752,4.1));
#3283 = VERTEX_POINT('',#3284);
#3284 = CARTESIAN_POINT('',(97.775,-76.373752,4.1));
#3285 = LINE('',#3286,#3287);
#3286 = CARTESIAN_POINT('',(97.775,-62.373752,4.1));
#3287 = VECTOR('',#3288,1.);
#3288 = DIRECTION('',(0.,-1.,0.));
#3289 = ORIENTED_EDGE('',*,*,#3290,.F.);
#3290 = EDGE_CURVE('',#3291,#3281,#3293,.T.);
#3291 = VERTEX_POINT('',#3292);
#3292 = CARTESIAN_POINT('',(111.775,-62.373752,4.1));
#3293 = LINE('',#3294,#3295);
#3294 = CARTESIAN_POINT('',(111.775,-62.373752,4.1));
#3295 = VECTOR('',#3296,1.);
#3296 = DIRECTION('',(-1.,0.,0.));
#3297 = ORIENTED_EDGE('',*,*,#3298,.F.);
#3298 = EDGE_CURVE('',#3299,#3291,#3301,.T.);
#3299 = VERTEX_POINT('',#3300);
#3300 = CARTESIAN_POINT('',(111.775,-76.373752,4.1));
#3301 = LINE('',#3302,#3303);
#3302 = CARTESIAN_POINT('',(111.775,-76.373752,4.1));
#3303 = VECTOR('',#3304,1.);
#3304 = DIRECTION('',(0.,1.,0.));
#3305 = ORIENTED_EDGE('',*,*,#3306,.F.);
#3306 = EDGE_CURVE('',#3283,#3299,#3307,.T.);
#3307 = LINE('',#3308,#3309);
#3308 = CARTESIAN_POINT('',(97.775,-76.373752,4.1));
#3309 = VECTOR('',#3310,1.);
#3310 = DIRECTION('',(1.,0.,0.));
#3311 = FACE_BOUND('',#3312,.T.);
#3312 = EDGE_LOOP('',(#3313,#3323,#3331,#3339));
#3313 = ORIENTED_EDGE('',*,*,#3314,.F.);
#3314 = EDGE_CURVE('',#3315,#3317,#3319,.T.);
#3315 = VERTEX_POINT('',#3316);
#3316 = CARTESIAN_POINT('',(154.925,-50.149999,4.1));
#3317 = VERTEX_POINT('',#3318);
#3318 = CARTESIAN_POINT('',(154.925,-64.149999,4.1));
#3319 = LINE('',#3320,#3321);
#3320 = CARTESIAN_POINT('',(154.925,-50.149999,4.1));
#3321 = VECTOR('',#3322,1.);
#3322 = DIRECTION('',(0.,-1.,0.));
#3323 = ORIENTED_EDGE('',*,*,#3324,.F.);
#3324 = EDGE_CURVE('',#3325,#3315,#3327,.T.);
#3325 = VERTEX_POINT('',#3326);
#3326 = CARTESIAN_POINT('',(168.925,-50.149999,4.1));
#3327 = LINE('',#3328,#3329);
#3328 = CARTESIAN_POINT('',(168.925,-50.149999,4.1));
#3329 = VECTOR('',#3330,1.);
#3330 = DIRECTION('',(-1.,0.,0.));
#3331 = ORIENTED_EDGE('',*,*,#3332,.F.);
#3332 = EDGE_CURVE('',#3333,#3325,#3335,.T.);
#3333 = VERTEX_POINT('',#3334);
#3334 = CARTESIAN_POINT('',(168.925,-64.149999,4.1));
#3335 = LINE('',#3336,#3337);
#3336 = CARTESIAN_POINT('',(168.925,-64.149999,4.1));
#3337 = VECTOR('',#3338,1.);
#3338 = DIRECTION('',(0.,1.,0.));
#3339 = ORIENTED_EDGE('',*,*,#3340,.F.);
#3340 = EDGE_CURVE('',#3317,#3333,#3341,.T.);
#3341 = LINE('',#3342,#3343);
#3342 = CARTESIAN_POINT('',(154.925,-64.149999,4.1));
#3343 = VECTOR('',#3344,1.);
#3344 = DIRECTION('',(1.,0.,0.));
#3345 = FACE_BOUND('',#3346,.T.);
#3346 = EDGE_LOOP('',(#3347,#3357,#3365,#3373));
#3347 = ORIENTED_EDGE('',*,*,#3348,.F.);
#3348 = EDGE_CURVE('',#3349,#3351,#3353,.T.);
#3349 = VERTEX_POINT('',#3350);
#3350 = CARTESIAN_POINT('',(116.825,-59.675,4.1));
#3351 = VERTEX_POINT('',#3352);
#3352 = CARTESIAN_POINT('',(116.825,-73.675,4.1));
#3353 = LINE('',#3354,#3355);
#3354 = CARTESIAN_POINT('',(116.825,-59.675,4.1));
#3355 = VECTOR('',#3356,1.);
#3356 = DIRECTION('',(0.,-1.,0.));
#3357 = ORIENTED_EDGE('',*,*,#3358,.F.);
#3358 = EDGE_CURVE('',#3359,#3349,#3361,.T.);
#3359 = VERTEX_POINT('',#3360);
#3360 = CARTESIAN_POINT('',(130.825,-59.675,4.1));
#3361 = LINE('',#3362,#3363);
#3362 = CARTESIAN_POINT('',(130.825,-59.675,4.1));
#3363 = VECTOR('',#3364,1.);
#3364 = DIRECTION('',(-1.,0.,0.));
#3365 = ORIENTED_EDGE('',*,*,#3366,.F.);
#3366 = EDGE_CURVE('',#3367,#3359,#3369,.T.);
#3367 = VERTEX_POINT('',#3368);
#3368 = CARTESIAN_POINT('',(130.825,-73.675,4.1));
#3369 = LINE('',#3370,#3371);
#3370 = CARTESIAN_POINT('',(130.825,-73.675,4.1));
#3371 = VECTOR('',#3372,1.);
#3372 = DIRECTION('',(0.,1.,0.));
#3373 = ORIENTED_EDGE('',*,*,#3374,.F.);
#3374 = EDGE_CURVE('',#3351,#3367,#3375,.T.);
#3375 = LINE('',#3376,#3377);
#3376 = CARTESIAN_POINT('',(116.825,-73.675,4.1));
#3377 = VECTOR('',#3378,1.);
#3378 = DIRECTION('',(1.,0.,0.));
#3379 = FACE_BOUND('',#3380,.T.);
#3380 = EDGE_LOOP('',(#3381,#3391,#3399,#3407));
#3381 = ORIENTED_EDGE('',*,*,#3382,.F.);
#3382 = EDGE_CURVE('',#3383,#3385,#3387,.T.);
#3383 = VERTEX_POINT('',#3384);
#3384 = CARTESIAN_POINT('',(116.825,-78.725,4.1));
#3385 = VERTEX_POINT('',#3386);
#3386 = CARTESIAN_POINT('',(116.825,-92.725,4.1));
#3387 = LINE('',#3388,#3389);
#3388 = CARTESIAN_POINT('',(116.825,-78.725,4.1));
#3389 = VECTOR('',#3390,1.);
#3390 = DIRECTION('',(0.,-1.,0.));
#3391 = ORIENTED_EDGE('',*,*,#3392,.F.);
#3392 = EDGE_CURVE('',#3393,#3383,#3395,.T.);
#3393 = VERTEX_POINT('',#3394);
#3394 = CARTESIAN_POINT('',(130.825,-78.725,4.1));
#3395 = LINE('',#3396,#3397);
#3396 = CARTESIAN_POINT('',(130.825,-78.725,4.1));
#3397 = VECTOR('',#3398,1.);
#3398 = DIRECTION('',(-1.,0.,0.));
#3399 = ORIENTED_EDGE('',*,*,#3400,.F.);
#3400 = EDGE_CURVE('',#3401,#3393,#3403,.T.);
#3401 = VERTEX_POINT('',#3402);
#3402 = CARTESIAN_POINT('',(130.825,-92.725,4.1));
#3403 = LINE('',#3404,#3405);
#3404 = CARTESIAN_POINT('',(130.825,-92.725,4.1));
#3405 = VECTOR('',#3406,1.);
#3406 = DIRECTION('',(0.,1.,0.));
#3407 = ORIENTED_EDGE('',*,*,#3408,.F.);
#3408 = EDGE_CURVE('',#3385,#3401,#3409,.T.);
#3409 = LINE('',#3410,#3411);
#3410 = CARTESIAN_POINT('',(116.825,-92.725,4.1));
#3411 = VECTOR('',#3412,1.);
#3412 = DIRECTION('',(1.,0.,0.));
#3413 = FACE_BOUND('',#3414,.T.);
#3414 = EDGE_LOOP('',(#3415,#3425,#3433,#3441));
#3415 = ORIENTED_EDGE('',*,*,#3416,.F.);
#3416 = EDGE_CURVE('',#3417,#3419,#3421,.T.);
#3417 = VERTEX_POINT('',#3418);
#3418 = CARTESIAN_POINT('',(116.825,-40.625,4.1));
#3419 = VERTEX_POINT('',#3420);
#3420 = CARTESIAN_POINT('',(116.825,-54.625,4.1));
#3421 = LINE('',#3422,#3423);
#3422 = CARTESIAN_POINT('',(116.825,-40.625,4.1));
#3423 = VECTOR('',#3424,1.);
#3424 = DIRECTION('',(0.,-1.,0.));
#3425 = ORIENTED_EDGE('',*,*,#3426,.F.);
#3426 = EDGE_CURVE('',#3427,#3417,#3429,.T.);
#3427 = VERTEX_POINT('',#3428);
#3428 = CARTESIAN_POINT('',(130.825,-40.625,4.1));
#3429 = LINE('',#3430,#3431);
#3430 = CARTESIAN_POINT('',(130.825,-40.625,4.1));
#3431 = VECTOR('',#3432,1.);
#3432 = DIRECTION('',(-1.,0.,0.));
#3433 = ORIENTED_EDGE('',*,*,#3434,.F.);
#3434 = EDGE_CURVE('',#3435,#3427,#3437,.T.);
#3435 = VERTEX_POINT('',#3436);
#3436 = CARTESIAN_POINT('',(130.825,-54.625,4.1));
#3437 = LINE('',#3438,#3439);
#3438 = CARTESIAN_POINT('',(130.825,-54.625,4.1));
#3439 = VECTOR('',#3440,1.);
#3440 = DIRECTION('',(0.,1.,0.));
#3441 = ORIENTED_EDGE('',*,*,#3442,.F.);
#3442 = EDGE_CURVE('',#3419,#3435,#3443,.T.);
#3443 = LINE('',#3444,#3445);
#3444 = CARTESIAN_POINT('',(116.825,-54.625,4.1));
#3445 = VECTOR('',#3446,1.);
#3446 = DIRECTION('',(1.,0.,0.));
#3447 = FACE_BOUND('',#3448,.T.);
#3448 = EDGE_LOOP('',(#3449,#3459,#3467,#3475));
#3449 = ORIENTED_EDGE('',*,*,#3450,.F.);
#3450 = EDGE_CURVE('',#3451,#3453,#3455,.T.);
#3451 = VERTEX_POINT('',#3452);
#3452 = CARTESIAN_POINT('',(116.825,-97.775,4.1));
#3453 = VERTEX_POINT('',#3454);
#3454 = CARTESIAN_POINT('',(116.825,-111.775,4.1));
#3455 = LINE('',#3456,#3457);
#3456 = CARTESIAN_POINT('',(116.825,-97.775,4.1));
#3457 = VECTOR('',#3458,1.);
#3458 = DIRECTION('',(0.,-1.,0.));
#3459 = ORIENTED_EDGE('',*,*,#3460,.F.);
#3460 = EDGE_CURVE('',#3461,#3451,#3463,.T.);
#3461 = VERTEX_POINT('',#3462);
#3462 = CARTESIAN_POINT('',(130.825,-97.775,4.1));
#3463 = LINE('',#3464,#3465);
#3464 = CARTESIAN_POINT('',(130.825,-97.775,4.1));
#3465 = VECTOR('',#3466,1.);
#3466 = DIRECTION('',(-1.,0.,0.));
#3467 = ORIENTED_EDGE('',*,*,#3468,.F.);
#3468 = EDGE_CURVE('',#3469,#3461,#3471,.T.);
#3469 = VERTEX_POINT('',#3470);
#3470 = CARTESIAN_POINT('',(130.825,-111.775,4.1));
#3471 = LINE('',#3472,#3473);
#3472 = CARTESIAN_POINT('',(130.825,-111.775,4.1));
#3473 = VECTOR('',#3474,1.);
#3474 = DIRECTION('',(0.,1.,0.));
#3475 = ORIENTED_EDGE('',*,*,#3476,.F.);
#3476 = EDGE_CURVE('',#3453,#3469,#3477,.T.);
#3477 = LINE('',#3478,#3479);
#3478 = CARTESIAN_POINT('',(116.825,-111.775,4.1));
#3479 = VECTOR('',#3480,1.);
#3480 = DIRECTION('',(1.,0.,0.));
#3481 = FACE_BOUND('',#3482,.T.);
#3482 = EDGE_LOOP('',(#3483,#3493,#3501,#3509));
#3483 = ORIENTED_EDGE('',*,*,#3484,.F.);
#3484 = EDGE_CURVE('',#3485,#3487,#3489,.T.);
#3485 = VERTEX_POINT('',#3486);
#3486 = CARTESIAN_POINT('',(140.815625,-43.73125,4.1));
#3487 = VERTEX_POINT('',#3488);
#3488 = CARTESIAN_POINT('',(147.315625,-43.73125,4.1));
#3489 = LINE('',#3490,#3491);
#3490 = CARTESIAN_POINT('',(140.815625,-43.73125,4.1));
#3491 = VECTOR('',#3492,1.);
#3492 = DIRECTION('',(1.,0.,0.));
#3493 = ORIENTED_EDGE('',*,*,#3494,.F.);
#3494 = EDGE_CURVE('',#3495,#3485,#3497,.T.);
#3495 = VERTEX_POINT('',#3496);
#3496 = CARTESIAN_POINT('',(140.815625,-37.23125,4.1));
#3497 = LINE('',#3498,#3499);
#3498 = CARTESIAN_POINT('',(140.815625,-37.23125,4.1));
#3499 = VECTOR('',#3500,1.);
#3500 = DIRECTION('',(0.,-1.,0.));
#3501 = ORIENTED_EDGE('',*,*,#3502,.F.);
#3502 = EDGE_CURVE('',#3503,#3495,#3505,.T.);
#3503 = VERTEX_POINT('',#3504);
#3504 = CARTESIAN_POINT('',(147.315625,-37.23125,4.1));
#3505 = LINE('',#3506,#3507);
#3506 = CARTESIAN_POINT('',(147.315625,-37.23125,4.1));
#3507 = VECTOR('',#3508,1.);
#3508 = DIRECTION('',(-1.,0.,0.));
#3509 = ORIENTED_EDGE('',*,*,#3510,.F.);
#3510 = EDGE_CURVE('',#3487,#3503,#3511,.T.);
#3511 = LINE('',#3512,#3513);
#3512 = CARTESIAN_POINT('',(147.315625,-43.73125,4.1));
#3513 = VECTOR('',#3514,1.);
#3514 = DIRECTION('',(0.,1.,0.));
#3515 = FACE_BOUND('',#3516,.T.);
#3516 = EDGE_LOOP('',(#3517));
#3517 = ORIENTED_EDGE('',*,*,#3518,.F.);
#3518 = EDGE_CURVE('',#3519,#3519,#3521,.T.);
#3519 = VERTEX_POINT('',#3520);
#3520 = CARTESIAN_POINT('',(78.7,-69.259375,4.1));
#3521 = CIRCLE('',#3522,2.5);
#3522 = AXIS2_PLACEMENT_3D('',#3523,#3524,#3525);
#3523 = CARTESIAN_POINT('',(76.2,-69.259375,4.1));
#3524 = DIRECTION('',(0.,0.,1.));
#3525 = DIRECTION('',(1.,0.,0.));
#3526 = FACE_BOUND('',#3527,.T.);
#3527 = EDGE_LOOP('',(#3528));
#3528 = ORIENTED_EDGE('',*,*,#3529,.F.);
#3529 = EDGE_CURVE('',#3530,#3530,#3532,.T.);
#3530 = VERTEX_POINT('',#3531);
#3531 = CARTESIAN_POINT('',(116.270642,-78.898751,4.1));
#3532 = CIRCLE('',#3533,2.5);
#3533 = AXIS2_PLACEMENT_3D('',#3534,#3535,#3536);
#3534 = CARTESIAN_POINT('',(113.770642,-78.898751,4.1));
#3535 = DIRECTION('',(0.,0.,1.));
#3536 = DIRECTION('',(1.,0.,0.));
#3537 = FACE_BOUND('',#3538,.T.);
#3538 = EDGE_LOOP('',(#3539));
#3539 = ORIENTED_EDGE('',*,*,#3540,.F.);
#3540 = EDGE_CURVE('',#3541,#3541,#3543,.T.);
#3541 = VERTEX_POINT('',#3542);
#3542 = CARTESIAN_POINT('',(131.0875,-121.44375,4.1));
#3543 = CIRCLE('',#3544,2.5);
#3544 = AXIS2_PLACEMENT_3D('',#3545,#3546,#3547);
#3545 = CARTESIAN_POINT('',(128.5875,-121.44375,4.1));
#3546 = DIRECTION('',(0.,0.,1.));
#3547 = DIRECTION('',(1.,0.,0.));
#3548 = FACE_BOUND('',#3549,.T.);
#3549 = EDGE_LOOP('',(#3550));
#3550 = ORIENTED_EDGE('',*,*,#3551,.F.);
#3551 = EDGE_CURVE('',#3552,#3552,#3554,.T.);
#3552 = VERTEX_POINT('',#3553);
#3553 = CARTESIAN_POINT('',(78.7,-107.359375,4.1));
#3554 = CIRCLE('',#3555,2.5);
#3555 = AXIS2_PLACEMENT_3D('',#3556,#3557,#3558);
#3556 = CARTESIAN_POINT('',(76.2,-107.359375,4.1));
#3557 = DIRECTION('',(0.,0.,1.));
#3558 = DIRECTION('',(1.,0.,0.));
#3559 = FACE_BOUND('',#3560,.T.);
#3560 = EDGE_LOOP('',(#3561));
#3561 = ORIENTED_EDGE('',*,*,#3562,.F.);
#3562 = EDGE_CURVE('',#3563,#3563,#3565,.T.);
#3563 = VERTEX_POINT('',#3564);
#3564 = CARTESIAN_POINT('',(170.378125,-42.8625,4.1));
#3565 = CIRCLE('',#3566,2.5);
#3566 = AXIS2_PLACEMENT_3D('',#3567,#3568,#3569);
#3567 = CARTESIAN_POINT('',(167.878125,-42.8625,4.1));
#3568 = DIRECTION('',(0.,0.,1.));
#3569 = DIRECTION('',(1.,0.,0.));
#3570 = PLANE('',#3571);
#3571 = AXIS2_PLACEMENT_3D('',#3572,#3573,#3574);
#3572 = CARTESIAN_POINT('',(127.96296046318,-93.77988166074,4.1));
#3573 = DIRECTION('',(0.,0.,1.));
#3574 = DIRECTION('',(1.,0.,0.));
#3575 = ADVANCED_FACE('',(#3576),#3587,.F.);
#3576 = FACE_BOUND('',#3577,.F.);
#3577 = EDGE_LOOP('',(#3578,#3579,#3585,#3586));
#3578 = ORIENTED_EDGE('',*,*,#1404,.T.);
#3579 = ORIENTED_EDGE('',*,*,#3580,.T.);
#3580 = EDGE_CURVE('',#1397,#2298,#3581,.T.);
#3581 = LINE('',#3582,#3583);
#3582 = CARTESIAN_POINT('',(154.17114299999,-36.02129799999,3.399095));
#3583 = VECTOR('',#3584,1.);
#3584 = DIRECTION('',(1.,-9.908916924758E-14,1.069726033546E-29));
#3585 = ORIENTED_EDGE('',*,*,#2297,.F.);
#3586 = ORIENTED_EDGE('',*,*,#1362,.F.);
#3587 = PLANE('',#3588);
#3588 = AXIS2_PLACEMENT_3D('',#3589,#3590,#3591);
#3589 = CARTESIAN_POINT('',(154.17114299999,-35.02129799999,3.399095));
#3590 = DIRECTION('',(1.130495510247E-29,2.22044604925E-16,1.));
#3591 = DIRECTION('',(1.,-9.908916924758E-14,1.069726033546E-29));
#3592 = ADVANCED_FACE('',(#3593),#3604,.T.);
#3593 = FACE_BOUND('',#3594,.T.);
#3594 = EDGE_LOOP('',(#3595,#3596,#3597,#3603));
#3595 = ORIENTED_EDGE('',*,*,#3580,.T.);
#3596 = ORIENTED_EDGE('',*,*,#2305,.T.);
#3597 = ORIENTED_EDGE('',*,*,#3598,.T.);
#3598 = EDGE_CURVE('',#2273,#1389,#3599,.T.);
#3599 = LINE('',#3600,#3601);
#3600 = CARTESIAN_POINT('',(148.19754931339,-36.02129799999,2.7));
#3601 = VECTOR('',#3602,1.);
#3602 = DIRECTION('',(-1.,1.000974763548E-13,0.));
#3603 = ORIENTED_EDGE('',*,*,#1396,.T.);
#3604 = PLANE('',#3605);
#3605 = AXIS2_PLACEMENT_3D('',#3606,#3607,#3608);
#3606 = CARTESIAN_POINT('',(158.05519899999,-36.02129799999,-9.9345E-03)
  );
#3607 = DIRECTION('',(9.878670063214E-14,1.,0.));
#3608 = DIRECTION('',(1.,-9.878670063214E-14,0.));
#3609 = ADVANCED_FACE('',(#3610,#3649,#3683,#3717,#3728,#3739,#3773,
    #3807,#3841,#3875,#3909,#3943,#3977,#4011,#4045,#4079,#4113,#4147,
    #4181,#4192,#4226,#4260,#4294,#4305,#4339,#4373,#4407,#4441,#4475,
    #4509,#4543,#4577,#4611,#4645,#4679,#4713),#4724,.F.);
#3610 = FACE_BOUND('',#3611,.F.);
#3611 = EDGE_LOOP('',(#3612,#3613,#3614,#3615,#3616,#3617,#3618,#3619,
    #3620,#3621,#3622,#3623,#3624,#3625,#3626,#3627,#3628,#3629,#3630,
    #3631,#3632,#3633,#3634,#3635,#3636,#3637,#3638,#3639,#3640,#3641,
    #3642,#3643,#3644,#3645,#3646,#3647,#3648));
#3612 = ORIENTED_EDGE('',*,*,#1516,.F.);
#3613 = ORIENTED_EDGE('',*,*,#1540,.T.);
#3614 = ORIENTED_EDGE('',*,*,#1565,.F.);
#3615 = ORIENTED_EDGE('',*,*,#1589,.T.);
#3616 = ORIENTED_EDGE('',*,*,#1614,.F.);
#3617 = ORIENTED_EDGE('',*,*,#1638,.F.);
#3618 = ORIENTED_EDGE('',*,*,#1663,.F.);
#3619 = ORIENTED_EDGE('',*,*,#1687,.T.);
#3620 = ORIENTED_EDGE('',*,*,#1712,.F.);
#3621 = ORIENTED_EDGE('',*,*,#1737,.F.);
#3622 = ORIENTED_EDGE('',*,*,#1762,.F.);
#3623 = ORIENTED_EDGE('',*,*,#1787,.T.);
#3624 = ORIENTED_EDGE('',*,*,#1812,.F.);
#3625 = ORIENTED_EDGE('',*,*,#1836,.T.);
#3626 = ORIENTED_EDGE('',*,*,#1861,.F.);
#3627 = ORIENTED_EDGE('',*,*,#1885,.F.);
#3628 = ORIENTED_EDGE('',*,*,#1909,.F.);
#3629 = ORIENTED_EDGE('',*,*,#1933,.F.);
#3630 = ORIENTED_EDGE('',*,*,#1957,.F.);
#3631 = ORIENTED_EDGE('',*,*,#1981,.F.);
#3632 = ORIENTED_EDGE('',*,*,#2005,.F.);
#3633 = ORIENTED_EDGE('',*,*,#2029,.F.);
#3634 = ORIENTED_EDGE('',*,*,#2053,.F.);
#3635 = ORIENTED_EDGE('',*,*,#2077,.F.);
#3636 = ORIENTED_EDGE('',*,*,#2101,.F.);
#3637 = ORIENTED_EDGE('',*,*,#2125,.T.);
#3638 = ORIENTED_EDGE('',*,*,#2149,.T.);
#3639 = ORIENTED_EDGE('',*,*,#2174,.F.);
#3640 = ORIENTED_EDGE('',*,*,#2198,.F.);
#3641 = ORIENTED_EDGE('',*,*,#2223,.T.);
#3642 = ORIENTED_EDGE('',*,*,#2247,.T.);
#3643 = ORIENTED_EDGE('',*,*,#2272,.T.);
#3644 = ORIENTED_EDGE('',*,*,#3598,.T.);
#3645 = ORIENTED_EDGE('',*,*,#1418,.T.);
#3646 = ORIENTED_EDGE('',*,*,#1442,.T.);
#3647 = ORIENTED_EDGE('',*,*,#1467,.F.);
#3648 = ORIENTED_EDGE('',*,*,#1491,.F.);
#3649 = FACE_BOUND('',#3650,.F.);
#3650 = EDGE_LOOP('',(#3651,#3661,#3669,#3677));
#3651 = ORIENTED_EDGE('',*,*,#3652,.F.);
#3652 = EDGE_CURVE('',#3653,#3655,#3657,.T.);
#3653 = VERTEX_POINT('',#3654);
#3654 = CARTESIAN_POINT('',(59.675,-109.884376,2.7));
#3655 = VERTEX_POINT('',#3656);
#3656 = CARTESIAN_POINT('',(59.675,-123.884376,2.7));
#3657 = LINE('',#3658,#3659);
#3658 = CARTESIAN_POINT('',(59.675,-109.884376,2.7));
#3659 = VECTOR('',#3660,1.);
#3660 = DIRECTION('',(0.,-1.,0.));
#3661 = ORIENTED_EDGE('',*,*,#3662,.F.);
#3662 = EDGE_CURVE('',#3663,#3653,#3665,.T.);
#3663 = VERTEX_POINT('',#3664);
#3664 = CARTESIAN_POINT('',(73.675,-109.884376,2.7));
#3665 = LINE('',#3666,#3667);
#3666 = CARTESIAN_POINT('',(73.675,-109.884376,2.7));
#3667 = VECTOR('',#3668,1.);
#3668 = DIRECTION('',(-1.,0.,0.));
#3669 = ORIENTED_EDGE('',*,*,#3670,.F.);
#3670 = EDGE_CURVE('',#3671,#3663,#3673,.T.);
#3671 = VERTEX_POINT('',#3672);
#3672 = CARTESIAN_POINT('',(73.675,-123.884376,2.7));
#3673 = LINE('',#3674,#3675);
#3674 = CARTESIAN_POINT('',(73.675,-123.884376,2.7));
#3675 = VECTOR('',#3676,1.);
#3676 = DIRECTION('',(0.,1.,0.));
#3677 = ORIENTED_EDGE('',*,*,#3678,.F.);
#3678 = EDGE_CURVE('',#3655,#3671,#3679,.T.);
#3679 = LINE('',#3680,#3681);
#3680 = CARTESIAN_POINT('',(59.675,-123.884376,2.7));
#3681 = VECTOR('',#3682,1.);
#3682 = DIRECTION('',(1.,0.,0.));
#3683 = FACE_BOUND('',#3684,.F.);
#3684 = EDGE_LOOP('',(#3685,#3695,#3703,#3711));
#3685 = ORIENTED_EDGE('',*,*,#3686,.F.);
#3686 = EDGE_CURVE('',#3687,#3689,#3691,.T.);
#3687 = VERTEX_POINT('',#3688);
#3688 = CARTESIAN_POINT('',(92.725,-121.503126,2.7));
#3689 = VERTEX_POINT('',#3690);
#3690 = CARTESIAN_POINT('',(92.725,-107.503126,2.7));
#3691 = LINE('',#3692,#3693);
#3692 = CARTESIAN_POINT('',(92.725,-121.503126,2.7));
#3693 = VECTOR('',#3694,1.);
#3694 = DIRECTION('',(0.,1.,0.));
#3695 = ORIENTED_EDGE('',*,*,#3696,.F.);
#3696 = EDGE_CURVE('',#3697,#3687,#3699,.T.);
#3697 = VERTEX_POINT('',#3698);
#3698 = CARTESIAN_POINT('',(78.725,-121.503126,2.7));
#3699 = LINE('',#3700,#3701);
#3700 = CARTESIAN_POINT('',(78.725,-121.503126,2.7));
#3701 = VECTOR('',#3702,1.);
#3702 = DIRECTION('',(1.,0.,0.));
#3703 = ORIENTED_EDGE('',*,*,#3704,.F.);
#3704 = EDGE_CURVE('',#3705,#3697,#3707,.T.);
#3705 = VERTEX_POINT('',#3706);
#3706 = CARTESIAN_POINT('',(78.725,-107.503126,2.7));
#3707 = LINE('',#3708,#3709);
#3708 = CARTESIAN_POINT('',(78.725,-107.503126,2.7));
#3709 = VECTOR('',#3710,1.);
#3710 = DIRECTION('',(0.,-1.,0.));
#3711 = ORIENTED_EDGE('',*,*,#3712,.F.);
#3712 = EDGE_CURVE('',#3689,#3705,#3713,.T.);
#3713 = LINE('',#3714,#3715);
#3714 = CARTESIAN_POINT('',(92.725,-107.503126,2.7));
#3715 = VECTOR('',#3716,1.);
#3716 = DIRECTION('',(-1.,0.,0.));
#3717 = FACE_BOUND('',#3718,.F.);
#3718 = EDGE_LOOP('',(#3719));
#3719 = ORIENTED_EDGE('',*,*,#3720,.F.);
#3720 = EDGE_CURVE('',#3721,#3721,#3723,.T.);
#3721 = VERTEX_POINT('',#3722);
#3722 = CARTESIAN_POINT('',(78.7,-107.359375,2.7));
#3723 = CIRCLE('',#3724,2.5);
#3724 = AXIS2_PLACEMENT_3D('',#3725,#3726,#3727);
#3725 = CARTESIAN_POINT('',(76.2,-107.359375,2.7));
#3726 = DIRECTION('',(0.,0.,1.));
#3727 = DIRECTION('',(1.,0.,0.));
#3728 = FACE_BOUND('',#3729,.F.);
#3729 = EDGE_LOOP('',(#3730));
#3730 = ORIENTED_EDGE('',*,*,#3731,.F.);
#3731 = EDGE_CURVE('',#3732,#3732,#3734,.T.);
#3732 = VERTEX_POINT('',#3733);
#3733 = CARTESIAN_POINT('',(131.0875,-121.44375,2.7));
#3734 = CIRCLE('',#3735,2.5);
#3735 = AXIS2_PLACEMENT_3D('',#3736,#3737,#3738);
#3736 = CARTESIAN_POINT('',(128.5875,-121.44375,2.7));
#3737 = DIRECTION('',(0.,0.,1.));
#3738 = DIRECTION('',(1.,0.,0.));
#3739 = FACE_BOUND('',#3740,.F.);
#3740 = EDGE_LOOP('',(#3741,#3751,#3759,#3767));
#3741 = ORIENTED_EDGE('',*,*,#3742,.F.);
#3742 = EDGE_CURVE('',#3743,#3745,#3747,.T.);
#3743 = VERTEX_POINT('',#3744);
#3744 = CARTESIAN_POINT('',(97.775,-100.473752,2.7));
#3745 = VERTEX_POINT('',#3746);
#3746 = CARTESIAN_POINT('',(97.775,-114.473752,2.7));
#3747 = LINE('',#3748,#3749);
#3748 = CARTESIAN_POINT('',(97.775,-100.473752,2.7));
#3749 = VECTOR('',#3750,1.);
#3750 = DIRECTION('',(0.,-1.,0.));
#3751 = ORIENTED_EDGE('',*,*,#3752,.F.);
#3752 = EDGE_CURVE('',#3753,#3743,#3755,.T.);
#3753 = VERTEX_POINT('',#3754);
#3754 = CARTESIAN_POINT('',(111.775,-100.473752,2.7));
#3755 = LINE('',#3756,#3757);
#3756 = CARTESIAN_POINT('',(111.775,-100.473752,2.7));
#3757 = VECTOR('',#3758,1.);
#3758 = DIRECTION('',(-1.,0.,0.));
#3759 = ORIENTED_EDGE('',*,*,#3760,.F.);
#3760 = EDGE_CURVE('',#3761,#3753,#3763,.T.);
#3761 = VERTEX_POINT('',#3762);
#3762 = CARTESIAN_POINT('',(111.775,-114.473752,2.7));
#3763 = LINE('',#3764,#3765);
#3764 = CARTESIAN_POINT('',(111.775,-114.473752,2.7));
#3765 = VECTOR('',#3766,1.);
#3766 = DIRECTION('',(0.,1.,0.));
#3767 = ORIENTED_EDGE('',*,*,#3768,.F.);
#3768 = EDGE_CURVE('',#3745,#3761,#3769,.T.);
#3769 = LINE('',#3770,#3771);
#3770 = CARTESIAN_POINT('',(97.775,-114.473752,2.7));
#3771 = VECTOR('',#3772,1.);
#3772 = DIRECTION('',(1.,0.,0.));
#3773 = FACE_BOUND('',#3774,.F.);
#3774 = EDGE_LOOP('',(#3775,#3785,#3793,#3801));
#3775 = ORIENTED_EDGE('',*,*,#3776,.F.);
#3776 = EDGE_CURVE('',#3777,#3779,#3781,.T.);
#3777 = VERTEX_POINT('',#3778);
#3778 = CARTESIAN_POINT('',(116.825,-97.775,2.7));
#3779 = VERTEX_POINT('',#3780);
#3780 = CARTESIAN_POINT('',(116.825,-111.775,2.7));
#3781 = LINE('',#3782,#3783);
#3782 = CARTESIAN_POINT('',(116.825,-97.775,2.7));
#3783 = VECTOR('',#3784,1.);
#3784 = DIRECTION('',(0.,-1.,0.));
#3785 = ORIENTED_EDGE('',*,*,#3786,.F.);
#3786 = EDGE_CURVE('',#3787,#3777,#3789,.T.);
#3787 = VERTEX_POINT('',#3788);
#3788 = CARTESIAN_POINT('',(130.825,-97.775,2.7));
#3789 = LINE('',#3790,#3791);
#3790 = CARTESIAN_POINT('',(130.825,-97.775,2.7));
#3791 = VECTOR('',#3792,1.);
#3792 = DIRECTION('',(-1.,0.,0.));
#3793 = ORIENTED_EDGE('',*,*,#3794,.F.);
#3794 = EDGE_CURVE('',#3795,#3787,#3797,.T.);
#3795 = VERTEX_POINT('',#3796);
#3796 = CARTESIAN_POINT('',(130.825,-111.775,2.7));
#3797 = LINE('',#3798,#3799);
#3798 = CARTESIAN_POINT('',(130.825,-111.775,2.7));
#3799 = VECTOR('',#3800,1.);
#3800 = DIRECTION('',(0.,1.,0.));
#3801 = ORIENTED_EDGE('',*,*,#3802,.F.);
#3802 = EDGE_CURVE('',#3779,#3795,#3803,.T.);
#3803 = LINE('',#3804,#3805);
#3804 = CARTESIAN_POINT('',(116.825,-111.775,2.7));
#3805 = VECTOR('',#3806,1.);
#3806 = DIRECTION('',(1.,0.,0.));
#3807 = FACE_BOUND('',#3808,.F.);
#3808 = EDGE_LOOP('',(#3809,#3819,#3827,#3835));
#3809 = ORIENTED_EDGE('',*,*,#3810,.T.);
#3810 = EDGE_CURVE('',#3811,#3813,#3815,.T.);
#3811 = VERTEX_POINT('',#3812);
#3812 = CARTESIAN_POINT('',(132.910297,-138.522648,2.7));
#3813 = VERTEX_POINT('',#3814);
#3814 = CARTESIAN_POINT('',(134.130477,-124.575922,2.7));
#3815 = LINE('',#3816,#3817);
#3816 = CARTESIAN_POINT('',(132.910297,-138.522648,2.7));
#3817 = VECTOR('',#3818,1.);
#3818 = DIRECTION('',(8.715571309589E-02,0.996194700686,0.));
#3819 = ORIENTED_EDGE('',*,*,#3820,.T.);
#3820 = EDGE_CURVE('',#3813,#3821,#3823,.T.);
#3821 = VERTEX_POINT('',#3822);
#3822 = CARTESIAN_POINT('',(148.077203,-125.796102,2.7));
#3823 = LINE('',#3824,#3825);
#3824 = CARTESIAN_POINT('',(134.130477,-124.575922,2.7));
#3825 = VECTOR('',#3826,1.);
#3826 = DIRECTION('',(0.996194700686,-8.715571309589E-02,0.));
#3827 = ORIENTED_EDGE('',*,*,#3828,.T.);
#3828 = EDGE_CURVE('',#3821,#3829,#3831,.T.);
#3829 = VERTEX_POINT('',#3830);
#3830 = CARTESIAN_POINT('',(146.857023,-139.742828,2.7));
#3831 = LINE('',#3832,#3833);
#3832 = CARTESIAN_POINT('',(148.077203,-125.796102,2.7));
#3833 = VECTOR('',#3834,1.);
#3834 = DIRECTION('',(-8.715571309589E-02,-0.996194700686,0.));
#3835 = ORIENTED_EDGE('',*,*,#3836,.T.);
#3836 = EDGE_CURVE('',#3829,#3811,#3837,.T.);
#3837 = LINE('',#3838,#3839);
#3838 = CARTESIAN_POINT('',(146.857023,-139.742828,2.7));
#3839 = VECTOR('',#3840,1.);
#3840 = DIRECTION('',(-0.996194700686,8.715571309589E-02,0.));
#3841 = FACE_BOUND('',#3842,.F.);
#3842 = EDGE_LOOP('',(#3843,#3853,#3861,#3869));
#3843 = ORIENTED_EDGE('',*,*,#3844,.T.);
#3844 = EDGE_CURVE('',#3845,#3847,#3849,.T.);
#3845 = VERTEX_POINT('',#3846);
#3846 = CARTESIAN_POINT('',(152.431118,-140.995453,2.7));
#3847 = VERTEX_POINT('',#3848);
#3848 = CARTESIAN_POINT('',(157.2194,-127.839757,2.7));
#3849 = LINE('',#3850,#3851);
#3850 = CARTESIAN_POINT('',(152.431118,-140.995453,2.7));
#3851 = VECTOR('',#3852,1.);
#3852 = DIRECTION('',(0.342020158775,0.939692615163,0.));
#3853 = ORIENTED_EDGE('',*,*,#3854,.T.);
#3854 = EDGE_CURVE('',#3847,#3855,#3857,.T.);
#3855 = VERTEX_POINT('',#3856);
#3856 = CARTESIAN_POINT('',(170.375096,-132.628039,2.7));
#3857 = LINE('',#3858,#3859);
#3858 = CARTESIAN_POINT('',(157.2194,-127.839757,2.7));
#3859 = VECTOR('',#3860,1.);
#3860 = DIRECTION('',(0.939692615163,-0.342020158775,0.));
#3861 = ORIENTED_EDGE('',*,*,#3862,.T.);
#3862 = EDGE_CURVE('',#3855,#3863,#3865,.T.);
#3863 = VERTEX_POINT('',#3864);
#3864 = CARTESIAN_POINT('',(165.586814,-145.783735,2.7));
#3865 = LINE('',#3866,#3867);
#3866 = CARTESIAN_POINT('',(170.375096,-132.628039,2.7));
#3867 = VECTOR('',#3868,1.);
#3868 = DIRECTION('',(-0.342020158775,-0.939692615163,0.));
#3869 = ORIENTED_EDGE('',*,*,#3870,.T.);
#3870 = EDGE_CURVE('',#3863,#3845,#3871,.T.);
#3871 = LINE('',#3872,#3873);
#3872 = CARTESIAN_POINT('',(165.586814,-145.783735,2.7));
#3873 = VECTOR('',#3874,1.);
#3874 = DIRECTION('',(-0.939692615163,0.342020158775,0.));
#3875 = FACE_BOUND('',#3876,.F.);
#3876 = EDGE_LOOP('',(#3877,#3887,#3895,#3903));
#3877 = ORIENTED_EDGE('',*,*,#3878,.T.);
#3878 = EDGE_CURVE('',#3879,#3881,#3883,.T.);
#3879 = VERTEX_POINT('',#3880);
#3880 = CARTESIAN_POINT('',(170.560881,-148.119407,2.7));
#3881 = VERTEX_POINT('',#3882);
#3882 = CARTESIAN_POINT('',(177.560881,-135.995051,2.7));
#3883 = LINE('',#3884,#3885);
#3884 = CARTESIAN_POINT('',(170.560881,-148.119407,2.7));
#3885 = VECTOR('',#3886,1.);
#3886 = DIRECTION('',(0.499999989267,0.866025409981,0.));
#3887 = ORIENTED_EDGE('',*,*,#3888,.T.);
#3888 = EDGE_CURVE('',#3881,#3889,#3891,.T.);
#3889 = VERTEX_POINT('',#3890);
#3890 = CARTESIAN_POINT('',(189.685237,-142.995051,2.7));
#3891 = LINE('',#3892,#3893);
#3892 = CARTESIAN_POINT('',(177.560881,-135.995051,2.7));
#3893 = VECTOR('',#3894,1.);
#3894 = DIRECTION('',(0.866025409981,-0.499999989267,0.));
#3895 = ORIENTED_EDGE('',*,*,#3896,.T.);
#3896 = EDGE_CURVE('',#3889,#3897,#3899,.T.);
#3897 = VERTEX_POINT('',#3898);
#3898 = CARTESIAN_POINT('',(182.685237,-155.119407,2.7));
#3899 = LINE('',#3900,#3901);
#3900 = CARTESIAN_POINT('',(189.685237,-142.995051,2.7));
#3901 = VECTOR('',#3902,1.);
#3902 = DIRECTION('',(-0.499999989267,-0.866025409981,0.));
#3903 = ORIENTED_EDGE('',*,*,#3904,.T.);
#3904 = EDGE_CURVE('',#3897,#3879,#3905,.T.);
#3905 = LINE('',#3906,#3907);
#3906 = CARTESIAN_POINT('',(182.685237,-155.119407,2.7));
#3907 = VECTOR('',#3908,1.);
#3908 = DIRECTION('',(-0.866025409981,0.499999989267,0.));
#3909 = FACE_BOUND('',#3910,.F.);
#3910 = EDGE_LOOP('',(#3911,#3921,#3929,#3937));
#3911 = ORIENTED_EDGE('',*,*,#3912,.T.);
#3912 = EDGE_CURVE('',#3913,#3915,#3917,.T.);
#3913 = VERTEX_POINT('',#3914);
#3914 = CARTESIAN_POINT('',(180.076875,-131.625162,2.7));
#3915 = VERTEX_POINT('',#3916);
#3916 = CARTESIAN_POINT('',(187.076875,-119.500806,2.7));
#3917 = LINE('',#3918,#3919);
#3918 = CARTESIAN_POINT('',(180.076875,-131.625162,2.7));
#3919 = VECTOR('',#3920,1.);
#3920 = DIRECTION('',(0.499999989267,0.866025409981,0.));
#3921 = ORIENTED_EDGE('',*,*,#3922,.T.);
#3922 = EDGE_CURVE('',#3915,#3923,#3925,.T.);
#3923 = VERTEX_POINT('',#3924);
#3924 = CARTESIAN_POINT('',(199.201231,-126.500806,2.7));
#3925 = LINE('',#3926,#3927);
#3926 = CARTESIAN_POINT('',(187.076875,-119.500806,2.7));
#3927 = VECTOR('',#3928,1.);
#3928 = DIRECTION('',(0.866025409981,-0.499999989267,0.));
#3929 = ORIENTED_EDGE('',*,*,#3930,.T.);
#3930 = EDGE_CURVE('',#3923,#3931,#3933,.T.);
#3931 = VERTEX_POINT('',#3932);
#3932 = CARTESIAN_POINT('',(192.201231,-138.625162,2.7));
#3933 = LINE('',#3934,#3935);
#3934 = CARTESIAN_POINT('',(199.201231,-126.500806,2.7));
#3935 = VECTOR('',#3936,1.);
#3936 = DIRECTION('',(-0.499999989267,-0.866025409981,0.));
#3937 = ORIENTED_EDGE('',*,*,#3938,.T.);
#3938 = EDGE_CURVE('',#3931,#3913,#3939,.T.);
#3939 = LINE('',#3940,#3941);
#3940 = CARTESIAN_POINT('',(192.201231,-138.625162,2.7));
#3941 = VECTOR('',#3942,1.);
#3942 = DIRECTION('',(-0.866025409981,0.499999989267,0.));
#3943 = FACE_BOUND('',#3944,.F.);
#3944 = EDGE_LOOP('',(#3945,#3955,#3963,#3971));
#3945 = ORIENTED_EDGE('',*,*,#3946,.F.);
#3946 = EDGE_CURVE('',#3947,#3949,#3951,.T.);
#3947 = VERTEX_POINT('',#3948);
#3948 = CARTESIAN_POINT('',(154.925,-107.3,2.7));
#3949 = VERTEX_POINT('',#3950);
#3950 = CARTESIAN_POINT('',(154.925,-121.3,2.7));
#3951 = LINE('',#3952,#3953);
#3952 = CARTESIAN_POINT('',(154.925,-107.3,2.7));
#3953 = VECTOR('',#3954,1.);
#3954 = DIRECTION('',(0.,-1.,0.));
#3955 = ORIENTED_EDGE('',*,*,#3956,.F.);
#3956 = EDGE_CURVE('',#3957,#3947,#3959,.T.);
#3957 = VERTEX_POINT('',#3958);
#3958 = CARTESIAN_POINT('',(168.925,-107.3,2.7));
#3959 = LINE('',#3960,#3961);
#3960 = CARTESIAN_POINT('',(168.925,-107.3,2.7));
#3961 = VECTOR('',#3962,1.);
#3962 = DIRECTION('',(-1.,0.,0.));
#3963 = ORIENTED_EDGE('',*,*,#3964,.F.);
#3964 = EDGE_CURVE('',#3965,#3957,#3967,.T.);
#3965 = VERTEX_POINT('',#3966);
#3966 = CARTESIAN_POINT('',(168.925,-121.3,2.7));
#3967 = LINE('',#3968,#3969);
#3968 = CARTESIAN_POINT('',(168.925,-121.3,2.7));
#3969 = VECTOR('',#3970,1.);
#3970 = DIRECTION('',(0.,1.,0.));
#3971 = ORIENTED_EDGE('',*,*,#3972,.F.);
#3972 = EDGE_CURVE('',#3949,#3965,#3973,.T.);
#3973 = LINE('',#3974,#3975);
#3974 = CARTESIAN_POINT('',(154.925,-121.3,2.7));
#3975 = VECTOR('',#3976,1.);
#3976 = DIRECTION('',(1.,0.,0.));
#3977 = FACE_BOUND('',#3978,.F.);
#3978 = EDGE_LOOP('',(#3979,#3989,#3997,#4005));
#3979 = ORIENTED_EDGE('',*,*,#3980,.F.);
#3980 = EDGE_CURVE('',#3981,#3983,#3985,.T.);
#3981 = VERTEX_POINT('',#3982);
#3982 = CARTESIAN_POINT('',(135.875,-103.728125,2.7));
#3983 = VERTEX_POINT('',#3984);
#3984 = CARTESIAN_POINT('',(135.875,-117.728125,2.7));
#3985 = LINE('',#3986,#3987);
#3986 = CARTESIAN_POINT('',(135.875,-103.728125,2.7));
#3987 = VECTOR('',#3988,1.);
#3988 = DIRECTION('',(0.,-1.,0.));
#3989 = ORIENTED_EDGE('',*,*,#3990,.F.);
#3990 = EDGE_CURVE('',#3991,#3981,#3993,.T.);
#3991 = VERTEX_POINT('',#3992);
#3992 = CARTESIAN_POINT('',(149.875,-103.728125,2.7));
#3993 = LINE('',#3994,#3995);
#3994 = CARTESIAN_POINT('',(149.875,-103.728125,2.7));
#3995 = VECTOR('',#3996,1.);
#3996 = DIRECTION('',(-1.,0.,0.));
#3997 = ORIENTED_EDGE('',*,*,#3998,.F.);
#3998 = EDGE_CURVE('',#3999,#3991,#4001,.T.);
#3999 = VERTEX_POINT('',#4000);
#4000 = CARTESIAN_POINT('',(149.875,-117.728125,2.7));
#4001 = LINE('',#4002,#4003);
#4002 = CARTESIAN_POINT('',(149.875,-117.728125,2.7));
#4003 = VECTOR('',#4004,1.);
#4004 = DIRECTION('',(0.,1.,0.));
#4005 = ORIENTED_EDGE('',*,*,#4006,.F.);
#4006 = EDGE_CURVE('',#3983,#3999,#4007,.T.);
#4007 = LINE('',#4008,#4009);
#4008 = CARTESIAN_POINT('',(135.875,-117.728125,2.7));
#4009 = VECTOR('',#4010,1.);
#4010 = DIRECTION('',(1.,0.,0.));
#4011 = FACE_BOUND('',#4012,.F.);
#4012 = EDGE_LOOP('',(#4013,#4023,#4031,#4039));
#4013 = ORIENTED_EDGE('',*,*,#4014,.F.);
#4014 = EDGE_CURVE('',#4015,#4017,#4019,.T.);
#4015 = VERTEX_POINT('',#4016);
#4016 = CARTESIAN_POINT('',(173.975,-99.168751,2.7));
#4017 = VERTEX_POINT('',#4018);
#4018 = CARTESIAN_POINT('',(173.975,-113.168751,2.7));
#4019 = LINE('',#4020,#4021);
#4020 = CARTESIAN_POINT('',(173.975,-99.168751,2.7));
#4021 = VECTOR('',#4022,1.);
#4022 = DIRECTION('',(0.,-1.,0.));
#4023 = ORIENTED_EDGE('',*,*,#4024,.F.);
#4024 = EDGE_CURVE('',#4025,#4015,#4027,.T.);
#4025 = VERTEX_POINT('',#4026);
#4026 = CARTESIAN_POINT('',(187.975,-99.168751,2.7));
#4027 = LINE('',#4028,#4029);
#4028 = CARTESIAN_POINT('',(187.975,-99.168751,2.7));
#4029 = VECTOR('',#4030,1.);
#4030 = DIRECTION('',(-1.,0.,0.));
#4031 = ORIENTED_EDGE('',*,*,#4032,.F.);
#4032 = EDGE_CURVE('',#4033,#4025,#4035,.T.);
#4033 = VERTEX_POINT('',#4034);
#4034 = CARTESIAN_POINT('',(187.975,-113.168751,2.7));
#4035 = LINE('',#4036,#4037);
#4036 = CARTESIAN_POINT('',(187.975,-113.168751,2.7));
#4037 = VECTOR('',#4038,1.);
#4038 = DIRECTION('',(0.,1.,0.));
#4039 = ORIENTED_EDGE('',*,*,#4040,.F.);
#4040 = EDGE_CURVE('',#4017,#4033,#4041,.T.);
#4041 = LINE('',#4042,#4043);
#4042 = CARTESIAN_POINT('',(173.975,-113.168751,2.7));
#4043 = VECTOR('',#4044,1.);
#4044 = DIRECTION('',(1.,0.,0.));
#4045 = FACE_BOUND('',#4046,.F.);
#4046 = EDGE_LOOP('',(#4047,#4057,#4065,#4073));
#4047 = ORIENTED_EDGE('',*,*,#4048,.F.);
#4048 = EDGE_CURVE('',#4049,#4051,#4053,.T.);
#4049 = VERTEX_POINT('',#4050);
#4050 = CARTESIAN_POINT('',(59.674999,-90.834377,2.7));
#4051 = VERTEX_POINT('',#4052);
#4052 = CARTESIAN_POINT('',(59.674999,-104.834377,2.7));
#4053 = LINE('',#4054,#4055);
#4054 = CARTESIAN_POINT('',(59.674999,-90.834377,2.7));
#4055 = VECTOR('',#4056,1.);
#4056 = DIRECTION('',(0.,-1.,0.));
#4057 = ORIENTED_EDGE('',*,*,#4058,.F.);
#4058 = EDGE_CURVE('',#4059,#4049,#4061,.T.);
#4059 = VERTEX_POINT('',#4060);
#4060 = CARTESIAN_POINT('',(73.674999,-90.834377,2.7));
#4061 = LINE('',#4062,#4063);
#4062 = CARTESIAN_POINT('',(73.674999,-90.834377,2.7));
#4063 = VECTOR('',#4064,1.);
#4064 = DIRECTION('',(-1.,0.,0.));
#4065 = ORIENTED_EDGE('',*,*,#4066,.F.);
#4066 = EDGE_CURVE('',#4067,#4059,#4069,.T.);
#4067 = VERTEX_POINT('',#4068);
#4068 = CARTESIAN_POINT('',(73.674999,-104.834377,2.7));
#4069 = LINE('',#4070,#4071);
#4070 = CARTESIAN_POINT('',(73.674999,-104.834377,2.7));
#4071 = VECTOR('',#4072,1.);
#4072 = DIRECTION('',(0.,1.,0.));
#4073 = ORIENTED_EDGE('',*,*,#4074,.F.);
#4074 = EDGE_CURVE('',#4051,#4067,#4075,.T.);
#4075 = LINE('',#4076,#4077);
#4076 = CARTESIAN_POINT('',(59.674999,-104.834377,2.7));
#4077 = VECTOR('',#4078,1.);
#4078 = DIRECTION('',(1.,0.,0.));
#4079 = FACE_BOUND('',#4080,.F.);
#4080 = EDGE_LOOP('',(#4081,#4091,#4099,#4107));
#4081 = ORIENTED_EDGE('',*,*,#4082,.F.);
#4082 = EDGE_CURVE('',#4083,#4085,#4087,.T.);
#4083 = VERTEX_POINT('',#4084);
#4084 = CARTESIAN_POINT('',(78.725,-88.453124,2.7));
#4085 = VERTEX_POINT('',#4086);
#4086 = CARTESIAN_POINT('',(78.725,-102.453124,2.7));
#4087 = LINE('',#4088,#4089);
#4088 = CARTESIAN_POINT('',(78.725,-88.453124,2.7));
#4089 = VECTOR('',#4090,1.);
#4090 = DIRECTION('',(0.,-1.,0.));
#4091 = ORIENTED_EDGE('',*,*,#4092,.F.);
#4092 = EDGE_CURVE('',#4093,#4083,#4095,.T.);
#4093 = VERTEX_POINT('',#4094);
#4094 = CARTESIAN_POINT('',(92.725,-88.453124,2.7));
#4095 = LINE('',#4096,#4097);
#4096 = CARTESIAN_POINT('',(92.725,-88.453124,2.7));
#4097 = VECTOR('',#4098,1.);
#4098 = DIRECTION('',(-1.,0.,0.));
#4099 = ORIENTED_EDGE('',*,*,#4100,.F.);
#4100 = EDGE_CURVE('',#4101,#4093,#4103,.T.);
#4101 = VERTEX_POINT('',#4102);
#4102 = CARTESIAN_POINT('',(92.725,-102.453124,2.7));
#4103 = LINE('',#4104,#4105);
#4104 = CARTESIAN_POINT('',(92.725,-102.453124,2.7));
#4105 = VECTOR('',#4106,1.);
#4106 = DIRECTION('',(0.,1.,0.));
#4107 = ORIENTED_EDGE('',*,*,#4108,.F.);
#4108 = EDGE_CURVE('',#4085,#4101,#4109,.T.);
#4109 = LINE('',#4110,#4111);
#4110 = CARTESIAN_POINT('',(78.725,-102.453124,2.7));
#4111 = VECTOR('',#4112,1.);
#4112 = DIRECTION('',(1.,0.,0.));
#4113 = FACE_BOUND('',#4114,.F.);
#4114 = EDGE_LOOP('',(#4115,#4125,#4133,#4141));
#4115 = ORIENTED_EDGE('',*,*,#4116,.F.);
#4116 = EDGE_CURVE('',#4117,#4119,#4121,.T.);
#4117 = VERTEX_POINT('',#4118);
#4118 = CARTESIAN_POINT('',(59.675,-71.784376,2.7));
#4119 = VERTEX_POINT('',#4120);
#4120 = CARTESIAN_POINT('',(59.675,-85.784376,2.7));
#4121 = LINE('',#4122,#4123);
#4122 = CARTESIAN_POINT('',(59.675,-71.784376,2.7));
#4123 = VECTOR('',#4124,1.);
#4124 = DIRECTION('',(0.,-1.,0.));
#4125 = ORIENTED_EDGE('',*,*,#4126,.F.);
#4126 = EDGE_CURVE('',#4127,#4117,#4129,.T.);
#4127 = VERTEX_POINT('',#4128);
#4128 = CARTESIAN_POINT('',(73.675,-71.784376,2.7));
#4129 = LINE('',#4130,#4131);
#4130 = CARTESIAN_POINT('',(73.675,-71.784376,2.7));
#4131 = VECTOR('',#4132,1.);
#4132 = DIRECTION('',(-1.,0.,0.));
#4133 = ORIENTED_EDGE('',*,*,#4134,.F.);
#4134 = EDGE_CURVE('',#4135,#4127,#4137,.T.);
#4135 = VERTEX_POINT('',#4136);
#4136 = CARTESIAN_POINT('',(73.675,-85.784376,2.7));
#4137 = LINE('',#4138,#4139);
#4138 = CARTESIAN_POINT('',(73.675,-85.784376,2.7));
#4139 = VECTOR('',#4140,1.);
#4140 = DIRECTION('',(0.,1.,0.));
#4141 = ORIENTED_EDGE('',*,*,#4142,.F.);
#4142 = EDGE_CURVE('',#4119,#4135,#4143,.T.);
#4143 = LINE('',#4144,#4145);
#4144 = CARTESIAN_POINT('',(59.675,-85.784376,2.7));
#4145 = VECTOR('',#4146,1.);
#4146 = DIRECTION('',(1.,0.,0.));
#4147 = FACE_BOUND('',#4148,.F.);
#4148 = EDGE_LOOP('',(#4149,#4159,#4167,#4175));
#4149 = ORIENTED_EDGE('',*,*,#4150,.F.);
#4150 = EDGE_CURVE('',#4151,#4153,#4155,.T.);
#4151 = VERTEX_POINT('',#4152);
#4152 = CARTESIAN_POINT('',(78.724997,-69.403126,2.7));
#4153 = VERTEX_POINT('',#4154);
#4154 = CARTESIAN_POINT('',(78.724997,-83.403126,2.7));
#4155 = LINE('',#4156,#4157);
#4156 = CARTESIAN_POINT('',(78.724997,-69.403126,2.7));
#4157 = VECTOR('',#4158,1.);
#4158 = DIRECTION('',(0.,-1.,0.));
#4159 = ORIENTED_EDGE('',*,*,#4160,.F.);
#4160 = EDGE_CURVE('',#4161,#4151,#4163,.T.);
#4161 = VERTEX_POINT('',#4162);
#4162 = CARTESIAN_POINT('',(92.724997,-69.403126,2.7));
#4163 = LINE('',#4164,#4165);
#4164 = CARTESIAN_POINT('',(92.724997,-69.403126,2.7));
#4165 = VECTOR('',#4166,1.);
#4166 = DIRECTION('',(-1.,0.,0.));
#4167 = ORIENTED_EDGE('',*,*,#4168,.F.);
#4168 = EDGE_CURVE('',#4169,#4161,#4171,.T.);
#4169 = VERTEX_POINT('',#4170);
#4170 = CARTESIAN_POINT('',(92.724997,-83.403126,2.7));
#4171 = LINE('',#4172,#4173);
#4172 = CARTESIAN_POINT('',(92.724997,-83.403126,2.7));
#4173 = VECTOR('',#4174,1.);
#4174 = DIRECTION('',(0.,1.,0.));
#4175 = ORIENTED_EDGE('',*,*,#4176,.F.);
#4176 = EDGE_CURVE('',#4153,#4169,#4177,.T.);
#4177 = LINE('',#4178,#4179);
#4178 = CARTESIAN_POINT('',(78.724997,-83.403126,2.7));
#4179 = VECTOR('',#4180,1.);
#4180 = DIRECTION('',(1.,0.,0.));
#4181 = FACE_BOUND('',#4182,.F.);
#4182 = EDGE_LOOP('',(#4183));
#4183 = ORIENTED_EDGE('',*,*,#4184,.F.);
#4184 = EDGE_CURVE('',#4185,#4185,#4187,.T.);
#4185 = VERTEX_POINT('',#4186);
#4186 = CARTESIAN_POINT('',(78.7,-69.259375,2.7));
#4187 = CIRCLE('',#4188,2.5);
#4188 = AXIS2_PLACEMENT_3D('',#4189,#4190,#4191);
#4189 = CARTESIAN_POINT('',(76.2,-69.259375,2.7));
#4190 = DIRECTION('',(0.,0.,1.));
#4191 = DIRECTION('',(1.,0.,0.));
#4192 = FACE_BOUND('',#4193,.F.);
#4193 = EDGE_LOOP('',(#4194,#4204,#4212,#4220));
#4194 = ORIENTED_EDGE('',*,*,#4195,.F.);
#4195 = EDGE_CURVE('',#4196,#4198,#4200,.T.);
#4196 = VERTEX_POINT('',#4197);
#4197 = CARTESIAN_POINT('',(97.775,-81.423751,2.7));
#4198 = VERTEX_POINT('',#4199);
#4199 = CARTESIAN_POINT('',(97.775,-95.423751,2.7));
#4200 = LINE('',#4201,#4202);
#4201 = CARTESIAN_POINT('',(97.775,-81.423751,2.7));
#4202 = VECTOR('',#4203,1.);
#4203 = DIRECTION('',(0.,-1.,0.));
#4204 = ORIENTED_EDGE('',*,*,#4205,.F.);
#4205 = EDGE_CURVE('',#4206,#4196,#4208,.T.);
#4206 = VERTEX_POINT('',#4207);
#4207 = CARTESIAN_POINT('',(111.775,-81.423751,2.7));
#4208 = LINE('',#4209,#4210);
#4209 = CARTESIAN_POINT('',(111.775,-81.423751,2.7));
#4210 = VECTOR('',#4211,1.);
#4211 = DIRECTION('',(-1.,0.,0.));
#4212 = ORIENTED_EDGE('',*,*,#4213,.F.);
#4213 = EDGE_CURVE('',#4214,#4206,#4216,.T.);
#4214 = VERTEX_POINT('',#4215);
#4215 = CARTESIAN_POINT('',(111.775,-95.423751,2.7));
#4216 = LINE('',#4217,#4218);
#4217 = CARTESIAN_POINT('',(111.775,-95.423751,2.7));
#4218 = VECTOR('',#4219,1.);
#4219 = DIRECTION('',(0.,1.,0.));
#4220 = ORIENTED_EDGE('',*,*,#4221,.F.);
#4221 = EDGE_CURVE('',#4198,#4214,#4222,.T.);
#4222 = LINE('',#4223,#4224);
#4223 = CARTESIAN_POINT('',(97.775,-95.423751,2.7));
#4224 = VECTOR('',#4225,1.);
#4225 = DIRECTION('',(1.,0.,0.));
#4226 = FACE_BOUND('',#4227,.F.);
#4227 = EDGE_LOOP('',(#4228,#4238,#4246,#4254));
#4228 = ORIENTED_EDGE('',*,*,#4229,.F.);
#4229 = EDGE_CURVE('',#4230,#4232,#4234,.T.);
#4230 = VERTEX_POINT('',#4231);
#4231 = CARTESIAN_POINT('',(116.825,-78.725,2.7));
#4232 = VERTEX_POINT('',#4233);
#4233 = CARTESIAN_POINT('',(116.825,-92.725,2.7));
#4234 = LINE('',#4235,#4236);
#4235 = CARTESIAN_POINT('',(116.825,-78.725,2.7));
#4236 = VECTOR('',#4237,1.);
#4237 = DIRECTION('',(0.,-1.,0.));
#4238 = ORIENTED_EDGE('',*,*,#4239,.F.);
#4239 = EDGE_CURVE('',#4240,#4230,#4242,.T.);
#4240 = VERTEX_POINT('',#4241);
#4241 = CARTESIAN_POINT('',(130.825,-78.725,2.7));
#4242 = LINE('',#4243,#4244);
#4243 = CARTESIAN_POINT('',(130.825,-78.725,2.7));
#4244 = VECTOR('',#4245,1.);
#4245 = DIRECTION('',(-1.,0.,0.));
#4246 = ORIENTED_EDGE('',*,*,#4247,.F.);
#4247 = EDGE_CURVE('',#4248,#4240,#4250,.T.);
#4248 = VERTEX_POINT('',#4249);
#4249 = CARTESIAN_POINT('',(130.825,-92.725,2.7));
#4250 = LINE('',#4251,#4252);
#4251 = CARTESIAN_POINT('',(130.825,-92.725,2.7));
#4252 = VECTOR('',#4253,1.);
#4253 = DIRECTION('',(0.,1.,0.));
#4254 = ORIENTED_EDGE('',*,*,#4255,.F.);
#4255 = EDGE_CURVE('',#4232,#4248,#4256,.T.);
#4256 = LINE('',#4257,#4258);
#4257 = CARTESIAN_POINT('',(116.825,-92.725,2.7));
#4258 = VECTOR('',#4259,1.);
#4259 = DIRECTION('',(1.,0.,0.));
#4260 = FACE_BOUND('',#4261,.F.);
#4261 = EDGE_LOOP('',(#4262,#4272,#4280,#4288));
#4262 = ORIENTED_EDGE('',*,*,#4263,.F.);
#4263 = EDGE_CURVE('',#4264,#4266,#4268,.T.);
#4264 = VERTEX_POINT('',#4265);
#4265 = CARTESIAN_POINT('',(97.775,-62.373752,2.7));
#4266 = VERTEX_POINT('',#4267);
#4267 = CARTESIAN_POINT('',(97.775,-76.373752,2.7));
#4268 = LINE('',#4269,#4270);
#4269 = CARTESIAN_POINT('',(97.775,-62.373752,2.7));
#4270 = VECTOR('',#4271,1.);
#4271 = DIRECTION('',(0.,-1.,0.));
#4272 = ORIENTED_EDGE('',*,*,#4273,.F.);
#4273 = EDGE_CURVE('',#4274,#4264,#4276,.T.);
#4274 = VERTEX_POINT('',#4275);
#4275 = CARTESIAN_POINT('',(111.775,-62.373752,2.7));
#4276 = LINE('',#4277,#4278);
#4277 = CARTESIAN_POINT('',(111.775,-62.373752,2.7));
#4278 = VECTOR('',#4279,1.);
#4279 = DIRECTION('',(-1.,0.,0.));
#4280 = ORIENTED_EDGE('',*,*,#4281,.F.);
#4281 = EDGE_CURVE('',#4282,#4274,#4284,.T.);
#4282 = VERTEX_POINT('',#4283);
#4283 = CARTESIAN_POINT('',(111.775,-76.373752,2.7));
#4284 = LINE('',#4285,#4286);
#4285 = CARTESIAN_POINT('',(111.775,-76.373752,2.7));
#4286 = VECTOR('',#4287,1.);
#4287 = DIRECTION('',(0.,1.,0.));
#4288 = ORIENTED_EDGE('',*,*,#4289,.F.);
#4289 = EDGE_CURVE('',#4266,#4282,#4290,.T.);
#4290 = LINE('',#4291,#4292);
#4291 = CARTESIAN_POINT('',(97.775,-76.373752,2.7));
#4292 = VECTOR('',#4293,1.);
#4293 = DIRECTION('',(1.,0.,0.));
#4294 = FACE_BOUND('',#4295,.F.);
#4295 = EDGE_LOOP('',(#4296));
#4296 = ORIENTED_EDGE('',*,*,#4297,.F.);
#4297 = EDGE_CURVE('',#4298,#4298,#4300,.T.);
#4298 = VERTEX_POINT('',#4299);
#4299 = CARTESIAN_POINT('',(116.270642,-78.898751,2.7));
#4300 = CIRCLE('',#4301,2.5);
#4301 = AXIS2_PLACEMENT_3D('',#4302,#4303,#4304);
#4302 = CARTESIAN_POINT('',(113.770642,-78.898751,2.7));
#4303 = DIRECTION('',(0.,0.,1.));
#4304 = DIRECTION('',(1.,0.,0.));
#4305 = FACE_BOUND('',#4306,.F.);
#4306 = EDGE_LOOP('',(#4307,#4317,#4325,#4333));
#4307 = ORIENTED_EDGE('',*,*,#4308,.F.);
#4308 = EDGE_CURVE('',#4309,#4311,#4313,.T.);
#4309 = VERTEX_POINT('',#4310);
#4310 = CARTESIAN_POINT('',(59.675,-52.734377,2.7));
#4311 = VERTEX_POINT('',#4312);
#4312 = CARTESIAN_POINT('',(59.675,-66.734377,2.7));
#4313 = LINE('',#4314,#4315);
#4314 = CARTESIAN_POINT('',(59.675,-52.734377,2.7));
#4315 = VECTOR('',#4316,1.);
#4316 = DIRECTION('',(0.,-1.,0.));
#4317 = ORIENTED_EDGE('',*,*,#4318,.F.);
#4318 = EDGE_CURVE('',#4319,#4309,#4321,.T.);
#4319 = VERTEX_POINT('',#4320);
#4320 = CARTESIAN_POINT('',(73.675,-52.734377,2.7));
#4321 = LINE('',#4322,#4323);
#4322 = CARTESIAN_POINT('',(73.675,-52.734377,2.7));
#4323 = VECTOR('',#4324,1.);
#4324 = DIRECTION('',(-1.,0.,0.));
#4325 = ORIENTED_EDGE('',*,*,#4326,.F.);
#4326 = EDGE_CURVE('',#4327,#4319,#4329,.T.);
#4327 = VERTEX_POINT('',#4328);
#4328 = CARTESIAN_POINT('',(73.675,-66.734377,2.7));
#4329 = LINE('',#4330,#4331);
#4330 = CARTESIAN_POINT('',(73.675,-66.734377,2.7));
#4331 = VECTOR('',#4332,1.);
#4332 = DIRECTION('',(0.,1.,0.));
#4333 = ORIENTED_EDGE('',*,*,#4334,.F.);
#4334 = EDGE_CURVE('',#4311,#4327,#4335,.T.);
#4335 = LINE('',#4336,#4337);
#4336 = CARTESIAN_POINT('',(59.675,-66.734377,2.7));
#4337 = VECTOR('',#4338,1.);
#4338 = DIRECTION('',(1.,0.,0.));
#4339 = FACE_BOUND('',#4340,.F.);
#4340 = EDGE_LOOP('',(#4341,#4351,#4359,#4367));
#4341 = ORIENTED_EDGE('',*,*,#4342,.F.);
#4342 = EDGE_CURVE('',#4343,#4345,#4347,.T.);
#4343 = VERTEX_POINT('',#4344);
#4344 = CARTESIAN_POINT('',(78.725,-50.353125,2.7));
#4345 = VERTEX_POINT('',#4346);
#4346 = CARTESIAN_POINT('',(78.725,-64.353125,2.7));
#4347 = LINE('',#4348,#4349);
#4348 = CARTESIAN_POINT('',(78.725,-50.353125,2.7));
#4349 = VECTOR('',#4350,1.);
#4350 = DIRECTION('',(0.,-1.,0.));
#4351 = ORIENTED_EDGE('',*,*,#4352,.F.);
#4352 = EDGE_CURVE('',#4353,#4343,#4355,.T.);
#4353 = VERTEX_POINT('',#4354);
#4354 = CARTESIAN_POINT('',(92.725,-50.353125,2.7));
#4355 = LINE('',#4356,#4357);
#4356 = CARTESIAN_POINT('',(92.725,-50.353125,2.7));
#4357 = VECTOR('',#4358,1.);
#4358 = DIRECTION('',(-1.,0.,0.));
#4359 = ORIENTED_EDGE('',*,*,#4360,.F.);
#4360 = EDGE_CURVE('',#4361,#4353,#4363,.T.);
#4361 = VERTEX_POINT('',#4362);
#4362 = CARTESIAN_POINT('',(92.725,-64.353125,2.7));
#4363 = LINE('',#4364,#4365);
#4364 = CARTESIAN_POINT('',(92.725,-64.353125,2.7));
#4365 = VECTOR('',#4366,1.);
#4366 = DIRECTION('',(0.,1.,0.));
#4367 = ORIENTED_EDGE('',*,*,#4368,.F.);
#4368 = EDGE_CURVE('',#4345,#4361,#4369,.T.);
#4369 = LINE('',#4370,#4371);
#4370 = CARTESIAN_POINT('',(78.725,-64.353125,2.7));
#4371 = VECTOR('',#4372,1.);
#4372 = DIRECTION('',(1.,0.,0.));
#4373 = FACE_BOUND('',#4374,.F.);
#4374 = EDGE_LOOP('',(#4375,#4385,#4393,#4401));
#4375 = ORIENTED_EDGE('',*,*,#4376,.F.);
#4376 = EDGE_CURVE('',#4377,#4379,#4381,.T.);
#4377 = VERTEX_POINT('',#4378);
#4378 = CARTESIAN_POINT('',(116.825,-59.675,2.7));
#4379 = VERTEX_POINT('',#4380);
#4380 = CARTESIAN_POINT('',(116.825,-73.675,2.7));
#4381 = LINE('',#4382,#4383);
#4382 = CARTESIAN_POINT('',(116.825,-59.675,2.7));
#4383 = VECTOR('',#4384,1.);
#4384 = DIRECTION('',(0.,-1.,0.));
#4385 = ORIENTED_EDGE('',*,*,#4386,.F.);
#4386 = EDGE_CURVE('',#4387,#4377,#4389,.T.);
#4387 = VERTEX_POINT('',#4388);
#4388 = CARTESIAN_POINT('',(130.825,-59.675,2.7));
#4389 = LINE('',#4390,#4391);
#4390 = CARTESIAN_POINT('',(130.825,-59.675,2.7));
#4391 = VECTOR('',#4392,1.);
#4392 = DIRECTION('',(-1.,0.,0.));
#4393 = ORIENTED_EDGE('',*,*,#4394,.F.);
#4394 = EDGE_CURVE('',#4395,#4387,#4397,.T.);
#4395 = VERTEX_POINT('',#4396);
#4396 = CARTESIAN_POINT('',(130.825,-73.675,2.7));
#4397 = LINE('',#4398,#4399);
#4398 = CARTESIAN_POINT('',(130.825,-73.675,2.7));
#4399 = VECTOR('',#4400,1.);
#4400 = DIRECTION('',(0.,1.,0.));
#4401 = ORIENTED_EDGE('',*,*,#4402,.F.);
#4402 = EDGE_CURVE('',#4379,#4395,#4403,.T.);
#4403 = LINE('',#4404,#4405);
#4404 = CARTESIAN_POINT('',(116.825,-73.675,2.7));
#4405 = VECTOR('',#4406,1.);
#4406 = DIRECTION('',(1.,0.,0.));
#4407 = FACE_BOUND('',#4408,.F.);
#4408 = EDGE_LOOP('',(#4409,#4419,#4427,#4435));
#4409 = ORIENTED_EDGE('',*,*,#4410,.F.);
#4410 = EDGE_CURVE('',#4411,#4413,#4415,.T.);
#4411 = VERTEX_POINT('',#4412);
#4412 = CARTESIAN_POINT('',(97.775,-43.323752,2.7));
#4413 = VERTEX_POINT('',#4414);
#4414 = CARTESIAN_POINT('',(97.775,-57.323752,2.7));
#4415 = LINE('',#4416,#4417);
#4416 = CARTESIAN_POINT('',(97.775,-43.323752,2.7));
#4417 = VECTOR('',#4418,1.);
#4418 = DIRECTION('',(0.,-1.,0.));
#4419 = ORIENTED_EDGE('',*,*,#4420,.F.);
#4420 = EDGE_CURVE('',#4421,#4411,#4423,.T.);
#4421 = VERTEX_POINT('',#4422);
#4422 = CARTESIAN_POINT('',(111.775,-43.323752,2.7));
#4423 = LINE('',#4424,#4425);
#4424 = CARTESIAN_POINT('',(111.775,-43.323752,2.7));
#4425 = VECTOR('',#4426,1.);
#4426 = DIRECTION('',(-1.,0.,0.));
#4427 = ORIENTED_EDGE('',*,*,#4428,.F.);
#4428 = EDGE_CURVE('',#4429,#4421,#4431,.T.);
#4429 = VERTEX_POINT('',#4430);
#4430 = CARTESIAN_POINT('',(111.775,-57.323752,2.7));
#4431 = LINE('',#4432,#4433);
#4432 = CARTESIAN_POINT('',(111.775,-57.323752,2.7));
#4433 = VECTOR('',#4434,1.);
#4434 = DIRECTION('',(0.,1.,0.));
#4435 = ORIENTED_EDGE('',*,*,#4436,.F.);
#4436 = EDGE_CURVE('',#4413,#4429,#4437,.T.);
#4437 = LINE('',#4438,#4439);
#4438 = CARTESIAN_POINT('',(97.775,-57.323752,2.7));
#4439 = VECTOR('',#4440,1.);
#4440 = DIRECTION('',(1.,0.,0.));
#4441 = FACE_BOUND('',#4442,.F.);
#4442 = EDGE_LOOP('',(#4443,#4453,#4461,#4469));
#4443 = ORIENTED_EDGE('',*,*,#4444,.F.);
#4444 = EDGE_CURVE('',#4445,#4447,#4449,.T.);
#4445 = VERTEX_POINT('',#4446);
#4446 = CARTESIAN_POINT('',(116.825,-40.625,2.7));
#4447 = VERTEX_POINT('',#4448);
#4448 = CARTESIAN_POINT('',(116.825,-54.625,2.7));
#4449 = LINE('',#4450,#4451);
#4450 = CARTESIAN_POINT('',(116.825,-40.625,2.7));
#4451 = VECTOR('',#4452,1.);
#4452 = DIRECTION('',(0.,-1.,0.));
#4453 = ORIENTED_EDGE('',*,*,#4454,.F.);
#4454 = EDGE_CURVE('',#4455,#4445,#4457,.T.);
#4455 = VERTEX_POINT('',#4456);
#4456 = CARTESIAN_POINT('',(130.825,-40.625,2.7));
#4457 = LINE('',#4458,#4459);
#4458 = CARTESIAN_POINT('',(130.825,-40.625,2.7));
#4459 = VECTOR('',#4460,1.);
#4460 = DIRECTION('',(-1.,0.,0.));
#4461 = ORIENTED_EDGE('',*,*,#4462,.F.);
#4462 = EDGE_CURVE('',#4463,#4455,#4465,.T.);
#4463 = VERTEX_POINT('',#4464);
#4464 = CARTESIAN_POINT('',(130.825,-54.625,2.7));
#4465 = LINE('',#4466,#4467);
#4466 = CARTESIAN_POINT('',(130.825,-54.625,2.7));
#4467 = VECTOR('',#4468,1.);
#4468 = DIRECTION('',(0.,1.,0.));
#4469 = ORIENTED_EDGE('',*,*,#4470,.F.);
#4470 = EDGE_CURVE('',#4447,#4463,#4471,.T.);
#4471 = LINE('',#4472,#4473);
#4472 = CARTESIAN_POINT('',(116.825,-54.625,2.7));
#4473 = VECTOR('',#4474,1.);
#4474 = DIRECTION('',(1.,0.,0.));
#4475 = FACE_BOUND('',#4476,.F.);
#4476 = EDGE_LOOP('',(#4477,#4487,#4495,#4503));
#4477 = ORIENTED_EDGE('',*,*,#4478,.F.);
#4478 = EDGE_CURVE('',#4479,#4481,#4483,.T.);
#4479 = VERTEX_POINT('',#4480);
#4480 = CARTESIAN_POINT('',(135.875,-84.678125,2.7));
#4481 = VERTEX_POINT('',#4482);
#4482 = CARTESIAN_POINT('',(135.875,-98.678125,2.7));
#4483 = LINE('',#4484,#4485);
#4484 = CARTESIAN_POINT('',(135.875,-84.678125,2.7));
#4485 = VECTOR('',#4486,1.);
#4486 = DIRECTION('',(0.,-1.,0.));
#4487 = ORIENTED_EDGE('',*,*,#4488,.F.);
#4488 = EDGE_CURVE('',#4489,#4479,#4491,.T.);
#4489 = VERTEX_POINT('',#4490);
#4490 = CARTESIAN_POINT('',(149.875,-84.678125,2.7));
#4491 = LINE('',#4492,#4493);
#4492 = CARTESIAN_POINT('',(149.875,-84.678125,2.7));
#4493 = VECTOR('',#4494,1.);
#4494 = DIRECTION('',(-1.,0.,0.));
#4495 = ORIENTED_EDGE('',*,*,#4496,.F.);
#4496 = EDGE_CURVE('',#4497,#4489,#4499,.T.);
#4497 = VERTEX_POINT('',#4498);
#4498 = CARTESIAN_POINT('',(149.875,-98.678125,2.7));
#4499 = LINE('',#4500,#4501);
#4500 = CARTESIAN_POINT('',(149.875,-98.678125,2.7));
#4501 = VECTOR('',#4502,1.);
#4502 = DIRECTION('',(0.,1.,0.));
#4503 = ORIENTED_EDGE('',*,*,#4504,.F.);
#4504 = EDGE_CURVE('',#4481,#4497,#4505,.T.);
#4505 = LINE('',#4506,#4507);
#4506 = CARTESIAN_POINT('',(135.875,-98.678125,2.7));
#4507 = VECTOR('',#4508,1.);
#4508 = DIRECTION('',(1.,0.,0.));
#4509 = FACE_BOUND('',#4510,.F.);
#4510 = EDGE_LOOP('',(#4511,#4521,#4529,#4537));
#4511 = ORIENTED_EDGE('',*,*,#4512,.F.);
#4512 = EDGE_CURVE('',#4513,#4515,#4517,.T.);
#4513 = VERTEX_POINT('',#4514);
#4514 = CARTESIAN_POINT('',(154.925,-88.25,2.7));
#4515 = VERTEX_POINT('',#4516);
#4516 = CARTESIAN_POINT('',(154.925,-102.25,2.7));
#4517 = LINE('',#4518,#4519);
#4518 = CARTESIAN_POINT('',(154.925,-88.25,2.7));
#4519 = VECTOR('',#4520,1.);
#4520 = DIRECTION('',(0.,-1.,0.));
#4521 = ORIENTED_EDGE('',*,*,#4522,.F.);
#4522 = EDGE_CURVE('',#4523,#4513,#4525,.T.);
#4523 = VERTEX_POINT('',#4524);
#4524 = CARTESIAN_POINT('',(168.925,-88.25,2.7));
#4525 = LINE('',#4526,#4527);
#4526 = CARTESIAN_POINT('',(168.925,-88.25,2.7));
#4527 = VECTOR('',#4528,1.);
#4528 = DIRECTION('',(-1.,0.,0.));
#4529 = ORIENTED_EDGE('',*,*,#4530,.F.);
#4530 = EDGE_CURVE('',#4531,#4523,#4533,.T.);
#4531 = VERTEX_POINT('',#4532);
#4532 = CARTESIAN_POINT('',(168.925,-102.25,2.7));
#4533 = LINE('',#4534,#4535);
#4534 = CARTESIAN_POINT('',(168.925,-102.25,2.7));
#4535 = VECTOR('',#4536,1.);
#4536 = DIRECTION('',(0.,1.,0.));
#4537 = ORIENTED_EDGE('',*,*,#4538,.F.);
#4538 = EDGE_CURVE('',#4515,#4531,#4539,.T.);
#4539 = LINE('',#4540,#4541);
#4540 = CARTESIAN_POINT('',(154.925,-102.25,2.7));
#4541 = VECTOR('',#4542,1.);
#4542 = DIRECTION('',(1.,0.,0.));
#4543 = FACE_BOUND('',#4544,.F.);
#4544 = EDGE_LOOP('',(#4545,#4555,#4563,#4571));
#4545 = ORIENTED_EDGE('',*,*,#4546,.F.);
#4546 = EDGE_CURVE('',#4547,#4549,#4551,.T.);
#4547 = VERTEX_POINT('',#4548);
#4548 = CARTESIAN_POINT('',(135.875,-65.628125,2.7));
#4549 = VERTEX_POINT('',#4550);
#4550 = CARTESIAN_POINT('',(135.875,-79.628125,2.7));
#4551 = LINE('',#4552,#4553);
#4552 = CARTESIAN_POINT('',(135.875,-65.628125,2.7));
#4553 = VECTOR('',#4554,1.);
#4554 = DIRECTION('',(0.,-1.,0.));
#4555 = ORIENTED_EDGE('',*,*,#4556,.F.);
#4556 = EDGE_CURVE('',#4557,#4547,#4559,.T.);
#4557 = VERTEX_POINT('',#4558);
#4558 = CARTESIAN_POINT('',(149.875,-65.628125,2.7));
#4559 = LINE('',#4560,#4561);
#4560 = CARTESIAN_POINT('',(149.875,-65.628125,2.7));
#4561 = VECTOR('',#4562,1.);
#4562 = DIRECTION('',(-1.,0.,0.));
#4563 = ORIENTED_EDGE('',*,*,#4564,.F.);
#4564 = EDGE_CURVE('',#4565,#4557,#4567,.T.);
#4565 = VERTEX_POINT('',#4566);
#4566 = CARTESIAN_POINT('',(149.875,-79.628125,2.7));
#4567 = LINE('',#4568,#4569);
#4568 = CARTESIAN_POINT('',(149.875,-79.628125,2.7));
#4569 = VECTOR('',#4570,1.);
#4570 = DIRECTION('',(0.,1.,0.));
#4571 = ORIENTED_EDGE('',*,*,#4572,.F.);
#4572 = EDGE_CURVE('',#4549,#4565,#4573,.T.);
#4573 = LINE('',#4574,#4575);
#4574 = CARTESIAN_POINT('',(135.875,-79.628125,2.7));
#4575 = VECTOR('',#4576,1.);
#4576 = DIRECTION('',(1.,0.,0.));
#4577 = FACE_BOUND('',#4578,.F.);
#4578 = EDGE_LOOP('',(#4579,#4589,#4597,#4605));
#4579 = ORIENTED_EDGE('',*,*,#4580,.F.);
#4580 = EDGE_CURVE('',#4581,#4583,#4585,.T.);
#4581 = VERTEX_POINT('',#4582);
#4582 = CARTESIAN_POINT('',(154.925,-69.2,2.7));
#4583 = VERTEX_POINT('',#4584);
#4584 = CARTESIAN_POINT('',(154.925,-83.2,2.7));
#4585 = LINE('',#4586,#4587);
#4586 = CARTESIAN_POINT('',(154.925,-69.2,2.7));
#4587 = VECTOR('',#4588,1.);
#4588 = DIRECTION('',(0.,-1.,0.));
#4589 = ORIENTED_EDGE('',*,*,#4590,.F.);
#4590 = EDGE_CURVE('',#4591,#4581,#4593,.T.);
#4591 = VERTEX_POINT('',#4592);
#4592 = CARTESIAN_POINT('',(168.925,-69.2,2.7));
#4593 = LINE('',#4594,#4595);
#4594 = CARTESIAN_POINT('',(168.925,-69.2,2.7));
#4595 = VECTOR('',#4596,1.);
#4596 = DIRECTION('',(-1.,0.,0.));
#4597 = ORIENTED_EDGE('',*,*,#4598,.F.);
#4598 = EDGE_CURVE('',#4599,#4591,#4601,.T.);
#4599 = VERTEX_POINT('',#4600);
#4600 = CARTESIAN_POINT('',(168.925,-83.2,2.7));
#4601 = LINE('',#4602,#4603);
#4602 = CARTESIAN_POINT('',(168.925,-83.2,2.7));
#4603 = VECTOR('',#4604,1.);
#4604 = DIRECTION('',(0.,1.,0.));
#4605 = ORIENTED_EDGE('',*,*,#4606,.F.);
#4606 = EDGE_CURVE('',#4583,#4599,#4607,.T.);
#4607 = LINE('',#4608,#4609);
#4608 = CARTESIAN_POINT('',(154.925,-83.2,2.7));
#4609 = VECTOR('',#4610,1.);
#4610 = DIRECTION('',(1.,0.,0.));
#4611 = FACE_BOUND('',#4612,.F.);
#4612 = EDGE_LOOP('',(#4613,#4623,#4631,#4639));
#4613 = ORIENTED_EDGE('',*,*,#4614,.F.);
#4614 = EDGE_CURVE('',#4615,#4617,#4619,.T.);
#4615 = VERTEX_POINT('',#4616);
#4616 = CARTESIAN_POINT('',(135.875,-46.578125,2.7));
#4617 = VERTEX_POINT('',#4618);
#4618 = CARTESIAN_POINT('',(135.875,-60.578125,2.7));
#4619 = LINE('',#4620,#4621);
#4620 = CARTESIAN_POINT('',(135.875,-46.578125,2.7));
#4621 = VECTOR('',#4622,1.);
#4622 = DIRECTION('',(0.,-1.,0.));
#4623 = ORIENTED_EDGE('',*,*,#4624,.F.);
#4624 = EDGE_CURVE('',#4625,#4615,#4627,.T.);
#4625 = VERTEX_POINT('',#4626);
#4626 = CARTESIAN_POINT('',(149.875,-46.578125,2.7));
#4627 = LINE('',#4628,#4629);
#4628 = CARTESIAN_POINT('',(149.875,-46.578125,2.7));
#4629 = VECTOR('',#4630,1.);
#4630 = DIRECTION('',(-1.,0.,0.));
#4631 = ORIENTED_EDGE('',*,*,#4632,.F.);
#4632 = EDGE_CURVE('',#4633,#4625,#4635,.T.);
#4633 = VERTEX_POINT('',#4634);
#4634 = CARTESIAN_POINT('',(149.875,-60.578125,2.7));
#4635 = LINE('',#4636,#4637);
#4636 = CARTESIAN_POINT('',(149.875,-60.578125,2.7));
#4637 = VECTOR('',#4638,1.);
#4638 = DIRECTION('',(0.,1.,0.));
#4639 = ORIENTED_EDGE('',*,*,#4640,.F.);
#4640 = EDGE_CURVE('',#4617,#4633,#4641,.T.);
#4641 = LINE('',#4642,#4643);
#4642 = CARTESIAN_POINT('',(135.875,-60.578125,2.7));
#4643 = VECTOR('',#4644,1.);
#4644 = DIRECTION('',(1.,0.,0.));
#4645 = FACE_BOUND('',#4646,.F.);
#4646 = EDGE_LOOP('',(#4647,#4657,#4665,#4673));
#4647 = ORIENTED_EDGE('',*,*,#4648,.F.);
#4648 = EDGE_CURVE('',#4649,#4651,#4653,.T.);
#4649 = VERTEX_POINT('',#4650);
#4650 = CARTESIAN_POINT('',(154.925,-50.149999,2.7));
#4651 = VERTEX_POINT('',#4652);
#4652 = CARTESIAN_POINT('',(154.925,-64.149999,2.7));
#4653 = LINE('',#4654,#4655);
#4654 = CARTESIAN_POINT('',(154.925,-50.149999,2.7));
#4655 = VECTOR('',#4656,1.);
#4656 = DIRECTION('',(0.,-1.,0.));
#4657 = ORIENTED_EDGE('',*,*,#4658,.F.);
#4658 = EDGE_CURVE('',#4659,#4649,#4661,.T.);
#4659 = VERTEX_POINT('',#4660);
#4660 = CARTESIAN_POINT('',(168.925,-50.149999,2.7));
#4661 = LINE('',#4662,#4663);
#4662 = CARTESIAN_POINT('',(168.925,-50.149999,2.7));
#4663 = VECTOR('',#4664,1.);
#4664 = DIRECTION('',(-1.,0.,0.));
#4665 = ORIENTED_EDGE('',*,*,#4666,.F.);
#4666 = EDGE_CURVE('',#4667,#4659,#4669,.T.);
#4667 = VERTEX_POINT('',#4668);
#4668 = CARTESIAN_POINT('',(168.925,-64.149999,2.7));
#4669 = LINE('',#4670,#4671);
#4670 = CARTESIAN_POINT('',(168.925,-64.149999,2.7));
#4671 = VECTOR('',#4672,1.);
#4672 = DIRECTION('',(0.,1.,0.));
#4673 = ORIENTED_EDGE('',*,*,#4674,.F.);
#4674 = EDGE_CURVE('',#4651,#4667,#4675,.T.);
#4675 = LINE('',#4676,#4677);
#4676 = CARTESIAN_POINT('',(154.925,-64.149999,2.7));
#4677 = VECTOR('',#4678,1.);
#4678 = DIRECTION('',(1.,0.,0.));
#4679 = FACE_BOUND('',#4680,.F.);
#4680 = EDGE_LOOP('',(#4681,#4691,#4699,#4707));
#4681 = ORIENTED_EDGE('',*,*,#4682,.F.);
#4682 = EDGE_CURVE('',#4683,#4685,#4687,.T.);
#4683 = VERTEX_POINT('',#4684);
#4684 = CARTESIAN_POINT('',(140.815625,-43.73125,2.7));
#4685 = VERTEX_POINT('',#4686);
#4686 = CARTESIAN_POINT('',(147.315625,-43.73125,2.7));
#4687 = LINE('',#4688,#4689);
#4688 = CARTESIAN_POINT('',(140.815625,-43.73125,2.7));
#4689 = VECTOR('',#4690,1.);
#4690 = DIRECTION('',(1.,0.,0.));
#4691 = ORIENTED_EDGE('',*,*,#4692,.F.);
#4692 = EDGE_CURVE('',#4693,#4683,#4695,.T.);
#4693 = VERTEX_POINT('',#4694);
#4694 = CARTESIAN_POINT('',(140.815625,-37.23125,2.7));
#4695 = LINE('',#4696,#4697);
#4696 = CARTESIAN_POINT('',(140.815625,-37.23125,2.7));
#4697 = VECTOR('',#4698,1.);
#4698 = DIRECTION('',(0.,-1.,0.));
#4699 = ORIENTED_EDGE('',*,*,#4700,.F.);
#4700 = EDGE_CURVE('',#4701,#4693,#4703,.T.);
#4701 = VERTEX_POINT('',#4702);
#4702 = CARTESIAN_POINT('',(147.315625,-37.23125,2.7));
#4703 = LINE('',#4704,#4705);
#4704 = CARTESIAN_POINT('',(147.315625,-37.23125,2.7));
#4705 = VECTOR('',#4706,1.);
#4706 = DIRECTION('',(-1.,0.,0.));
#4707 = ORIENTED_EDGE('',*,*,#4708,.F.);
#4708 = EDGE_CURVE('',#4685,#4701,#4709,.T.);
#4709 = LINE('',#4710,#4711);
#4710 = CARTESIAN_POINT('',(147.315625,-43.73125,2.7));
#4711 = VECTOR('',#4712,1.);
#4712 = DIRECTION('',(0.,1.,0.));
#4713 = FACE_BOUND('',#4714,.F.);
#4714 = EDGE_LOOP('',(#4715));
#4715 = ORIENTED_EDGE('',*,*,#4716,.F.);
#4716 = EDGE_CURVE('',#4717,#4717,#4719,.T.);
#4717 = VERTEX_POINT('',#4718);
#4718 = CARTESIAN_POINT('',(170.378125,-42.8625,2.7));
#4719 = CIRCLE('',#4720,2.5);
#4720 = AXIS2_PLACEMENT_3D('',#4721,#4722,#4723);
#4721 = CARTESIAN_POINT('',(167.878125,-42.8625,2.7));
#4722 = DIRECTION('',(0.,0.,1.));
#4723 = DIRECTION('',(1.,0.,0.));
#4724 = PLANE('',#4725);
#4725 = AXIS2_PLACEMENT_3D('',#4726,#4727,#4728);
#4726 = CARTESIAN_POINT('',(124.80134699717,-90.82959706995,2.7));
#4727 = DIRECTION('',(0.,0.,1.));
#4728 = DIRECTION('',(1.,0.,0.));
#4729 = ADVANCED_FACE('',(#4730),#4746,.T.);
#4730 = FACE_BOUND('',#4731,.T.);
#4731 = EDGE_LOOP('',(#4732,#4738,#4739,#4745));
#4732 = ORIENTED_EDGE('',*,*,#4733,.T.);
#4733 = EDGE_CURVE('',#2499,#3879,#4734,.T.);
#4734 = LINE('',#4735,#4736);
#4735 = CARTESIAN_POINT('',(170.560881,-148.119407,4.1));
#4736 = VECTOR('',#4737,1.);
#4737 = DIRECTION('',(-0.,-0.,-1.));
#4738 = ORIENTED_EDGE('',*,*,#3878,.T.);
#4739 = ORIENTED_EDGE('',*,*,#4740,.F.);
#4740 = EDGE_CURVE('',#2501,#3881,#4741,.T.);
#4741 = LINE('',#4742,#4743);
#4742 = CARTESIAN_POINT('',(177.560881,-135.995051,4.1));
#4743 = VECTOR('',#4744,1.);
#4744 = DIRECTION('',(-0.,-0.,-1.));
#4745 = ORIENTED_EDGE('',*,*,#2498,.F.);
#4746 = PLANE('',#4747);
#4747 = AXIS2_PLACEMENT_3D('',#4748,#4749,#4750);
#4748 = CARTESIAN_POINT('',(170.560881,-148.119407,4.1));
#4749 = DIRECTION('',(0.866025409981,-0.499999989267,0.));
#4750 = DIRECTION('',(0.499999989267,0.866025409981,0.));
#4751 = ADVANCED_FACE('',(#4752),#4763,.T.);
#4752 = FACE_BOUND('',#4753,.T.);
#4753 = EDGE_LOOP('',(#4754,#4755,#4756,#4762));
#4754 = ORIENTED_EDGE('',*,*,#4740,.T.);
#4755 = ORIENTED_EDGE('',*,*,#3888,.T.);
#4756 = ORIENTED_EDGE('',*,*,#4757,.F.);
#4757 = EDGE_CURVE('',#2509,#3889,#4758,.T.);
#4758 = LINE('',#4759,#4760);
#4759 = CARTESIAN_POINT('',(189.685237,-142.995051,4.1));
#4760 = VECTOR('',#4761,1.);
#4761 = DIRECTION('',(-0.,-0.,-1.));
#4762 = ORIENTED_EDGE('',*,*,#2508,.F.);
#4763 = PLANE('',#4764);
#4764 = AXIS2_PLACEMENT_3D('',#4765,#4766,#4767);
#4765 = CARTESIAN_POINT('',(177.560881,-135.995051,4.1));
#4766 = DIRECTION('',(-0.499999989267,-0.866025409981,0.));
#4767 = DIRECTION('',(0.866025409981,-0.499999989267,0.));
#4768 = ADVANCED_FACE('',(#4769),#4780,.T.);
#4769 = FACE_BOUND('',#4770,.T.);
#4770 = EDGE_LOOP('',(#4771,#4772,#4773,#4779));
#4771 = ORIENTED_EDGE('',*,*,#4757,.T.);
#4772 = ORIENTED_EDGE('',*,*,#3896,.T.);
#4773 = ORIENTED_EDGE('',*,*,#4774,.F.);
#4774 = EDGE_CURVE('',#2517,#3897,#4775,.T.);
#4775 = LINE('',#4776,#4777);
#4776 = CARTESIAN_POINT('',(182.685237,-155.119407,4.1));
#4777 = VECTOR('',#4778,1.);
#4778 = DIRECTION('',(-0.,-0.,-1.));
#4779 = ORIENTED_EDGE('',*,*,#2516,.F.);
#4780 = PLANE('',#4781);
#4781 = AXIS2_PLACEMENT_3D('',#4782,#4783,#4784);
#4782 = CARTESIAN_POINT('',(189.685237,-142.995051,4.1));
#4783 = DIRECTION('',(-0.866025409981,0.499999989267,0.));
#4784 = DIRECTION('',(-0.499999989267,-0.866025409981,0.));
#4785 = ADVANCED_FACE('',(#4786),#4792,.T.);
#4786 = FACE_BOUND('',#4787,.T.);
#4787 = EDGE_LOOP('',(#4788,#4789,#4790,#4791));
#4788 = ORIENTED_EDGE('',*,*,#4774,.T.);
#4789 = ORIENTED_EDGE('',*,*,#3904,.T.);
#4790 = ORIENTED_EDGE('',*,*,#4733,.F.);
#4791 = ORIENTED_EDGE('',*,*,#2524,.F.);
#4792 = PLANE('',#4793);
#4793 = AXIS2_PLACEMENT_3D('',#4794,#4795,#4796);
#4794 = CARTESIAN_POINT('',(182.685237,-155.119407,4.1));
#4795 = DIRECTION('',(0.499999989267,0.866025409981,0.));
#4796 = DIRECTION('',(-0.866025409981,0.499999989267,0.));
#4797 = ADVANCED_FACE('',(#4798),#4814,.T.);
#4798 = FACE_BOUND('',#4799,.T.);
#4799 = EDGE_LOOP('',(#4800,#4806,#4807,#4813));
#4800 = ORIENTED_EDGE('',*,*,#4801,.T.);
#4801 = EDGE_CURVE('',#2533,#3913,#4802,.T.);
#4802 = LINE('',#4803,#4804);
#4803 = CARTESIAN_POINT('',(180.076875,-131.625162,4.1));
#4804 = VECTOR('',#4805,1.);
#4805 = DIRECTION('',(-0.,-0.,-1.));
#4806 = ORIENTED_EDGE('',*,*,#3912,.T.);
#4807 = ORIENTED_EDGE('',*,*,#4808,.F.);
#4808 = EDGE_CURVE('',#2535,#3915,#4809,.T.);
#4809 = LINE('',#4810,#4811);
#4810 = CARTESIAN_POINT('',(187.076875,-119.500806,4.1));
#4811 = VECTOR('',#4812,1.);
#4812 = DIRECTION('',(-0.,-0.,-1.));
#4813 = ORIENTED_EDGE('',*,*,#2532,.F.);
#4814 = PLANE('',#4815);
#4815 = AXIS2_PLACEMENT_3D('',#4816,#4817,#4818);
#4816 = CARTESIAN_POINT('',(180.076875,-131.625162,4.1));
#4817 = DIRECTION('',(0.866025409981,-0.499999989267,0.));
#4818 = DIRECTION('',(0.499999989267,0.866025409981,0.));
#4819 = ADVANCED_FACE('',(#4820),#4831,.T.);
#4820 = FACE_BOUND('',#4821,.T.);
#4821 = EDGE_LOOP('',(#4822,#4823,#4824,#4830));
#4822 = ORIENTED_EDGE('',*,*,#4808,.T.);
#4823 = ORIENTED_EDGE('',*,*,#3922,.T.);
#4824 = ORIENTED_EDGE('',*,*,#4825,.F.);
#4825 = EDGE_CURVE('',#2543,#3923,#4826,.T.);
#4826 = LINE('',#4827,#4828);
#4827 = CARTESIAN_POINT('',(199.201231,-126.500806,4.1));
#4828 = VECTOR('',#4829,1.);
#4829 = DIRECTION('',(-0.,-0.,-1.));
#4830 = ORIENTED_EDGE('',*,*,#2542,.F.);
#4831 = PLANE('',#4832);
#4832 = AXIS2_PLACEMENT_3D('',#4833,#4834,#4835);
#4833 = CARTESIAN_POINT('',(187.076875,-119.500806,4.1));
#4834 = DIRECTION('',(-0.499999989267,-0.866025409981,0.));
#4835 = DIRECTION('',(0.866025409981,-0.499999989267,0.));
#4836 = ADVANCED_FACE('',(#4837),#4848,.T.);
#4837 = FACE_BOUND('',#4838,.T.);
#4838 = EDGE_LOOP('',(#4839,#4840,#4841,#4847));
#4839 = ORIENTED_EDGE('',*,*,#4825,.T.);
#4840 = ORIENTED_EDGE('',*,*,#3930,.T.);
#4841 = ORIENTED_EDGE('',*,*,#4842,.F.);
#4842 = EDGE_CURVE('',#2551,#3931,#4843,.T.);
#4843 = LINE('',#4844,#4845);
#4844 = CARTESIAN_POINT('',(192.201231,-138.625162,4.1));
#4845 = VECTOR('',#4846,1.);
#4846 = DIRECTION('',(-0.,-0.,-1.));
#4847 = ORIENTED_EDGE('',*,*,#2550,.F.);
#4848 = PLANE('',#4849);
#4849 = AXIS2_PLACEMENT_3D('',#4850,#4851,#4852);
#4850 = CARTESIAN_POINT('',(199.201231,-126.500806,4.1));
#4851 = DIRECTION('',(-0.866025409981,0.499999989267,0.));
#4852 = DIRECTION('',(-0.499999989267,-0.866025409981,0.));
#4853 = ADVANCED_FACE('',(#4854),#4860,.T.);
#4854 = FACE_BOUND('',#4855,.T.);
#4855 = EDGE_LOOP('',(#4856,#4857,#4858,#4859));
#4856 = ORIENTED_EDGE('',*,*,#4842,.T.);
#4857 = ORIENTED_EDGE('',*,*,#3938,.T.);
#4858 = ORIENTED_EDGE('',*,*,#4801,.F.);
#4859 = ORIENTED_EDGE('',*,*,#2558,.F.);
#4860 = PLANE('',#4861);
#4861 = AXIS2_PLACEMENT_3D('',#4862,#4863,#4864);
#4862 = CARTESIAN_POINT('',(192.201231,-138.625162,4.1));
#4863 = DIRECTION('',(0.499999989267,0.866025409981,0.));
#4864 = DIRECTION('',(-0.866025409981,0.499999989267,0.));
#4865 = ADVANCED_FACE('',(#4866),#4882,.T.);
#4866 = FACE_BOUND('',#4867,.T.);
#4867 = EDGE_LOOP('',(#4868,#4874,#4875,#4881));
#4868 = ORIENTED_EDGE('',*,*,#4869,.T.);
#4869 = EDGE_CURVE('',#2567,#3845,#4870,.T.);
#4870 = LINE('',#4871,#4872);
#4871 = CARTESIAN_POINT('',(152.431118,-140.995453,4.1));
#4872 = VECTOR('',#4873,1.);
#4873 = DIRECTION('',(-0.,-0.,-1.));
#4874 = ORIENTED_EDGE('',*,*,#3844,.T.);
#4875 = ORIENTED_EDGE('',*,*,#4876,.F.);
#4876 = EDGE_CURVE('',#2569,#3847,#4877,.T.);
#4877 = LINE('',#4878,#4879);
#4878 = CARTESIAN_POINT('',(157.2194,-127.839757,4.1));
#4879 = VECTOR('',#4880,1.);
#4880 = DIRECTION('',(-0.,-0.,-1.));
#4881 = ORIENTED_EDGE('',*,*,#2566,.F.);
#4882 = PLANE('',#4883);
#4883 = AXIS2_PLACEMENT_3D('',#4884,#4885,#4886);
#4884 = CARTESIAN_POINT('',(152.431118,-140.995453,4.1));
#4885 = DIRECTION('',(0.939692615163,-0.342020158775,0.));
#4886 = DIRECTION('',(0.342020158775,0.939692615163,0.));
#4887 = ADVANCED_FACE('',(#4888),#4899,.T.);
#4888 = FACE_BOUND('',#4889,.T.);
#4889 = EDGE_LOOP('',(#4890,#4891,#4892,#4898));
#4890 = ORIENTED_EDGE('',*,*,#4876,.T.);
#4891 = ORIENTED_EDGE('',*,*,#3854,.T.);
#4892 = ORIENTED_EDGE('',*,*,#4893,.F.);
#4893 = EDGE_CURVE('',#2577,#3855,#4894,.T.);
#4894 = LINE('',#4895,#4896);
#4895 = CARTESIAN_POINT('',(170.375096,-132.628039,4.1));
#4896 = VECTOR('',#4897,1.);
#4897 = DIRECTION('',(-0.,-0.,-1.));
#4898 = ORIENTED_EDGE('',*,*,#2576,.F.);
#4899 = PLANE('',#4900);
#4900 = AXIS2_PLACEMENT_3D('',#4901,#4902,#4903);
#4901 = CARTESIAN_POINT('',(157.2194,-127.839757,4.1));
#4902 = DIRECTION('',(-0.342020158775,-0.939692615163,0.));
#4903 = DIRECTION('',(0.939692615163,-0.342020158775,0.));
#4904 = ADVANCED_FACE('',(#4905),#4916,.T.);
#4905 = FACE_BOUND('',#4906,.T.);
#4906 = EDGE_LOOP('',(#4907,#4908,#4909,#4915));
#4907 = ORIENTED_EDGE('',*,*,#4893,.T.);
#4908 = ORIENTED_EDGE('',*,*,#3862,.T.);
#4909 = ORIENTED_EDGE('',*,*,#4910,.F.);
#4910 = EDGE_CURVE('',#2585,#3863,#4911,.T.);
#4911 = LINE('',#4912,#4913);
#4912 = CARTESIAN_POINT('',(165.586814,-145.783735,4.1));
#4913 = VECTOR('',#4914,1.);
#4914 = DIRECTION('',(-0.,-0.,-1.));
#4915 = ORIENTED_EDGE('',*,*,#2584,.F.);
#4916 = PLANE('',#4917);
#4917 = AXIS2_PLACEMENT_3D('',#4918,#4919,#4920);
#4918 = CARTESIAN_POINT('',(170.375096,-132.628039,4.1));
#4919 = DIRECTION('',(-0.939692615163,0.342020158775,0.));
#4920 = DIRECTION('',(-0.342020158775,-0.939692615163,0.));
#4921 = ADVANCED_FACE('',(#4922),#4928,.T.);
#4922 = FACE_BOUND('',#4923,.T.);
#4923 = EDGE_LOOP('',(#4924,#4925,#4926,#4927));
#4924 = ORIENTED_EDGE('',*,*,#4910,.T.);
#4925 = ORIENTED_EDGE('',*,*,#3870,.T.);
#4926 = ORIENTED_EDGE('',*,*,#4869,.F.);
#4927 = ORIENTED_EDGE('',*,*,#2592,.F.);
#4928 = PLANE('',#4929);
#4929 = AXIS2_PLACEMENT_3D('',#4930,#4931,#4932);
#4930 = CARTESIAN_POINT('',(165.586814,-145.783735,4.1));
#4931 = DIRECTION('',(0.342020158775,0.939692615163,0.));
#4932 = DIRECTION('',(-0.939692615163,0.342020158775,0.));
#4933 = ADVANCED_FACE('',(#4934),#4950,.T.);
#4934 = FACE_BOUND('',#4935,.T.);
#4935 = EDGE_LOOP('',(#4936,#4942,#4943,#4949));
#4936 = ORIENTED_EDGE('',*,*,#4937,.T.);
#4937 = EDGE_CURVE('',#2601,#3811,#4938,.T.);
#4938 = LINE('',#4939,#4940);
#4939 = CARTESIAN_POINT('',(132.910297,-138.522648,4.1));
#4940 = VECTOR('',#4941,1.);
#4941 = DIRECTION('',(-0.,-0.,-1.));
#4942 = ORIENTED_EDGE('',*,*,#3810,.T.);
#4943 = ORIENTED_EDGE('',*,*,#4944,.F.);
#4944 = EDGE_CURVE('',#2603,#3813,#4945,.T.);
#4945 = LINE('',#4946,#4947);
#4946 = CARTESIAN_POINT('',(134.130477,-124.575922,4.1));
#4947 = VECTOR('',#4948,1.);
#4948 = DIRECTION('',(-0.,-0.,-1.));
#4949 = ORIENTED_EDGE('',*,*,#2600,.F.);
#4950 = PLANE('',#4951);
#4951 = AXIS2_PLACEMENT_3D('',#4952,#4953,#4954);
#4952 = CARTESIAN_POINT('',(132.910297,-138.522648,4.1));
#4953 = DIRECTION('',(0.996194700686,-8.715571309589E-02,0.));
#4954 = DIRECTION('',(8.715571309589E-02,0.996194700686,0.));
#4955 = ADVANCED_FACE('',(#4956),#4967,.T.);
#4956 = FACE_BOUND('',#4957,.T.);
#4957 = EDGE_LOOP('',(#4958,#4959,#4960,#4966));
#4958 = ORIENTED_EDGE('',*,*,#4944,.T.);
#4959 = ORIENTED_EDGE('',*,*,#3820,.T.);
#4960 = ORIENTED_EDGE('',*,*,#4961,.F.);
#4961 = EDGE_CURVE('',#2611,#3821,#4962,.T.);
#4962 = LINE('',#4963,#4964);
#4963 = CARTESIAN_POINT('',(148.077203,-125.796102,4.1));
#4964 = VECTOR('',#4965,1.);
#4965 = DIRECTION('',(-0.,-0.,-1.));
#4966 = ORIENTED_EDGE('',*,*,#2610,.F.);
#4967 = PLANE('',#4968);
#4968 = AXIS2_PLACEMENT_3D('',#4969,#4970,#4971);
#4969 = CARTESIAN_POINT('',(134.130477,-124.575922,4.1));
#4970 = DIRECTION('',(-8.715571309589E-02,-0.996194700686,0.));
#4971 = DIRECTION('',(0.996194700686,-8.715571309589E-02,0.));
#4972 = ADVANCED_FACE('',(#4973),#4984,.T.);
#4973 = FACE_BOUND('',#4974,.T.);
#4974 = EDGE_LOOP('',(#4975,#4976,#4977,#4983));
#4975 = ORIENTED_EDGE('',*,*,#4961,.T.);
#4976 = ORIENTED_EDGE('',*,*,#3828,.T.);
#4977 = ORIENTED_EDGE('',*,*,#4978,.F.);
#4978 = EDGE_CURVE('',#2619,#3829,#4979,.T.);
#4979 = LINE('',#4980,#4981);
#4980 = CARTESIAN_POINT('',(146.857023,-139.742828,4.1));
#4981 = VECTOR('',#4982,1.);
#4982 = DIRECTION('',(-0.,-0.,-1.));
#4983 = ORIENTED_EDGE('',*,*,#2618,.F.);
#4984 = PLANE('',#4985);
#4985 = AXIS2_PLACEMENT_3D('',#4986,#4987,#4988);
#4986 = CARTESIAN_POINT('',(148.077203,-125.796102,4.1));
#4987 = DIRECTION('',(-0.996194700686,8.715571309589E-02,0.));
#4988 = DIRECTION('',(-8.715571309589E-02,-0.996194700686,0.));
#4989 = ADVANCED_FACE('',(#4990),#4996,.T.);
#4990 = FACE_BOUND('',#4991,.T.);
#4991 = EDGE_LOOP('',(#4992,#4993,#4994,#4995));
#4992 = ORIENTED_EDGE('',*,*,#4978,.T.);
#4993 = ORIENTED_EDGE('',*,*,#3836,.T.);
#4994 = ORIENTED_EDGE('',*,*,#4937,.F.);
#4995 = ORIENTED_EDGE('',*,*,#2626,.F.);
#4996 = PLANE('',#4997);
#4997 = AXIS2_PLACEMENT_3D('',#4998,#4999,#5000);
#4998 = CARTESIAN_POINT('',(146.857023,-139.742828,4.1));
#4999 = DIRECTION('',(8.715571309589E-02,0.996194700686,0.));
#5000 = DIRECTION('',(-0.996194700686,8.715571309589E-02,0.));
#5001 = ADVANCED_FACE('',(#5002),#5018,.F.);
#5002 = FACE_BOUND('',#5003,.F.);
#5003 = EDGE_LOOP('',(#5004,#5010,#5011,#5017));
#5004 = ORIENTED_EDGE('',*,*,#5005,.T.);
#5005 = EDGE_CURVE('',#2635,#4343,#5006,.T.);
#5006 = LINE('',#5007,#5008);
#5007 = CARTESIAN_POINT('',(78.725,-50.353125,4.1));
#5008 = VECTOR('',#5009,1.);
#5009 = DIRECTION('',(-0.,-0.,-1.));
#5010 = ORIENTED_EDGE('',*,*,#4342,.T.);
#5011 = ORIENTED_EDGE('',*,*,#5012,.F.);
#5012 = EDGE_CURVE('',#2637,#4345,#5013,.T.);
#5013 = LINE('',#5014,#5015);
#5014 = CARTESIAN_POINT('',(78.725,-64.353125,4.1));
#5015 = VECTOR('',#5016,1.);
#5016 = DIRECTION('',(-0.,-0.,-1.));
#5017 = ORIENTED_EDGE('',*,*,#2634,.F.);
#5018 = PLANE('',#5019);
#5019 = AXIS2_PLACEMENT_3D('',#5020,#5021,#5022);
#5020 = CARTESIAN_POINT('',(78.725,-50.353125,4.1));
#5021 = DIRECTION('',(-1.,0.,0.));
#5022 = DIRECTION('',(0.,-1.,0.));
#5023 = ADVANCED_FACE('',(#5024),#5035,.F.);
#5024 = FACE_BOUND('',#5025,.F.);
#5025 = EDGE_LOOP('',(#5026,#5032,#5033,#5034));
#5026 = ORIENTED_EDGE('',*,*,#5027,.T.);
#5027 = EDGE_CURVE('',#2645,#4353,#5028,.T.);
#5028 = LINE('',#5029,#5030);
#5029 = CARTESIAN_POINT('',(92.725,-50.353125,4.1));
#5030 = VECTOR('',#5031,1.);
#5031 = DIRECTION('',(-0.,-0.,-1.));
#5032 = ORIENTED_EDGE('',*,*,#4352,.T.);
#5033 = ORIENTED_EDGE('',*,*,#5005,.F.);
#5034 = ORIENTED_EDGE('',*,*,#2644,.F.);
#5035 = PLANE('',#5036);
#5036 = AXIS2_PLACEMENT_3D('',#5037,#5038,#5039);
#5037 = CARTESIAN_POINT('',(92.725,-50.353125,4.1));
#5038 = DIRECTION('',(0.,1.,0.));
#5039 = DIRECTION('',(-1.,0.,0.));
#5040 = ADVANCED_FACE('',(#5041),#5052,.F.);
#5041 = FACE_BOUND('',#5042,.F.);
#5042 = EDGE_LOOP('',(#5043,#5049,#5050,#5051));
#5043 = ORIENTED_EDGE('',*,*,#5044,.T.);
#5044 = EDGE_CURVE('',#2653,#4361,#5045,.T.);
#5045 = LINE('',#5046,#5047);
#5046 = CARTESIAN_POINT('',(92.725,-64.353125,4.1));
#5047 = VECTOR('',#5048,1.);
#5048 = DIRECTION('',(-0.,-0.,-1.));
#5049 = ORIENTED_EDGE('',*,*,#4360,.T.);
#5050 = ORIENTED_EDGE('',*,*,#5027,.F.);
#5051 = ORIENTED_EDGE('',*,*,#2652,.F.);
#5052 = PLANE('',#5053);
#5053 = AXIS2_PLACEMENT_3D('',#5054,#5055,#5056);
#5054 = CARTESIAN_POINT('',(92.725,-64.353125,4.1));
#5055 = DIRECTION('',(1.,0.,0.));
#5056 = DIRECTION('',(0.,1.,0.));
#5057 = ADVANCED_FACE('',(#5058),#5064,.F.);
#5058 = FACE_BOUND('',#5059,.F.);
#5059 = EDGE_LOOP('',(#5060,#5061,#5062,#5063));
#5060 = ORIENTED_EDGE('',*,*,#5012,.T.);
#5061 = ORIENTED_EDGE('',*,*,#4368,.T.);
#5062 = ORIENTED_EDGE('',*,*,#5044,.F.);
#5063 = ORIENTED_EDGE('',*,*,#2660,.F.);
#5064 = PLANE('',#5065);
#5065 = AXIS2_PLACEMENT_3D('',#5066,#5067,#5068);
#5066 = CARTESIAN_POINT('',(78.725,-64.353125,4.1));
#5067 = DIRECTION('',(0.,-1.,0.));
#5068 = DIRECTION('',(1.,0.,0.));
#5069 = ADVANCED_FACE('',(#5070),#5086,.F.);
#5070 = FACE_BOUND('',#5071,.F.);
#5071 = EDGE_LOOP('',(#5072,#5078,#5079,#5085));
#5072 = ORIENTED_EDGE('',*,*,#5073,.T.);
#5073 = EDGE_CURVE('',#2669,#4581,#5074,.T.);
#5074 = LINE('',#5075,#5076);
#5075 = CARTESIAN_POINT('',(154.925,-69.2,4.1));
#5076 = VECTOR('',#5077,1.);
#5077 = DIRECTION('',(-0.,-0.,-1.));
#5078 = ORIENTED_EDGE('',*,*,#4580,.T.);
#5079 = ORIENTED_EDGE('',*,*,#5080,.F.);
#5080 = EDGE_CURVE('',#2671,#4583,#5081,.T.);
#5081 = LINE('',#5082,#5083);
#5082 = CARTESIAN_POINT('',(154.925,-83.2,4.1));
#5083 = VECTOR('',#5084,1.);
#5084 = DIRECTION('',(-0.,-0.,-1.));
#5085 = ORIENTED_EDGE('',*,*,#2668,.F.);
#5086 = PLANE('',#5087);
#5087 = AXIS2_PLACEMENT_3D('',#5088,#5089,#5090);
#5088 = CARTESIAN_POINT('',(154.925,-69.2,4.1));
#5089 = DIRECTION('',(-1.,0.,0.));
#5090 = DIRECTION('',(0.,-1.,0.));
#5091 = ADVANCED_FACE('',(#5092),#5103,.F.);
#5092 = FACE_BOUND('',#5093,.F.);
#5093 = EDGE_LOOP('',(#5094,#5100,#5101,#5102));
#5094 = ORIENTED_EDGE('',*,*,#5095,.T.);
#5095 = EDGE_CURVE('',#2679,#4591,#5096,.T.);
#5096 = LINE('',#5097,#5098);
#5097 = CARTESIAN_POINT('',(168.925,-69.2,4.1));
#5098 = VECTOR('',#5099,1.);
#5099 = DIRECTION('',(-0.,-0.,-1.));
#5100 = ORIENTED_EDGE('',*,*,#4590,.T.);
#5101 = ORIENTED_EDGE('',*,*,#5073,.F.);
#5102 = ORIENTED_EDGE('',*,*,#2678,.F.);
#5103 = PLANE('',#5104);
#5104 = AXIS2_PLACEMENT_3D('',#5105,#5106,#5107);
#5105 = CARTESIAN_POINT('',(168.925,-69.2,4.1));
#5106 = DIRECTION('',(0.,1.,0.));
#5107 = DIRECTION('',(-1.,0.,0.));
#5108 = ADVANCED_FACE('',(#5109),#5120,.F.);
#5109 = FACE_BOUND('',#5110,.F.);
#5110 = EDGE_LOOP('',(#5111,#5117,#5118,#5119));
#5111 = ORIENTED_EDGE('',*,*,#5112,.T.);
#5112 = EDGE_CURVE('',#2687,#4599,#5113,.T.);
#5113 = LINE('',#5114,#5115);
#5114 = CARTESIAN_POINT('',(168.925,-83.2,4.1));
#5115 = VECTOR('',#5116,1.);
#5116 = DIRECTION('',(-0.,-0.,-1.));
#5117 = ORIENTED_EDGE('',*,*,#4598,.T.);
#5118 = ORIENTED_EDGE('',*,*,#5095,.F.);
#5119 = ORIENTED_EDGE('',*,*,#2686,.F.);
#5120 = PLANE('',#5121);
#5121 = AXIS2_PLACEMENT_3D('',#5122,#5123,#5124);
#5122 = CARTESIAN_POINT('',(168.925,-83.2,4.1));
#5123 = DIRECTION('',(1.,0.,0.));
#5124 = DIRECTION('',(0.,1.,0.));
#5125 = ADVANCED_FACE('',(#5126),#5132,.F.);
#5126 = FACE_BOUND('',#5127,.F.);
#5127 = EDGE_LOOP('',(#5128,#5129,#5130,#5131));
#5128 = ORIENTED_EDGE('',*,*,#5080,.T.);
#5129 = ORIENTED_EDGE('',*,*,#4606,.T.);
#5130 = ORIENTED_EDGE('',*,*,#5112,.F.);
#5131 = ORIENTED_EDGE('',*,*,#2694,.F.);
#5132 = PLANE('',#5133);
#5133 = AXIS2_PLACEMENT_3D('',#5134,#5135,#5136);
#5134 = CARTESIAN_POINT('',(154.925,-83.2,4.1));
#5135 = DIRECTION('',(0.,-1.,0.));
#5136 = DIRECTION('',(1.,0.,0.));
#5137 = ADVANCED_FACE('',(#5138),#5154,.F.);
#5138 = FACE_BOUND('',#5139,.F.);
#5139 = EDGE_LOOP('',(#5140,#5146,#5147,#5153));
#5140 = ORIENTED_EDGE('',*,*,#5141,.T.);
#5141 = EDGE_CURVE('',#2703,#4615,#5142,.T.);
#5142 = LINE('',#5143,#5144);
#5143 = CARTESIAN_POINT('',(135.875,-46.578125,4.1));
#5144 = VECTOR('',#5145,1.);
#5145 = DIRECTION('',(-0.,-0.,-1.));
#5146 = ORIENTED_EDGE('',*,*,#4614,.T.);
#5147 = ORIENTED_EDGE('',*,*,#5148,.F.);
#5148 = EDGE_CURVE('',#2705,#4617,#5149,.T.);
#5149 = LINE('',#5150,#5151);
#5150 = CARTESIAN_POINT('',(135.875,-60.578125,4.1));
#5151 = VECTOR('',#5152,1.);
#5152 = DIRECTION('',(-0.,-0.,-1.));
#5153 = ORIENTED_EDGE('',*,*,#2702,.F.);
#5154 = PLANE('',#5155);
#5155 = AXIS2_PLACEMENT_3D('',#5156,#5157,#5158);
#5156 = CARTESIAN_POINT('',(135.875,-46.578125,4.1));
#5157 = DIRECTION('',(-1.,0.,0.));
#5158 = DIRECTION('',(0.,-1.,0.));
#5159 = ADVANCED_FACE('',(#5160),#5171,.F.);
#5160 = FACE_BOUND('',#5161,.F.);
#5161 = EDGE_LOOP('',(#5162,#5168,#5169,#5170));
#5162 = ORIENTED_EDGE('',*,*,#5163,.T.);
#5163 = EDGE_CURVE('',#2713,#4625,#5164,.T.);
#5164 = LINE('',#5165,#5166);
#5165 = CARTESIAN_POINT('',(149.875,-46.578125,4.1));
#5166 = VECTOR('',#5167,1.);
#5167 = DIRECTION('',(-0.,-0.,-1.));
#5168 = ORIENTED_EDGE('',*,*,#4624,.T.);
#5169 = ORIENTED_EDGE('',*,*,#5141,.F.);
#5170 = ORIENTED_EDGE('',*,*,#2712,.F.);
#5171 = PLANE('',#5172);
#5172 = AXIS2_PLACEMENT_3D('',#5173,#5174,#5175);
#5173 = CARTESIAN_POINT('',(149.875,-46.578125,4.1));
#5174 = DIRECTION('',(0.,1.,0.));
#5175 = DIRECTION('',(-1.,0.,0.));
#5176 = ADVANCED_FACE('',(#5177),#5188,.F.);
#5177 = FACE_BOUND('',#5178,.F.);
#5178 = EDGE_LOOP('',(#5179,#5185,#5186,#5187));
#5179 = ORIENTED_EDGE('',*,*,#5180,.T.);
#5180 = EDGE_CURVE('',#2721,#4633,#5181,.T.);
#5181 = LINE('',#5182,#5183);
#5182 = CARTESIAN_POINT('',(149.875,-60.578125,4.1));
#5183 = VECTOR('',#5184,1.);
#5184 = DIRECTION('',(-0.,-0.,-1.));
#5185 = ORIENTED_EDGE('',*,*,#4632,.T.);
#5186 = ORIENTED_EDGE('',*,*,#5163,.F.);
#5187 = ORIENTED_EDGE('',*,*,#2720,.F.);
#5188 = PLANE('',#5189);
#5189 = AXIS2_PLACEMENT_3D('',#5190,#5191,#5192);
#5190 = CARTESIAN_POINT('',(149.875,-60.578125,4.1));
#5191 = DIRECTION('',(1.,0.,0.));
#5192 = DIRECTION('',(0.,1.,0.));
#5193 = ADVANCED_FACE('',(#5194),#5200,.F.);
#5194 = FACE_BOUND('',#5195,.F.);
#5195 = EDGE_LOOP('',(#5196,#5197,#5198,#5199));
#5196 = ORIENTED_EDGE('',*,*,#5148,.T.);
#5197 = ORIENTED_EDGE('',*,*,#4640,.T.);
#5198 = ORIENTED_EDGE('',*,*,#5180,.F.);
#5199 = ORIENTED_EDGE('',*,*,#2728,.F.);
#5200 = PLANE('',#5201);
#5201 = AXIS2_PLACEMENT_3D('',#5202,#5203,#5204);
#5202 = CARTESIAN_POINT('',(135.875,-60.578125,4.1));
#5203 = DIRECTION('',(0.,-1.,0.));
#5204 = DIRECTION('',(1.,0.,0.));
#5205 = ADVANCED_FACE('',(#5206),#5222,.F.);
#5206 = FACE_BOUND('',#5207,.F.);
#5207 = EDGE_LOOP('',(#5208,#5214,#5215,#5221));
#5208 = ORIENTED_EDGE('',*,*,#5209,.T.);
#5209 = EDGE_CURVE('',#2737,#3743,#5210,.T.);
#5210 = LINE('',#5211,#5212);
#5211 = CARTESIAN_POINT('',(97.775,-100.473752,4.1));
#5212 = VECTOR('',#5213,1.);
#5213 = DIRECTION('',(-0.,-0.,-1.));
#5214 = ORIENTED_EDGE('',*,*,#3742,.T.);
#5215 = ORIENTED_EDGE('',*,*,#5216,.F.);
#5216 = EDGE_CURVE('',#2739,#3745,#5217,.T.);
#5217 = LINE('',#5218,#5219);
#5218 = CARTESIAN_POINT('',(97.775,-114.473752,4.1));
#5219 = VECTOR('',#5220,1.);
#5220 = DIRECTION('',(-0.,-0.,-1.));
#5221 = ORIENTED_EDGE('',*,*,#2736,.F.);
#5222 = PLANE('',#5223);
#5223 = AXIS2_PLACEMENT_3D('',#5224,#5225,#5226);
#5224 = CARTESIAN_POINT('',(97.775,-100.473752,4.1));
#5225 = DIRECTION('',(-1.,0.,0.));
#5226 = DIRECTION('',(0.,-1.,0.));
#5227 = ADVANCED_FACE('',(#5228),#5239,.F.);
#5228 = FACE_BOUND('',#5229,.F.);
#5229 = EDGE_LOOP('',(#5230,#5236,#5237,#5238));
#5230 = ORIENTED_EDGE('',*,*,#5231,.T.);
#5231 = EDGE_CURVE('',#2747,#3753,#5232,.T.);
#5232 = LINE('',#5233,#5234);
#5233 = CARTESIAN_POINT('',(111.775,-100.473752,4.1));
#5234 = VECTOR('',#5235,1.);
#5235 = DIRECTION('',(-0.,-0.,-1.));
#5236 = ORIENTED_EDGE('',*,*,#3752,.T.);
#5237 = ORIENTED_EDGE('',*,*,#5209,.F.);
#5238 = ORIENTED_EDGE('',*,*,#2746,.F.);
#5239 = PLANE('',#5240);
#5240 = AXIS2_PLACEMENT_3D('',#5241,#5242,#5243);
#5241 = CARTESIAN_POINT('',(111.775,-100.473752,4.1));
#5242 = DIRECTION('',(0.,1.,0.));
#5243 = DIRECTION('',(-1.,0.,0.));
#5244 = ADVANCED_FACE('',(#5245),#5256,.F.);
#5245 = FACE_BOUND('',#5246,.F.);
#5246 = EDGE_LOOP('',(#5247,#5253,#5254,#5255));
#5247 = ORIENTED_EDGE('',*,*,#5248,.T.);
#5248 = EDGE_CURVE('',#2755,#3761,#5249,.T.);
#5249 = LINE('',#5250,#5251);
#5250 = CARTESIAN_POINT('',(111.775,-114.473752,4.1));
#5251 = VECTOR('',#5252,1.);
#5252 = DIRECTION('',(-0.,-0.,-1.));
#5253 = ORIENTED_EDGE('',*,*,#3760,.T.);
#5254 = ORIENTED_EDGE('',*,*,#5231,.F.);
#5255 = ORIENTED_EDGE('',*,*,#2754,.F.);
#5256 = PLANE('',#5257);
#5257 = AXIS2_PLACEMENT_3D('',#5258,#5259,#5260);
#5258 = CARTESIAN_POINT('',(111.775,-114.473752,4.1));
#5259 = DIRECTION('',(1.,0.,0.));
#5260 = DIRECTION('',(0.,1.,0.));
#5261 = ADVANCED_FACE('',(#5262),#5268,.F.);
#5262 = FACE_BOUND('',#5263,.F.);
#5263 = EDGE_LOOP('',(#5264,#5265,#5266,#5267));
#5264 = ORIENTED_EDGE('',*,*,#5216,.T.);
#5265 = ORIENTED_EDGE('',*,*,#3768,.T.);
#5266 = ORIENTED_EDGE('',*,*,#5248,.F.);
#5267 = ORIENTED_EDGE('',*,*,#2762,.F.);
#5268 = PLANE('',#5269);
#5269 = AXIS2_PLACEMENT_3D('',#5270,#5271,#5272);
#5270 = CARTESIAN_POINT('',(97.775,-114.473752,4.1));
#5271 = DIRECTION('',(0.,-1.,0.));
#5272 = DIRECTION('',(1.,0.,0.));
#5273 = ADVANCED_FACE('',(#5274),#5290,.F.);
#5274 = FACE_BOUND('',#5275,.F.);
#5275 = EDGE_LOOP('',(#5276,#5282,#5283,#5289));
#5276 = ORIENTED_EDGE('',*,*,#5277,.T.);
#5277 = EDGE_CURVE('',#2771,#4513,#5278,.T.);
#5278 = LINE('',#5279,#5280);
#5279 = CARTESIAN_POINT('',(154.925,-88.25,4.1));
#5280 = VECTOR('',#5281,1.);
#5281 = DIRECTION('',(-0.,-0.,-1.));
#5282 = ORIENTED_EDGE('',*,*,#4512,.T.);
#5283 = ORIENTED_EDGE('',*,*,#5284,.F.);
#5284 = EDGE_CURVE('',#2773,#4515,#5285,.T.);
#5285 = LINE('',#5286,#5287);
#5286 = CARTESIAN_POINT('',(154.925,-102.25,4.1));
#5287 = VECTOR('',#5288,1.);
#5288 = DIRECTION('',(-0.,-0.,-1.));
#5289 = ORIENTED_EDGE('',*,*,#2770,.F.);
#5290 = PLANE('',#5291);
#5291 = AXIS2_PLACEMENT_3D('',#5292,#5293,#5294);
#5292 = CARTESIAN_POINT('',(154.925,-88.25,4.1));
#5293 = DIRECTION('',(-1.,0.,0.));
#5294 = DIRECTION('',(0.,-1.,0.));
#5295 = ADVANCED_FACE('',(#5296),#5307,.F.);
#5296 = FACE_BOUND('',#5297,.F.);
#5297 = EDGE_LOOP('',(#5298,#5304,#5305,#5306));
#5298 = ORIENTED_EDGE('',*,*,#5299,.T.);
#5299 = EDGE_CURVE('',#2781,#4523,#5300,.T.);
#5300 = LINE('',#5301,#5302);
#5301 = CARTESIAN_POINT('',(168.925,-88.25,4.1));
#5302 = VECTOR('',#5303,1.);
#5303 = DIRECTION('',(-0.,-0.,-1.));
#5304 = ORIENTED_EDGE('',*,*,#4522,.T.);
#5305 = ORIENTED_EDGE('',*,*,#5277,.F.);
#5306 = ORIENTED_EDGE('',*,*,#2780,.F.);
#5307 = PLANE('',#5308);
#5308 = AXIS2_PLACEMENT_3D('',#5309,#5310,#5311);
#5309 = CARTESIAN_POINT('',(168.925,-88.25,4.1));
#5310 = DIRECTION('',(0.,1.,0.));
#5311 = DIRECTION('',(-1.,0.,0.));
#5312 = ADVANCED_FACE('',(#5313),#5324,.F.);
#5313 = FACE_BOUND('',#5314,.F.);
#5314 = EDGE_LOOP('',(#5315,#5321,#5322,#5323));
#5315 = ORIENTED_EDGE('',*,*,#5316,.T.);
#5316 = EDGE_CURVE('',#2789,#4531,#5317,.T.);
#5317 = LINE('',#5318,#5319);
#5318 = CARTESIAN_POINT('',(168.925,-102.25,4.1));
#5319 = VECTOR('',#5320,1.);
#5320 = DIRECTION('',(-0.,-0.,-1.));
#5321 = ORIENTED_EDGE('',*,*,#4530,.T.);
#5322 = ORIENTED_EDGE('',*,*,#5299,.F.);
#5323 = ORIENTED_EDGE('',*,*,#2788,.F.);
#5324 = PLANE('',#5325);
#5325 = AXIS2_PLACEMENT_3D('',#5326,#5327,#5328);
#5326 = CARTESIAN_POINT('',(168.925,-102.25,4.1));
#5327 = DIRECTION('',(1.,0.,0.));
#5328 = DIRECTION('',(0.,1.,0.));
#5329 = ADVANCED_FACE('',(#5330),#5336,.F.);
#5330 = FACE_BOUND('',#5331,.F.);
#5331 = EDGE_LOOP('',(#5332,#5333,#5334,#5335));
#5332 = ORIENTED_EDGE('',*,*,#5284,.T.);
#5333 = ORIENTED_EDGE('',*,*,#4538,.T.);
#5334 = ORIENTED_EDGE('',*,*,#5316,.F.);
#5335 = ORIENTED_EDGE('',*,*,#2796,.F.);
#5336 = PLANE('',#5337);
#5337 = AXIS2_PLACEMENT_3D('',#5338,#5339,#5340);
#5338 = CARTESIAN_POINT('',(154.925,-102.25,4.1));
#5339 = DIRECTION('',(0.,-1.,0.));
#5340 = DIRECTION('',(1.,0.,0.));
#5341 = ADVANCED_FACE('',(#5342),#5358,.F.);
#5342 = FACE_BOUND('',#5343,.F.);
#5343 = EDGE_LOOP('',(#5344,#5350,#5351,#5357));
#5344 = ORIENTED_EDGE('',*,*,#5345,.T.);
#5345 = EDGE_CURVE('',#2805,#4479,#5346,.T.);
#5346 = LINE('',#5347,#5348);
#5347 = CARTESIAN_POINT('',(135.875,-84.678125,4.1));
#5348 = VECTOR('',#5349,1.);
#5349 = DIRECTION('',(-0.,-0.,-1.));
#5350 = ORIENTED_EDGE('',*,*,#4478,.T.);
#5351 = ORIENTED_EDGE('',*,*,#5352,.F.);
#5352 = EDGE_CURVE('',#2807,#4481,#5353,.T.);
#5353 = LINE('',#5354,#5355);
#5354 = CARTESIAN_POINT('',(135.875,-98.678125,4.1));
#5355 = VECTOR('',#5356,1.);
#5356 = DIRECTION('',(-0.,-0.,-1.));
#5357 = ORIENTED_EDGE('',*,*,#2804,.F.);
#5358 = PLANE('',#5359);
#5359 = AXIS2_PLACEMENT_3D('',#5360,#5361,#5362);
#5360 = CARTESIAN_POINT('',(135.875,-84.678125,4.1));
#5361 = DIRECTION('',(-1.,0.,0.));
#5362 = DIRECTION('',(0.,-1.,0.));
#5363 = ADVANCED_FACE('',(#5364),#5375,.F.);
#5364 = FACE_BOUND('',#5365,.F.);
#5365 = EDGE_LOOP('',(#5366,#5372,#5373,#5374));
#5366 = ORIENTED_EDGE('',*,*,#5367,.T.);
#5367 = EDGE_CURVE('',#2815,#4489,#5368,.T.);
#5368 = LINE('',#5369,#5370);
#5369 = CARTESIAN_POINT('',(149.875,-84.678125,4.1));
#5370 = VECTOR('',#5371,1.);
#5371 = DIRECTION('',(-0.,-0.,-1.));
#5372 = ORIENTED_EDGE('',*,*,#4488,.T.);
#5373 = ORIENTED_EDGE('',*,*,#5345,.F.);
#5374 = ORIENTED_EDGE('',*,*,#2814,.F.);
#5375 = PLANE('',#5376);
#5376 = AXIS2_PLACEMENT_3D('',#5377,#5378,#5379);
#5377 = CARTESIAN_POINT('',(149.875,-84.678125,4.1));
#5378 = DIRECTION('',(0.,1.,0.));
#5379 = DIRECTION('',(-1.,0.,0.));
#5380 = ADVANCED_FACE('',(#5381),#5392,.F.);
#5381 = FACE_BOUND('',#5382,.F.);
#5382 = EDGE_LOOP('',(#5383,#5389,#5390,#5391));
#5383 = ORIENTED_EDGE('',*,*,#5384,.T.);
#5384 = EDGE_CURVE('',#2823,#4497,#5385,.T.);
#5385 = LINE('',#5386,#5387);
#5386 = CARTESIAN_POINT('',(149.875,-98.678125,4.1));
#5387 = VECTOR('',#5388,1.);
#5388 = DIRECTION('',(-0.,-0.,-1.));
#5389 = ORIENTED_EDGE('',*,*,#4496,.T.);
#5390 = ORIENTED_EDGE('',*,*,#5367,.F.);
#5391 = ORIENTED_EDGE('',*,*,#2822,.F.);
#5392 = PLANE('',#5393);
#5393 = AXIS2_PLACEMENT_3D('',#5394,#5395,#5396);
#5394 = CARTESIAN_POINT('',(149.875,-98.678125,4.1));
#5395 = DIRECTION('',(1.,0.,0.));
#5396 = DIRECTION('',(0.,1.,0.));
#5397 = ADVANCED_FACE('',(#5398),#5404,.F.);
#5398 = FACE_BOUND('',#5399,.F.);
#5399 = EDGE_LOOP('',(#5400,#5401,#5402,#5403));
#5400 = ORIENTED_EDGE('',*,*,#5352,.T.);
#5401 = ORIENTED_EDGE('',*,*,#4504,.T.);
#5402 = ORIENTED_EDGE('',*,*,#5384,.F.);
#5403 = ORIENTED_EDGE('',*,*,#2830,.F.);
#5404 = PLANE('',#5405);
#5405 = AXIS2_PLACEMENT_3D('',#5406,#5407,#5408);
#5406 = CARTESIAN_POINT('',(135.875,-98.678125,4.1));
#5407 = DIRECTION('',(0.,-1.,0.));
#5408 = DIRECTION('',(1.,0.,0.));
#5409 = ADVANCED_FACE('',(#5410),#5426,.F.);
#5410 = FACE_BOUND('',#5411,.F.);
#5411 = EDGE_LOOP('',(#5412,#5418,#5419,#5425));
#5412 = ORIENTED_EDGE('',*,*,#5413,.T.);
#5413 = EDGE_CURVE('',#2839,#3947,#5414,.T.);
#5414 = LINE('',#5415,#5416);
#5415 = CARTESIAN_POINT('',(154.925,-107.3,4.1));
#5416 = VECTOR('',#5417,1.);
#5417 = DIRECTION('',(-0.,-0.,-1.));
#5418 = ORIENTED_EDGE('',*,*,#3946,.T.);
#5419 = ORIENTED_EDGE('',*,*,#5420,.F.);
#5420 = EDGE_CURVE('',#2841,#3949,#5421,.T.);
#5421 = LINE('',#5422,#5423);
#5422 = CARTESIAN_POINT('',(154.925,-121.3,4.1));
#5423 = VECTOR('',#5424,1.);
#5424 = DIRECTION('',(-0.,-0.,-1.));
#5425 = ORIENTED_EDGE('',*,*,#2838,.F.);
#5426 = PLANE('',#5427);
#5427 = AXIS2_PLACEMENT_3D('',#5428,#5429,#5430);
#5428 = CARTESIAN_POINT('',(154.925,-107.3,4.1));
#5429 = DIRECTION('',(-1.,0.,0.));
#5430 = DIRECTION('',(0.,-1.,0.));
#5431 = ADVANCED_FACE('',(#5432),#5443,.F.);
#5432 = FACE_BOUND('',#5433,.F.);
#5433 = EDGE_LOOP('',(#5434,#5440,#5441,#5442));
#5434 = ORIENTED_EDGE('',*,*,#5435,.T.);
#5435 = EDGE_CURVE('',#2849,#3957,#5436,.T.);
#5436 = LINE('',#5437,#5438);
#5437 = CARTESIAN_POINT('',(168.925,-107.3,4.1));
#5438 = VECTOR('',#5439,1.);
#5439 = DIRECTION('',(-0.,-0.,-1.));
#5440 = ORIENTED_EDGE('',*,*,#3956,.T.);
#5441 = ORIENTED_EDGE('',*,*,#5413,.F.);
#5442 = ORIENTED_EDGE('',*,*,#2848,.F.);
#5443 = PLANE('',#5444);
#5444 = AXIS2_PLACEMENT_3D('',#5445,#5446,#5447);
#5445 = CARTESIAN_POINT('',(168.925,-107.3,4.1));
#5446 = DIRECTION('',(0.,1.,0.));
#5447 = DIRECTION('',(-1.,0.,0.));
#5448 = ADVANCED_FACE('',(#5449),#5460,.F.);
#5449 = FACE_BOUND('',#5450,.F.);
#5450 = EDGE_LOOP('',(#5451,#5457,#5458,#5459));
#5451 = ORIENTED_EDGE('',*,*,#5452,.T.);
#5452 = EDGE_CURVE('',#2857,#3965,#5453,.T.);
#5453 = LINE('',#5454,#5455);
#5454 = CARTESIAN_POINT('',(168.925,-121.3,4.1));
#5455 = VECTOR('',#5456,1.);
#5456 = DIRECTION('',(-0.,-0.,-1.));
#5457 = ORIENTED_EDGE('',*,*,#3964,.T.);
#5458 = ORIENTED_EDGE('',*,*,#5435,.F.);
#5459 = ORIENTED_EDGE('',*,*,#2856,.F.);
#5460 = PLANE('',#5461);
#5461 = AXIS2_PLACEMENT_3D('',#5462,#5463,#5464);
#5462 = CARTESIAN_POINT('',(168.925,-121.3,4.1));
#5463 = DIRECTION('',(1.,0.,0.));
#5464 = DIRECTION('',(0.,1.,0.));
#5465 = ADVANCED_FACE('',(#5466),#5472,.F.);
#5466 = FACE_BOUND('',#5467,.F.);
#5467 = EDGE_LOOP('',(#5468,#5469,#5470,#5471));
#5468 = ORIENTED_EDGE('',*,*,#5420,.T.);
#5469 = ORIENTED_EDGE('',*,*,#3972,.T.);
#5470 = ORIENTED_EDGE('',*,*,#5452,.F.);
#5471 = ORIENTED_EDGE('',*,*,#2864,.F.);
#5472 = PLANE('',#5473);
#5473 = AXIS2_PLACEMENT_3D('',#5474,#5475,#5476);
#5474 = CARTESIAN_POINT('',(154.925,-121.3,4.1));
#5475 = DIRECTION('',(0.,-1.,0.));
#5476 = DIRECTION('',(1.,0.,0.));
#5477 = ADVANCED_FACE('',(#5478),#5494,.F.);
#5478 = FACE_BOUND('',#5479,.F.);
#5479 = EDGE_LOOP('',(#5480,#5486,#5487,#5493));
#5480 = ORIENTED_EDGE('',*,*,#5481,.T.);
#5481 = EDGE_CURVE('',#2873,#3981,#5482,.T.);
#5482 = LINE('',#5483,#5484);
#5483 = CARTESIAN_POINT('',(135.875,-103.728125,4.1));
#5484 = VECTOR('',#5485,1.);
#5485 = DIRECTION('',(-0.,-0.,-1.));
#5486 = ORIENTED_EDGE('',*,*,#3980,.T.);
#5487 = ORIENTED_EDGE('',*,*,#5488,.F.);
#5488 = EDGE_CURVE('',#2875,#3983,#5489,.T.);
#5489 = LINE('',#5490,#5491);
#5490 = CARTESIAN_POINT('',(135.875,-117.728125,4.1));
#5491 = VECTOR('',#5492,1.);
#5492 = DIRECTION('',(-0.,-0.,-1.));
#5493 = ORIENTED_EDGE('',*,*,#2872,.F.);
#5494 = PLANE('',#5495);
#5495 = AXIS2_PLACEMENT_3D('',#5496,#5497,#5498);
#5496 = CARTESIAN_POINT('',(135.875,-103.728125,4.1));
#5497 = DIRECTION('',(-1.,0.,0.));
#5498 = DIRECTION('',(0.,-1.,0.));
#5499 = ADVANCED_FACE('',(#5500),#5511,.F.);
#5500 = FACE_BOUND('',#5501,.F.);
#5501 = EDGE_LOOP('',(#5502,#5508,#5509,#5510));
#5502 = ORIENTED_EDGE('',*,*,#5503,.T.);
#5503 = EDGE_CURVE('',#2883,#3991,#5504,.T.);
#5504 = LINE('',#5505,#5506);
#5505 = CARTESIAN_POINT('',(149.875,-103.728125,4.1));
#5506 = VECTOR('',#5507,1.);
#5507 = DIRECTION('',(-0.,-0.,-1.));
#5508 = ORIENTED_EDGE('',*,*,#3990,.T.);
#5509 = ORIENTED_EDGE('',*,*,#5481,.F.);
#5510 = ORIENTED_EDGE('',*,*,#2882,.F.);
#5511 = PLANE('',#5512);
#5512 = AXIS2_PLACEMENT_3D('',#5513,#5514,#5515);
#5513 = CARTESIAN_POINT('',(149.875,-103.728125,4.1));
#5514 = DIRECTION('',(0.,1.,0.));
#5515 = DIRECTION('',(-1.,0.,0.));
#5516 = ADVANCED_FACE('',(#5517),#5528,.F.);
#5517 = FACE_BOUND('',#5518,.F.);
#5518 = EDGE_LOOP('',(#5519,#5525,#5526,#5527));
#5519 = ORIENTED_EDGE('',*,*,#5520,.T.);
#5520 = EDGE_CURVE('',#2891,#3999,#5521,.T.);
#5521 = LINE('',#5522,#5523);
#5522 = CARTESIAN_POINT('',(149.875,-117.728125,4.1));
#5523 = VECTOR('',#5524,1.);
#5524 = DIRECTION('',(-0.,-0.,-1.));
#5525 = ORIENTED_EDGE('',*,*,#3998,.T.);
#5526 = ORIENTED_EDGE('',*,*,#5503,.F.);
#5527 = ORIENTED_EDGE('',*,*,#2890,.F.);
#5528 = PLANE('',#5529);
#5529 = AXIS2_PLACEMENT_3D('',#5530,#5531,#5532);
#5530 = CARTESIAN_POINT('',(149.875,-117.728125,4.1));
#5531 = DIRECTION('',(1.,0.,0.));
#5532 = DIRECTION('',(0.,1.,0.));
#5533 = ADVANCED_FACE('',(#5534),#5540,.F.);
#5534 = FACE_BOUND('',#5535,.F.);
#5535 = EDGE_LOOP('',(#5536,#5537,#5538,#5539));
#5536 = ORIENTED_EDGE('',*,*,#5488,.T.);
#5537 = ORIENTED_EDGE('',*,*,#4006,.T.);
#5538 = ORIENTED_EDGE('',*,*,#5520,.F.);
#5539 = ORIENTED_EDGE('',*,*,#2898,.F.);
#5540 = PLANE('',#5541);
#5541 = AXIS2_PLACEMENT_3D('',#5542,#5543,#5544);
#5542 = CARTESIAN_POINT('',(135.875,-117.728125,4.1));
#5543 = DIRECTION('',(0.,-1.,0.));
#5544 = DIRECTION('',(1.,0.,0.));
#5545 = ADVANCED_FACE('',(#5546),#5562,.F.);
#5546 = FACE_BOUND('',#5547,.F.);
#5547 = EDGE_LOOP('',(#5548,#5554,#5555,#5561));
#5548 = ORIENTED_EDGE('',*,*,#5549,.T.);
#5549 = EDGE_CURVE('',#2907,#4015,#5550,.T.);
#5550 = LINE('',#5551,#5552);
#5551 = CARTESIAN_POINT('',(173.975,-99.168751,4.1));
#5552 = VECTOR('',#5553,1.);
#5553 = DIRECTION('',(-0.,-0.,-1.));
#5554 = ORIENTED_EDGE('',*,*,#4014,.T.);
#5555 = ORIENTED_EDGE('',*,*,#5556,.F.);
#5556 = EDGE_CURVE('',#2909,#4017,#5557,.T.);
#5557 = LINE('',#5558,#5559);
#5558 = CARTESIAN_POINT('',(173.975,-113.168751,4.1));
#5559 = VECTOR('',#5560,1.);
#5560 = DIRECTION('',(-0.,-0.,-1.));
#5561 = ORIENTED_EDGE('',*,*,#2906,.F.);
#5562 = PLANE('',#5563);
#5563 = AXIS2_PLACEMENT_3D('',#5564,#5565,#5566);
#5564 = CARTESIAN_POINT('',(173.975,-99.168751,4.1));
#5565 = DIRECTION('',(-1.,0.,0.));
#5566 = DIRECTION('',(0.,-1.,0.));
#5567 = ADVANCED_FACE('',(#5568),#5579,.F.);
#5568 = FACE_BOUND('',#5569,.F.);
#5569 = EDGE_LOOP('',(#5570,#5576,#5577,#5578));
#5570 = ORIENTED_EDGE('',*,*,#5571,.T.);
#5571 = EDGE_CURVE('',#2917,#4025,#5572,.T.);
#5572 = LINE('',#5573,#5574);
#5573 = CARTESIAN_POINT('',(187.975,-99.168751,4.1));
#5574 = VECTOR('',#5575,1.);
#5575 = DIRECTION('',(-0.,-0.,-1.));
#5576 = ORIENTED_EDGE('',*,*,#4024,.T.);
#5577 = ORIENTED_EDGE('',*,*,#5549,.F.);
#5578 = ORIENTED_EDGE('',*,*,#2916,.F.);
#5579 = PLANE('',#5580);
#5580 = AXIS2_PLACEMENT_3D('',#5581,#5582,#5583);
#5581 = CARTESIAN_POINT('',(187.975,-99.168751,4.1));
#5582 = DIRECTION('',(0.,1.,0.));
#5583 = DIRECTION('',(-1.,0.,0.));
#5584 = ADVANCED_FACE('',(#5585),#5596,.F.);
#5585 = FACE_BOUND('',#5586,.F.);
#5586 = EDGE_LOOP('',(#5587,#5593,#5594,#5595));
#5587 = ORIENTED_EDGE('',*,*,#5588,.T.);
#5588 = EDGE_CURVE('',#2925,#4033,#5589,.T.);
#5589 = LINE('',#5590,#5591);
#5590 = CARTESIAN_POINT('',(187.975,-113.168751,4.1));
#5591 = VECTOR('',#5592,1.);
#5592 = DIRECTION('',(-0.,-0.,-1.));
#5593 = ORIENTED_EDGE('',*,*,#4032,.T.);
#5594 = ORIENTED_EDGE('',*,*,#5571,.F.);
#5595 = ORIENTED_EDGE('',*,*,#2924,.F.);
#5596 = PLANE('',#5597);
#5597 = AXIS2_PLACEMENT_3D('',#5598,#5599,#5600);
#5598 = CARTESIAN_POINT('',(187.975,-113.168751,4.1));
#5599 = DIRECTION('',(1.,0.,0.));
#5600 = DIRECTION('',(0.,1.,0.));
#5601 = ADVANCED_FACE('',(#5602),#5608,.F.);
#5602 = FACE_BOUND('',#5603,.F.);
#5603 = EDGE_LOOP('',(#5604,#5605,#5606,#5607));
#5604 = ORIENTED_EDGE('',*,*,#5556,.T.);
#5605 = ORIENTED_EDGE('',*,*,#4040,.T.);
#5606 = ORIENTED_EDGE('',*,*,#5588,.F.);
#5607 = ORIENTED_EDGE('',*,*,#2932,.F.);
#5608 = PLANE('',#5609);
#5609 = AXIS2_PLACEMENT_3D('',#5610,#5611,#5612);
#5610 = CARTESIAN_POINT('',(173.975,-113.168751,4.1));
#5611 = DIRECTION('',(0.,-1.,0.));
#5612 = DIRECTION('',(1.,0.,0.));
#5613 = ADVANCED_FACE('',(#5614),#5630,.F.);
#5614 = FACE_BOUND('',#5615,.F.);
#5615 = EDGE_LOOP('',(#5616,#5622,#5623,#5629));
#5616 = ORIENTED_EDGE('',*,*,#5617,.T.);
#5617 = EDGE_CURVE('',#2941,#4049,#5618,.T.);
#5618 = LINE('',#5619,#5620);
#5619 = CARTESIAN_POINT('',(59.674999,-90.834377,4.1));
#5620 = VECTOR('',#5621,1.);
#5621 = DIRECTION('',(-0.,-0.,-1.));
#5622 = ORIENTED_EDGE('',*,*,#4048,.T.);
#5623 = ORIENTED_EDGE('',*,*,#5624,.F.);
#5624 = EDGE_CURVE('',#2943,#4051,#5625,.T.);
#5625 = LINE('',#5626,#5627);
#5626 = CARTESIAN_POINT('',(59.674999,-104.834377,4.1));
#5627 = VECTOR('',#5628,1.);
#5628 = DIRECTION('',(-0.,-0.,-1.));
#5629 = ORIENTED_EDGE('',*,*,#2940,.F.);
#5630 = PLANE('',#5631);
#5631 = AXIS2_PLACEMENT_3D('',#5632,#5633,#5634);
#5632 = CARTESIAN_POINT('',(59.674999,-90.834377,4.1));
#5633 = DIRECTION('',(-1.,0.,0.));
#5634 = DIRECTION('',(0.,-1.,0.));
#5635 = ADVANCED_FACE('',(#5636),#5647,.F.);
#5636 = FACE_BOUND('',#5637,.F.);
#5637 = EDGE_LOOP('',(#5638,#5644,#5645,#5646));
#5638 = ORIENTED_EDGE('',*,*,#5639,.T.);
#5639 = EDGE_CURVE('',#2951,#4059,#5640,.T.);
#5640 = LINE('',#5641,#5642);
#5641 = CARTESIAN_POINT('',(73.674999,-90.834377,4.1));
#5642 = VECTOR('',#5643,1.);
#5643 = DIRECTION('',(-0.,-0.,-1.));
#5644 = ORIENTED_EDGE('',*,*,#4058,.T.);
#5645 = ORIENTED_EDGE('',*,*,#5617,.F.);
#5646 = ORIENTED_EDGE('',*,*,#2950,.F.);
#5647 = PLANE('',#5648);
#5648 = AXIS2_PLACEMENT_3D('',#5649,#5650,#5651);
#5649 = CARTESIAN_POINT('',(73.674999,-90.834377,4.1));
#5650 = DIRECTION('',(0.,1.,0.));
#5651 = DIRECTION('',(-1.,0.,0.));
#5652 = ADVANCED_FACE('',(#5653),#5664,.F.);
#5653 = FACE_BOUND('',#5654,.F.);
#5654 = EDGE_LOOP('',(#5655,#5661,#5662,#5663));
#5655 = ORIENTED_EDGE('',*,*,#5656,.T.);
#5656 = EDGE_CURVE('',#2959,#4067,#5657,.T.);
#5657 = LINE('',#5658,#5659);
#5658 = CARTESIAN_POINT('',(73.674999,-104.834377,4.1));
#5659 = VECTOR('',#5660,1.);
#5660 = DIRECTION('',(-0.,-0.,-1.));
#5661 = ORIENTED_EDGE('',*,*,#4066,.T.);
#5662 = ORIENTED_EDGE('',*,*,#5639,.F.);
#5663 = ORIENTED_EDGE('',*,*,#2958,.F.);
#5664 = PLANE('',#5665);
#5665 = AXIS2_PLACEMENT_3D('',#5666,#5667,#5668);
#5666 = CARTESIAN_POINT('',(73.674999,-104.834377,4.1));
#5667 = DIRECTION('',(1.,0.,0.));
#5668 = DIRECTION('',(0.,1.,0.));
#5669 = ADVANCED_FACE('',(#5670),#5676,.F.);
#5670 = FACE_BOUND('',#5671,.F.);
#5671 = EDGE_LOOP('',(#5672,#5673,#5674,#5675));
#5672 = ORIENTED_EDGE('',*,*,#5624,.T.);
#5673 = ORIENTED_EDGE('',*,*,#4074,.T.);
#5674 = ORIENTED_EDGE('',*,*,#5656,.F.);
#5675 = ORIENTED_EDGE('',*,*,#2966,.F.);
#5676 = PLANE('',#5677);
#5677 = AXIS2_PLACEMENT_3D('',#5678,#5679,#5680);
#5678 = CARTESIAN_POINT('',(59.674999,-104.834377,4.1));
#5679 = DIRECTION('',(0.,-1.,0.));
#5680 = DIRECTION('',(1.,0.,0.));
#5681 = ADVANCED_FACE('',(#5682),#5698,.F.);
#5682 = FACE_BOUND('',#5683,.F.);
#5683 = EDGE_LOOP('',(#5684,#5690,#5691,#5697));
#5684 = ORIENTED_EDGE('',*,*,#5685,.T.);
#5685 = EDGE_CURVE('',#2975,#4083,#5686,.T.);
#5686 = LINE('',#5687,#5688);
#5687 = CARTESIAN_POINT('',(78.725,-88.453124,4.1));
#5688 = VECTOR('',#5689,1.);
#5689 = DIRECTION('',(-0.,-0.,-1.));
#5690 = ORIENTED_EDGE('',*,*,#4082,.T.);
#5691 = ORIENTED_EDGE('',*,*,#5692,.F.);
#5692 = EDGE_CURVE('',#2977,#4085,#5693,.T.);
#5693 = LINE('',#5694,#5695);
#5694 = CARTESIAN_POINT('',(78.725,-102.453124,4.1));
#5695 = VECTOR('',#5696,1.);
#5696 = DIRECTION('',(-0.,-0.,-1.));
#5697 = ORIENTED_EDGE('',*,*,#2974,.F.);
#5698 = PLANE('',#5699);
#5699 = AXIS2_PLACEMENT_3D('',#5700,#5701,#5702);
#5700 = CARTESIAN_POINT('',(78.725,-88.453124,4.1));
#5701 = DIRECTION('',(-1.,0.,0.));
#5702 = DIRECTION('',(0.,-1.,0.));
#5703 = ADVANCED_FACE('',(#5704),#5715,.F.);
#5704 = FACE_BOUND('',#5705,.F.);
#5705 = EDGE_LOOP('',(#5706,#5712,#5713,#5714));
#5706 = ORIENTED_EDGE('',*,*,#5707,.T.);
#5707 = EDGE_CURVE('',#2985,#4093,#5708,.T.);
#5708 = LINE('',#5709,#5710);
#5709 = CARTESIAN_POINT('',(92.725,-88.453124,4.1));
#5710 = VECTOR('',#5711,1.);
#5711 = DIRECTION('',(-0.,-0.,-1.));
#5712 = ORIENTED_EDGE('',*,*,#4092,.T.);
#5713 = ORIENTED_EDGE('',*,*,#5685,.F.);
#5714 = ORIENTED_EDGE('',*,*,#2984,.F.);
#5715 = PLANE('',#5716);
#5716 = AXIS2_PLACEMENT_3D('',#5717,#5718,#5719);
#5717 = CARTESIAN_POINT('',(92.725,-88.453124,4.1));
#5718 = DIRECTION('',(0.,1.,0.));
#5719 = DIRECTION('',(-1.,0.,0.));
#5720 = ADVANCED_FACE('',(#5721),#5732,.F.);
#5721 = FACE_BOUND('',#5722,.F.);
#5722 = EDGE_LOOP('',(#5723,#5729,#5730,#5731));
#5723 = ORIENTED_EDGE('',*,*,#5724,.T.);
#5724 = EDGE_CURVE('',#2993,#4101,#5725,.T.);
#5725 = LINE('',#5726,#5727);
#5726 = CARTESIAN_POINT('',(92.725,-102.453124,4.1));
#5727 = VECTOR('',#5728,1.);
#5728 = DIRECTION('',(-0.,-0.,-1.));
#5729 = ORIENTED_EDGE('',*,*,#4100,.T.);
#5730 = ORIENTED_EDGE('',*,*,#5707,.F.);
#5731 = ORIENTED_EDGE('',*,*,#2992,.F.);
#5732 = PLANE('',#5733);
#5733 = AXIS2_PLACEMENT_3D('',#5734,#5735,#5736);
#5734 = CARTESIAN_POINT('',(92.725,-102.453124,4.1));
#5735 = DIRECTION('',(1.,0.,0.));
#5736 = DIRECTION('',(0.,1.,0.));
#5737 = ADVANCED_FACE('',(#5738),#5744,.F.);
#5738 = FACE_BOUND('',#5739,.F.);
#5739 = EDGE_LOOP('',(#5740,#5741,#5742,#5743));
#5740 = ORIENTED_EDGE('',*,*,#5692,.T.);
#5741 = ORIENTED_EDGE('',*,*,#4108,.T.);
#5742 = ORIENTED_EDGE('',*,*,#5724,.F.);
#5743 = ORIENTED_EDGE('',*,*,#3000,.F.);
#5744 = PLANE('',#5745);
#5745 = AXIS2_PLACEMENT_3D('',#5746,#5747,#5748);
#5746 = CARTESIAN_POINT('',(78.725,-102.453124,4.1));
#5747 = DIRECTION('',(0.,-1.,0.));
#5748 = DIRECTION('',(1.,0.,0.));
#5749 = ADVANCED_FACE('',(#5750),#5766,.F.);
#5750 = FACE_BOUND('',#5751,.F.);
#5751 = EDGE_LOOP('',(#5752,#5758,#5759,#5765));
#5752 = ORIENTED_EDGE('',*,*,#5753,.T.);
#5753 = EDGE_CURVE('',#3009,#4117,#5754,.T.);
#5754 = LINE('',#5755,#5756);
#5755 = CARTESIAN_POINT('',(59.675,-71.784376,4.1));
#5756 = VECTOR('',#5757,1.);
#5757 = DIRECTION('',(-0.,-0.,-1.));
#5758 = ORIENTED_EDGE('',*,*,#4116,.T.);
#5759 = ORIENTED_EDGE('',*,*,#5760,.F.);
#5760 = EDGE_CURVE('',#3011,#4119,#5761,.T.);
#5761 = LINE('',#5762,#5763);
#5762 = CARTESIAN_POINT('',(59.675,-85.784376,4.1));
#5763 = VECTOR('',#5764,1.);
#5764 = DIRECTION('',(-0.,-0.,-1.));
#5765 = ORIENTED_EDGE('',*,*,#3008,.F.);
#5766 = PLANE('',#5767);
#5767 = AXIS2_PLACEMENT_3D('',#5768,#5769,#5770);
#5768 = CARTESIAN_POINT('',(59.675,-71.784376,4.1));
#5769 = DIRECTION('',(-1.,0.,0.));
#5770 = DIRECTION('',(0.,-1.,0.));
#5771 = ADVANCED_FACE('',(#5772),#5783,.F.);
#5772 = FACE_BOUND('',#5773,.F.);
#5773 = EDGE_LOOP('',(#5774,#5780,#5781,#5782));
#5774 = ORIENTED_EDGE('',*,*,#5775,.T.);
#5775 = EDGE_CURVE('',#3019,#4127,#5776,.T.);
#5776 = LINE('',#5777,#5778);
#5777 = CARTESIAN_POINT('',(73.675,-71.784376,4.1));
#5778 = VECTOR('',#5779,1.);
#5779 = DIRECTION('',(-0.,-0.,-1.));
#5780 = ORIENTED_EDGE('',*,*,#4126,.T.);
#5781 = ORIENTED_EDGE('',*,*,#5753,.F.);
#5782 = ORIENTED_EDGE('',*,*,#3018,.F.);
#5783 = PLANE('',#5784);
#5784 = AXIS2_PLACEMENT_3D('',#5785,#5786,#5787);
#5785 = CARTESIAN_POINT('',(73.675,-71.784376,4.1));
#5786 = DIRECTION('',(0.,1.,0.));
#5787 = DIRECTION('',(-1.,0.,0.));
#5788 = ADVANCED_FACE('',(#5789),#5800,.F.);
#5789 = FACE_BOUND('',#5790,.F.);
#5790 = EDGE_LOOP('',(#5791,#5797,#5798,#5799));
#5791 = ORIENTED_EDGE('',*,*,#5792,.T.);
#5792 = EDGE_CURVE('',#3027,#4135,#5793,.T.);
#5793 = LINE('',#5794,#5795);
#5794 = CARTESIAN_POINT('',(73.675,-85.784376,4.1));
#5795 = VECTOR('',#5796,1.);
#5796 = DIRECTION('',(-0.,-0.,-1.));
#5797 = ORIENTED_EDGE('',*,*,#4134,.T.);
#5798 = ORIENTED_EDGE('',*,*,#5775,.F.);
#5799 = ORIENTED_EDGE('',*,*,#3026,.F.);
#5800 = PLANE('',#5801);
#5801 = AXIS2_PLACEMENT_3D('',#5802,#5803,#5804);
#5802 = CARTESIAN_POINT('',(73.675,-85.784376,4.1));
#5803 = DIRECTION('',(1.,0.,0.));
#5804 = DIRECTION('',(0.,1.,0.));
#5805 = ADVANCED_FACE('',(#5806),#5812,.F.);
#5806 = FACE_BOUND('',#5807,.F.);
#5807 = EDGE_LOOP('',(#5808,#5809,#5810,#5811));
#5808 = ORIENTED_EDGE('',*,*,#5760,.T.);
#5809 = ORIENTED_EDGE('',*,*,#4142,.T.);
#5810 = ORIENTED_EDGE('',*,*,#5792,.F.);
#5811 = ORIENTED_EDGE('',*,*,#3034,.F.);
#5812 = PLANE('',#5813);
#5813 = AXIS2_PLACEMENT_3D('',#5814,#5815,#5816);
#5814 = CARTESIAN_POINT('',(59.675,-85.784376,4.1));
#5815 = DIRECTION('',(0.,-1.,0.));
#5816 = DIRECTION('',(1.,0.,0.));
#5817 = ADVANCED_FACE('',(#5818),#5834,.F.);
#5818 = FACE_BOUND('',#5819,.F.);
#5819 = EDGE_LOOP('',(#5820,#5826,#5827,#5833));
#5820 = ORIENTED_EDGE('',*,*,#5821,.T.);
#5821 = EDGE_CURVE('',#3043,#4151,#5822,.T.);
#5822 = LINE('',#5823,#5824);
#5823 = CARTESIAN_POINT('',(78.724997,-69.403126,4.1));
#5824 = VECTOR('',#5825,1.);
#5825 = DIRECTION('',(-0.,-0.,-1.));
#5826 = ORIENTED_EDGE('',*,*,#4150,.T.);
#5827 = ORIENTED_EDGE('',*,*,#5828,.F.);
#5828 = EDGE_CURVE('',#3045,#4153,#5829,.T.);
#5829 = LINE('',#5830,#5831);
#5830 = CARTESIAN_POINT('',(78.724997,-83.403126,4.1));
#5831 = VECTOR('',#5832,1.);
#5832 = DIRECTION('',(-0.,-0.,-1.));
#5833 = ORIENTED_EDGE('',*,*,#3042,.F.);
#5834 = PLANE('',#5835);
#5835 = AXIS2_PLACEMENT_3D('',#5836,#5837,#5838);
#5836 = CARTESIAN_POINT('',(78.724997,-69.403126,4.1));
#5837 = DIRECTION('',(-1.,0.,0.));
#5838 = DIRECTION('',(0.,-1.,0.));
#5839 = ADVANCED_FACE('',(#5840),#5851,.F.);
#5840 = FACE_BOUND('',#5841,.F.);
#5841 = EDGE_LOOP('',(#5842,#5848,#5849,#5850));
#5842 = ORIENTED_EDGE('',*,*,#5843,.T.);
#5843 = EDGE_CURVE('',#3053,#4161,#5844,.T.);
#5844 = LINE('',#5845,#5846);
#5845 = CARTESIAN_POINT('',(92.724997,-69.403126,4.1));
#5846 = VECTOR('',#5847,1.);
#5847 = DIRECTION('',(-0.,-0.,-1.));
#5848 = ORIENTED_EDGE('',*,*,#4160,.T.);
#5849 = ORIENTED_EDGE('',*,*,#5821,.F.);
#5850 = ORIENTED_EDGE('',*,*,#3052,.F.);
#5851 = PLANE('',#5852);
#5852 = AXIS2_PLACEMENT_3D('',#5853,#5854,#5855);
#5853 = CARTESIAN_POINT('',(92.724997,-69.403126,4.1));
#5854 = DIRECTION('',(0.,1.,0.));
#5855 = DIRECTION('',(-1.,0.,0.));
#5856 = ADVANCED_FACE('',(#5857),#5868,.F.);
#5857 = FACE_BOUND('',#5858,.F.);
#5858 = EDGE_LOOP('',(#5859,#5865,#5866,#5867));
#5859 = ORIENTED_EDGE('',*,*,#5860,.T.);
#5860 = EDGE_CURVE('',#3061,#4169,#5861,.T.);
#5861 = LINE('',#5862,#5863);
#5862 = CARTESIAN_POINT('',(92.724997,-83.403126,4.1));
#5863 = VECTOR('',#5864,1.);
#5864 = DIRECTION('',(-0.,-0.,-1.));
#5865 = ORIENTED_EDGE('',*,*,#4168,.T.);
#5866 = ORIENTED_EDGE('',*,*,#5843,.F.);
#5867 = ORIENTED_EDGE('',*,*,#3060,.F.);
#5868 = PLANE('',#5869);
#5869 = AXIS2_PLACEMENT_3D('',#5870,#5871,#5872);
#5870 = CARTESIAN_POINT('',(92.724997,-83.403126,4.1));
#5871 = DIRECTION('',(1.,0.,0.));
#5872 = DIRECTION('',(0.,1.,0.));
#5873 = ADVANCED_FACE('',(#5874),#5880,.F.);
#5874 = FACE_BOUND('',#5875,.F.);
#5875 = EDGE_LOOP('',(#5876,#5877,#5878,#5879));
#5876 = ORIENTED_EDGE('',*,*,#5828,.T.);
#5877 = ORIENTED_EDGE('',*,*,#4176,.T.);
#5878 = ORIENTED_EDGE('',*,*,#5860,.F.);
#5879 = ORIENTED_EDGE('',*,*,#3068,.F.);
#5880 = PLANE('',#5881);
#5881 = AXIS2_PLACEMENT_3D('',#5882,#5883,#5884);
#5882 = CARTESIAN_POINT('',(78.724997,-83.403126,4.1));
#5883 = DIRECTION('',(0.,-1.,0.));
#5884 = DIRECTION('',(1.,0.,0.));
#5885 = ADVANCED_FACE('',(#5886),#5902,.F.);
#5886 = FACE_BOUND('',#5887,.F.);
#5887 = EDGE_LOOP('',(#5888,#5894,#5895,#5901));
#5888 = ORIENTED_EDGE('',*,*,#5889,.T.);
#5889 = EDGE_CURVE('',#3077,#3687,#5890,.T.);
#5890 = LINE('',#5891,#5892);
#5891 = CARTESIAN_POINT('',(92.725,-121.503126,4.1));
#5892 = VECTOR('',#5893,1.);
#5893 = DIRECTION('',(-0.,-0.,-1.));
#5894 = ORIENTED_EDGE('',*,*,#3686,.T.);
#5895 = ORIENTED_EDGE('',*,*,#5896,.F.);
#5896 = EDGE_CURVE('',#3079,#3689,#5897,.T.);
#5897 = LINE('',#5898,#5899);
#5898 = CARTESIAN_POINT('',(92.725,-107.503126,4.1));
#5899 = VECTOR('',#5900,1.);
#5900 = DIRECTION('',(-0.,-0.,-1.));
#5901 = ORIENTED_EDGE('',*,*,#3076,.F.);
#5902 = PLANE('',#5903);
#5903 = AXIS2_PLACEMENT_3D('',#5904,#5905,#5906);
#5904 = CARTESIAN_POINT('',(92.725,-121.503126,4.1));
#5905 = DIRECTION('',(1.,0.,0.));
#5906 = DIRECTION('',(0.,1.,0.));
#5907 = ADVANCED_FACE('',(#5908),#5919,.F.);
#5908 = FACE_BOUND('',#5909,.F.);
#5909 = EDGE_LOOP('',(#5910,#5916,#5917,#5918));
#5910 = ORIENTED_EDGE('',*,*,#5911,.T.);
#5911 = EDGE_CURVE('',#3087,#3697,#5912,.T.);
#5912 = LINE('',#5913,#5914);
#5913 = CARTESIAN_POINT('',(78.725,-121.503126,4.1));
#5914 = VECTOR('',#5915,1.);
#5915 = DIRECTION('',(-0.,-0.,-1.));
#5916 = ORIENTED_EDGE('',*,*,#3696,.T.);
#5917 = ORIENTED_EDGE('',*,*,#5889,.F.);
#5918 = ORIENTED_EDGE('',*,*,#3086,.F.);
#5919 = PLANE('',#5920);
#5920 = AXIS2_PLACEMENT_3D('',#5921,#5922,#5923);
#5921 = CARTESIAN_POINT('',(78.725,-121.503126,4.1));
#5922 = DIRECTION('',(0.,-1.,0.));
#5923 = DIRECTION('',(1.,0.,0.));
#5924 = ADVANCED_FACE('',(#5925),#5936,.F.);
#5925 = FACE_BOUND('',#5926,.F.);
#5926 = EDGE_LOOP('',(#5927,#5933,#5934,#5935));
#5927 = ORIENTED_EDGE('',*,*,#5928,.T.);
#5928 = EDGE_CURVE('',#3095,#3705,#5929,.T.);
#5929 = LINE('',#5930,#5931);
#5930 = CARTESIAN_POINT('',(78.725,-107.503126,4.1));
#5931 = VECTOR('',#5932,1.);
#5932 = DIRECTION('',(-0.,-0.,-1.));
#5933 = ORIENTED_EDGE('',*,*,#3704,.T.);
#5934 = ORIENTED_EDGE('',*,*,#5911,.F.);
#5935 = ORIENTED_EDGE('',*,*,#3094,.F.);
#5936 = PLANE('',#5937);
#5937 = AXIS2_PLACEMENT_3D('',#5938,#5939,#5940);
#5938 = CARTESIAN_POINT('',(78.725,-107.503126,4.1));
#5939 = DIRECTION('',(-1.,0.,0.));
#5940 = DIRECTION('',(0.,-1.,0.));
#5941 = ADVANCED_FACE('',(#5942),#5948,.F.);
#5942 = FACE_BOUND('',#5943,.F.);
#5943 = EDGE_LOOP('',(#5944,#5945,#5946,#5947));
#5944 = ORIENTED_EDGE('',*,*,#5896,.T.);
#5945 = ORIENTED_EDGE('',*,*,#3712,.T.);
#5946 = ORIENTED_EDGE('',*,*,#5928,.F.);
#5947 = ORIENTED_EDGE('',*,*,#3102,.F.);
#5948 = PLANE('',#5949);
#5949 = AXIS2_PLACEMENT_3D('',#5950,#5951,#5952);
#5950 = CARTESIAN_POINT('',(92.725,-107.503126,4.1));
#5951 = DIRECTION('',(0.,1.,0.));
#5952 = DIRECTION('',(-1.,0.,0.));
#5953 = ADVANCED_FACE('',(#5954),#5970,.F.);
#5954 = FACE_BOUND('',#5955,.F.);
#5955 = EDGE_LOOP('',(#5956,#5962,#5963,#5969));
#5956 = ORIENTED_EDGE('',*,*,#5957,.T.);
#5957 = EDGE_CURVE('',#3111,#4196,#5958,.T.);
#5958 = LINE('',#5959,#5960);
#5959 = CARTESIAN_POINT('',(97.775,-81.423751,4.1));
#5960 = VECTOR('',#5961,1.);
#5961 = DIRECTION('',(-0.,-0.,-1.));
#5962 = ORIENTED_EDGE('',*,*,#4195,.T.);
#5963 = ORIENTED_EDGE('',*,*,#5964,.F.);
#5964 = EDGE_CURVE('',#3113,#4198,#5965,.T.);
#5965 = LINE('',#5966,#5967);
#5966 = CARTESIAN_POINT('',(97.775,-95.423751,4.1));
#5967 = VECTOR('',#5968,1.);
#5968 = DIRECTION('',(-0.,-0.,-1.));
#5969 = ORIENTED_EDGE('',*,*,#3110,.F.);
#5970 = PLANE('',#5971);
#5971 = AXIS2_PLACEMENT_3D('',#5972,#5973,#5974);
#5972 = CARTESIAN_POINT('',(97.775,-81.423751,4.1));
#5973 = DIRECTION('',(-1.,0.,0.));
#5974 = DIRECTION('',(0.,-1.,0.));
#5975 = ADVANCED_FACE('',(#5976),#5987,.F.);
#5976 = FACE_BOUND('',#5977,.F.);
#5977 = EDGE_LOOP('',(#5978,#5984,#5985,#5986));
#5978 = ORIENTED_EDGE('',*,*,#5979,.T.);
#5979 = EDGE_CURVE('',#3121,#4206,#5980,.T.);
#5980 = LINE('',#5981,#5982);
#5981 = CARTESIAN_POINT('',(111.775,-81.423751,4.1));
#5982 = VECTOR('',#5983,1.);
#5983 = DIRECTION('',(-0.,-0.,-1.));
#5984 = ORIENTED_EDGE('',*,*,#4205,.T.);
#5985 = ORIENTED_EDGE('',*,*,#5957,.F.);
#5986 = ORIENTED_EDGE('',*,*,#3120,.F.);
#5987 = PLANE('',#5988);
#5988 = AXIS2_PLACEMENT_3D('',#5989,#5990,#5991);
#5989 = CARTESIAN_POINT('',(111.775,-81.423751,4.1));
#5990 = DIRECTION('',(0.,1.,0.));
#5991 = DIRECTION('',(-1.,0.,0.));
#5992 = ADVANCED_FACE('',(#5993),#6004,.F.);
#5993 = FACE_BOUND('',#5994,.F.);
#5994 = EDGE_LOOP('',(#5995,#6001,#6002,#6003));
#5995 = ORIENTED_EDGE('',*,*,#5996,.T.);
#5996 = EDGE_CURVE('',#3129,#4214,#5997,.T.);
#5997 = LINE('',#5998,#5999);
#5998 = CARTESIAN_POINT('',(111.775,-95.423751,4.1));
#5999 = VECTOR('',#6000,1.);
#6000 = DIRECTION('',(-0.,-0.,-1.));
#6001 = ORIENTED_EDGE('',*,*,#4213,.T.);
#6002 = ORIENTED_EDGE('',*,*,#5979,.F.);
#6003 = ORIENTED_EDGE('',*,*,#3128,.F.);
#6004 = PLANE('',#6005);
#6005 = AXIS2_PLACEMENT_3D('',#6006,#6007,#6008);
#6006 = CARTESIAN_POINT('',(111.775,-95.423751,4.1));
#6007 = DIRECTION('',(1.,0.,0.));
#6008 = DIRECTION('',(0.,1.,0.));
#6009 = ADVANCED_FACE('',(#6010),#6016,.F.);
#6010 = FACE_BOUND('',#6011,.F.);
#6011 = EDGE_LOOP('',(#6012,#6013,#6014,#6015));
#6012 = ORIENTED_EDGE('',*,*,#5964,.T.);
#6013 = ORIENTED_EDGE('',*,*,#4221,.T.);
#6014 = ORIENTED_EDGE('',*,*,#5996,.F.);
#6015 = ORIENTED_EDGE('',*,*,#3136,.F.);
#6016 = PLANE('',#6017);
#6017 = AXIS2_PLACEMENT_3D('',#6018,#6019,#6020);
#6018 = CARTESIAN_POINT('',(97.775,-95.423751,4.1));
#6019 = DIRECTION('',(0.,-1.,0.));
#6020 = DIRECTION('',(1.,0.,0.));
#6021 = ADVANCED_FACE('',(#6022),#6038,.F.);
#6022 = FACE_BOUND('',#6023,.F.);
#6023 = EDGE_LOOP('',(#6024,#6030,#6031,#6037));
#6024 = ORIENTED_EDGE('',*,*,#6025,.T.);
#6025 = EDGE_CURVE('',#3145,#4411,#6026,.T.);
#6026 = LINE('',#6027,#6028);
#6027 = CARTESIAN_POINT('',(97.775,-43.323752,4.1));
#6028 = VECTOR('',#6029,1.);
#6029 = DIRECTION('',(-0.,-0.,-1.));
#6030 = ORIENTED_EDGE('',*,*,#4410,.T.);
#6031 = ORIENTED_EDGE('',*,*,#6032,.F.);
#6032 = EDGE_CURVE('',#3147,#4413,#6033,.T.);
#6033 = LINE('',#6034,#6035);
#6034 = CARTESIAN_POINT('',(97.775,-57.323752,4.1));
#6035 = VECTOR('',#6036,1.);
#6036 = DIRECTION('',(-0.,-0.,-1.));
#6037 = ORIENTED_EDGE('',*,*,#3144,.F.);
#6038 = PLANE('',#6039);
#6039 = AXIS2_PLACEMENT_3D('',#6040,#6041,#6042);
#6040 = CARTESIAN_POINT('',(97.775,-43.323752,4.1));
#6041 = DIRECTION('',(-1.,0.,0.));
#6042 = DIRECTION('',(0.,-1.,0.));
#6043 = ADVANCED_FACE('',(#6044),#6055,.F.);
#6044 = FACE_BOUND('',#6045,.F.);
#6045 = EDGE_LOOP('',(#6046,#6052,#6053,#6054));
#6046 = ORIENTED_EDGE('',*,*,#6047,.T.);
#6047 = EDGE_CURVE('',#3155,#4421,#6048,.T.);
#6048 = LINE('',#6049,#6050);
#6049 = CARTESIAN_POINT('',(111.775,-43.323752,4.1));
#6050 = VECTOR('',#6051,1.);
#6051 = DIRECTION('',(-0.,-0.,-1.));
#6052 = ORIENTED_EDGE('',*,*,#4420,.T.);
#6053 = ORIENTED_EDGE('',*,*,#6025,.F.);
#6054 = ORIENTED_EDGE('',*,*,#3154,.F.);
#6055 = PLANE('',#6056);
#6056 = AXIS2_PLACEMENT_3D('',#6057,#6058,#6059);
#6057 = CARTESIAN_POINT('',(111.775,-43.323752,4.1));
#6058 = DIRECTION('',(0.,1.,0.));
#6059 = DIRECTION('',(-1.,0.,0.));
#6060 = ADVANCED_FACE('',(#6061),#6072,.F.);
#6061 = FACE_BOUND('',#6062,.F.);
#6062 = EDGE_LOOP('',(#6063,#6069,#6070,#6071));
#6063 = ORIENTED_EDGE('',*,*,#6064,.T.);
#6064 = EDGE_CURVE('',#3163,#4429,#6065,.T.);
#6065 = LINE('',#6066,#6067);
#6066 = CARTESIAN_POINT('',(111.775,-57.323752,4.1));
#6067 = VECTOR('',#6068,1.);
#6068 = DIRECTION('',(-0.,-0.,-1.));
#6069 = ORIENTED_EDGE('',*,*,#4428,.T.);
#6070 = ORIENTED_EDGE('',*,*,#6047,.F.);
#6071 = ORIENTED_EDGE('',*,*,#3162,.F.);
#6072 = PLANE('',#6073);
#6073 = AXIS2_PLACEMENT_3D('',#6074,#6075,#6076);
#6074 = CARTESIAN_POINT('',(111.775,-57.323752,4.1));
#6075 = DIRECTION('',(1.,0.,0.));
#6076 = DIRECTION('',(0.,1.,0.));
#6077 = ADVANCED_FACE('',(#6078),#6084,.F.);
#6078 = FACE_BOUND('',#6079,.F.);
#6079 = EDGE_LOOP('',(#6080,#6081,#6082,#6083));
#6080 = ORIENTED_EDGE('',*,*,#6032,.T.);
#6081 = ORIENTED_EDGE('',*,*,#4436,.T.);
#6082 = ORIENTED_EDGE('',*,*,#6064,.F.);
#6083 = ORIENTED_EDGE('',*,*,#3170,.F.);
#6084 = PLANE('',#6085);
#6085 = AXIS2_PLACEMENT_3D('',#6086,#6087,#6088);
#6086 = CARTESIAN_POINT('',(97.775,-57.323752,4.1));
#6087 = DIRECTION('',(0.,-1.,0.));
#6088 = DIRECTION('',(1.,0.,0.));
#6089 = ADVANCED_FACE('',(#6090),#6106,.F.);
#6090 = FACE_BOUND('',#6091,.F.);
#6091 = EDGE_LOOP('',(#6092,#6098,#6099,#6105));
#6092 = ORIENTED_EDGE('',*,*,#6093,.T.);
#6093 = EDGE_CURVE('',#3179,#3653,#6094,.T.);
#6094 = LINE('',#6095,#6096);
#6095 = CARTESIAN_POINT('',(59.675,-109.884376,4.1));
#6096 = VECTOR('',#6097,1.);
#6097 = DIRECTION('',(-0.,-0.,-1.));
#6098 = ORIENTED_EDGE('',*,*,#3652,.T.);
#6099 = ORIENTED_EDGE('',*,*,#6100,.F.);
#6100 = EDGE_CURVE('',#3181,#3655,#6101,.T.);
#6101 = LINE('',#6102,#6103);
#6102 = CARTESIAN_POINT('',(59.675,-123.884376,4.1));
#6103 = VECTOR('',#6104,1.);
#6104 = DIRECTION('',(-0.,-0.,-1.));
#6105 = ORIENTED_EDGE('',*,*,#3178,.F.);
#6106 = PLANE('',#6107);
#6107 = AXIS2_PLACEMENT_3D('',#6108,#6109,#6110);
#6108 = CARTESIAN_POINT('',(59.675,-109.884376,4.1));
#6109 = DIRECTION('',(-1.,0.,0.));
#6110 = DIRECTION('',(0.,-1.,0.));
#6111 = ADVANCED_FACE('',(#6112),#6123,.F.);
#6112 = FACE_BOUND('',#6113,.F.);
#6113 = EDGE_LOOP('',(#6114,#6120,#6121,#6122));
#6114 = ORIENTED_EDGE('',*,*,#6115,.T.);
#6115 = EDGE_CURVE('',#3189,#3663,#6116,.T.);
#6116 = LINE('',#6117,#6118);
#6117 = CARTESIAN_POINT('',(73.675,-109.884376,4.1));
#6118 = VECTOR('',#6119,1.);
#6119 = DIRECTION('',(-0.,-0.,-1.));
#6120 = ORIENTED_EDGE('',*,*,#3662,.T.);
#6121 = ORIENTED_EDGE('',*,*,#6093,.F.);
#6122 = ORIENTED_EDGE('',*,*,#3188,.F.);
#6123 = PLANE('',#6124);
#6124 = AXIS2_PLACEMENT_3D('',#6125,#6126,#6127);
#6125 = CARTESIAN_POINT('',(73.675,-109.884376,4.1));
#6126 = DIRECTION('',(0.,1.,0.));
#6127 = DIRECTION('',(-1.,0.,0.));
#6128 = ADVANCED_FACE('',(#6129),#6140,.F.);
#6129 = FACE_BOUND('',#6130,.F.);
#6130 = EDGE_LOOP('',(#6131,#6137,#6138,#6139));
#6131 = ORIENTED_EDGE('',*,*,#6132,.T.);
#6132 = EDGE_CURVE('',#3197,#3671,#6133,.T.);
#6133 = LINE('',#6134,#6135);
#6134 = CARTESIAN_POINT('',(73.675,-123.884376,4.1));
#6135 = VECTOR('',#6136,1.);
#6136 = DIRECTION('',(-0.,-0.,-1.));
#6137 = ORIENTED_EDGE('',*,*,#3670,.T.);
#6138 = ORIENTED_EDGE('',*,*,#6115,.F.);
#6139 = ORIENTED_EDGE('',*,*,#3196,.F.);
#6140 = PLANE('',#6141);
#6141 = AXIS2_PLACEMENT_3D('',#6142,#6143,#6144);
#6142 = CARTESIAN_POINT('',(73.675,-123.884376,4.1));
#6143 = DIRECTION('',(1.,0.,0.));
#6144 = DIRECTION('',(0.,1.,0.));
#6145 = ADVANCED_FACE('',(#6146),#6152,.F.);
#6146 = FACE_BOUND('',#6147,.F.);
#6147 = EDGE_LOOP('',(#6148,#6149,#6150,#6151));
#6148 = ORIENTED_EDGE('',*,*,#6100,.T.);
#6149 = ORIENTED_EDGE('',*,*,#3678,.T.);
#6150 = ORIENTED_EDGE('',*,*,#6132,.F.);
#6151 = ORIENTED_EDGE('',*,*,#3204,.F.);
#6152 = PLANE('',#6153);
#6153 = AXIS2_PLACEMENT_3D('',#6154,#6155,#6156);
#6154 = CARTESIAN_POINT('',(59.675,-123.884376,4.1));
#6155 = DIRECTION('',(0.,-1.,0.));
#6156 = DIRECTION('',(1.,0.,0.));
#6157 = ADVANCED_FACE('',(#6158),#6174,.F.);
#6158 = FACE_BOUND('',#6159,.F.);
#6159 = EDGE_LOOP('',(#6160,#6166,#6167,#6173));
#6160 = ORIENTED_EDGE('',*,*,#6161,.T.);
#6161 = EDGE_CURVE('',#3213,#4547,#6162,.T.);
#6162 = LINE('',#6163,#6164);
#6163 = CARTESIAN_POINT('',(135.875,-65.628125,4.1));
#6164 = VECTOR('',#6165,1.);
#6165 = DIRECTION('',(-0.,-0.,-1.));
#6166 = ORIENTED_EDGE('',*,*,#4546,.T.);
#6167 = ORIENTED_EDGE('',*,*,#6168,.F.);
#6168 = EDGE_CURVE('',#3215,#4549,#6169,.T.);
#6169 = LINE('',#6170,#6171);
#6170 = CARTESIAN_POINT('',(135.875,-79.628125,4.1));
#6171 = VECTOR('',#6172,1.);
#6172 = DIRECTION('',(-0.,-0.,-1.));
#6173 = ORIENTED_EDGE('',*,*,#3212,.F.);
#6174 = PLANE('',#6175);
#6175 = AXIS2_PLACEMENT_3D('',#6176,#6177,#6178);
#6176 = CARTESIAN_POINT('',(135.875,-65.628125,4.1));
#6177 = DIRECTION('',(-1.,0.,0.));
#6178 = DIRECTION('',(0.,-1.,0.));
#6179 = ADVANCED_FACE('',(#6180),#6191,.F.);
#6180 = FACE_BOUND('',#6181,.F.);
#6181 = EDGE_LOOP('',(#6182,#6188,#6189,#6190));
#6182 = ORIENTED_EDGE('',*,*,#6183,.T.);
#6183 = EDGE_CURVE('',#3223,#4557,#6184,.T.);
#6184 = LINE('',#6185,#6186);
#6185 = CARTESIAN_POINT('',(149.875,-65.628125,4.1));
#6186 = VECTOR('',#6187,1.);
#6187 = DIRECTION('',(-0.,-0.,-1.));
#6188 = ORIENTED_EDGE('',*,*,#4556,.T.);
#6189 = ORIENTED_EDGE('',*,*,#6161,.F.);
#6190 = ORIENTED_EDGE('',*,*,#3222,.F.);
#6191 = PLANE('',#6192);
#6192 = AXIS2_PLACEMENT_3D('',#6193,#6194,#6195);
#6193 = CARTESIAN_POINT('',(149.875,-65.628125,4.1));
#6194 = DIRECTION('',(0.,1.,0.));
#6195 = DIRECTION('',(-1.,0.,0.));
#6196 = ADVANCED_FACE('',(#6197),#6208,.F.);
#6197 = FACE_BOUND('',#6198,.F.);
#6198 = EDGE_LOOP('',(#6199,#6205,#6206,#6207));
#6199 = ORIENTED_EDGE('',*,*,#6200,.T.);
#6200 = EDGE_CURVE('',#3231,#4565,#6201,.T.);
#6201 = LINE('',#6202,#6203);
#6202 = CARTESIAN_POINT('',(149.875,-79.628125,4.1));
#6203 = VECTOR('',#6204,1.);
#6204 = DIRECTION('',(-0.,-0.,-1.));
#6205 = ORIENTED_EDGE('',*,*,#4564,.T.);
#6206 = ORIENTED_EDGE('',*,*,#6183,.F.);
#6207 = ORIENTED_EDGE('',*,*,#3230,.F.);
#6208 = PLANE('',#6209);
#6209 = AXIS2_PLACEMENT_3D('',#6210,#6211,#6212);
#6210 = CARTESIAN_POINT('',(149.875,-79.628125,4.1));
#6211 = DIRECTION('',(1.,0.,0.));
#6212 = DIRECTION('',(0.,1.,0.));
#6213 = ADVANCED_FACE('',(#6214),#6220,.F.);
#6214 = FACE_BOUND('',#6215,.F.);
#6215 = EDGE_LOOP('',(#6216,#6217,#6218,#6219));
#6216 = ORIENTED_EDGE('',*,*,#6168,.T.);
#6217 = ORIENTED_EDGE('',*,*,#4572,.T.);
#6218 = ORIENTED_EDGE('',*,*,#6200,.F.);
#6219 = ORIENTED_EDGE('',*,*,#3238,.F.);
#6220 = PLANE('',#6221);
#6221 = AXIS2_PLACEMENT_3D('',#6222,#6223,#6224);
#6222 = CARTESIAN_POINT('',(135.875,-79.628125,4.1));
#6223 = DIRECTION('',(0.,-1.,0.));
#6224 = DIRECTION('',(1.,0.,0.));
#6225 = ADVANCED_FACE('',(#6226),#6242,.F.);
#6226 = FACE_BOUND('',#6227,.F.);
#6227 = EDGE_LOOP('',(#6228,#6234,#6235,#6241));
#6228 = ORIENTED_EDGE('',*,*,#6229,.T.);
#6229 = EDGE_CURVE('',#3247,#4309,#6230,.T.);
#6230 = LINE('',#6231,#6232);
#6231 = CARTESIAN_POINT('',(59.675,-52.734377,4.1));
#6232 = VECTOR('',#6233,1.);
#6233 = DIRECTION('',(-0.,-0.,-1.));
#6234 = ORIENTED_EDGE('',*,*,#4308,.T.);
#6235 = ORIENTED_EDGE('',*,*,#6236,.F.);
#6236 = EDGE_CURVE('',#3249,#4311,#6237,.T.);
#6237 = LINE('',#6238,#6239);
#6238 = CARTESIAN_POINT('',(59.675,-66.734377,4.1));
#6239 = VECTOR('',#6240,1.);
#6240 = DIRECTION('',(-0.,-0.,-1.));
#6241 = ORIENTED_EDGE('',*,*,#3246,.F.);
#6242 = PLANE('',#6243);
#6243 = AXIS2_PLACEMENT_3D('',#6244,#6245,#6246);
#6244 = CARTESIAN_POINT('',(59.675,-52.734377,4.1));
#6245 = DIRECTION('',(-1.,0.,0.));
#6246 = DIRECTION('',(0.,-1.,0.));
#6247 = ADVANCED_FACE('',(#6248),#6259,.F.);
#6248 = FACE_BOUND('',#6249,.F.);
#6249 = EDGE_LOOP('',(#6250,#6256,#6257,#6258));
#6250 = ORIENTED_EDGE('',*,*,#6251,.T.);
#6251 = EDGE_CURVE('',#3257,#4319,#6252,.T.);
#6252 = LINE('',#6253,#6254);
#6253 = CARTESIAN_POINT('',(73.675,-52.734377,4.1));
#6254 = VECTOR('',#6255,1.);
#6255 = DIRECTION('',(-0.,-0.,-1.));
#6256 = ORIENTED_EDGE('',*,*,#4318,.T.);
#6257 = ORIENTED_EDGE('',*,*,#6229,.F.);
#6258 = ORIENTED_EDGE('',*,*,#3256,.F.);
#6259 = PLANE('',#6260);
#6260 = AXIS2_PLACEMENT_3D('',#6261,#6262,#6263);
#6261 = CARTESIAN_POINT('',(73.675,-52.734377,4.1));
#6262 = DIRECTION('',(0.,1.,0.));
#6263 = DIRECTION('',(-1.,0.,0.));
#6264 = ADVANCED_FACE('',(#6265),#6276,.F.);
#6265 = FACE_BOUND('',#6266,.F.);
#6266 = EDGE_LOOP('',(#6267,#6273,#6274,#6275));
#6267 = ORIENTED_EDGE('',*,*,#6268,.T.);
#6268 = EDGE_CURVE('',#3265,#4327,#6269,.T.);
#6269 = LINE('',#6270,#6271);
#6270 = CARTESIAN_POINT('',(73.675,-66.734377,4.1));
#6271 = VECTOR('',#6272,1.);
#6272 = DIRECTION('',(-0.,-0.,-1.));
#6273 = ORIENTED_EDGE('',*,*,#4326,.T.);
#6274 = ORIENTED_EDGE('',*,*,#6251,.F.);
#6275 = ORIENTED_EDGE('',*,*,#3264,.F.);
#6276 = PLANE('',#6277);
#6277 = AXIS2_PLACEMENT_3D('',#6278,#6279,#6280);
#6278 = CARTESIAN_POINT('',(73.675,-66.734377,4.1));
#6279 = DIRECTION('',(1.,0.,0.));
#6280 = DIRECTION('',(0.,1.,0.));
#6281 = ADVANCED_FACE('',(#6282),#6288,.F.);
#6282 = FACE_BOUND('',#6283,.F.);
#6283 = EDGE_LOOP('',(#6284,#6285,#6286,#6287));
#6284 = ORIENTED_EDGE('',*,*,#6236,.T.);
#6285 = ORIENTED_EDGE('',*,*,#4334,.T.);
#6286 = ORIENTED_EDGE('',*,*,#6268,.F.);
#6287 = ORIENTED_EDGE('',*,*,#3272,.F.);
#6288 = PLANE('',#6289);
#6289 = AXIS2_PLACEMENT_3D('',#6290,#6291,#6292);
#6290 = CARTESIAN_POINT('',(59.675,-66.734377,4.1));
#6291 = DIRECTION('',(0.,-1.,0.));
#6292 = DIRECTION('',(1.,0.,0.));
#6293 = ADVANCED_FACE('',(#6294),#6310,.F.);
#6294 = FACE_BOUND('',#6295,.F.);
#6295 = EDGE_LOOP('',(#6296,#6302,#6303,#6309));
#6296 = ORIENTED_EDGE('',*,*,#6297,.T.);
#6297 = EDGE_CURVE('',#3281,#4264,#6298,.T.);
#6298 = LINE('',#6299,#6300);
#6299 = CARTESIAN_POINT('',(97.775,-62.373752,4.1));
#6300 = VECTOR('',#6301,1.);
#6301 = DIRECTION('',(-0.,-0.,-1.));
#6302 = ORIENTED_EDGE('',*,*,#4263,.T.);
#6303 = ORIENTED_EDGE('',*,*,#6304,.F.);
#6304 = EDGE_CURVE('',#3283,#4266,#6305,.T.);
#6305 = LINE('',#6306,#6307);
#6306 = CARTESIAN_POINT('',(97.775,-76.373752,4.1));
#6307 = VECTOR('',#6308,1.);
#6308 = DIRECTION('',(-0.,-0.,-1.));
#6309 = ORIENTED_EDGE('',*,*,#3280,.F.);
#6310 = PLANE('',#6311);
#6311 = AXIS2_PLACEMENT_3D('',#6312,#6313,#6314);
#6312 = CARTESIAN_POINT('',(97.775,-62.373752,4.1));
#6313 = DIRECTION('',(-1.,0.,0.));
#6314 = DIRECTION('',(0.,-1.,0.));
#6315 = ADVANCED_FACE('',(#6316),#6327,.F.);
#6316 = FACE_BOUND('',#6317,.F.);
#6317 = EDGE_LOOP('',(#6318,#6324,#6325,#6326));
#6318 = ORIENTED_EDGE('',*,*,#6319,.T.);
#6319 = EDGE_CURVE('',#3291,#4274,#6320,.T.);
#6320 = LINE('',#6321,#6322);
#6321 = CARTESIAN_POINT('',(111.775,-62.373752,4.1));
#6322 = VECTOR('',#6323,1.);
#6323 = DIRECTION('',(-0.,-0.,-1.));
#6324 = ORIENTED_EDGE('',*,*,#4273,.T.);
#6325 = ORIENTED_EDGE('',*,*,#6297,.F.);
#6326 = ORIENTED_EDGE('',*,*,#3290,.F.);
#6327 = PLANE('',#6328);
#6328 = AXIS2_PLACEMENT_3D('',#6329,#6330,#6331);
#6329 = CARTESIAN_POINT('',(111.775,-62.373752,4.1));
#6330 = DIRECTION('',(0.,1.,0.));
#6331 = DIRECTION('',(-1.,0.,0.));
#6332 = ADVANCED_FACE('',(#6333),#6344,.F.);
#6333 = FACE_BOUND('',#6334,.F.);
#6334 = EDGE_LOOP('',(#6335,#6341,#6342,#6343));
#6335 = ORIENTED_EDGE('',*,*,#6336,.T.);
#6336 = EDGE_CURVE('',#3299,#4282,#6337,.T.);
#6337 = LINE('',#6338,#6339);
#6338 = CARTESIAN_POINT('',(111.775,-76.373752,4.1));
#6339 = VECTOR('',#6340,1.);
#6340 = DIRECTION('',(-0.,-0.,-1.));
#6341 = ORIENTED_EDGE('',*,*,#4281,.T.);
#6342 = ORIENTED_EDGE('',*,*,#6319,.F.);
#6343 = ORIENTED_EDGE('',*,*,#3298,.F.);
#6344 = PLANE('',#6345);
#6345 = AXIS2_PLACEMENT_3D('',#6346,#6347,#6348);
#6346 = CARTESIAN_POINT('',(111.775,-76.373752,4.1));
#6347 = DIRECTION('',(1.,0.,0.));
#6348 = DIRECTION('',(0.,1.,0.));
#6349 = ADVANCED_FACE('',(#6350),#6356,.F.);
#6350 = FACE_BOUND('',#6351,.F.);
#6351 = EDGE_LOOP('',(#6352,#6353,#6354,#6355));
#6352 = ORIENTED_EDGE('',*,*,#6304,.T.);
#6353 = ORIENTED_EDGE('',*,*,#4289,.T.);
#6354 = ORIENTED_EDGE('',*,*,#6336,.F.);
#6355 = ORIENTED_EDGE('',*,*,#3306,.F.);
#6356 = PLANE('',#6357);
#6357 = AXIS2_PLACEMENT_3D('',#6358,#6359,#6360);
#6358 = CARTESIAN_POINT('',(97.775,-76.373752,4.1));
#6359 = DIRECTION('',(0.,-1.,0.));
#6360 = DIRECTION('',(1.,0.,0.));
#6361 = ADVANCED_FACE('',(#6362),#6378,.F.);
#6362 = FACE_BOUND('',#6363,.F.);
#6363 = EDGE_LOOP('',(#6364,#6370,#6371,#6377));
#6364 = ORIENTED_EDGE('',*,*,#6365,.T.);
#6365 = EDGE_CURVE('',#3315,#4649,#6366,.T.);
#6366 = LINE('',#6367,#6368);
#6367 = CARTESIAN_POINT('',(154.925,-50.149999,4.1));
#6368 = VECTOR('',#6369,1.);
#6369 = DIRECTION('',(-0.,-0.,-1.));
#6370 = ORIENTED_EDGE('',*,*,#4648,.T.);
#6371 = ORIENTED_EDGE('',*,*,#6372,.F.);
#6372 = EDGE_CURVE('',#3317,#4651,#6373,.T.);
#6373 = LINE('',#6374,#6375);
#6374 = CARTESIAN_POINT('',(154.925,-64.149999,4.1));
#6375 = VECTOR('',#6376,1.);
#6376 = DIRECTION('',(-0.,-0.,-1.));
#6377 = ORIENTED_EDGE('',*,*,#3314,.F.);
#6378 = PLANE('',#6379);
#6379 = AXIS2_PLACEMENT_3D('',#6380,#6381,#6382);
#6380 = CARTESIAN_POINT('',(154.925,-50.149999,4.1));
#6381 = DIRECTION('',(-1.,0.,0.));
#6382 = DIRECTION('',(0.,-1.,0.));
#6383 = ADVANCED_FACE('',(#6384),#6395,.F.);
#6384 = FACE_BOUND('',#6385,.F.);
#6385 = EDGE_LOOP('',(#6386,#6392,#6393,#6394));
#6386 = ORIENTED_EDGE('',*,*,#6387,.T.);
#6387 = EDGE_CURVE('',#3325,#4659,#6388,.T.);
#6388 = LINE('',#6389,#6390);
#6389 = CARTESIAN_POINT('',(168.925,-50.149999,4.1));
#6390 = VECTOR('',#6391,1.);
#6391 = DIRECTION('',(-0.,-0.,-1.));
#6392 = ORIENTED_EDGE('',*,*,#4658,.T.);
#6393 = ORIENTED_EDGE('',*,*,#6365,.F.);
#6394 = ORIENTED_EDGE('',*,*,#3324,.F.);
#6395 = PLANE('',#6396);
#6396 = AXIS2_PLACEMENT_3D('',#6397,#6398,#6399);
#6397 = CARTESIAN_POINT('',(168.925,-50.149999,4.1));
#6398 = DIRECTION('',(0.,1.,0.));
#6399 = DIRECTION('',(-1.,0.,0.));
#6400 = ADVANCED_FACE('',(#6401),#6412,.F.);
#6401 = FACE_BOUND('',#6402,.F.);
#6402 = EDGE_LOOP('',(#6403,#6409,#6410,#6411));
#6403 = ORIENTED_EDGE('',*,*,#6404,.T.);
#6404 = EDGE_CURVE('',#3333,#4667,#6405,.T.);
#6405 = LINE('',#6406,#6407);
#6406 = CARTESIAN_POINT('',(168.925,-64.149999,4.1));
#6407 = VECTOR('',#6408,1.);
#6408 = DIRECTION('',(-0.,-0.,-1.));
#6409 = ORIENTED_EDGE('',*,*,#4666,.T.);
#6410 = ORIENTED_EDGE('',*,*,#6387,.F.);
#6411 = ORIENTED_EDGE('',*,*,#3332,.F.);
#6412 = PLANE('',#6413);
#6413 = AXIS2_PLACEMENT_3D('',#6414,#6415,#6416);
#6414 = CARTESIAN_POINT('',(168.925,-64.149999,4.1));
#6415 = DIRECTION('',(1.,0.,0.));
#6416 = DIRECTION('',(0.,1.,0.));
#6417 = ADVANCED_FACE('',(#6418),#6424,.F.);
#6418 = FACE_BOUND('',#6419,.F.);
#6419 = EDGE_LOOP('',(#6420,#6421,#6422,#6423));
#6420 = ORIENTED_EDGE('',*,*,#6372,.T.);
#6421 = ORIENTED_EDGE('',*,*,#4674,.T.);
#6422 = ORIENTED_EDGE('',*,*,#6404,.F.);
#6423 = ORIENTED_EDGE('',*,*,#3340,.F.);
#6424 = PLANE('',#6425);
#6425 = AXIS2_PLACEMENT_3D('',#6426,#6427,#6428);
#6426 = CARTESIAN_POINT('',(154.925,-64.149999,4.1));
#6427 = DIRECTION('',(0.,-1.,0.));
#6428 = DIRECTION('',(1.,0.,0.));
#6429 = ADVANCED_FACE('',(#6430),#6446,.F.);
#6430 = FACE_BOUND('',#6431,.F.);
#6431 = EDGE_LOOP('',(#6432,#6438,#6439,#6445));
#6432 = ORIENTED_EDGE('',*,*,#6433,.T.);
#6433 = EDGE_CURVE('',#3349,#4377,#6434,.T.);
#6434 = LINE('',#6435,#6436);
#6435 = CARTESIAN_POINT('',(116.825,-59.675,4.1));
#6436 = VECTOR('',#6437,1.);
#6437 = DIRECTION('',(-0.,-0.,-1.));
#6438 = ORIENTED_EDGE('',*,*,#4376,.T.);
#6439 = ORIENTED_EDGE('',*,*,#6440,.F.);
#6440 = EDGE_CURVE('',#3351,#4379,#6441,.T.);
#6441 = LINE('',#6442,#6443);
#6442 = CARTESIAN_POINT('',(116.825,-73.675,4.1));
#6443 = VECTOR('',#6444,1.);
#6444 = DIRECTION('',(-0.,-0.,-1.));
#6445 = ORIENTED_EDGE('',*,*,#3348,.F.);
#6446 = PLANE('',#6447);
#6447 = AXIS2_PLACEMENT_3D('',#6448,#6449,#6450);
#6448 = CARTESIAN_POINT('',(116.825,-59.675,4.1));
#6449 = DIRECTION('',(-1.,0.,0.));
#6450 = DIRECTION('',(0.,-1.,0.));
#6451 = ADVANCED_FACE('',(#6452),#6463,.F.);
#6452 = FACE_BOUND('',#6453,.F.);
#6453 = EDGE_LOOP('',(#6454,#6460,#6461,#6462));
#6454 = ORIENTED_EDGE('',*,*,#6455,.T.);
#6455 = EDGE_CURVE('',#3359,#4387,#6456,.T.);
#6456 = LINE('',#6457,#6458);
#6457 = CARTESIAN_POINT('',(130.825,-59.675,4.1));
#6458 = VECTOR('',#6459,1.);
#6459 = DIRECTION('',(-0.,-0.,-1.));
#6460 = ORIENTED_EDGE('',*,*,#4386,.T.);
#6461 = ORIENTED_EDGE('',*,*,#6433,.F.);
#6462 = ORIENTED_EDGE('',*,*,#3358,.F.);
#6463 = PLANE('',#6464);
#6464 = AXIS2_PLACEMENT_3D('',#6465,#6466,#6467);
#6465 = CARTESIAN_POINT('',(130.825,-59.675,4.1));
#6466 = DIRECTION('',(0.,1.,0.));
#6467 = DIRECTION('',(-1.,0.,0.));
#6468 = ADVANCED_FACE('',(#6469),#6480,.F.);
#6469 = FACE_BOUND('',#6470,.F.);
#6470 = EDGE_LOOP('',(#6471,#6477,#6478,#6479));
#6471 = ORIENTED_EDGE('',*,*,#6472,.T.);
#6472 = EDGE_CURVE('',#3367,#4395,#6473,.T.);
#6473 = LINE('',#6474,#6475);
#6474 = CARTESIAN_POINT('',(130.825,-73.675,4.1));
#6475 = VECTOR('',#6476,1.);
#6476 = DIRECTION('',(-0.,-0.,-1.));
#6477 = ORIENTED_EDGE('',*,*,#4394,.T.);
#6478 = ORIENTED_EDGE('',*,*,#6455,.F.);
#6479 = ORIENTED_EDGE('',*,*,#3366,.F.);
#6480 = PLANE('',#6481);
#6481 = AXIS2_PLACEMENT_3D('',#6482,#6483,#6484);
#6482 = CARTESIAN_POINT('',(130.825,-73.675,4.1));
#6483 = DIRECTION('',(1.,0.,0.));
#6484 = DIRECTION('',(0.,1.,0.));
#6485 = ADVANCED_FACE('',(#6486),#6492,.F.);
#6486 = FACE_BOUND('',#6487,.F.);
#6487 = EDGE_LOOP('',(#6488,#6489,#6490,#6491));
#6488 = ORIENTED_EDGE('',*,*,#6440,.T.);
#6489 = ORIENTED_EDGE('',*,*,#4402,.T.);
#6490 = ORIENTED_EDGE('',*,*,#6472,.F.);
#6491 = ORIENTED_EDGE('',*,*,#3374,.F.);
#6492 = PLANE('',#6493);
#6493 = AXIS2_PLACEMENT_3D('',#6494,#6495,#6496);
#6494 = CARTESIAN_POINT('',(116.825,-73.675,4.1));
#6495 = DIRECTION('',(0.,-1.,0.));
#6496 = DIRECTION('',(1.,0.,0.));
#6497 = ADVANCED_FACE('',(#6498),#6514,.F.);
#6498 = FACE_BOUND('',#6499,.F.);
#6499 = EDGE_LOOP('',(#6500,#6506,#6507,#6513));
#6500 = ORIENTED_EDGE('',*,*,#6501,.T.);
#6501 = EDGE_CURVE('',#3383,#4230,#6502,.T.);
#6502 = LINE('',#6503,#6504);
#6503 = CARTESIAN_POINT('',(116.825,-78.725,4.1));
#6504 = VECTOR('',#6505,1.);
#6505 = DIRECTION('',(-0.,-0.,-1.));
#6506 = ORIENTED_EDGE('',*,*,#4229,.T.);
#6507 = ORIENTED_EDGE('',*,*,#6508,.F.);
#6508 = EDGE_CURVE('',#3385,#4232,#6509,.T.);
#6509 = LINE('',#6510,#6511);
#6510 = CARTESIAN_POINT('',(116.825,-92.725,4.1));
#6511 = VECTOR('',#6512,1.);
#6512 = DIRECTION('',(-0.,-0.,-1.));
#6513 = ORIENTED_EDGE('',*,*,#3382,.F.);
#6514 = PLANE('',#6515);
#6515 = AXIS2_PLACEMENT_3D('',#6516,#6517,#6518);
#6516 = CARTESIAN_POINT('',(116.825,-78.725,4.1));
#6517 = DIRECTION('',(-1.,0.,0.));
#6518 = DIRECTION('',(0.,-1.,0.));
#6519 = ADVANCED_FACE('',(#6520),#6531,.F.);
#6520 = FACE_BOUND('',#6521,.F.);
#6521 = EDGE_LOOP('',(#6522,#6528,#6529,#6530));
#6522 = ORIENTED_EDGE('',*,*,#6523,.T.);
#6523 = EDGE_CURVE('',#3393,#4240,#6524,.T.);
#6524 = LINE('',#6525,#6526);
#6525 = CARTESIAN_POINT('',(130.825,-78.725,4.1));
#6526 = VECTOR('',#6527,1.);
#6527 = DIRECTION('',(-0.,-0.,-1.));
#6528 = ORIENTED_EDGE('',*,*,#4239,.T.);
#6529 = ORIENTED_EDGE('',*,*,#6501,.F.);
#6530 = ORIENTED_EDGE('',*,*,#3392,.F.);
#6531 = PLANE('',#6532);
#6532 = AXIS2_PLACEMENT_3D('',#6533,#6534,#6535);
#6533 = CARTESIAN_POINT('',(130.825,-78.725,4.1));
#6534 = DIRECTION('',(0.,1.,0.));
#6535 = DIRECTION('',(-1.,0.,0.));
#6536 = ADVANCED_FACE('',(#6537),#6548,.F.);
#6537 = FACE_BOUND('',#6538,.F.);
#6538 = EDGE_LOOP('',(#6539,#6545,#6546,#6547));
#6539 = ORIENTED_EDGE('',*,*,#6540,.T.);
#6540 = EDGE_CURVE('',#3401,#4248,#6541,.T.);
#6541 = LINE('',#6542,#6543);
#6542 = CARTESIAN_POINT('',(130.825,-92.725,4.1));
#6543 = VECTOR('',#6544,1.);
#6544 = DIRECTION('',(-0.,-0.,-1.));
#6545 = ORIENTED_EDGE('',*,*,#4247,.T.);
#6546 = ORIENTED_EDGE('',*,*,#6523,.F.);
#6547 = ORIENTED_EDGE('',*,*,#3400,.F.);
#6548 = PLANE('',#6549);
#6549 = AXIS2_PLACEMENT_3D('',#6550,#6551,#6552);
#6550 = CARTESIAN_POINT('',(130.825,-92.725,4.1));
#6551 = DIRECTION('',(1.,0.,0.));
#6552 = DIRECTION('',(0.,1.,0.));
#6553 = ADVANCED_FACE('',(#6554),#6560,.F.);
#6554 = FACE_BOUND('',#6555,.F.);
#6555 = EDGE_LOOP('',(#6556,#6557,#6558,#6559));
#6556 = ORIENTED_EDGE('',*,*,#6508,.T.);
#6557 = ORIENTED_EDGE('',*,*,#4255,.T.);
#6558 = ORIENTED_EDGE('',*,*,#6540,.F.);
#6559 = ORIENTED_EDGE('',*,*,#3408,.F.);
#6560 = PLANE('',#6561);
#6561 = AXIS2_PLACEMENT_3D('',#6562,#6563,#6564);
#6562 = CARTESIAN_POINT('',(116.825,-92.725,4.1));
#6563 = DIRECTION('',(0.,-1.,0.));
#6564 = DIRECTION('',(1.,0.,0.));
#6565 = ADVANCED_FACE('',(#6566),#6582,.F.);
#6566 = FACE_BOUND('',#6567,.F.);
#6567 = EDGE_LOOP('',(#6568,#6574,#6575,#6581));
#6568 = ORIENTED_EDGE('',*,*,#6569,.T.);
#6569 = EDGE_CURVE('',#3417,#4445,#6570,.T.);
#6570 = LINE('',#6571,#6572);
#6571 = CARTESIAN_POINT('',(116.825,-40.625,4.1));
#6572 = VECTOR('',#6573,1.);
#6573 = DIRECTION('',(-0.,-0.,-1.));
#6574 = ORIENTED_EDGE('',*,*,#4444,.T.);
#6575 = ORIENTED_EDGE('',*,*,#6576,.F.);
#6576 = EDGE_CURVE('',#3419,#4447,#6577,.T.);
#6577 = LINE('',#6578,#6579);
#6578 = CARTESIAN_POINT('',(116.825,-54.625,4.1));
#6579 = VECTOR('',#6580,1.);
#6580 = DIRECTION('',(-0.,-0.,-1.));
#6581 = ORIENTED_EDGE('',*,*,#3416,.F.);
#6582 = PLANE('',#6583);
#6583 = AXIS2_PLACEMENT_3D('',#6584,#6585,#6586);
#6584 = CARTESIAN_POINT('',(116.825,-40.625,4.1));
#6585 = DIRECTION('',(-1.,0.,0.));
#6586 = DIRECTION('',(0.,-1.,0.));
#6587 = ADVANCED_FACE('',(#6588),#6599,.F.);
#6588 = FACE_BOUND('',#6589,.F.);
#6589 = EDGE_LOOP('',(#6590,#6596,#6597,#6598));
#6590 = ORIENTED_EDGE('',*,*,#6591,.T.);
#6591 = EDGE_CURVE('',#3427,#4455,#6592,.T.);
#6592 = LINE('',#6593,#6594);
#6593 = CARTESIAN_POINT('',(130.825,-40.625,4.1));
#6594 = VECTOR('',#6595,1.);
#6595 = DIRECTION('',(-0.,-0.,-1.));
#6596 = ORIENTED_EDGE('',*,*,#4454,.T.);
#6597 = ORIENTED_EDGE('',*,*,#6569,.F.);
#6598 = ORIENTED_EDGE('',*,*,#3426,.F.);
#6599 = PLANE('',#6600);
#6600 = AXIS2_PLACEMENT_3D('',#6601,#6602,#6603);
#6601 = CARTESIAN_POINT('',(130.825,-40.625,4.1));
#6602 = DIRECTION('',(0.,1.,0.));
#6603 = DIRECTION('',(-1.,0.,0.));
#6604 = ADVANCED_FACE('',(#6605),#6616,.F.);
#6605 = FACE_BOUND('',#6606,.F.);
#6606 = EDGE_LOOP('',(#6607,#6613,#6614,#6615));
#6607 = ORIENTED_EDGE('',*,*,#6608,.T.);
#6608 = EDGE_CURVE('',#3435,#4463,#6609,.T.);
#6609 = LINE('',#6610,#6611);
#6610 = CARTESIAN_POINT('',(130.825,-54.625,4.1));
#6611 = VECTOR('',#6612,1.);
#6612 = DIRECTION('',(-0.,-0.,-1.));
#6613 = ORIENTED_EDGE('',*,*,#4462,.T.);
#6614 = ORIENTED_EDGE('',*,*,#6591,.F.);
#6615 = ORIENTED_EDGE('',*,*,#3434,.F.);
#6616 = PLANE('',#6617);
#6617 = AXIS2_PLACEMENT_3D('',#6618,#6619,#6620);
#6618 = CARTESIAN_POINT('',(130.825,-54.625,4.1));
#6619 = DIRECTION('',(1.,0.,0.));
#6620 = DIRECTION('',(0.,1.,0.));
#6621 = ADVANCED_FACE('',(#6622),#6628,.F.);
#6622 = FACE_BOUND('',#6623,.F.);
#6623 = EDGE_LOOP('',(#6624,#6625,#6626,#6627));
#6624 = ORIENTED_EDGE('',*,*,#6576,.T.);
#6625 = ORIENTED_EDGE('',*,*,#4470,.T.);
#6626 = ORIENTED_EDGE('',*,*,#6608,.F.);
#6627 = ORIENTED_EDGE('',*,*,#3442,.F.);
#6628 = PLANE('',#6629);
#6629 = AXIS2_PLACEMENT_3D('',#6630,#6631,#6632);
#6630 = CARTESIAN_POINT('',(116.825,-54.625,4.1));
#6631 = DIRECTION('',(0.,-1.,0.));
#6632 = DIRECTION('',(1.,0.,0.));
#6633 = ADVANCED_FACE('',(#6634),#6650,.F.);
#6634 = FACE_BOUND('',#6635,.F.);
#6635 = EDGE_LOOP('',(#6636,#6642,#6643,#6649));
#6636 = ORIENTED_EDGE('',*,*,#6637,.T.);
#6637 = EDGE_CURVE('',#3451,#3777,#6638,.T.);
#6638 = LINE('',#6639,#6640);
#6639 = CARTESIAN_POINT('',(116.825,-97.775,4.1));
#6640 = VECTOR('',#6641,1.);
#6641 = DIRECTION('',(-0.,-0.,-1.));
#6642 = ORIENTED_EDGE('',*,*,#3776,.T.);
#6643 = ORIENTED_EDGE('',*,*,#6644,.F.);
#6644 = EDGE_CURVE('',#3453,#3779,#6645,.T.);
#6645 = LINE('',#6646,#6647);
#6646 = CARTESIAN_POINT('',(116.825,-111.775,4.1));
#6647 = VECTOR('',#6648,1.);
#6648 = DIRECTION('',(-0.,-0.,-1.));
#6649 = ORIENTED_EDGE('',*,*,#3450,.F.);
#6650 = PLANE('',#6651);
#6651 = AXIS2_PLACEMENT_3D('',#6652,#6653,#6654);
#6652 = CARTESIAN_POINT('',(116.825,-97.775,4.1));
#6653 = DIRECTION('',(-1.,0.,0.));
#6654 = DIRECTION('',(0.,-1.,0.));
#6655 = ADVANCED_FACE('',(#6656),#6667,.F.);
#6656 = FACE_BOUND('',#6657,.F.);
#6657 = EDGE_LOOP('',(#6658,#6664,#6665,#6666));
#6658 = ORIENTED_EDGE('',*,*,#6659,.T.);
#6659 = EDGE_CURVE('',#3461,#3787,#6660,.T.);
#6660 = LINE('',#6661,#6662);
#6661 = CARTESIAN_POINT('',(130.825,-97.775,4.1));
#6662 = VECTOR('',#6663,1.);
#6663 = DIRECTION('',(-0.,-0.,-1.));
#6664 = ORIENTED_EDGE('',*,*,#3786,.T.);
#6665 = ORIENTED_EDGE('',*,*,#6637,.F.);
#6666 = ORIENTED_EDGE('',*,*,#3460,.F.);
#6667 = PLANE('',#6668);
#6668 = AXIS2_PLACEMENT_3D('',#6669,#6670,#6671);
#6669 = CARTESIAN_POINT('',(130.825,-97.775,4.1));
#6670 = DIRECTION('',(0.,1.,0.));
#6671 = DIRECTION('',(-1.,0.,0.));
#6672 = ADVANCED_FACE('',(#6673),#6684,.F.);
#6673 = FACE_BOUND('',#6674,.F.);
#6674 = EDGE_LOOP('',(#6675,#6681,#6682,#6683));
#6675 = ORIENTED_EDGE('',*,*,#6676,.T.);
#6676 = EDGE_CURVE('',#3469,#3795,#6677,.T.);
#6677 = LINE('',#6678,#6679);
#6678 = CARTESIAN_POINT('',(130.825,-111.775,4.1));
#6679 = VECTOR('',#6680,1.);
#6680 = DIRECTION('',(-0.,-0.,-1.));
#6681 = ORIENTED_EDGE('',*,*,#3794,.T.);
#6682 = ORIENTED_EDGE('',*,*,#6659,.F.);
#6683 = ORIENTED_EDGE('',*,*,#3468,.F.);
#6684 = PLANE('',#6685);
#6685 = AXIS2_PLACEMENT_3D('',#6686,#6687,#6688);
#6686 = CARTESIAN_POINT('',(130.825,-111.775,4.1));
#6687 = DIRECTION('',(1.,0.,0.));
#6688 = DIRECTION('',(0.,1.,0.));
#6689 = ADVANCED_FACE('',(#6690),#6696,.F.);
#6690 = FACE_BOUND('',#6691,.F.);
#6691 = EDGE_LOOP('',(#6692,#6693,#6694,#6695));
#6692 = ORIENTED_EDGE('',*,*,#6644,.T.);
#6693 = ORIENTED_EDGE('',*,*,#3802,.T.);
#6694 = ORIENTED_EDGE('',*,*,#6676,.F.);
#6695 = ORIENTED_EDGE('',*,*,#3476,.F.);
#6696 = PLANE('',#6697);
#6697 = AXIS2_PLACEMENT_3D('',#6698,#6699,#6700);
#6698 = CARTESIAN_POINT('',(116.825,-111.775,4.1));
#6699 = DIRECTION('',(0.,-1.,0.));
#6700 = DIRECTION('',(1.,0.,0.));
#6701 = ADVANCED_FACE('',(#6702),#6718,.F.);
#6702 = FACE_BOUND('',#6703,.F.);
#6703 = EDGE_LOOP('',(#6704,#6710,#6711,#6717));
#6704 = ORIENTED_EDGE('',*,*,#6705,.T.);
#6705 = EDGE_CURVE('',#3485,#4683,#6706,.T.);
#6706 = LINE('',#6707,#6708);
#6707 = CARTESIAN_POINT('',(140.815625,-43.73125,4.1));
#6708 = VECTOR('',#6709,1.);
#6709 = DIRECTION('',(-0.,-0.,-1.));
#6710 = ORIENTED_EDGE('',*,*,#4682,.T.);
#6711 = ORIENTED_EDGE('',*,*,#6712,.F.);
#6712 = EDGE_CURVE('',#3487,#4685,#6713,.T.);
#6713 = LINE('',#6714,#6715);
#6714 = CARTESIAN_POINT('',(147.315625,-43.73125,4.1));
#6715 = VECTOR('',#6716,1.);
#6716 = DIRECTION('',(-0.,-0.,-1.));
#6717 = ORIENTED_EDGE('',*,*,#3484,.F.);
#6718 = PLANE('',#6719);
#6719 = AXIS2_PLACEMENT_3D('',#6720,#6721,#6722);
#6720 = CARTESIAN_POINT('',(140.815625,-43.73125,4.1));
#6721 = DIRECTION('',(0.,-1.,0.));
#6722 = DIRECTION('',(1.,0.,0.));
#6723 = ADVANCED_FACE('',(#6724),#6735,.F.);
#6724 = FACE_BOUND('',#6725,.F.);
#6725 = EDGE_LOOP('',(#6726,#6732,#6733,#6734));
#6726 = ORIENTED_EDGE('',*,*,#6727,.T.);
#6727 = EDGE_CURVE('',#3495,#4693,#6728,.T.);
#6728 = LINE('',#6729,#6730);
#6729 = CARTESIAN_POINT('',(140.815625,-37.23125,4.1));
#6730 = VECTOR('',#6731,1.);
#6731 = DIRECTION('',(-0.,-0.,-1.));
#6732 = ORIENTED_EDGE('',*,*,#4692,.T.);
#6733 = ORIENTED_EDGE('',*,*,#6705,.F.);
#6734 = ORIENTED_EDGE('',*,*,#3494,.F.);
#6735 = PLANE('',#6736);
#6736 = AXIS2_PLACEMENT_3D('',#6737,#6738,#6739);
#6737 = CARTESIAN_POINT('',(140.815625,-37.23125,4.1));
#6738 = DIRECTION('',(-1.,0.,0.));
#6739 = DIRECTION('',(0.,-1.,0.));
#6740 = ADVANCED_FACE('',(#6741),#6752,.F.);
#6741 = FACE_BOUND('',#6742,.F.);
#6742 = EDGE_LOOP('',(#6743,#6749,#6750,#6751));
#6743 = ORIENTED_EDGE('',*,*,#6744,.T.);
#6744 = EDGE_CURVE('',#3503,#4701,#6745,.T.);
#6745 = LINE('',#6746,#6747);
#6746 = CARTESIAN_POINT('',(147.315625,-37.23125,4.1));
#6747 = VECTOR('',#6748,1.);
#6748 = DIRECTION('',(-0.,-0.,-1.));
#6749 = ORIENTED_EDGE('',*,*,#4700,.T.);
#6750 = ORIENTED_EDGE('',*,*,#6727,.F.);
#6751 = ORIENTED_EDGE('',*,*,#3502,.F.);
#6752 = PLANE('',#6753);
#6753 = AXIS2_PLACEMENT_3D('',#6754,#6755,#6756);
#6754 = CARTESIAN_POINT('',(147.315625,-37.23125,4.1));
#6755 = DIRECTION('',(0.,1.,0.));
#6756 = DIRECTION('',(-1.,0.,0.));
#6757 = ADVANCED_FACE('',(#6758),#6764,.F.);
#6758 = FACE_BOUND('',#6759,.F.);
#6759 = EDGE_LOOP('',(#6760,#6761,#6762,#6763));
#6760 = ORIENTED_EDGE('',*,*,#6712,.T.);
#6761 = ORIENTED_EDGE('',*,*,#4708,.T.);
#6762 = ORIENTED_EDGE('',*,*,#6744,.F.);
#6763 = ORIENTED_EDGE('',*,*,#3510,.F.);
#6764 = PLANE('',#6765);
#6765 = AXIS2_PLACEMENT_3D('',#6766,#6767,#6768);
#6766 = CARTESIAN_POINT('',(147.315625,-43.73125,4.1));
#6767 = DIRECTION('',(1.,0.,0.));
#6768 = DIRECTION('',(0.,1.,0.));
#6769 = ADVANCED_FACE('',(#6770),#6781,.F.);
#6770 = FACE_BOUND('',#6771,.F.);
#6771 = EDGE_LOOP('',(#6772,#6778,#6779,#6780));
#6772 = ORIENTED_EDGE('',*,*,#6773,.T.);
#6773 = EDGE_CURVE('',#3519,#4185,#6774,.T.);
#6774 = LINE('',#6775,#6776);
#6775 = CARTESIAN_POINT('',(78.7,-69.259375,4.1));
#6776 = VECTOR('',#6777,1.);
#6777 = DIRECTION('',(-0.,-0.,-1.));
#6778 = ORIENTED_EDGE('',*,*,#4184,.T.);
#6779 = ORIENTED_EDGE('',*,*,#6773,.F.);
#6780 = ORIENTED_EDGE('',*,*,#3518,.F.);
#6781 = CYLINDRICAL_SURFACE('',#6782,2.5);
#6782 = AXIS2_PLACEMENT_3D('',#6783,#6784,#6785);
#6783 = CARTESIAN_POINT('',(76.2,-69.259375,4.1));
#6784 = DIRECTION('',(0.,0.,1.));
#6785 = DIRECTION('',(1.,0.,0.));
#6786 = ADVANCED_FACE('',(#6787),#6798,.F.);
#6787 = FACE_BOUND('',#6788,.F.);
#6788 = EDGE_LOOP('',(#6789,#6795,#6796,#6797));
#6789 = ORIENTED_EDGE('',*,*,#6790,.T.);
#6790 = EDGE_CURVE('',#3530,#4298,#6791,.T.);
#6791 = LINE('',#6792,#6793);
#6792 = CARTESIAN_POINT('',(116.270642,-78.898751,4.1));
#6793 = VECTOR('',#6794,1.);
#6794 = DIRECTION('',(-0.,-0.,-1.));
#6795 = ORIENTED_EDGE('',*,*,#4297,.T.);
#6796 = ORIENTED_EDGE('',*,*,#6790,.F.);
#6797 = ORIENTED_EDGE('',*,*,#3529,.F.);
#6798 = CYLINDRICAL_SURFACE('',#6799,2.5);
#6799 = AXIS2_PLACEMENT_3D('',#6800,#6801,#6802);
#6800 = CARTESIAN_POINT('',(113.770642,-78.898751,4.1));
#6801 = DIRECTION('',(0.,0.,1.));
#6802 = DIRECTION('',(1.,0.,0.));
#6803 = ADVANCED_FACE('',(#6804),#6815,.F.);
#6804 = FACE_BOUND('',#6805,.F.);
#6805 = EDGE_LOOP('',(#6806,#6812,#6813,#6814));
#6806 = ORIENTED_EDGE('',*,*,#6807,.T.);
#6807 = EDGE_CURVE('',#3541,#3732,#6808,.T.);
#6808 = LINE('',#6809,#6810);
#6809 = CARTESIAN_POINT('',(131.0875,-121.44375,4.1));
#6810 = VECTOR('',#6811,1.);
#6811 = DIRECTION('',(-0.,-0.,-1.));
#6812 = ORIENTED_EDGE('',*,*,#3731,.T.);
#6813 = ORIENTED_EDGE('',*,*,#6807,.F.);
#6814 = ORIENTED_EDGE('',*,*,#3540,.F.);
#6815 = CYLINDRICAL_SURFACE('',#6816,2.5);
#6816 = AXIS2_PLACEMENT_3D('',#6817,#6818,#6819);
#6817 = CARTESIAN_POINT('',(128.5875,-121.44375,4.1));
#6818 = DIRECTION('',(0.,0.,1.));
#6819 = DIRECTION('',(1.,0.,0.));
#6820 = ADVANCED_FACE('',(#6821),#6832,.F.);
#6821 = FACE_BOUND('',#6822,.F.);
#6822 = EDGE_LOOP('',(#6823,#6829,#6830,#6831));
#6823 = ORIENTED_EDGE('',*,*,#6824,.T.);
#6824 = EDGE_CURVE('',#3552,#3721,#6825,.T.);
#6825 = LINE('',#6826,#6827);
#6826 = CARTESIAN_POINT('',(78.7,-107.359375,4.1));
#6827 = VECTOR('',#6828,1.);
#6828 = DIRECTION('',(-0.,-0.,-1.));
#6829 = ORIENTED_EDGE('',*,*,#3720,.T.);
#6830 = ORIENTED_EDGE('',*,*,#6824,.F.);
#6831 = ORIENTED_EDGE('',*,*,#3551,.F.);
#6832 = CYLINDRICAL_SURFACE('',#6833,2.5);
#6833 = AXIS2_PLACEMENT_3D('',#6834,#6835,#6836);
#6834 = CARTESIAN_POINT('',(76.2,-107.359375,4.1));
#6835 = DIRECTION('',(0.,0.,1.));
#6836 = DIRECTION('',(1.,0.,0.));
#6837 = ADVANCED_FACE('',(#6838),#6849,.F.);
#6838 = FACE_BOUND('',#6839,.F.);
#6839 = EDGE_LOOP('',(#6840,#6846,#6847,#6848));
#6840 = ORIENTED_EDGE('',*,*,#6841,.T.);
#6841 = EDGE_CURVE('',#3563,#4717,#6842,.T.);
#6842 = LINE('',#6843,#6844);
#6843 = CARTESIAN_POINT('',(170.378125,-42.8625,4.1));
#6844 = VECTOR('',#6845,1.);
#6845 = DIRECTION('',(-0.,-0.,-1.));
#6846 = ORIENTED_EDGE('',*,*,#4716,.T.);
#6847 = ORIENTED_EDGE('',*,*,#6841,.F.);
#6848 = ORIENTED_EDGE('',*,*,#3562,.F.);
#6849 = CYLINDRICAL_SURFACE('',#6850,2.5);
#6850 = AXIS2_PLACEMENT_3D('',#6851,#6852,#6853);
#6851 = CARTESIAN_POINT('',(167.878125,-42.8625,4.1));
#6852 = DIRECTION('',(0.,0.,1.));
#6853 = DIRECTION('',(1.,0.,0.));
#6854 = ( GEOMETRIC_REPRESENTATION_CONTEXT(3) 
GLOBAL_UNCERTAINTY_ASSIGNED_CONTEXT((#6858)) 
GLOBAL_UNIT_ASSIGNED_CONTEXT((#6855,#6856,#6857)) REPRESENTATION_CONTEXT
('Context #1','3D Context with UNIT and UNCERTAINTY') );
#6855 = ( LENGTH_UNIT() NAMED_UNIT(*) SI_UNIT(.MILLI.,.METRE.) );
#6856 = ( NAMED_UNIT(*) PLANE_ANGLE_UNIT() SI_UNIT($,.RADIAN.) );
#6857 = ( NAMED_UNIT(*) SI_UNIT($,.STERADIAN.) SOLID_ANGLE_UNIT() );
#6858 = UNCERTAINTY_MEASURE_WITH_UNIT(LENGTH_MEASURE(1.E-05),#6855,
  'distance_accuracy_value','confusion accuracy');
#6859 = PRODUCT_RELATED_PRODUCT_CATEGORY('part',$,(#7));
#6860 = MECHANICAL_DESIGN_GEOMETRIC_PRESENTATION_REPRESENTATION('',(
    #6861),#6854);
#6861 = STYLED_ITEM('color',(#6862),#15);
#6862 = PRESENTATION_STYLE_ASSIGNMENT((#6863,#6869));
#6863 = SURFACE_STYLE_USAGE(.BOTH.,#6864);
#6864 = SURFACE_SIDE_STYLE('',(#6865));
#6865 = SURFACE_STYLE_FILL_AREA(#6866);
#6866 = FILL_AREA_STYLE('',(#6867));
#6867 = FILL_AREA_STYLE_COLOUR('',#6868);
#6868 = DRAUGHTING_PRE_DEFINED_COLOUR('black');
#6869 = CURVE_STYLE('',#6870,POSITIVE_LENGTH_MEASURE(0.1),#6871);
#6870 = DRAUGHTING_PRE_DEFINED_CURVE_FONT('continuous');
#6871 = COLOUR_RGB('',9.803921802644E-02,9.803921802644E-02,
  9.803921802644E-02);
ENDSEC;
END-ISO-10303-21;
