ISO-10303-21;
HEADER;
FILE_DESCRIPTION(('FreeCAD Model'),'2;1');
FILE_NAME('Open CASCADE Shape Model','2026-06-08T16:03:43',(''),(''),
  'Open CASCADE STEP processor 7.8','FreeCAD','Unknown');
FILE_SCHEMA(('AUTOMOTIVE_DESIGN { 1 0 10303 214 1 1 1 1 }'));
ENDSEC;
DATA;
#1 = APPLICATION_PROTOCOL_DEFINITION('international standard',
  'automotive_design',2000,#2);
#2 = APPLICATION_CONTEXT(
  'core data for automotive mechanical design processes');
#3 = SHAPE_DEFINITION_REPRESENTATION(#4,#10);
#4 = PRODUCT_DEFINITION_SHAPE('','',#5);
#5 = PRODUCT_DEFINITION('design','',#6,#9);
#6 = PRODUCT_DEFINITION_FORMATION('','',#7);
#7 = PRODUCT('battery_cover','battery_cover','',(#8));
#8 = PRODUCT_CONTEXT('',#2,'mechanical');
#9 = PRODUCT_DEFINITION_CONTEXT('part definition',#2,'design');
#10 = ADVANCED_BREP_SHAPE_REPRESENTATION('',(#11,#15),#2480);
#11 = AXIS2_PLACEMENT_3D('',#12,#13,#14);
#12 = CARTESIAN_POINT('',(0.,0.,0.));
#13 = DIRECTION('',(0.,0.,1.));
#14 = DIRECTION('',(1.,0.,-0.));
#15 = MANIFOLD_SOLID_BREP('',#16);
#16 = CLOSED_SHELL('',(#17,#107,#140,#173,#206,#239,#272,#298,#331,#356,
    #389,#407,#433,#459,#490,#507,#839,#865,#967,#998,#1016,#1047,#1072,
    #1089,#1113,#1144,#1162,#1180,#1198,#1231,#1249,#1294,#1319,#1343,
    #1368,#1392,#1410,#1435,#1460,#1484,#1510,#1535,#1560,#1584,#1610,
    #1635,#1660,#1684,#1710,#1734,#1759,#1784,#1808,#1832,#1844,#1869,
    #1893,#1918,#1930,#1954,#1978,#2002,#2020,#2045,#2070,#2088,#2106,
    #2131,#2157,#2183,#2208,#2233,#2259,#2285,#2302,#2319,#2336,#2365,
    #2382,#2399,#2416,#2433,#2450,#2462,#2471));
#17 = ADVANCED_FACE('',(#18),#102,.F.);
#18 = FACE_BOUND('',#19,.F.);
#19 = EDGE_LOOP('',(#20,#30,#38,#46,#55,#63,#72,#80,#88,#96));
#20 = ORIENTED_EDGE('',*,*,#21,.F.);
#21 = EDGE_CURVE('',#22,#24,#26,.T.);
#22 = VERTEX_POINT('',#23);
#23 = CARTESIAN_POINT('',(176.9062500775,-32.12129799999,8.));
#24 = VERTEX_POINT('',#25);
#25 = CARTESIAN_POINT('',(176.9062500775,-32.12129799999,18.));
#26 = LINE('',#27,#28);
#27 = CARTESIAN_POINT('',(176.9062500775,-32.12129799999,7.5));
#28 = VECTOR('',#29,1.);
#29 = DIRECTION('',(0.,0.,1.));
#30 = ORIENTED_EDGE('',*,*,#31,.F.);
#31 = EDGE_CURVE('',#32,#22,#34,.T.);
#32 = VERTEX_POINT('',#33);
#33 = CARTESIAN_POINT('',(177.24472045898,-32.12129799999,8.));
#34 = LINE('',#35,#36);
#35 = CARTESIAN_POINT('',(177.74472045898,-32.12129799999,8.));
#36 = VECTOR('',#37,1.);
#37 = DIRECTION('',(-1.,1.09E-15,0.));
#38 = ORIENTED_EDGE('',*,*,#39,.T.);
#39 = EDGE_CURVE('',#32,#40,#42,.T.);
#40 = VERTEX_POINT('',#41);
#41 = CARTESIAN_POINT('',(177.24472045898,-32.12129799999,10.020738604)
  );
#42 = LINE('',#43,#44);
#43 = CARTESIAN_POINT('',(177.24472045898,-32.12129799999,7.5));
#44 = VECTOR('',#45,1.);
#45 = DIRECTION('',(0.,0.,1.));
#46 = ORIENTED_EDGE('',*,*,#47,.T.);
#47 = EDGE_CURVE('',#40,#48,#50,.T.);
#48 = VERTEX_POINT('',#49);
#49 = CARTESIAN_POINT('',(179.404015301,-32.12129799999,12.180033446016)
  );
#50 = CIRCLE('',#51,2.159294842016);
#51 = AXIS2_PLACEMENT_3D('',#52,#53,#54);
#52 = CARTESIAN_POINT('',(179.404015301,-32.12129799999,10.020738604));
#53 = DIRECTION('',(1.09E-15,1.,-0.));
#54 = DIRECTION('',(-1.,1.09E-15,0.));
#55 = ORIENTED_EDGE('',*,*,#56,.T.);
#56 = EDGE_CURVE('',#48,#57,#59,.T.);
#57 = VERTEX_POINT('',#58);
#58 = CARTESIAN_POINT('',(186.34344533,-32.12129799999,12.180033446016)
  );
#59 = LINE('',#60,#61);
#60 = CARTESIAN_POINT('',(179.404015301,-32.12129799999,12.180033446016)
  );
#61 = VECTOR('',#62,1.);
#62 = DIRECTION('',(1.,-1.09E-15,0.));
#63 = ORIENTED_EDGE('',*,*,#64,.T.);
#64 = EDGE_CURVE('',#57,#65,#67,.T.);
#65 = VERTEX_POINT('',#66);
#66 = CARTESIAN_POINT('',(188.50274017201,-32.12129799999,10.020738604)
  );
#67 = CIRCLE('',#68,2.159294842016);
#68 = AXIS2_PLACEMENT_3D('',#69,#70,#71);
#69 = CARTESIAN_POINT('',(186.34344533,-32.12129799999,10.020738604));
#70 = DIRECTION('',(1.09E-15,1.,-1.182810209708E-47));
#71 = DIRECTION('',(-3.3E-16,3.597E-31,1.));
#72 = ORIENTED_EDGE('',*,*,#73,.T.);
#73 = EDGE_CURVE('',#65,#74,#76,.T.);
#74 = VERTEX_POINT('',#75);
#75 = CARTESIAN_POINT('',(188.50274017201,-32.12129799999,8.));
#76 = LINE('',#77,#78);
#77 = CARTESIAN_POINT('',(188.50274017201,-32.12129799999,10.020738604)
  );
#78 = VECTOR('',#79,1.);
#79 = DIRECTION('',(0.,0.,-1.));
#80 = ORIENTED_EDGE('',*,*,#81,.F.);
#81 = EDGE_CURVE('',#82,#74,#84,.T.);
#82 = VERTEX_POINT('',#83);
#83 = CARTESIAN_POINT('',(209.49999992249,-32.12129799999,8.));
#84 = LINE('',#85,#86);
#85 = CARTESIAN_POINT('',(209.49999992249,-32.12129799999,8.));
#86 = VECTOR('',#87,1.);
#87 = DIRECTION('',(-1.,1.09E-15,0.));
#88 = ORIENTED_EDGE('',*,*,#89,.T.);
#89 = EDGE_CURVE('',#82,#90,#92,.T.);
#90 = VERTEX_POINT('',#91);
#91 = CARTESIAN_POINT('',(209.49999992249,-32.12129799999,18.));
#92 = LINE('',#93,#94);
#93 = CARTESIAN_POINT('',(209.49999992249,-32.12129799999,7.5));
#94 = VECTOR('',#95,1.);
#95 = DIRECTION('',(0.,0.,1.));
#96 = ORIENTED_EDGE('',*,*,#97,.T.);
#97 = EDGE_CURVE('',#90,#24,#98,.T.);
#98 = LINE('',#99,#100);
#99 = CARTESIAN_POINT('',(209.49999992249,-32.12129799999,18.));
#100 = VECTOR('',#101,1.);
#101 = DIRECTION('',(-1.,1.09E-15,0.));
#102 = PLANE('',#103);
#103 = AXIS2_PLACEMENT_3D('',#104,#105,#106);
#104 = CARTESIAN_POINT('',(209.49999992249,-32.12129799999,7.5));
#105 = DIRECTION('',(-1.09E-15,-1.,0.));
#106 = DIRECTION('',(-1.,1.09E-15,0.));
#107 = ADVANCED_FACE('',(#108),#135,.T.);
#108 = FACE_BOUND('',#109,.F.);
#109 = EDGE_LOOP('',(#110,#111,#120,#128));
#110 = ORIENTED_EDGE('',*,*,#21,.T.);
#111 = ORIENTED_EDGE('',*,*,#112,.T.);
#112 = EDGE_CURVE('',#24,#113,#115,.T.);
#113 = VERTEX_POINT('',#114);
#114 = CARTESIAN_POINT('',(171.625,-37.40254807749,18.));
#115 = CIRCLE('',#116,5.281250077504);
#116 = AXIS2_PLACEMENT_3D('',#117,#118,#119);
#117 = CARTESIAN_POINT('',(176.9062500775,-37.40254807749,18.));
#118 = DIRECTION('',(0.,-0.,1.));
#119 = DIRECTION('',(0.,1.,0.));
#120 = ORIENTED_EDGE('',*,*,#121,.F.);
#121 = EDGE_CURVE('',#122,#113,#124,.T.);
#122 = VERTEX_POINT('',#123);
#123 = CARTESIAN_POINT('',(171.625,-37.40254807749,8.));
#124 = LINE('',#125,#126);
#125 = CARTESIAN_POINT('',(171.625,-37.40254807749,7.5));
#126 = VECTOR('',#127,1.);
#127 = DIRECTION('',(0.,0.,1.));
#128 = ORIENTED_EDGE('',*,*,#129,.F.);
#129 = EDGE_CURVE('',#22,#122,#130,.T.);
#130 = CIRCLE('',#131,5.281250077504);
#131 = AXIS2_PLACEMENT_3D('',#132,#133,#134);
#132 = CARTESIAN_POINT('',(176.9062500775,-37.40254807749,8.));
#133 = DIRECTION('',(0.,-0.,1.));
#134 = DIRECTION('',(0.,1.,0.));
#135 = CYLINDRICAL_SURFACE('',#136,5.281250077504);
#136 = AXIS2_PLACEMENT_3D('',#137,#138,#139);
#137 = CARTESIAN_POINT('',(176.9062500775,-37.40254807749,7.5));
#138 = DIRECTION('',(-0.,-0.,-1.));
#139 = DIRECTION('',(1.,0.,0.));
#140 = ADVANCED_FACE('',(#141),#168,.T.);
#141 = FACE_BOUND('',#142,.T.);
#142 = EDGE_LOOP('',(#143,#152,#160,#167));
#143 = ORIENTED_EDGE('',*,*,#144,.F.);
#144 = EDGE_CURVE('',#145,#32,#147,.T.);
#145 = VERTEX_POINT('',#146);
#146 = CARTESIAN_POINT('',(177.24472045898,-32.62129799999,7.5));
#147 = CIRCLE('',#148,0.5);
#148 = AXIS2_PLACEMENT_3D('',#149,#150,#151);
#149 = CARTESIAN_POINT('',(177.24472045898,-32.62129799999,8.));
#150 = DIRECTION('',(1.,-6.E-17,0.));
#151 = DIRECTION('',(6.E-17,1.,0.));
#152 = ORIENTED_EDGE('',*,*,#153,.T.);
#153 = EDGE_CURVE('',#145,#154,#156,.T.);
#154 = VERTEX_POINT('',#155);
#155 = CARTESIAN_POINT('',(176.9062500775,-32.62129799999,7.5));
#156 = LINE('',#157,#158);
#157 = CARTESIAN_POINT('',(177.74472045898,-32.62129799999,7.5));
#158 = VECTOR('',#159,1.);
#159 = DIRECTION('',(-1.,1.09E-15,0.));
#160 = ORIENTED_EDGE('',*,*,#161,.F.);
#161 = EDGE_CURVE('',#22,#154,#162,.T.);
#162 = CIRCLE('',#163,0.5);
#163 = AXIS2_PLACEMENT_3D('',#164,#165,#166);
#164 = CARTESIAN_POINT('',(176.9062500775,-32.62129799999,8.));
#165 = DIRECTION('',(-1.,1.09E-15,0.));
#166 = DIRECTION('',(1.09E-15,1.,0.));
#167 = ORIENTED_EDGE('',*,*,#31,.F.);
#168 = CYLINDRICAL_SURFACE('',#169,0.5);
#169 = AXIS2_PLACEMENT_3D('',#170,#171,#172);
#170 = CARTESIAN_POINT('',(177.74472045898,-32.62129799999,8.));
#171 = DIRECTION('',(-1.,1.09E-15,0.));
#172 = DIRECTION('',(1.09E-15,1.,0.));
#173 = ADVANCED_FACE('',(#174),#201,.T.);
#174 = FACE_BOUND('',#175,.F.);
#175 = EDGE_LOOP('',(#176,#185,#193,#200));
#176 = ORIENTED_EDGE('',*,*,#177,.T.);
#177 = EDGE_CURVE('',#90,#178,#180,.T.);
#178 = VERTEX_POINT('',#179);
#179 = CARTESIAN_POINT('',(209.49999992249,-32.62129799999,18.5));
#180 = CIRCLE('',#181,0.5);
#181 = AXIS2_PLACEMENT_3D('',#182,#183,#184);
#182 = CARTESIAN_POINT('',(209.49999992249,-32.62129799999,18.));
#183 = DIRECTION('',(1.,-6.E-17,0.));
#184 = DIRECTION('',(6.E-17,1.,0.));
#185 = ORIENTED_EDGE('',*,*,#186,.T.);
#186 = EDGE_CURVE('',#178,#187,#189,.T.);
#187 = VERTEX_POINT('',#188);
#188 = CARTESIAN_POINT('',(176.9062500775,-32.62129799999,18.5));
#189 = LINE('',#190,#191);
#190 = CARTESIAN_POINT('',(209.49999992249,-32.62129799999,18.5));
#191 = VECTOR('',#192,1.);
#192 = DIRECTION('',(-1.,1.09E-15,0.));
#193 = ORIENTED_EDGE('',*,*,#194,.F.);
#194 = EDGE_CURVE('',#24,#187,#195,.T.);
#195 = CIRCLE('',#196,0.5);
#196 = AXIS2_PLACEMENT_3D('',#197,#198,#199);
#197 = CARTESIAN_POINT('',(176.9062500775,-32.62129799999,18.));
#198 = DIRECTION('',(1.,0.,0.));
#199 = DIRECTION('',(-0.,1.,0.));
#200 = ORIENTED_EDGE('',*,*,#97,.F.);
#201 = CYLINDRICAL_SURFACE('',#202,0.5);
#202 = AXIS2_PLACEMENT_3D('',#203,#204,#205);
#203 = CARTESIAN_POINT('',(209.49999992249,-32.62129799999,18.));
#204 = DIRECTION('',(-1.,1.09E-15,0.));
#205 = DIRECTION('',(1.09E-15,1.,0.));
#206 = ADVANCED_FACE('',(#207),#234,.T.);
#207 = FACE_BOUND('',#208,.F.);
#208 = EDGE_LOOP('',(#209,#210,#219,#227));
#209 = ORIENTED_EDGE('',*,*,#39,.F.);
#210 = ORIENTED_EDGE('',*,*,#211,.F.);
#211 = EDGE_CURVE('',#212,#32,#214,.T.);
#212 = VERTEX_POINT('',#213);
#213 = CARTESIAN_POINT('',(177.74472045898,-32.62129799999,8.));
#214 = CIRCLE('',#215,0.5);
#215 = AXIS2_PLACEMENT_3D('',#216,#217,#218);
#216 = CARTESIAN_POINT('',(177.24472045898,-32.62129799999,8.));
#217 = DIRECTION('',(0.,0.,1.));
#218 = DIRECTION('',(1.,0.,-0.));
#219 = ORIENTED_EDGE('',*,*,#220,.T.);
#220 = EDGE_CURVE('',#212,#221,#223,.T.);
#221 = VERTEX_POINT('',#222);
#222 = CARTESIAN_POINT('',(177.74472045898,-32.62129799999,10.020738604)
  );
#223 = LINE('',#224,#225);
#224 = CARTESIAN_POINT('',(177.74472045898,-32.62129799999,7.5));
#225 = VECTOR('',#226,1.);
#226 = DIRECTION('',(0.,0.,1.));
#227 = ORIENTED_EDGE('',*,*,#228,.F.);
#228 = EDGE_CURVE('',#40,#221,#229,.T.);
#229 = CIRCLE('',#230,0.5);
#230 = AXIS2_PLACEMENT_3D('',#231,#232,#233);
#231 = CARTESIAN_POINT('',(177.24472045898,-32.62129799999,10.020738604)
  );
#232 = DIRECTION('',(0.,0.,-1.));
#233 = DIRECTION('',(1.09E-15,1.,0.));
#234 = CYLINDRICAL_SURFACE('',#235,0.5);
#235 = AXIS2_PLACEMENT_3D('',#236,#237,#238);
#236 = CARTESIAN_POINT('',(177.24472045898,-32.62129799999,7.5));
#237 = DIRECTION('',(0.,0.,1.));
#238 = DIRECTION('',(1.09E-15,1.,-0.));
#239 = ADVANCED_FACE('',(#240),#267,.T.);
#240 = FACE_BOUND('',#241,.T.);
#241 = EDGE_LOOP('',(#242,#243,#252,#260));
#242 = ORIENTED_EDGE('',*,*,#89,.T.);
#243 = ORIENTED_EDGE('',*,*,#244,.F.);
#244 = EDGE_CURVE('',#245,#90,#247,.T.);
#245 = VERTEX_POINT('',#246);
#246 = CARTESIAN_POINT('',(214.78125,-37.40254807749,18.));
#247 = CIRCLE('',#248,5.281250077504);
#248 = AXIS2_PLACEMENT_3D('',#249,#250,#251);
#249 = CARTESIAN_POINT('',(209.49999992249,-37.40254807749,18.));
#250 = DIRECTION('',(0.,0.,1.));
#251 = DIRECTION('',(1.,0.,-0.));
#252 = ORIENTED_EDGE('',*,*,#253,.F.);
#253 = EDGE_CURVE('',#254,#245,#256,.T.);
#254 = VERTEX_POINT('',#255);
#255 = CARTESIAN_POINT('',(214.78125,-37.40254807749,8.));
#256 = LINE('',#257,#258);
#257 = CARTESIAN_POINT('',(214.78125,-37.40254807749,7.5));
#258 = VECTOR('',#259,1.);
#259 = DIRECTION('',(0.,0.,1.));
#260 = ORIENTED_EDGE('',*,*,#261,.T.);
#261 = EDGE_CURVE('',#254,#82,#262,.T.);
#262 = CIRCLE('',#263,5.281250077504);
#263 = AXIS2_PLACEMENT_3D('',#264,#265,#266);
#264 = CARTESIAN_POINT('',(209.49999992249,-37.40254807749,8.));
#265 = DIRECTION('',(0.,0.,1.));
#266 = DIRECTION('',(1.,0.,-0.));
#267 = CYLINDRICAL_SURFACE('',#268,5.281250077504);
#268 = AXIS2_PLACEMENT_3D('',#269,#270,#271);
#269 = CARTESIAN_POINT('',(209.49999992249,-37.40254807749,7.5));
#270 = DIRECTION('',(0.,0.,-1.));
#271 = DIRECTION('',(1.,-1.2E-16,0.));
#272 = ADVANCED_FACE('',(#273),#293,.T.);
#273 = FACE_BOUND('',#274,.T.);
#274 = EDGE_LOOP('',(#275,#276,#277,#286));
#275 = ORIENTED_EDGE('',*,*,#228,.F.);
#276 = ORIENTED_EDGE('',*,*,#47,.T.);
#277 = ORIENTED_EDGE('',*,*,#278,.T.);
#278 = EDGE_CURVE('',#48,#279,#281,.T.);
#279 = VERTEX_POINT('',#280);
#280 = CARTESIAN_POINT('',(179.404015301,-32.62129799999,11.680033446016
    ));
#281 = CIRCLE('',#282,0.5);
#282 = AXIS2_PLACEMENT_3D('',#283,#284,#285);
#283 = CARTESIAN_POINT('',(179.404015301,-32.62129799999,12.180033446016
    ));
#284 = DIRECTION('',(-1.,1.09E-15,3.8E-16));
#285 = DIRECTION('',(3.8E-16,3.105296855076E-47,1.));
#286 = ORIENTED_EDGE('',*,*,#287,.F.);
#287 = EDGE_CURVE('',#221,#279,#288,.T.);
#288 = CIRCLE('',#289,1.659294842016);
#289 = AXIS2_PLACEMENT_3D('',#290,#291,#292);
#290 = CARTESIAN_POINT('',(179.404015301,-32.62129799999,10.020738604));
#291 = DIRECTION('',(1.09E-15,1.,-0.));
#292 = DIRECTION('',(-1.,1.09E-15,0.));
#293 = TOROIDAL_SURFACE('',#294,2.159294842016,0.5);
#294 = AXIS2_PLACEMENT_3D('',#295,#296,#297);
#295 = CARTESIAN_POINT('',(179.404015301,-32.62129799999,10.020738604));
#296 = DIRECTION('',(1.09E-15,1.,0.));
#297 = DIRECTION('',(-1.,1.09E-15,0.));
#298 = ADVANCED_FACE('',(#299),#326,.T.);
#299 = FACE_BOUND('',#300,.T.);
#300 = EDGE_LOOP('',(#301,#310,#318,#325));
#301 = ORIENTED_EDGE('',*,*,#302,.T.);
#302 = EDGE_CURVE('',#82,#303,#305,.T.);
#303 = VERTEX_POINT('',#304);
#304 = CARTESIAN_POINT('',(209.49999992249,-32.62129799999,7.5));
#305 = CIRCLE('',#306,0.5);
#306 = AXIS2_PLACEMENT_3D('',#307,#308,#309);
#307 = CARTESIAN_POINT('',(209.49999992249,-32.62129799999,8.));
#308 = DIRECTION('',(-1.,6.E-17,0.));
#309 = DIRECTION('',(6.E-17,1.,0.));
#310 = ORIENTED_EDGE('',*,*,#311,.T.);
#311 = EDGE_CURVE('',#303,#312,#314,.T.);
#312 = VERTEX_POINT('',#313);
#313 = CARTESIAN_POINT('',(188.50274017201,-32.62129799999,7.5));
#314 = LINE('',#315,#316);
#315 = CARTESIAN_POINT('',(209.49999992249,-32.62129799999,7.5));
#316 = VECTOR('',#317,1.);
#317 = DIRECTION('',(-1.,1.09E-15,0.));
#318 = ORIENTED_EDGE('',*,*,#319,.T.);
#319 = EDGE_CURVE('',#312,#74,#320,.T.);
#320 = CIRCLE('',#321,0.5);
#321 = AXIS2_PLACEMENT_3D('',#322,#323,#324);
#322 = CARTESIAN_POINT('',(188.50274017201,-32.62129799999,8.));
#323 = DIRECTION('',(1.,6.E-17,-0.));
#324 = DIRECTION('',(-6.E-17,1.,0.));
#325 = ORIENTED_EDGE('',*,*,#81,.F.);
#326 = CYLINDRICAL_SURFACE('',#327,0.5);
#327 = AXIS2_PLACEMENT_3D('',#328,#329,#330);
#328 = CARTESIAN_POINT('',(209.49999992249,-32.62129799999,8.));
#329 = DIRECTION('',(-1.,1.09E-15,0.));
#330 = DIRECTION('',(1.09E-15,1.,0.));
#331 = ADVANCED_FACE('',(#332),#351,.T.);
#332 = FACE_BOUND('',#333,.F.);
#333 = EDGE_LOOP('',(#334,#335,#343,#350));
#334 = ORIENTED_EDGE('',*,*,#278,.T.);
#335 = ORIENTED_EDGE('',*,*,#336,.T.);
#336 = EDGE_CURVE('',#279,#337,#339,.T.);
#337 = VERTEX_POINT('',#338);
#338 = CARTESIAN_POINT('',(186.34344533,-32.62129799999,11.680033446016)
  );
#339 = LINE('',#340,#341);
#340 = CARTESIAN_POINT('',(179.404015301,-32.62129799999,11.680033446016
    ));
#341 = VECTOR('',#342,1.);
#342 = DIRECTION('',(1.,-1.09E-15,0.));
#343 = ORIENTED_EDGE('',*,*,#344,.F.);
#344 = EDGE_CURVE('',#57,#337,#345,.T.);
#345 = CIRCLE('',#346,0.5);
#346 = AXIS2_PLACEMENT_3D('',#347,#348,#349);
#347 = CARTESIAN_POINT('',(186.34344533,-32.62129799999,12.180033446016)
  );
#348 = DIRECTION('',(-1.,1.09E-15,0.));
#349 = DIRECTION('',(1.09E-15,1.,0.));
#350 = ORIENTED_EDGE('',*,*,#56,.F.);
#351 = CYLINDRICAL_SURFACE('',#352,0.5);
#352 = AXIS2_PLACEMENT_3D('',#353,#354,#355);
#353 = CARTESIAN_POINT('',(179.404015301,-32.62129799999,12.180033446016
    ));
#354 = DIRECTION('',(1.,-1.09E-15,0.));
#355 = DIRECTION('',(1.09E-15,1.,0.));
#356 = ADVANCED_FACE('',(#357),#384,.T.);
#357 = FACE_BOUND('',#358,.F.);
#358 = EDGE_LOOP('',(#359,#368,#376,#383));
#359 = ORIENTED_EDGE('',*,*,#360,.T.);
#360 = EDGE_CURVE('',#65,#361,#363,.T.);
#361 = VERTEX_POINT('',#362);
#362 = CARTESIAN_POINT('',(188.00274017201,-32.62129799999,10.020738604)
  );
#363 = CIRCLE('',#364,0.5);
#364 = AXIS2_PLACEMENT_3D('',#365,#366,#367);
#365 = CARTESIAN_POINT('',(188.50274017201,-32.62129799999,10.020738604)
  );
#366 = DIRECTION('',(-3.9E-16,-7.825937959802E-48,1.));
#367 = DIRECTION('',(1.,-1.09E-15,3.9E-16));
#368 = ORIENTED_EDGE('',*,*,#369,.T.);
#369 = EDGE_CURVE('',#361,#370,#372,.T.);
#370 = VERTEX_POINT('',#371);
#371 = CARTESIAN_POINT('',(188.00274017201,-32.62129799999,8.));
#372 = LINE('',#373,#374);
#373 = CARTESIAN_POINT('',(188.00274017201,-32.62129799999,10.020738604)
  );
#374 = VECTOR('',#375,1.);
#375 = DIRECTION('',(0.,0.,-1.));
#376 = ORIENTED_EDGE('',*,*,#377,.T.);
#377 = EDGE_CURVE('',#370,#74,#378,.T.);
#378 = CIRCLE('',#379,0.5);
#379 = AXIS2_PLACEMENT_3D('',#380,#381,#382);
#380 = CARTESIAN_POINT('',(188.50274017201,-32.62129799999,8.));
#381 = DIRECTION('',(0.,0.,-1.));
#382 = DIRECTION('',(-1.,0.,0.));
#383 = ORIENTED_EDGE('',*,*,#73,.F.);
#384 = CYLINDRICAL_SURFACE('',#385,0.5);
#385 = AXIS2_PLACEMENT_3D('',#386,#387,#388);
#386 = CARTESIAN_POINT('',(188.50274017201,-32.62129799999,10.020738604)
  );
#387 = DIRECTION('',(0.,0.,-1.));
#388 = DIRECTION('',(1.09E-15,1.,0.));
#389 = ADVANCED_FACE('',(#390),#402,.T.);
#390 = FACE_BOUND('',#391,.T.);
#391 = EDGE_LOOP('',(#392,#393,#394,#395));
#392 = ORIENTED_EDGE('',*,*,#344,.F.);
#393 = ORIENTED_EDGE('',*,*,#64,.T.);
#394 = ORIENTED_EDGE('',*,*,#360,.T.);
#395 = ORIENTED_EDGE('',*,*,#396,.F.);
#396 = EDGE_CURVE('',#337,#361,#397,.T.);
#397 = CIRCLE('',#398,1.659294842016);
#398 = AXIS2_PLACEMENT_3D('',#399,#400,#401);
#399 = CARTESIAN_POINT('',(186.34344533,-32.62129799999,10.020738604));
#400 = DIRECTION('',(1.09E-15,1.,-1.182810209708E-47));
#401 = DIRECTION('',(-3.3E-16,3.597E-31,1.));
#402 = TOROIDAL_SURFACE('',#403,2.159294842016,0.5);
#403 = AXIS2_PLACEMENT_3D('',#404,#405,#406);
#404 = CARTESIAN_POINT('',(186.34344533,-32.62129799999,10.020738604));
#405 = DIRECTION('',(1.09E-15,1.,0.));
#406 = DIRECTION('',(-3.3E-16,3.597E-31,1.));
#407 = ADVANCED_FACE('',(#408),#428,.T.);
#408 = FACE_BOUND('',#409,.F.);
#409 = EDGE_LOOP('',(#410,#411,#412,#421));
#410 = ORIENTED_EDGE('',*,*,#161,.F.);
#411 = ORIENTED_EDGE('',*,*,#129,.T.);
#412 = ORIENTED_EDGE('',*,*,#413,.T.);
#413 = EDGE_CURVE('',#122,#414,#416,.T.);
#414 = VERTEX_POINT('',#415);
#415 = CARTESIAN_POINT('',(172.125,-37.40254807749,7.5));
#416 = CIRCLE('',#417,0.5);
#417 = AXIS2_PLACEMENT_3D('',#418,#419,#420);
#418 = CARTESIAN_POINT('',(172.125,-37.40254807749,8.));
#419 = DIRECTION('',(-7.3E-16,-1.,-0.));
#420 = DIRECTION('',(-1.,7.3E-16,0.));
#421 = ORIENTED_EDGE('',*,*,#422,.F.);
#422 = EDGE_CURVE('',#154,#414,#423,.T.);
#423 = CIRCLE('',#424,4.781250077504);
#424 = AXIS2_PLACEMENT_3D('',#425,#426,#427);
#425 = CARTESIAN_POINT('',(176.9062500775,-37.40254807749,7.5));
#426 = DIRECTION('',(0.,-0.,1.));
#427 = DIRECTION('',(0.,1.,0.));
#428 = TOROIDAL_SURFACE('',#429,4.781250077504,0.5);
#429 = AXIS2_PLACEMENT_3D('',#430,#431,#432);
#430 = CARTESIAN_POINT('',(176.9062500775,-37.40254807749,8.));
#431 = DIRECTION('',(0.,0.,-1.));
#432 = DIRECTION('',(0.,1.,0.));
#433 = ADVANCED_FACE('',(#434),#454,.T.);
#434 = FACE_BOUND('',#435,.T.);
#435 = EDGE_LOOP('',(#436,#437,#438,#447));
#436 = ORIENTED_EDGE('',*,*,#194,.F.);
#437 = ORIENTED_EDGE('',*,*,#112,.T.);
#438 = ORIENTED_EDGE('',*,*,#439,.T.);
#439 = EDGE_CURVE('',#113,#440,#442,.T.);
#440 = VERTEX_POINT('',#441);
#441 = CARTESIAN_POINT('',(172.125,-37.40254807749,18.5));
#442 = CIRCLE('',#443,0.5);
#443 = AXIS2_PLACEMENT_3D('',#444,#445,#446);
#444 = CARTESIAN_POINT('',(172.125,-37.40254807749,18.));
#445 = DIRECTION('',(7.3E-16,1.,-0.));
#446 = DIRECTION('',(-1.,7.3E-16,0.));
#447 = ORIENTED_EDGE('',*,*,#448,.F.);
#448 = EDGE_CURVE('',#187,#440,#449,.T.);
#449 = CIRCLE('',#450,4.781250077504);
#450 = AXIS2_PLACEMENT_3D('',#451,#452,#453);
#451 = CARTESIAN_POINT('',(176.9062500775,-37.40254807749,18.5));
#452 = DIRECTION('',(0.,-0.,1.));
#453 = DIRECTION('',(0.,1.,0.));
#454 = TOROIDAL_SURFACE('',#455,4.781250077504,0.5);
#455 = AXIS2_PLACEMENT_3D('',#456,#457,#458);
#456 = CARTESIAN_POINT('',(176.9062500775,-37.40254807749,18.));
#457 = DIRECTION('',(0.,0.,1.));
#458 = DIRECTION('',(0.,1.,0.));
#459 = ADVANCED_FACE('',(#460),#485,.F.);
#460 = FACE_BOUND('',#461,.F.);
#461 = EDGE_LOOP('',(#462,#463,#471,#479));
#462 = ORIENTED_EDGE('',*,*,#121,.T.);
#463 = ORIENTED_EDGE('',*,*,#464,.T.);
#464 = EDGE_CURVE('',#113,#465,#467,.T.);
#465 = VERTEX_POINT('',#466);
#466 = CARTESIAN_POINT('',(171.625,-72.13750092249,18.));
#467 = LINE('',#468,#469);
#468 = CARTESIAN_POINT('',(171.625,-37.40254807749,18.));
#469 = VECTOR('',#470,1.);
#470 = DIRECTION('',(0.,-1.,0.));
#471 = ORIENTED_EDGE('',*,*,#472,.F.);
#472 = EDGE_CURVE('',#473,#465,#475,.T.);
#473 = VERTEX_POINT('',#474);
#474 = CARTESIAN_POINT('',(171.625,-72.13750092249,8.));
#475 = LINE('',#476,#477);
#476 = CARTESIAN_POINT('',(171.625,-72.13750092249,7.5));
#477 = VECTOR('',#478,1.);
#478 = DIRECTION('',(0.,0.,1.));
#479 = ORIENTED_EDGE('',*,*,#480,.F.);
#480 = EDGE_CURVE('',#122,#473,#481,.T.);
#481 = LINE('',#482,#483);
#482 = CARTESIAN_POINT('',(171.625,-37.40254807749,8.));
#483 = VECTOR('',#484,1.);
#484 = DIRECTION('',(0.,-1.,0.));
#485 = PLANE('',#486);
#486 = AXIS2_PLACEMENT_3D('',#487,#488,#489);
#487 = CARTESIAN_POINT('',(171.625,-37.40254807749,7.5));
#488 = DIRECTION('',(1.,0.,0.));
#489 = DIRECTION('',(0.,-1.,0.));
#490 = ADVANCED_FACE('',(#491),#502,.T.);
#491 = FACE_BOUND('',#492,.T.);
#492 = EDGE_LOOP('',(#493,#500,#501));
#493 = ORIENTED_EDGE('',*,*,#494,.F.);
#494 = EDGE_CURVE('',#145,#212,#495,.T.);
#495 = CIRCLE('',#496,0.5);
#496 = AXIS2_PLACEMENT_3D('',#497,#498,#499);
#497 = CARTESIAN_POINT('',(177.24472045898,-32.62129799999,8.));
#498 = DIRECTION('',(0.,-1.,0.));
#499 = DIRECTION('',(1.,0.,0.));
#500 = ORIENTED_EDGE('',*,*,#144,.T.);
#501 = ORIENTED_EDGE('',*,*,#211,.F.);
#502 = SPHERICAL_SURFACE('',#503,0.5);
#503 = AXIS2_PLACEMENT_3D('',#504,#505,#506);
#504 = CARTESIAN_POINT('',(177.24472045898,-32.62129799999,8.));
#505 = DIRECTION('',(0.,0.,1.));
#506 = DIRECTION('',(1.,0.,-0.));
#507 = ADVANCED_FACE('',(#508,#812,#823),#834,.T.);
#508 = FACE_BOUND('',#509,.T.);
#509 = EDGE_LOOP('',(#510,#520,#529,#537,#546,#554,#563,#571,#580,#588,
    #597,#605,#613,#622,#630,#639,#647,#656,#664,#672,#681,#689,#697,
    #703,#704,#713,#721,#730,#738,#747,#755,#764,#772,#781,#789,#798,
    #804,#805,#806));
#510 = ORIENTED_EDGE('',*,*,#511,.T.);
#511 = EDGE_CURVE('',#512,#514,#516,.T.);
#512 = VERTEX_POINT('',#513);
#513 = CARTESIAN_POINT('',(177.24472045898,-34.12129799999,7.5));
#514 = VERTEX_POINT('',#515);
#515 = CARTESIAN_POINT('',(176.9062500775,-34.12129799999,7.5));
#516 = LINE('',#517,#518);
#517 = CARTESIAN_POINT('',(209.49999992249,-34.12129799999,7.5));
#518 = VECTOR('',#519,1.);
#519 = DIRECTION('',(-1.,1.09E-15,0.));
#520 = ORIENTED_EDGE('',*,*,#521,.T.);
#521 = EDGE_CURVE('',#514,#522,#524,.T.);
#522 = VERTEX_POINT('',#523);
#523 = CARTESIAN_POINT('',(173.625,-37.40254807749,7.5));
#524 = CIRCLE('',#525,3.281250077504);
#525 = AXIS2_PLACEMENT_3D('',#526,#527,#528);
#526 = CARTESIAN_POINT('',(176.9062500775,-37.40254807749,7.5));
#527 = DIRECTION('',(0.,0.,1.));
#528 = DIRECTION('',(1.,0.,0.));
#529 = ORIENTED_EDGE('',*,*,#530,.T.);
#530 = EDGE_CURVE('',#522,#531,#533,.T.);
#531 = VERTEX_POINT('',#532);
#532 = CARTESIAN_POINT('',(173.625,-72.13750092249,7.5));
#533 = LINE('',#534,#535);
#534 = CARTESIAN_POINT('',(173.625,-37.40254807749,7.5));
#535 = VECTOR('',#536,1.);
#536 = DIRECTION('',(0.,-1.,0.));
#537 = ORIENTED_EDGE('',*,*,#538,.T.);
#538 = EDGE_CURVE('',#531,#539,#541,.T.);
#539 = VERTEX_POINT('',#540);
#540 = CARTESIAN_POINT('',(176.9062500775,-75.41875099999,7.5));
#541 = CIRCLE('',#542,3.281250077504);
#542 = AXIS2_PLACEMENT_3D('',#543,#544,#545);
#543 = CARTESIAN_POINT('',(176.9062500775,-72.13750092249,7.5));
#544 = DIRECTION('',(0.,0.,1.));
#545 = DIRECTION('',(1.,0.,0.));
#546 = ORIENTED_EDGE('',*,*,#547,.T.);
#547 = EDGE_CURVE('',#539,#548,#550,.T.);
#548 = VERTEX_POINT('',#549);
#549 = CARTESIAN_POINT('',(185.39374992249,-75.41875099999,7.5));
#550 = LINE('',#551,#552);
#551 = CARTESIAN_POINT('',(176.9062500775,-75.41875099999,7.5));
#552 = VECTOR('',#553,1.);
#553 = DIRECTION('',(1.,0.,0.));
#554 = ORIENTED_EDGE('',*,*,#555,.F.);
#555 = EDGE_CURVE('',#556,#548,#558,.T.);
#556 = VERTEX_POINT('',#557);
#557 = CARTESIAN_POINT('',(192.675,-82.7000010775,7.5));
#558 = CIRCLE('',#559,7.281250077504);
#559 = AXIS2_PLACEMENT_3D('',#560,#561,#562);
#560 = CARTESIAN_POINT('',(185.39374992249,-82.7000010775,7.5));
#561 = DIRECTION('',(0.,0.,1.));
#562 = DIRECTION('',(1.,0.,0.));
#563 = ORIENTED_EDGE('',*,*,#564,.T.);
#564 = EDGE_CURVE('',#556,#565,#567,.T.);
#565 = VERTEX_POINT('',#566);
#566 = CARTESIAN_POINT('',(192.675,-115.411361749,7.5));
#567 = LINE('',#568,#569);
#568 = CARTESIAN_POINT('',(192.675,-82.7000010775,7.5));
#569 = VECTOR('',#570,1.);
#570 = DIRECTION('',(0.,-1.,0.));
#571 = ORIENTED_EDGE('',*,*,#572,.T.);
#572 = EDGE_CURVE('',#565,#573,#575,.T.);
#573 = VERTEX_POINT('',#574);
#574 = CARTESIAN_POINT('',(194.31562507396,-118.2530076926,7.5));
#575 = CIRCLE('',#576,3.281250077504);
#576 = AXIS2_PLACEMENT_3D('',#577,#578,#579);
#577 = CARTESIAN_POINT('',(195.9562500775,-115.411361749,7.5));
#578 = DIRECTION('',(0.,0.,1.));
#579 = DIRECTION('',(1.,0.,0.));
#580 = ORIENTED_EDGE('',*,*,#581,.T.);
#581 = EDGE_CURVE('',#573,#582,#584,.T.);
#582 = VERTEX_POINT('',#583);
#583 = CARTESIAN_POINT('',(203.74897941868,-123.699357207,7.5));
#584 = LINE('',#585,#586);
#585 = CARTESIAN_POINT('',(194.31562507396,-118.2530076926,7.5));
#586 = VECTOR('',#587,1.);
#587 = DIRECTION('',(0.866025409981,-0.499999989266,0.));
#588 = ORIENTED_EDGE('',*,*,#589,.T.);
#589 = EDGE_CURVE('',#582,#590,#592,.T.);
#590 = VERTEX_POINT('',#591);
#591 = CARTESIAN_POINT('',(208.23125012997,-122.4983366754,7.5));
#592 = CIRCLE('',#593,3.281250077504);
#593 = AXIS2_PLACEMENT_3D('',#594,#595,#596);
#594 = CARTESIAN_POINT('',(205.3896044222,-120.8577112633,7.5));
#595 = DIRECTION('',(0.,0.,1.));
#596 = DIRECTION('',(1.,0.,0.));
#597 = ORIENTED_EDGE('',*,*,#598,.T.);
#598 = EDGE_CURVE('',#590,#599,#601,.T.);
#599 = VERTEX_POINT('',#600);
#600 = CARTESIAN_POINT('',(210.9925746465,-117.7155837673,7.5));
#601 = LINE('',#602,#603);
#602 = CARTESIAN_POINT('',(208.23125012997,-122.4983366754,7.5));
#603 = VECTOR('',#604,1.);
#604 = DIRECTION('',(0.500000113748,0.866025338112,0.));
#605 = ORIENTED_EDGE('',*,*,#606,.F.);
#606 = EDGE_CURVE('',#607,#599,#609,.T.);
#607 = VERTEX_POINT('',#608);
#608 = CARTESIAN_POINT('',(205.98934924354,-117.7155837673,7.5));
#609 = LINE('',#610,#611);
#610 = CARTESIAN_POINT('',(205.98934924354,-117.7155837673,7.5));
#611 = VECTOR('',#612,1.);
#612 = DIRECTION('',(1.,0.,0.));
#613 = ORIENTED_EDGE('',*,*,#614,.F.);
#614 = EDGE_CURVE('',#615,#607,#617,.T.);
#615 = VERTEX_POINT('',#616);
#616 = CARTESIAN_POINT('',(205.98934924354,-114.7155837673,7.5));
#617 = CIRCLE('',#618,4.);
#618 = AXIS2_PLACEMENT_3D('',#619,#620,#621);
#619 = CARTESIAN_POINT('',(202.28125,-116.2155837673,7.5));
#620 = DIRECTION('',(0.,0.,1.));
#621 = DIRECTION('',(1.,0.,0.));
#622 = ORIENTED_EDGE('',*,*,#623,.F.);
#623 = EDGE_CURVE('',#624,#615,#626,.T.);
#624 = VERTEX_POINT('',#625);
#625 = CARTESIAN_POINT('',(212.63233413866,-114.7155837673,7.5));
#626 = LINE('',#627,#628);
#627 = CARTESIAN_POINT('',(212.98934924354,-114.7155837673,7.5));
#628 = VECTOR('',#629,1.);
#629 = DIRECTION('',(-1.,0.,0.));
#630 = ORIENTED_EDGE('',*,*,#631,.F.);
#631 = EDGE_CURVE('',#632,#624,#634,.T.);
#632 = VERTEX_POINT('',#633);
#633 = CARTESIAN_POINT('',(212.78125,-113.7382995285,7.5));
#634 = CIRCLE('',#635,3.281250259068);
#635 = AXIS2_PLACEMENT_3D('',#636,#637,#638);
#636 = CARTESIAN_POINT('',(209.49999974093,-113.7382995285,7.5));
#637 = DIRECTION('',(0.,-0.,-1.));
#638 = DIRECTION('',(1.,-1.2E-16,0.));
#639 = ORIENTED_EDGE('',*,*,#640,.F.);
#640 = EDGE_CURVE('',#641,#632,#643,.T.);
#641 = VERTEX_POINT('',#642);
#642 = CARTESIAN_POINT('',(212.78125,-37.40254807749,7.5));
#643 = LINE('',#644,#645);
#644 = CARTESIAN_POINT('',(212.78125,-37.40254807749,7.5));
#645 = VECTOR('',#646,1.);
#646 = DIRECTION('',(0.,-1.,0.));
#647 = ORIENTED_EDGE('',*,*,#648,.F.);
#648 = EDGE_CURVE('',#649,#641,#651,.T.);
#649 = VERTEX_POINT('',#650);
#650 = CARTESIAN_POINT('',(209.49999992249,-34.12129799999,7.5));
#651 = CIRCLE('',#652,3.281250077504);
#652 = AXIS2_PLACEMENT_3D('',#653,#654,#655);
#653 = CARTESIAN_POINT('',(209.49999992249,-37.40254807749,7.5));
#654 = DIRECTION('',(0.,-0.,-1.));
#655 = DIRECTION('',(1.,-1.2E-16,0.));
#656 = ORIENTED_EDGE('',*,*,#657,.T.);
#657 = EDGE_CURVE('',#649,#658,#660,.T.);
#658 = VERTEX_POINT('',#659);
#659 = CARTESIAN_POINT('',(203.78125,-34.12129799999,7.5));
#660 = LINE('',#661,#662);
#661 = CARTESIAN_POINT('',(209.49999992249,-34.12129799999,7.5));
#662 = VECTOR('',#663,1.);
#663 = DIRECTION('',(-1.,1.09E-15,0.));
#664 = ORIENTED_EDGE('',*,*,#665,.F.);
#665 = EDGE_CURVE('',#666,#658,#668,.T.);
#666 = VERTEX_POINT('',#667);
#667 = CARTESIAN_POINT('',(203.78125,-37.91319875644,7.5));
#668 = LINE('',#669,#670);
#669 = CARTESIAN_POINT('',(203.78125,-37.91319875644,7.5));
#670 = VECTOR('',#671,1.);
#671 = DIRECTION('',(0.,1.,0.));
#672 = ORIENTED_EDGE('',*,*,#673,.F.);
#673 = EDGE_CURVE('',#674,#666,#676,.T.);
#674 = VERTEX_POINT('',#675);
#675 = CARTESIAN_POINT('',(200.78125,-37.91319875644,7.5));
#676 = CIRCLE('',#677,4.);
#677 = AXIS2_PLACEMENT_3D('',#678,#679,#680);
#678 = CARTESIAN_POINT('',(202.28125,-41.62129799999,7.5));
#679 = DIRECTION('',(0.,0.,1.));
#680 = DIRECTION('',(1.,0.,0.));
#681 = ORIENTED_EDGE('',*,*,#682,.T.);
#682 = EDGE_CURVE('',#674,#683,#685,.T.);
#683 = VERTEX_POINT('',#684);
#684 = CARTESIAN_POINT('',(200.78125,-34.12129799999,7.5));
#685 = LINE('',#686,#687);
#686 = CARTESIAN_POINT('',(200.78125,-37.91319875644,7.5));
#687 = VECTOR('',#688,1.);
#688 = DIRECTION('',(0.,1.,0.));
#689 = ORIENTED_EDGE('',*,*,#690,.T.);
#690 = EDGE_CURVE('',#683,#691,#693,.T.);
#691 = VERTEX_POINT('',#692);
#692 = CARTESIAN_POINT('',(188.50274017201,-34.12129799999,7.5));
#693 = LINE('',#694,#695);
#694 = CARTESIAN_POINT('',(209.49999992249,-34.12129799999,7.5));
#695 = VECTOR('',#696,1.);
#696 = DIRECTION('',(-1.,1.09E-15,0.));
#697 = ORIENTED_EDGE('',*,*,#698,.F.);
#698 = EDGE_CURVE('',#312,#691,#699,.T.);
#699 = LINE('',#700,#701);
#700 = CARTESIAN_POINT('',(188.50274017201,-32.12129799999,7.5));
#701 = VECTOR('',#702,1.);
#702 = DIRECTION('',(0.,-1.,0.));
#703 = ORIENTED_EDGE('',*,*,#311,.F.);
#704 = ORIENTED_EDGE('',*,*,#705,.F.);
#705 = EDGE_CURVE('',#706,#303,#708,.T.);
#706 = VERTEX_POINT('',#707);
#707 = CARTESIAN_POINT('',(214.28125,-37.40254807749,7.5));
#708 = CIRCLE('',#709,4.781250077504);
#709 = AXIS2_PLACEMENT_3D('',#710,#711,#712);
#710 = CARTESIAN_POINT('',(209.49999992249,-37.40254807749,7.5));
#711 = DIRECTION('',(0.,0.,1.));
#712 = DIRECTION('',(1.,0.,-0.));
#713 = ORIENTED_EDGE('',*,*,#714,.F.);
#714 = EDGE_CURVE('',#715,#706,#717,.T.);
#715 = VERTEX_POINT('',#716);
#716 = CARTESIAN_POINT('',(214.28125,-113.7382995285,7.5));
#717 = LINE('',#718,#719);
#718 = CARTESIAN_POINT('',(214.28125,-113.7382995285,7.5));
#719 = VECTOR('',#720,1.);
#720 = DIRECTION('',(0.,1.,0.));
#721 = ORIENTED_EDGE('',*,*,#722,.F.);
#722 = EDGE_CURVE('',#723,#715,#725,.T.);
#723 = VERTEX_POINT('',#724);
#724 = CARTESIAN_POINT('',(213.64068361313,-116.1289252019,7.5));
#725 = CIRCLE('',#726,4.781250259068);
#726 = AXIS2_PLACEMENT_3D('',#727,#728,#729);
#727 = CARTESIAN_POINT('',(209.49999974093,-113.7382995285,7.5));
#728 = DIRECTION('',(-0.,0.,1.));
#729 = DIRECTION('',(0.866025338112,-0.500000113749,0.));
#730 = ORIENTED_EDGE('',*,*,#731,.F.);
#731 = EDGE_CURVE('',#732,#723,#734,.T.);
#732 = VERTEX_POINT('',#733);
#733 = CARTESIAN_POINT('',(209.53028813714,-123.248336846,7.5));
#734 = LINE('',#735,#736);
#735 = CARTESIAN_POINT('',(209.53028813714,-123.248336846,7.5));
#736 = VECTOR('',#737,1.);
#737 = DIRECTION('',(0.500000113748,0.866025338112,0.));
#738 = ORIENTED_EDGE('',*,*,#739,.F.);
#739 = EDGE_CURVE('',#740,#732,#742,.T.);
#740 = VERTEX_POINT('',#741);
#741 = CARTESIAN_POINT('',(202.99897943478,-124.9983953219,7.5));
#742 = CIRCLE('',#743,4.781250077504);
#743 = AXIS2_PLACEMENT_3D('',#744,#745,#746);
#744 = CARTESIAN_POINT('',(205.3896044222,-120.8577112633,7.5));
#745 = DIRECTION('',(0.,0.,1.));
#746 = DIRECTION('',(-0.499999989264,-0.866025409983,0.));
#747 = ORIENTED_EDGE('',*,*,#748,.F.);
#748 = EDGE_CURVE('',#749,#740,#751,.T.);
#749 = VERTEX_POINT('',#750);
#750 = CARTESIAN_POINT('',(193.56562509007,-119.5520458076,7.5));
#751 = LINE('',#752,#753);
#752 = CARTESIAN_POINT('',(193.56562509006,-119.5520458076,7.5));
#753 = VECTOR('',#754,1.);
#754 = DIRECTION('',(0.866025409981,-0.499999989266,0.));
#755 = ORIENTED_EDGE('',*,*,#756,.F.);
#756 = EDGE_CURVE('',#757,#749,#759,.T.);
#757 = VERTEX_POINT('',#758);
#758 = CARTESIAN_POINT('',(191.175,-115.411361749,7.5));
#759 = CIRCLE('',#760,4.781250077504);
#760 = AXIS2_PLACEMENT_3D('',#761,#762,#763);
#761 = CARTESIAN_POINT('',(195.9562500775,-115.411361749,7.5));
#762 = DIRECTION('',(0.,0.,1.));
#763 = DIRECTION('',(-1.,0.,0.));
#764 = ORIENTED_EDGE('',*,*,#765,.F.);
#765 = EDGE_CURVE('',#766,#757,#768,.T.);
#766 = VERTEX_POINT('',#767);
#767 = CARTESIAN_POINT('',(191.175,-82.7000010775,7.5));
#768 = LINE('',#769,#770);
#769 = CARTESIAN_POINT('',(191.175,-82.7000010775,7.5));
#770 = VECTOR('',#771,1.);
#771 = DIRECTION('',(0.,-1.,0.));
#772 = ORIENTED_EDGE('',*,*,#773,.F.);
#773 = EDGE_CURVE('',#774,#766,#776,.T.);
#774 = VERTEX_POINT('',#775);
#775 = CARTESIAN_POINT('',(185.39374992249,-76.91875099999,7.5));
#776 = CIRCLE('',#777,5.781250077504);
#777 = AXIS2_PLACEMENT_3D('',#778,#779,#780);
#778 = CARTESIAN_POINT('',(185.39374992249,-82.7000010775,7.5));
#779 = DIRECTION('',(0.,0.,-1.));
#780 = DIRECTION('',(0.,1.,0.));
#781 = ORIENTED_EDGE('',*,*,#782,.F.);
#782 = EDGE_CURVE('',#783,#774,#785,.T.);
#783 = VERTEX_POINT('',#784);
#784 = CARTESIAN_POINT('',(176.9062500775,-76.91875099999,7.5));
#785 = LINE('',#786,#787);
#786 = CARTESIAN_POINT('',(176.9062500775,-76.91875099999,7.5));
#787 = VECTOR('',#788,1.);
#788 = DIRECTION('',(1.,0.,0.));
#789 = ORIENTED_EDGE('',*,*,#790,.F.);
#790 = EDGE_CURVE('',#791,#783,#793,.T.);
#791 = VERTEX_POINT('',#792);
#792 = CARTESIAN_POINT('',(172.125,-72.13750092249,7.5));
#793 = CIRCLE('',#794,4.781250077504);
#794 = AXIS2_PLACEMENT_3D('',#795,#796,#797);
#795 = CARTESIAN_POINT('',(176.9062500775,-72.13750092249,7.5));
#796 = DIRECTION('',(0.,0.,1.));
#797 = DIRECTION('',(-1.,0.,0.));
#798 = ORIENTED_EDGE('',*,*,#799,.F.);
#799 = EDGE_CURVE('',#414,#791,#800,.T.);
#800 = LINE('',#801,#802);
#801 = CARTESIAN_POINT('',(172.125,-37.40254807749,7.5));
#802 = VECTOR('',#803,1.);
#803 = DIRECTION('',(0.,-1.,0.));
#804 = ORIENTED_EDGE('',*,*,#422,.F.);
#805 = ORIENTED_EDGE('',*,*,#153,.F.);
#806 = ORIENTED_EDGE('',*,*,#807,.F.);
#807 = EDGE_CURVE('',#512,#145,#808,.T.);
#808 = LINE('',#809,#810);
#809 = CARTESIAN_POINT('',(177.24472045898,-34.12129799999,7.5));
#810 = VECTOR('',#811,1.);
#811 = DIRECTION('',(0.,1.,0.));
#812 = FACE_BOUND('',#813,.T.);
#813 = EDGE_LOOP('',(#814));
#814 = ORIENTED_EDGE('',*,*,#815,.T.);
#815 = EDGE_CURVE('',#816,#816,#818,.T.);
#816 = VERTEX_POINT('',#817);
#817 = CARTESIAN_POINT('',(203.78125,-41.62129799999,7.5));
#818 = CIRCLE('',#819,1.5);
#819 = AXIS2_PLACEMENT_3D('',#820,#821,#822);
#820 = CARTESIAN_POINT('',(202.28125,-41.62129799999,7.5));
#821 = DIRECTION('',(0.,0.,1.));
#822 = DIRECTION('',(1.,0.,0.));
#823 = FACE_BOUND('',#824,.T.);
#824 = EDGE_LOOP('',(#825));
#825 = ORIENTED_EDGE('',*,*,#826,.T.);
#826 = EDGE_CURVE('',#827,#827,#829,.T.);
#827 = VERTEX_POINT('',#828);
#828 = CARTESIAN_POINT('',(203.78125,-116.2155837673,7.5));
#829 = CIRCLE('',#830,1.5);
#830 = AXIS2_PLACEMENT_3D('',#831,#832,#833);
#831 = CARTESIAN_POINT('',(202.28125,-116.2155837673,7.5));
#832 = DIRECTION('',(0.,0.,1.));
#833 = DIRECTION('',(1.,0.,0.));
#834 = PLANE('',#835);
#835 = AXIS2_PLACEMENT_3D('',#836,#837,#838);
#836 = CARTESIAN_POINT('',(197.78427901208,-75.99983182717,7.5));
#837 = DIRECTION('',(-0.,-0.,-1.));
#838 = DIRECTION('',(-1.,0.,0.));
#839 = ADVANCED_FACE('',(#840),#860,.T.);
#840 = FACE_BOUND('',#841,.T.);
#841 = EDGE_LOOP('',(#842,#851,#852,#853));
#842 = ORIENTED_EDGE('',*,*,#843,.F.);
#843 = EDGE_CURVE('',#245,#844,#846,.T.);
#844 = VERTEX_POINT('',#845);
#845 = CARTESIAN_POINT('',(214.28125,-37.40254807749,18.5));
#846 = CIRCLE('',#847,0.5);
#847 = AXIS2_PLACEMENT_3D('',#848,#849,#850);
#848 = CARTESIAN_POINT('',(214.28125,-37.40254807749,18.));
#849 = DIRECTION('',(0.,-1.,0.));
#850 = DIRECTION('',(1.,0.,0.));
#851 = ORIENTED_EDGE('',*,*,#244,.T.);
#852 = ORIENTED_EDGE('',*,*,#177,.T.);
#853 = ORIENTED_EDGE('',*,*,#854,.F.);
#854 = EDGE_CURVE('',#844,#178,#855,.T.);
#855 = CIRCLE('',#856,4.781250077504);
#856 = AXIS2_PLACEMENT_3D('',#857,#858,#859);
#857 = CARTESIAN_POINT('',(209.49999992249,-37.40254807749,18.5));
#858 = DIRECTION('',(0.,0.,1.));
#859 = DIRECTION('',(1.,0.,-0.));
#860 = TOROIDAL_SURFACE('',#861,4.781250077504,0.5);
#861 = AXIS2_PLACEMENT_3D('',#862,#863,#864);
#862 = CARTESIAN_POINT('',(209.49999992249,-37.40254807749,18.));
#863 = DIRECTION('',(0.,0.,1.));
#864 = DIRECTION('',(1.,0.,-0.));
#865 = ADVANCED_FACE('',(#866),#962,.T.);
#866 = FACE_BOUND('',#867,.T.);
#867 = EDGE_LOOP('',(#868,#869,#877,#886,#894,#903,#911,#920,#928,#937,
    #945,#954,#960,#961));
#868 = ORIENTED_EDGE('',*,*,#448,.T.);
#869 = ORIENTED_EDGE('',*,*,#870,.T.);
#870 = EDGE_CURVE('',#440,#871,#873,.T.);
#871 = VERTEX_POINT('',#872);
#872 = CARTESIAN_POINT('',(172.125,-72.13750092249,18.5));
#873 = LINE('',#874,#875);
#874 = CARTESIAN_POINT('',(172.125,-37.40254807749,18.5));
#875 = VECTOR('',#876,1.);
#876 = DIRECTION('',(0.,-1.,0.));
#877 = ORIENTED_EDGE('',*,*,#878,.T.);
#878 = EDGE_CURVE('',#871,#879,#881,.T.);
#879 = VERTEX_POINT('',#880);
#880 = CARTESIAN_POINT('',(176.9062500775,-76.91875099999,18.5));
#881 = CIRCLE('',#882,4.781250077504);
#882 = AXIS2_PLACEMENT_3D('',#883,#884,#885);
#883 = CARTESIAN_POINT('',(176.9062500775,-72.13750092249,18.5));
#884 = DIRECTION('',(0.,0.,1.));
#885 = DIRECTION('',(-1.,0.,0.));
#886 = ORIENTED_EDGE('',*,*,#887,.T.);
#887 = EDGE_CURVE('',#879,#888,#890,.T.);
#888 = VERTEX_POINT('',#889);
#889 = CARTESIAN_POINT('',(185.39374992249,-76.91875099999,18.5));
#890 = LINE('',#891,#892);
#891 = CARTESIAN_POINT('',(176.9062500775,-76.91875099999,18.5));
#892 = VECTOR('',#893,1.);
#893 = DIRECTION('',(1.,0.,0.));
#894 = ORIENTED_EDGE('',*,*,#895,.T.);
#895 = EDGE_CURVE('',#888,#896,#898,.T.);
#896 = VERTEX_POINT('',#897);
#897 = CARTESIAN_POINT('',(191.175,-82.7000010775,18.5));
#898 = CIRCLE('',#899,5.781250077504);
#899 = AXIS2_PLACEMENT_3D('',#900,#901,#902);
#900 = CARTESIAN_POINT('',(185.39374992249,-82.7000010775,18.5));
#901 = DIRECTION('',(0.,0.,-1.));
#902 = DIRECTION('',(0.,1.,0.));
#903 = ORIENTED_EDGE('',*,*,#904,.T.);
#904 = EDGE_CURVE('',#896,#905,#907,.T.);
#905 = VERTEX_POINT('',#906);
#906 = CARTESIAN_POINT('',(191.175,-115.411361749,18.5));
#907 = LINE('',#908,#909);
#908 = CARTESIAN_POINT('',(191.175,-82.7000010775,18.5));
#909 = VECTOR('',#910,1.);
#910 = DIRECTION('',(0.,-1.,0.));
#911 = ORIENTED_EDGE('',*,*,#912,.T.);
#912 = EDGE_CURVE('',#905,#913,#915,.T.);
#913 = VERTEX_POINT('',#914);
#914 = CARTESIAN_POINT('',(193.56562509007,-119.5520458076,18.5));
#915 = CIRCLE('',#916,4.781250077504);
#916 = AXIS2_PLACEMENT_3D('',#917,#918,#919);
#917 = CARTESIAN_POINT('',(195.9562500775,-115.411361749,18.5));
#918 = DIRECTION('',(0.,0.,1.));
#919 = DIRECTION('',(-1.,0.,0.));
#920 = ORIENTED_EDGE('',*,*,#921,.T.);
#921 = EDGE_CURVE('',#913,#922,#924,.T.);
#922 = VERTEX_POINT('',#923);
#923 = CARTESIAN_POINT('',(202.99897943478,-124.9983953219,18.5));
#924 = LINE('',#925,#926);
#925 = CARTESIAN_POINT('',(193.56562509006,-119.5520458076,18.5));
#926 = VECTOR('',#927,1.);
#927 = DIRECTION('',(0.866025409981,-0.499999989266,0.));
#928 = ORIENTED_EDGE('',*,*,#929,.T.);
#929 = EDGE_CURVE('',#922,#930,#932,.T.);
#930 = VERTEX_POINT('',#931);
#931 = CARTESIAN_POINT('',(209.53028813714,-123.248336846,18.5));
#932 = CIRCLE('',#933,4.781250077504);
#933 = AXIS2_PLACEMENT_3D('',#934,#935,#936);
#934 = CARTESIAN_POINT('',(205.3896044222,-120.8577112633,18.5));
#935 = DIRECTION('',(0.,0.,1.));
#936 = DIRECTION('',(-0.499999989264,-0.866025409983,0.));
#937 = ORIENTED_EDGE('',*,*,#938,.T.);
#938 = EDGE_CURVE('',#930,#939,#941,.T.);
#939 = VERTEX_POINT('',#940);
#940 = CARTESIAN_POINT('',(213.64068361313,-116.1289252019,18.5));
#941 = LINE('',#942,#943);
#942 = CARTESIAN_POINT('',(209.53028813714,-123.248336846,18.5));
#943 = VECTOR('',#944,1.);
#944 = DIRECTION('',(0.500000113748,0.866025338112,0.));
#945 = ORIENTED_EDGE('',*,*,#946,.T.);
#946 = EDGE_CURVE('',#939,#947,#949,.T.);
#947 = VERTEX_POINT('',#948);
#948 = CARTESIAN_POINT('',(214.28125,-113.7382995285,18.5));
#949 = CIRCLE('',#950,4.781250259068);
#950 = AXIS2_PLACEMENT_3D('',#951,#952,#953);
#951 = CARTESIAN_POINT('',(209.49999974093,-113.7382995285,18.5));
#952 = DIRECTION('',(-0.,0.,1.));
#953 = DIRECTION('',(0.866025338112,-0.500000113749,0.));
#954 = ORIENTED_EDGE('',*,*,#955,.T.);
#955 = EDGE_CURVE('',#947,#844,#956,.T.);
#956 = LINE('',#957,#958);
#957 = CARTESIAN_POINT('',(214.28125,-113.7382995285,18.5));
#958 = VECTOR('',#959,1.);
#959 = DIRECTION('',(0.,1.,0.));
#960 = ORIENTED_EDGE('',*,*,#854,.T.);
#961 = ORIENTED_EDGE('',*,*,#186,.T.);
#962 = PLANE('',#963);
#963 = AXIS2_PLACEMENT_3D('',#964,#965,#966);
#964 = CARTESIAN_POINT('',(196.68711702966,-74.08626549333,18.5));
#965 = DIRECTION('',(0.,0.,1.));
#966 = DIRECTION('',(1.,0.,0.));
#967 = ADVANCED_FACE('',(#968),#993,.T.);
#968 = FACE_BOUND('',#969,.T.);
#969 = EDGE_LOOP('',(#970,#980,#986,#987));
#970 = ORIENTED_EDGE('',*,*,#971,.F.);
#971 = EDGE_CURVE('',#972,#974,#976,.T.);
#972 = VERTEX_POINT('',#973);
#973 = CARTESIAN_POINT('',(177.74472045898,-34.12129799999,8.));
#974 = VERTEX_POINT('',#975);
#975 = CARTESIAN_POINT('',(177.74472045898,-34.12129799999,10.020738604)
  );
#976 = LINE('',#977,#978);
#977 = CARTESIAN_POINT('',(177.74472045898,-34.12129799999,8.760369302)
  );
#978 = VECTOR('',#979,1.);
#979 = DIRECTION('',(0.,0.,1.));
#980 = ORIENTED_EDGE('',*,*,#981,.T.);
#981 = EDGE_CURVE('',#972,#212,#982,.T.);
#982 = LINE('',#983,#984);
#983 = CARTESIAN_POINT('',(177.74472045898,-34.12129799999,8.));
#984 = VECTOR('',#985,1.);
#985 = DIRECTION('',(0.,1.,0.));
#986 = ORIENTED_EDGE('',*,*,#220,.T.);
#987 = ORIENTED_EDGE('',*,*,#988,.T.);
#988 = EDGE_CURVE('',#221,#974,#989,.T.);
#989 = LINE('',#990,#991);
#990 = CARTESIAN_POINT('',(177.74472045898,-25.303781263,10.020738604));
#991 = VECTOR('',#992,1.);
#992 = DIRECTION('',(-0.,-1.,-0.));
#993 = PLANE('',#994);
#994 = AXIS2_PLACEMENT_3D('',#995,#996,#997);
#995 = CARTESIAN_POINT('',(177.74472045898,-25.303781263,10.020738604));
#996 = DIRECTION('',(1.,0.,0.));
#997 = DIRECTION('',(0.,-2.2E-16,-1.));
#998 = ADVANCED_FACE('',(#999),#1011,.T.);
#999 = FACE_BOUND('',#1000,.F.);
#1000 = EDGE_LOOP('',(#1001,#1008,#1009,#1010));
#1001 = ORIENTED_EDGE('',*,*,#1002,.F.);
#1002 = EDGE_CURVE('',#254,#706,#1003,.T.);
#1003 = CIRCLE('',#1004,0.5);
#1004 = AXIS2_PLACEMENT_3D('',#1005,#1006,#1007);
#1005 = CARTESIAN_POINT('',(214.28125,-37.40254807749,8.));
#1006 = DIRECTION('',(-0.,1.,0.));
#1007 = DIRECTION('',(1.,0.,0.));
#1008 = ORIENTED_EDGE('',*,*,#261,.T.);
#1009 = ORIENTED_EDGE('',*,*,#302,.T.);
#1010 = ORIENTED_EDGE('',*,*,#705,.F.);
#1011 = TOROIDAL_SURFACE('',#1012,4.781250077504,0.5);
#1012 = AXIS2_PLACEMENT_3D('',#1013,#1014,#1015);
#1013 = CARTESIAN_POINT('',(209.49999992249,-37.40254807749,8.));
#1014 = DIRECTION('',(0.,0.,-1.));
#1015 = DIRECTION('',(1.,0.,0.));
#1016 = ADVANCED_FACE('',(#1017),#1042,.T.);
#1017 = FACE_BOUND('',#1018,.T.);
#1018 = EDGE_LOOP('',(#1019,#1020,#1028,#1036));
#1019 = ORIENTED_EDGE('',*,*,#253,.T.);
#1020 = ORIENTED_EDGE('',*,*,#1021,.F.);
#1021 = EDGE_CURVE('',#1022,#245,#1024,.T.);
#1022 = VERTEX_POINT('',#1023);
#1023 = CARTESIAN_POINT('',(214.78125,-113.7382995285,18.));
#1024 = LINE('',#1025,#1026);
#1025 = CARTESIAN_POINT('',(214.78125,-113.7382995285,18.));
#1026 = VECTOR('',#1027,1.);
#1027 = DIRECTION('',(0.,1.,0.));
#1028 = ORIENTED_EDGE('',*,*,#1029,.F.);
#1029 = EDGE_CURVE('',#1030,#1022,#1032,.T.);
#1030 = VERTEX_POINT('',#1031);
#1031 = CARTESIAN_POINT('',(214.78125,-113.7382995285,8.));
#1032 = LINE('',#1033,#1034);
#1033 = CARTESIAN_POINT('',(214.78125,-113.7382995285,7.5));
#1034 = VECTOR('',#1035,1.);
#1035 = DIRECTION('',(0.,0.,1.));
#1036 = ORIENTED_EDGE('',*,*,#1037,.T.);
#1037 = EDGE_CURVE('',#1030,#254,#1038,.T.);
#1038 = LINE('',#1039,#1040);
#1039 = CARTESIAN_POINT('',(214.78125,-113.7382995285,8.));
#1040 = VECTOR('',#1041,1.);
#1041 = DIRECTION('',(0.,1.,0.));
#1042 = PLANE('',#1043);
#1043 = AXIS2_PLACEMENT_3D('',#1044,#1045,#1046);
#1044 = CARTESIAN_POINT('',(214.78125,-37.40254807749,7.5));
#1045 = DIRECTION('',(1.,0.,0.));
#1046 = DIRECTION('',(0.,-1.,0.));
#1047 = ADVANCED_FACE('',(#1048),#1067,.F.);
#1048 = FACE_BOUND('',#1049,.F.);
#1049 = EDGE_LOOP('',(#1050,#1058,#1059,#1060));
#1050 = ORIENTED_EDGE('',*,*,#1051,.F.);
#1051 = EDGE_CURVE('',#279,#1052,#1054,.T.);
#1052 = VERTEX_POINT('',#1053);
#1053 = CARTESIAN_POINT('',(179.404015301,-34.12129799999,
    11.680033446016));
#1054 = LINE('',#1055,#1056);
#1055 = CARTESIAN_POINT('',(179.404015301,-25.303781263,11.680033446016)
  );
#1056 = VECTOR('',#1057,1.);
#1057 = DIRECTION('',(-0.,-1.,-0.));
#1058 = ORIENTED_EDGE('',*,*,#287,.F.);
#1059 = ORIENTED_EDGE('',*,*,#988,.T.);
#1060 = ORIENTED_EDGE('',*,*,#1061,.T.);
#1061 = EDGE_CURVE('',#974,#1052,#1062,.T.);
#1062 = CIRCLE('',#1063,1.659294842016);
#1063 = AXIS2_PLACEMENT_3D('',#1064,#1065,#1066);
#1064 = CARTESIAN_POINT('',(179.404015301,-34.12129799999,10.020738604)
  );
#1065 = DIRECTION('',(0.,1.,-0.));
#1066 = DIRECTION('',(-1.,0.,0.));
#1067 = CYLINDRICAL_SURFACE('',#1068,1.659294842016);
#1068 = AXIS2_PLACEMENT_3D('',#1069,#1070,#1071);
#1069 = CARTESIAN_POINT('',(179.404015301,-25.303781263,10.020738604));
#1070 = DIRECTION('',(0.,1.,0.));
#1071 = DIRECTION('',(-1.,0.,0.));
#1072 = ADVANCED_FACE('',(#1073),#1084,.T.);
#1073 = FACE_BOUND('',#1074,.F.);
#1074 = EDGE_LOOP('',(#1075,#1082,#1083));
#1075 = ORIENTED_EDGE('',*,*,#1076,.F.);
#1076 = EDGE_CURVE('',#312,#370,#1077,.T.);
#1077 = CIRCLE('',#1078,0.5);
#1078 = AXIS2_PLACEMENT_3D('',#1079,#1080,#1081);
#1079 = CARTESIAN_POINT('',(188.50274017201,-32.62129799999,8.));
#1080 = DIRECTION('',(0.,1.,-0.));
#1081 = DIRECTION('',(-1.,0.,0.));
#1082 = ORIENTED_EDGE('',*,*,#319,.T.);
#1083 = ORIENTED_EDGE('',*,*,#377,.F.);
#1084 = SPHERICAL_SURFACE('',#1085,0.5);
#1085 = AXIS2_PLACEMENT_3D('',#1086,#1087,#1088);
#1086 = CARTESIAN_POINT('',(188.50274017201,-32.62129799999,8.));
#1087 = DIRECTION('',(0.,0.,1.));
#1088 = DIRECTION('',(-1.,0.,0.));
#1089 = ADVANCED_FACE('',(#1090),#1108,.T.);
#1090 = FACE_BOUND('',#1091,.T.);
#1091 = EDGE_LOOP('',(#1092,#1093,#1094,#1102));
#1092 = ORIENTED_EDGE('',*,*,#1051,.F.);
#1093 = ORIENTED_EDGE('',*,*,#336,.T.);
#1094 = ORIENTED_EDGE('',*,*,#1095,.T.);
#1095 = EDGE_CURVE('',#337,#1096,#1098,.T.);
#1096 = VERTEX_POINT('',#1097);
#1097 = CARTESIAN_POINT('',(186.34344533,-34.12129799999,11.680033446016
    ));
#1098 = LINE('',#1099,#1100);
#1099 = CARTESIAN_POINT('',(186.34344533,-25.303781263,11.680033446016)
  );
#1100 = VECTOR('',#1101,1.);
#1101 = DIRECTION('',(-0.,-1.,-0.));
#1102 = ORIENTED_EDGE('',*,*,#1103,.F.);
#1103 = EDGE_CURVE('',#1052,#1096,#1104,.T.);
#1104 = LINE('',#1105,#1106);
#1105 = CARTESIAN_POINT('',(197.92172262624,-34.12129799999,
    11.680033446016));
#1106 = VECTOR('',#1107,1.);
#1107 = DIRECTION('',(1.,-1.09E-15,0.));
#1108 = PLANE('',#1109);
#1109 = AXIS2_PLACEMENT_3D('',#1110,#1111,#1112);
#1110 = CARTESIAN_POINT('',(186.34344533,-25.303781263,11.680033446016)
  );
#1111 = DIRECTION('',(0.,0.,-1.));
#1112 = DIRECTION('',(-1.,0.,0.));
#1113 = ADVANCED_FACE('',(#1114),#1139,.T.);
#1114 = FACE_BOUND('',#1115,.T.);
#1115 = EDGE_LOOP('',(#1116,#1124,#1125,#1133));
#1116 = ORIENTED_EDGE('',*,*,#1117,.F.);
#1117 = EDGE_CURVE('',#361,#1118,#1120,.T.);
#1118 = VERTEX_POINT('',#1119);
#1119 = CARTESIAN_POINT('',(188.00274017201,-34.12129799999,10.020738604
    ));
#1120 = LINE('',#1121,#1122);
#1121 = CARTESIAN_POINT('',(188.00274017201,-25.303781263,10.020738604)
  );
#1122 = VECTOR('',#1123,1.);
#1123 = DIRECTION('',(-0.,-1.,-0.));
#1124 = ORIENTED_EDGE('',*,*,#369,.T.);
#1125 = ORIENTED_EDGE('',*,*,#1126,.T.);
#1126 = EDGE_CURVE('',#370,#1127,#1129,.T.);
#1127 = VERTEX_POINT('',#1128);
#1128 = CARTESIAN_POINT('',(188.00274017201,-34.12129799999,8.));
#1129 = LINE('',#1130,#1131);
#1130 = CARTESIAN_POINT('',(188.00274017201,-32.12129799999,8.));
#1131 = VECTOR('',#1132,1.);
#1132 = DIRECTION('',(0.,-1.,0.));
#1133 = ORIENTED_EDGE('',*,*,#1134,.F.);
#1134 = EDGE_CURVE('',#1118,#1127,#1135,.T.);
#1135 = LINE('',#1136,#1137);
#1136 = CARTESIAN_POINT('',(188.00274017201,-34.12129799999,5.4286459995
    ));
#1137 = VECTOR('',#1138,1.);
#1138 = DIRECTION('',(0.,0.,-1.));
#1139 = PLANE('',#1140);
#1140 = AXIS2_PLACEMENT_3D('',#1141,#1142,#1143);
#1141 = CARTESIAN_POINT('',(188.00274017201,-25.303781263,3.357291999));
#1142 = DIRECTION('',(-1.,0.,0.));
#1143 = DIRECTION('',(0.,2.2E-16,1.));
#1144 = ADVANCED_FACE('',(#1145),#1157,.F.);
#1145 = FACE_BOUND('',#1146,.F.);
#1146 = EDGE_LOOP('',(#1147,#1148,#1149,#1150));
#1147 = ORIENTED_EDGE('',*,*,#1117,.F.);
#1148 = ORIENTED_EDGE('',*,*,#396,.F.);
#1149 = ORIENTED_EDGE('',*,*,#1095,.T.);
#1150 = ORIENTED_EDGE('',*,*,#1151,.T.);
#1151 = EDGE_CURVE('',#1096,#1118,#1152,.T.);
#1152 = CIRCLE('',#1153,1.659294842016);
#1153 = AXIS2_PLACEMENT_3D('',#1154,#1155,#1156);
#1154 = CARTESIAN_POINT('',(186.34344533,-34.12129799999,10.020738604));
#1155 = DIRECTION('',(0.,1.,-0.));
#1156 = DIRECTION('',(-1.,0.,0.));
#1157 = CYLINDRICAL_SURFACE('',#1158,1.659294842016);
#1158 = AXIS2_PLACEMENT_3D('',#1159,#1160,#1161);
#1159 = CARTESIAN_POINT('',(186.34344533,-25.303781263,10.020738604));
#1160 = DIRECTION('',(0.,1.,0.));
#1161 = DIRECTION('',(-1.,0.,0.));
#1162 = ADVANCED_FACE('',(#1163),#1175,.T.);
#1163 = FACE_BOUND('',#1164,.T.);
#1164 = EDGE_LOOP('',(#1165,#1166,#1167,#1174));
#1165 = ORIENTED_EDGE('',*,*,#413,.T.);
#1166 = ORIENTED_EDGE('',*,*,#799,.T.);
#1167 = ORIENTED_EDGE('',*,*,#1168,.F.);
#1168 = EDGE_CURVE('',#473,#791,#1169,.T.);
#1169 = CIRCLE('',#1170,0.5);
#1170 = AXIS2_PLACEMENT_3D('',#1171,#1172,#1173);
#1171 = CARTESIAN_POINT('',(172.125,-72.13750092249,8.));
#1172 = DIRECTION('',(0.,-1.,0.));
#1173 = DIRECTION('',(-1.,0.,0.));
#1174 = ORIENTED_EDGE('',*,*,#480,.F.);
#1175 = CYLINDRICAL_SURFACE('',#1176,0.5);
#1176 = AXIS2_PLACEMENT_3D('',#1177,#1178,#1179);
#1177 = CARTESIAN_POINT('',(172.125,-37.40254807749,8.));
#1178 = DIRECTION('',(0.,-1.,0.));
#1179 = DIRECTION('',(-1.,0.,0.));
#1180 = ADVANCED_FACE('',(#1181),#1193,.T.);
#1181 = FACE_BOUND('',#1182,.F.);
#1182 = EDGE_LOOP('',(#1183,#1184,#1185,#1192));
#1183 = ORIENTED_EDGE('',*,*,#439,.T.);
#1184 = ORIENTED_EDGE('',*,*,#870,.T.);
#1185 = ORIENTED_EDGE('',*,*,#1186,.F.);
#1186 = EDGE_CURVE('',#465,#871,#1187,.T.);
#1187 = CIRCLE('',#1188,0.5);
#1188 = AXIS2_PLACEMENT_3D('',#1189,#1190,#1191);
#1189 = CARTESIAN_POINT('',(172.125,-72.13750092249,18.));
#1190 = DIRECTION('',(0.,1.,-0.));
#1191 = DIRECTION('',(-1.,0.,0.));
#1192 = ORIENTED_EDGE('',*,*,#464,.F.);
#1193 = CYLINDRICAL_SURFACE('',#1194,0.5);
#1194 = AXIS2_PLACEMENT_3D('',#1195,#1196,#1197);
#1195 = CARTESIAN_POINT('',(172.125,-37.40254807749,18.));
#1196 = DIRECTION('',(0.,-1.,0.));
#1197 = DIRECTION('',(-1.,0.,0.));
#1198 = ADVANCED_FACE('',(#1199),#1226,.T.);
#1199 = FACE_BOUND('',#1200,.F.);
#1200 = EDGE_LOOP('',(#1201,#1202,#1211,#1219));
#1201 = ORIENTED_EDGE('',*,*,#472,.T.);
#1202 = ORIENTED_EDGE('',*,*,#1203,.T.);
#1203 = EDGE_CURVE('',#465,#1204,#1206,.T.);
#1204 = VERTEX_POINT('',#1205);
#1205 = CARTESIAN_POINT('',(176.9062500775,-77.41875099999,18.));
#1206 = CIRCLE('',#1207,5.281250077504);
#1207 = AXIS2_PLACEMENT_3D('',#1208,#1209,#1210);
#1208 = CARTESIAN_POINT('',(176.9062500775,-72.13750092249,18.));
#1209 = DIRECTION('',(0.,0.,1.));
#1210 = DIRECTION('',(-1.,0.,0.));
#1211 = ORIENTED_EDGE('',*,*,#1212,.F.);
#1212 = EDGE_CURVE('',#1213,#1204,#1215,.T.);
#1213 = VERTEX_POINT('',#1214);
#1214 = CARTESIAN_POINT('',(176.9062500775,-77.41875099999,8.));
#1215 = LINE('',#1216,#1217);
#1216 = CARTESIAN_POINT('',(176.9062500775,-77.41875099999,7.5));
#1217 = VECTOR('',#1218,1.);
#1218 = DIRECTION('',(0.,0.,1.));
#1219 = ORIENTED_EDGE('',*,*,#1220,.F.);
#1220 = EDGE_CURVE('',#473,#1213,#1221,.T.);
#1221 = CIRCLE('',#1222,5.281250077504);
#1222 = AXIS2_PLACEMENT_3D('',#1223,#1224,#1225);
#1223 = CARTESIAN_POINT('',(176.9062500775,-72.13750092249,8.));
#1224 = DIRECTION('',(0.,0.,1.));
#1225 = DIRECTION('',(-1.,0.,0.));
#1226 = CYLINDRICAL_SURFACE('',#1227,5.281250077504);
#1227 = AXIS2_PLACEMENT_3D('',#1228,#1229,#1230);
#1228 = CARTESIAN_POINT('',(176.9062500775,-72.13750092249,7.5));
#1229 = DIRECTION('',(-0.,-0.,-1.));
#1230 = DIRECTION('',(1.,0.,0.));
#1231 = ADVANCED_FACE('',(#1232),#1244,.T.);
#1232 = FACE_BOUND('',#1233,.T.);
#1233 = EDGE_LOOP('',(#1234,#1241,#1242,#1243));
#1234 = ORIENTED_EDGE('',*,*,#1235,.T.);
#1235 = EDGE_CURVE('',#972,#512,#1236,.T.);
#1236 = CIRCLE('',#1237,0.5);
#1237 = AXIS2_PLACEMENT_3D('',#1238,#1239,#1240);
#1238 = CARTESIAN_POINT('',(177.24472045898,-34.12129799999,8.));
#1239 = DIRECTION('',(0.,1.,0.));
#1240 = DIRECTION('',(0.,-0.,1.));
#1241 = ORIENTED_EDGE('',*,*,#807,.T.);
#1242 = ORIENTED_EDGE('',*,*,#494,.T.);
#1243 = ORIENTED_EDGE('',*,*,#981,.F.);
#1244 = CYLINDRICAL_SURFACE('',#1245,0.5);
#1245 = AXIS2_PLACEMENT_3D('',#1246,#1247,#1248);
#1246 = CARTESIAN_POINT('',(177.24472045898,-34.12129799999,8.));
#1247 = DIRECTION('',(0.,1.,0.));
#1248 = DIRECTION('',(1.,0.,0.));
#1249 = ADVANCED_FACE('',(#1250),#1289,.T.);
#1250 = FACE_BOUND('',#1251,.T.);
#1251 = EDGE_LOOP('',(#1252,#1253,#1261,#1269,#1275,#1276,#1277,#1278,
    #1279,#1280,#1281,#1282));
#1252 = ORIENTED_EDGE('',*,*,#690,.F.);
#1253 = ORIENTED_EDGE('',*,*,#1254,.F.);
#1254 = EDGE_CURVE('',#1255,#683,#1257,.T.);
#1255 = VERTEX_POINT('',#1256);
#1256 = CARTESIAN_POINT('',(200.78125,-34.12129799999,16.5));
#1257 = LINE('',#1258,#1259);
#1258 = CARTESIAN_POINT('',(200.78125,-34.12129799999,7.5));
#1259 = VECTOR('',#1260,1.);
#1260 = DIRECTION('',(0.,0.,-1.));
#1261 = ORIENTED_EDGE('',*,*,#1262,.T.);
#1262 = EDGE_CURVE('',#1255,#1263,#1265,.T.);
#1263 = VERTEX_POINT('',#1264);
#1264 = CARTESIAN_POINT('',(176.9062500775,-34.12129799999,16.5));
#1265 = LINE('',#1266,#1267);
#1266 = CARTESIAN_POINT('',(203.09355847607,-34.12129799999,16.5));
#1267 = VECTOR('',#1268,1.);
#1268 = DIRECTION('',(-1.,1.09E-15,0.));
#1269 = ORIENTED_EDGE('',*,*,#1270,.F.);
#1270 = EDGE_CURVE('',#514,#1263,#1271,.T.);
#1271 = LINE('',#1272,#1273);
#1272 = CARTESIAN_POINT('',(176.9062500775,-34.12129799999,7.5));
#1273 = VECTOR('',#1274,1.);
#1274 = DIRECTION('',(0.,0.,1.));
#1275 = ORIENTED_EDGE('',*,*,#511,.F.);
#1276 = ORIENTED_EDGE('',*,*,#1235,.F.);
#1277 = ORIENTED_EDGE('',*,*,#971,.T.);
#1278 = ORIENTED_EDGE('',*,*,#1061,.T.);
#1279 = ORIENTED_EDGE('',*,*,#1103,.T.);
#1280 = ORIENTED_EDGE('',*,*,#1151,.T.);
#1281 = ORIENTED_EDGE('',*,*,#1134,.T.);
#1282 = ORIENTED_EDGE('',*,*,#1283,.T.);
#1283 = EDGE_CURVE('',#1127,#691,#1284,.T.);
#1284 = CIRCLE('',#1285,0.5);
#1285 = AXIS2_PLACEMENT_3D('',#1286,#1287,#1288);
#1286 = CARTESIAN_POINT('',(188.50274017201,-34.12129799999,8.));
#1287 = DIRECTION('',(0.,-1.,0.));
#1288 = DIRECTION('',(0.,0.,-1.));
#1289 = PLANE('',#1290);
#1290 = AXIS2_PLACEMENT_3D('',#1291,#1292,#1293);
#1291 = CARTESIAN_POINT('',(209.49999992249,-34.12129799999,7.5));
#1292 = DIRECTION('',(-1.09E-15,-1.,0.));
#1293 = DIRECTION('',(-1.,1.09E-15,0.));
#1294 = ADVANCED_FACE('',(#1295),#1314,.F.);
#1295 = FACE_BOUND('',#1296,.T.);
#1296 = EDGE_LOOP('',(#1297,#1305,#1306,#1307));
#1297 = ORIENTED_EDGE('',*,*,#1298,.F.);
#1298 = EDGE_CURVE('',#522,#1299,#1301,.T.);
#1299 = VERTEX_POINT('',#1300);
#1300 = CARTESIAN_POINT('',(173.625,-37.40254807749,16.5));
#1301 = LINE('',#1302,#1303);
#1302 = CARTESIAN_POINT('',(173.625,-37.40254807749,7.5));
#1303 = VECTOR('',#1304,1.);
#1304 = DIRECTION('',(0.,0.,1.));
#1305 = ORIENTED_EDGE('',*,*,#521,.F.);
#1306 = ORIENTED_EDGE('',*,*,#1270,.T.);
#1307 = ORIENTED_EDGE('',*,*,#1308,.F.);
#1308 = EDGE_CURVE('',#1299,#1263,#1309,.T.);
#1309 = CIRCLE('',#1310,3.281250077504);
#1310 = AXIS2_PLACEMENT_3D('',#1311,#1312,#1313);
#1311 = CARTESIAN_POINT('',(176.9062500775,-37.40254807749,16.5));
#1312 = DIRECTION('',(0.,0.,-1.));
#1313 = DIRECTION('',(1.,0.,0.));
#1314 = CYLINDRICAL_SURFACE('',#1315,3.281250077504);
#1315 = AXIS2_PLACEMENT_3D('',#1316,#1317,#1318);
#1316 = CARTESIAN_POINT('',(176.9062500775,-37.40254807749,7.5));
#1317 = DIRECTION('',(-0.,-0.,-1.));
#1318 = DIRECTION('',(1.,0.,0.));
#1319 = ADVANCED_FACE('',(#1320),#1338,.T.);
#1320 = FACE_BOUND('',#1321,.T.);
#1321 = EDGE_LOOP('',(#1322,#1330,#1331,#1332));
#1322 = ORIENTED_EDGE('',*,*,#1323,.F.);
#1323 = EDGE_CURVE('',#531,#1324,#1326,.T.);
#1324 = VERTEX_POINT('',#1325);
#1325 = CARTESIAN_POINT('',(173.625,-72.13750092249,16.5));
#1326 = LINE('',#1327,#1328);
#1327 = CARTESIAN_POINT('',(173.625,-72.13750092249,7.5));
#1328 = VECTOR('',#1329,1.);
#1329 = DIRECTION('',(0.,0.,1.));
#1330 = ORIENTED_EDGE('',*,*,#530,.F.);
#1331 = ORIENTED_EDGE('',*,*,#1298,.T.);
#1332 = ORIENTED_EDGE('',*,*,#1333,.T.);
#1333 = EDGE_CURVE('',#1299,#1324,#1334,.T.);
#1334 = LINE('',#1335,#1336);
#1335 = CARTESIAN_POINT('',(173.625,-55.74440678541,16.5));
#1336 = VECTOR('',#1337,1.);
#1337 = DIRECTION('',(0.,-1.,0.));
#1338 = PLANE('',#1339);
#1339 = AXIS2_PLACEMENT_3D('',#1340,#1341,#1342);
#1340 = CARTESIAN_POINT('',(173.625,-37.40254807749,7.5));
#1341 = DIRECTION('',(1.,0.,0.));
#1342 = DIRECTION('',(0.,-1.,0.));
#1343 = ADVANCED_FACE('',(#1344),#1363,.F.);
#1344 = FACE_BOUND('',#1345,.T.);
#1345 = EDGE_LOOP('',(#1346,#1354,#1355,#1356));
#1346 = ORIENTED_EDGE('',*,*,#1347,.F.);
#1347 = EDGE_CURVE('',#539,#1348,#1350,.T.);
#1348 = VERTEX_POINT('',#1349);
#1349 = CARTESIAN_POINT('',(176.9062500775,-75.41875099999,16.5));
#1350 = LINE('',#1351,#1352);
#1351 = CARTESIAN_POINT('',(176.9062500775,-75.41875099999,7.5));
#1352 = VECTOR('',#1353,1.);
#1353 = DIRECTION('',(0.,0.,1.));
#1354 = ORIENTED_EDGE('',*,*,#538,.F.);
#1355 = ORIENTED_EDGE('',*,*,#1323,.T.);
#1356 = ORIENTED_EDGE('',*,*,#1357,.F.);
#1357 = EDGE_CURVE('',#1348,#1324,#1358,.T.);
#1358 = CIRCLE('',#1359,3.281250077504);
#1359 = AXIS2_PLACEMENT_3D('',#1360,#1361,#1362);
#1360 = CARTESIAN_POINT('',(176.9062500775,-72.13750092249,16.5));
#1361 = DIRECTION('',(0.,0.,-1.));
#1362 = DIRECTION('',(1.,0.,0.));
#1363 = CYLINDRICAL_SURFACE('',#1364,3.281250077504);
#1364 = AXIS2_PLACEMENT_3D('',#1365,#1366,#1367);
#1365 = CARTESIAN_POINT('',(176.9062500775,-72.13750092249,7.5));
#1366 = DIRECTION('',(-0.,-0.,-1.));
#1367 = DIRECTION('',(1.,0.,0.));
#1368 = ADVANCED_FACE('',(#1369),#1387,.T.);
#1369 = FACE_BOUND('',#1370,.T.);
#1370 = EDGE_LOOP('',(#1371,#1379,#1380,#1381));
#1371 = ORIENTED_EDGE('',*,*,#1372,.F.);
#1372 = EDGE_CURVE('',#548,#1373,#1375,.T.);
#1373 = VERTEX_POINT('',#1374);
#1374 = CARTESIAN_POINT('',(185.39374992249,-75.41875099999,16.5));
#1375 = LINE('',#1376,#1377);
#1376 = CARTESIAN_POINT('',(185.39374992249,-75.41875099999,7.5));
#1377 = VECTOR('',#1378,1.);
#1378 = DIRECTION('',(0.,0.,1.));
#1379 = ORIENTED_EDGE('',*,*,#547,.F.);
#1380 = ORIENTED_EDGE('',*,*,#1347,.T.);
#1381 = ORIENTED_EDGE('',*,*,#1382,.T.);
#1382 = EDGE_CURVE('',#1348,#1373,#1383,.T.);
#1383 = LINE('',#1384,#1385);
#1384 = CARTESIAN_POINT('',(186.79668355358,-75.41875099999,16.5));
#1385 = VECTOR('',#1386,1.);
#1386 = DIRECTION('',(1.,0.,0.));
#1387 = PLANE('',#1388);
#1388 = AXIS2_PLACEMENT_3D('',#1389,#1390,#1391);
#1389 = CARTESIAN_POINT('',(176.9062500775,-75.41875099999,7.5));
#1390 = DIRECTION('',(0.,1.,0.));
#1391 = DIRECTION('',(1.,0.,0.));
#1392 = ADVANCED_FACE('',(#1393),#1405,.T.);
#1393 = FACE_BOUND('',#1394,.F.);
#1394 = EDGE_LOOP('',(#1395,#1396,#1397,#1404));
#1395 = ORIENTED_EDGE('',*,*,#1168,.F.);
#1396 = ORIENTED_EDGE('',*,*,#1220,.T.);
#1397 = ORIENTED_EDGE('',*,*,#1398,.T.);
#1398 = EDGE_CURVE('',#1213,#783,#1399,.T.);
#1399 = CIRCLE('',#1400,0.5);
#1400 = AXIS2_PLACEMENT_3D('',#1401,#1402,#1403);
#1401 = CARTESIAN_POINT('',(176.9062500775,-76.91875099999,8.));
#1402 = DIRECTION('',(1.,-2.73E-15,0.));
#1403 = DIRECTION('',(-2.73E-15,-1.,0.));
#1404 = ORIENTED_EDGE('',*,*,#790,.F.);
#1405 = TOROIDAL_SURFACE('',#1406,4.781250077504,0.5);
#1406 = AXIS2_PLACEMENT_3D('',#1407,#1408,#1409);
#1407 = CARTESIAN_POINT('',(176.9062500775,-72.13750092249,8.));
#1408 = DIRECTION('',(0.,0.,-1.));
#1409 = DIRECTION('',(-1.,0.,0.));
#1410 = ADVANCED_FACE('',(#1411),#1430,.T.);
#1411 = FACE_BOUND('',#1412,.F.);
#1412 = EDGE_LOOP('',(#1413,#1421,#1428,#1429));
#1413 = ORIENTED_EDGE('',*,*,#1414,.T.);
#1414 = EDGE_CURVE('',#556,#1415,#1417,.T.);
#1415 = VERTEX_POINT('',#1416);
#1416 = CARTESIAN_POINT('',(192.675,-82.7000010775,16.5));
#1417 = LINE('',#1418,#1419);
#1418 = CARTESIAN_POINT('',(192.675,-82.7000010775,7.5));
#1419 = VECTOR('',#1420,1.);
#1420 = DIRECTION('',(0.,0.,1.));
#1421 = ORIENTED_EDGE('',*,*,#1422,.F.);
#1422 = EDGE_CURVE('',#1373,#1415,#1423,.T.);
#1423 = CIRCLE('',#1424,7.281250077504);
#1424 = AXIS2_PLACEMENT_3D('',#1425,#1426,#1427);
#1425 = CARTESIAN_POINT('',(185.39374992249,-82.7000010775,16.5));
#1426 = DIRECTION('',(0.,0.,-1.));
#1427 = DIRECTION('',(1.,0.,0.));
#1428 = ORIENTED_EDGE('',*,*,#1372,.F.);
#1429 = ORIENTED_EDGE('',*,*,#555,.F.);
#1430 = CYLINDRICAL_SURFACE('',#1431,7.281250077504);
#1431 = AXIS2_PLACEMENT_3D('',#1432,#1433,#1434);
#1432 = CARTESIAN_POINT('',(185.39374992249,-82.7000010775,7.5));
#1433 = DIRECTION('',(-0.,-0.,-1.));
#1434 = DIRECTION('',(1.,0.,0.));
#1435 = ADVANCED_FACE('',(#1436),#1455,.T.);
#1436 = FACE_BOUND('',#1437,.T.);
#1437 = EDGE_LOOP('',(#1438,#1439,#1440,#1449));
#1438 = ORIENTED_EDGE('',*,*,#1398,.T.);
#1439 = ORIENTED_EDGE('',*,*,#782,.T.);
#1440 = ORIENTED_EDGE('',*,*,#1441,.F.);
#1441 = EDGE_CURVE('',#1442,#774,#1444,.T.);
#1442 = VERTEX_POINT('',#1443);
#1443 = CARTESIAN_POINT('',(185.39374992249,-77.41875099999,8.));
#1444 = CIRCLE('',#1445,0.5);
#1445 = AXIS2_PLACEMENT_3D('',#1446,#1447,#1448);
#1446 = CARTESIAN_POINT('',(185.39374992249,-76.91875099999,8.));
#1447 = DIRECTION('',(1.,0.,0.));
#1448 = DIRECTION('',(0.,-1.,0.));
#1449 = ORIENTED_EDGE('',*,*,#1450,.F.);
#1450 = EDGE_CURVE('',#1213,#1442,#1451,.T.);
#1451 = LINE('',#1452,#1453);
#1452 = CARTESIAN_POINT('',(176.9062500775,-77.41875099999,8.));
#1453 = VECTOR('',#1454,1.);
#1454 = DIRECTION('',(1.,0.,0.));
#1455 = CYLINDRICAL_SURFACE('',#1456,0.5);
#1456 = AXIS2_PLACEMENT_3D('',#1457,#1458,#1459);
#1457 = CARTESIAN_POINT('',(176.9062500775,-76.91875099999,8.));
#1458 = DIRECTION('',(1.,0.,0.));
#1459 = DIRECTION('',(0.,-1.,0.));
#1460 = ADVANCED_FACE('',(#1461),#1479,.T.);
#1461 = FACE_BOUND('',#1462,.T.);
#1462 = EDGE_LOOP('',(#1463,#1471,#1472,#1473));
#1463 = ORIENTED_EDGE('',*,*,#1464,.F.);
#1464 = EDGE_CURVE('',#565,#1465,#1467,.T.);
#1465 = VERTEX_POINT('',#1466);
#1466 = CARTESIAN_POINT('',(192.675,-115.411361749,16.5));
#1467 = LINE('',#1468,#1469);
#1468 = CARTESIAN_POINT('',(192.675,-115.411361749,7.5));
#1469 = VECTOR('',#1470,1.);
#1470 = DIRECTION('',(0.,0.,1.));
#1471 = ORIENTED_EDGE('',*,*,#564,.F.);
#1472 = ORIENTED_EDGE('',*,*,#1414,.T.);
#1473 = ORIENTED_EDGE('',*,*,#1474,.T.);
#1474 = EDGE_CURVE('',#1415,#1465,#1475,.T.);
#1475 = LINE('',#1476,#1477);
#1476 = CARTESIAN_POINT('',(192.675,-78.39313328542,16.5));
#1477 = VECTOR('',#1478,1.);
#1478 = DIRECTION('',(0.,-1.,0.));
#1479 = PLANE('',#1480);
#1480 = AXIS2_PLACEMENT_3D('',#1481,#1482,#1483);
#1481 = CARTESIAN_POINT('',(192.675,-82.7000010775,7.5));
#1482 = DIRECTION('',(1.,0.,0.));
#1483 = DIRECTION('',(0.,-1.,0.));
#1484 = ADVANCED_FACE('',(#1485),#1505,.T.);
#1485 = FACE_BOUND('',#1486,.F.);
#1486 = EDGE_LOOP('',(#1487,#1488,#1497,#1504));
#1487 = ORIENTED_EDGE('',*,*,#1441,.F.);
#1488 = ORIENTED_EDGE('',*,*,#1489,.T.);
#1489 = EDGE_CURVE('',#1442,#1490,#1492,.T.);
#1490 = VERTEX_POINT('',#1491);
#1491 = CARTESIAN_POINT('',(190.675,-82.7000010775,8.));
#1492 = CIRCLE('',#1493,5.281250077504);
#1493 = AXIS2_PLACEMENT_3D('',#1494,#1495,#1496);
#1494 = CARTESIAN_POINT('',(185.39374992249,-82.7000010775,8.));
#1495 = DIRECTION('',(0.,0.,-1.));
#1496 = DIRECTION('',(0.,1.,0.));
#1497 = ORIENTED_EDGE('',*,*,#1498,.T.);
#1498 = EDGE_CURVE('',#1490,#766,#1499,.T.);
#1499 = CIRCLE('',#1500,0.5);
#1500 = AXIS2_PLACEMENT_3D('',#1501,#1502,#1503);
#1501 = CARTESIAN_POINT('',(191.175,-82.7000010775,8.));
#1502 = DIRECTION('',(-1.6E-16,-1.,0.));
#1503 = DIRECTION('',(1.,-1.6E-16,0.));
#1504 = ORIENTED_EDGE('',*,*,#773,.F.);
#1505 = TOROIDAL_SURFACE('',#1506,5.781250077504,0.5);
#1506 = AXIS2_PLACEMENT_3D('',#1507,#1508,#1509);
#1507 = CARTESIAN_POINT('',(185.39374992249,-82.7000010775,8.));
#1508 = DIRECTION('',(0.,0.,1.));
#1509 = DIRECTION('',(0.,1.,0.));
#1510 = ADVANCED_FACE('',(#1511),#1530,.F.);
#1511 = FACE_BOUND('',#1512,.T.);
#1512 = EDGE_LOOP('',(#1513,#1521,#1522,#1523));
#1513 = ORIENTED_EDGE('',*,*,#1514,.F.);
#1514 = EDGE_CURVE('',#573,#1515,#1517,.T.);
#1515 = VERTEX_POINT('',#1516);
#1516 = CARTESIAN_POINT('',(194.31562507397,-118.2530076926,16.5));
#1517 = LINE('',#1518,#1519);
#1518 = CARTESIAN_POINT('',(194.31562507397,-118.2530076926,7.5));
#1519 = VECTOR('',#1520,1.);
#1520 = DIRECTION('',(0.,0.,1.));
#1521 = ORIENTED_EDGE('',*,*,#572,.F.);
#1522 = ORIENTED_EDGE('',*,*,#1464,.T.);
#1523 = ORIENTED_EDGE('',*,*,#1524,.F.);
#1524 = EDGE_CURVE('',#1515,#1465,#1525,.T.);
#1525 = CIRCLE('',#1526,3.281250077504);
#1526 = AXIS2_PLACEMENT_3D('',#1527,#1528,#1529);
#1527 = CARTESIAN_POINT('',(195.9562500775,-115.411361749,16.5));
#1528 = DIRECTION('',(0.,0.,-1.));
#1529 = DIRECTION('',(1.,0.,0.));
#1530 = CYLINDRICAL_SURFACE('',#1531,3.281250077504);
#1531 = AXIS2_PLACEMENT_3D('',#1532,#1533,#1534);
#1532 = CARTESIAN_POINT('',(195.9562500775,-115.411361749,7.5));
#1533 = DIRECTION('',(-0.,-0.,-1.));
#1534 = DIRECTION('',(1.,0.,0.));
#1535 = ADVANCED_FACE('',(#1536),#1555,.T.);
#1536 = FACE_BOUND('',#1537,.T.);
#1537 = EDGE_LOOP('',(#1538,#1539,#1540,#1549));
#1538 = ORIENTED_EDGE('',*,*,#1498,.T.);
#1539 = ORIENTED_EDGE('',*,*,#765,.T.);
#1540 = ORIENTED_EDGE('',*,*,#1541,.F.);
#1541 = EDGE_CURVE('',#1542,#757,#1544,.T.);
#1542 = VERTEX_POINT('',#1543);
#1543 = CARTESIAN_POINT('',(190.675,-115.411361749,8.));
#1544 = CIRCLE('',#1545,0.5);
#1545 = AXIS2_PLACEMENT_3D('',#1546,#1547,#1548);
#1546 = CARTESIAN_POINT('',(191.175,-115.411361749,8.));
#1547 = DIRECTION('',(0.,-1.,0.));
#1548 = DIRECTION('',(-1.,0.,0.));
#1549 = ORIENTED_EDGE('',*,*,#1550,.F.);
#1550 = EDGE_CURVE('',#1490,#1542,#1551,.T.);
#1551 = LINE('',#1552,#1553);
#1552 = CARTESIAN_POINT('',(190.675,-82.7000010775,8.));
#1553 = VECTOR('',#1554,1.);
#1554 = DIRECTION('',(0.,-1.,0.));
#1555 = CYLINDRICAL_SURFACE('',#1556,0.5);
#1556 = AXIS2_PLACEMENT_3D('',#1557,#1558,#1559);
#1557 = CARTESIAN_POINT('',(191.175,-82.7000010775,8.));
#1558 = DIRECTION('',(0.,-1.,0.));
#1559 = DIRECTION('',(-1.,0.,0.));
#1560 = ADVANCED_FACE('',(#1561),#1579,.T.);
#1561 = FACE_BOUND('',#1562,.T.);
#1562 = EDGE_LOOP('',(#1563,#1571,#1572,#1573));
#1563 = ORIENTED_EDGE('',*,*,#1564,.F.);
#1564 = EDGE_CURVE('',#582,#1565,#1567,.T.);
#1565 = VERTEX_POINT('',#1566);
#1566 = CARTESIAN_POINT('',(203.74897941868,-123.699357207,16.5));
#1567 = LINE('',#1568,#1569);
#1568 = CARTESIAN_POINT('',(203.74897941867,-123.699357207,7.5));
#1569 = VECTOR('',#1570,1.);
#1570 = DIRECTION('',(0.,0.,1.));
#1571 = ORIENTED_EDGE('',*,*,#581,.F.);
#1572 = ORIENTED_EDGE('',*,*,#1514,.T.);
#1573 = ORIENTED_EDGE('',*,*,#1574,.T.);
#1574 = EDGE_CURVE('',#1515,#1565,#1575,.T.);
#1575 = LINE('',#1576,#1577);
#1576 = CARTESIAN_POINT('',(185.64255452018,-113.245608217,16.5));
#1577 = VECTOR('',#1578,1.);
#1578 = DIRECTION('',(0.866025409981,-0.499999989266,0.));
#1579 = PLANE('',#1580);
#1580 = AXIS2_PLACEMENT_3D('',#1581,#1582,#1583);
#1581 = CARTESIAN_POINT('',(194.31562507396,-118.2530076926,7.5));
#1582 = DIRECTION('',(0.499999989266,0.866025409981,0.));
#1583 = DIRECTION('',(0.866025409981,-0.499999989266,0.));
#1584 = ADVANCED_FACE('',(#1585),#1605,.T.);
#1585 = FACE_BOUND('',#1586,.F.);
#1586 = EDGE_LOOP('',(#1587,#1588,#1597,#1604));
#1587 = ORIENTED_EDGE('',*,*,#1541,.F.);
#1588 = ORIENTED_EDGE('',*,*,#1589,.T.);
#1589 = EDGE_CURVE('',#1542,#1590,#1592,.T.);
#1590 = VERTEX_POINT('',#1591);
#1591 = CARTESIAN_POINT('',(193.31562509543,-119.9850585125,8.));
#1592 = CIRCLE('',#1593,5.281250077504);
#1593 = AXIS2_PLACEMENT_3D('',#1594,#1595,#1596);
#1594 = CARTESIAN_POINT('',(195.9562500775,-115.411361749,8.));
#1595 = DIRECTION('',(0.,0.,1.));
#1596 = DIRECTION('',(-1.,0.,0.));
#1597 = ORIENTED_EDGE('',*,*,#1598,.T.);
#1598 = EDGE_CURVE('',#1590,#749,#1599,.T.);
#1599 = CIRCLE('',#1600,0.5);
#1600 = AXIS2_PLACEMENT_3D('',#1601,#1602,#1603);
#1601 = CARTESIAN_POINT('',(193.56562509007,-119.5520458076,8.));
#1602 = DIRECTION('',(0.866025409981,-0.499999989267,0.));
#1603 = DIRECTION('',(-0.499999989267,-0.866025409981,0.));
#1604 = ORIENTED_EDGE('',*,*,#756,.F.);
#1605 = TOROIDAL_SURFACE('',#1606,4.781250077504,0.5);
#1606 = AXIS2_PLACEMENT_3D('',#1607,#1608,#1609);
#1607 = CARTESIAN_POINT('',(195.9562500775,-115.411361749,8.));
#1608 = DIRECTION('',(0.,0.,-1.));
#1609 = DIRECTION('',(-1.,0.,0.));
#1610 = ADVANCED_FACE('',(#1611),#1630,.F.);
#1611 = FACE_BOUND('',#1612,.T.);
#1612 = EDGE_LOOP('',(#1613,#1621,#1622,#1623));
#1613 = ORIENTED_EDGE('',*,*,#1614,.F.);
#1614 = EDGE_CURVE('',#590,#1615,#1617,.T.);
#1615 = VERTEX_POINT('',#1616);
#1616 = CARTESIAN_POINT('',(208.23125012998,-122.4983366754,16.5));
#1617 = LINE('',#1618,#1619);
#1618 = CARTESIAN_POINT('',(208.23125012998,-122.4983366754,7.5));
#1619 = VECTOR('',#1620,1.);
#1620 = DIRECTION('',(0.,0.,1.));
#1621 = ORIENTED_EDGE('',*,*,#589,.F.);
#1622 = ORIENTED_EDGE('',*,*,#1564,.T.);
#1623 = ORIENTED_EDGE('',*,*,#1624,.F.);
#1624 = EDGE_CURVE('',#1615,#1565,#1625,.T.);
#1625 = CIRCLE('',#1626,3.281250077504);
#1626 = AXIS2_PLACEMENT_3D('',#1627,#1628,#1629);
#1627 = CARTESIAN_POINT('',(205.3896044222,-120.8577112633,16.5));
#1628 = DIRECTION('',(0.,0.,-1.));
#1629 = DIRECTION('',(1.,0.,0.));
#1630 = CYLINDRICAL_SURFACE('',#1631,3.281250077504);
#1631 = AXIS2_PLACEMENT_3D('',#1632,#1633,#1634);
#1632 = CARTESIAN_POINT('',(205.3896044222,-120.8577112633,7.5));
#1633 = DIRECTION('',(-0.,-0.,-1.));
#1634 = DIRECTION('',(1.,0.,0.));
#1635 = ADVANCED_FACE('',(#1636),#1655,.T.);
#1636 = FACE_BOUND('',#1637,.T.);
#1637 = EDGE_LOOP('',(#1638,#1639,#1640,#1649));
#1638 = ORIENTED_EDGE('',*,*,#1598,.T.);
#1639 = ORIENTED_EDGE('',*,*,#748,.T.);
#1640 = ORIENTED_EDGE('',*,*,#1641,.F.);
#1641 = EDGE_CURVE('',#1642,#740,#1644,.T.);
#1642 = VERTEX_POINT('',#1643);
#1643 = CARTESIAN_POINT('',(202.74897944015,-125.4314080269,8.));
#1644 = CIRCLE('',#1645,0.5);
#1645 = AXIS2_PLACEMENT_3D('',#1646,#1647,#1648);
#1646 = CARTESIAN_POINT('',(202.99897943478,-124.9983953219,8.));
#1647 = DIRECTION('',(0.866025409981,-0.499999989266,0.));
#1648 = DIRECTION('',(-0.499999989266,-0.866025409981,0.));
#1649 = ORIENTED_EDGE('',*,*,#1650,.F.);
#1650 = EDGE_CURVE('',#1590,#1642,#1651,.T.);
#1651 = LINE('',#1652,#1653);
#1652 = CARTESIAN_POINT('',(193.31562509543,-119.9850585125,8.));
#1653 = VECTOR('',#1654,1.);
#1654 = DIRECTION('',(0.866025409981,-0.499999989266,0.));
#1655 = CYLINDRICAL_SURFACE('',#1656,0.5);
#1656 = AXIS2_PLACEMENT_3D('',#1657,#1658,#1659);
#1657 = CARTESIAN_POINT('',(193.56562509006,-119.5520458076,8.));
#1658 = DIRECTION('',(0.866025409981,-0.499999989266,0.));
#1659 = DIRECTION('',(-0.499999989266,-0.866025409981,0.));
#1660 = ADVANCED_FACE('',(#1661),#1679,.T.);
#1661 = FACE_BOUND('',#1662,.T.);
#1662 = EDGE_LOOP('',(#1663,#1671,#1672,#1673));
#1663 = ORIENTED_EDGE('',*,*,#1664,.T.);
#1664 = EDGE_CURVE('',#1665,#599,#1667,.T.);
#1665 = VERTEX_POINT('',#1666);
#1666 = CARTESIAN_POINT('',(210.9925746465,-117.7155837673,16.5));
#1667 = LINE('',#1668,#1669);
#1668 = CARTESIAN_POINT('',(210.9925746465,-117.7155837673,7.5));
#1669 = VECTOR('',#1670,1.);
#1670 = DIRECTION('',(0.,0.,-1.));
#1671 = ORIENTED_EDGE('',*,*,#598,.F.);
#1672 = ORIENTED_EDGE('',*,*,#1614,.T.);
#1673 = ORIENTED_EDGE('',*,*,#1674,.T.);
#1674 = EDGE_CURVE('',#1615,#1665,#1675,.T.);
#1675 = LINE('',#1676,#1677);
#1676 = CARTESIAN_POINT('',(217.26975529892,-106.8431912469,16.5));
#1677 = VECTOR('',#1678,1.);
#1678 = DIRECTION('',(0.500000113748,0.866025338112,0.));
#1679 = PLANE('',#1680);
#1680 = AXIS2_PLACEMENT_3D('',#1681,#1682,#1683);
#1681 = CARTESIAN_POINT('',(208.23125012997,-122.4983366754,7.5));
#1682 = DIRECTION('',(-0.866025338112,0.500000113748,0.));
#1683 = DIRECTION('',(0.500000113748,0.866025338112,0.));
#1684 = ADVANCED_FACE('',(#1685),#1705,.T.);
#1685 = FACE_BOUND('',#1686,.F.);
#1686 = EDGE_LOOP('',(#1687,#1688,#1697,#1704));
#1687 = ORIENTED_EDGE('',*,*,#1641,.F.);
#1688 = ORIENTED_EDGE('',*,*,#1689,.T.);
#1689 = EDGE_CURVE('',#1642,#1690,#1692,.T.);
#1690 = VERTEX_POINT('',#1691);
#1691 = CARTESIAN_POINT('',(209.9633008062,-123.4983369029,8.));
#1692 = CIRCLE('',#1693,5.281250077504);
#1693 = AXIS2_PLACEMENT_3D('',#1694,#1695,#1696);
#1694 = CARTESIAN_POINT('',(205.3896044222,-120.8577112633,8.));
#1695 = DIRECTION('',(0.,0.,1.));
#1696 = DIRECTION('',(-0.499999989264,-0.866025409983,0.));
#1697 = ORIENTED_EDGE('',*,*,#1698,.T.);
#1698 = EDGE_CURVE('',#1690,#732,#1699,.T.);
#1699 = CIRCLE('',#1700,0.5);
#1700 = AXIS2_PLACEMENT_3D('',#1701,#1702,#1703);
#1701 = CARTESIAN_POINT('',(209.53028813714,-123.248336846,8.));
#1702 = DIRECTION('',(0.500000113756,0.866025338107,0.));
#1703 = DIRECTION('',(0.866025338107,-0.500000113756,0.));
#1704 = ORIENTED_EDGE('',*,*,#739,.F.);
#1705 = TOROIDAL_SURFACE('',#1706,4.781250077504,0.5);
#1706 = AXIS2_PLACEMENT_3D('',#1707,#1708,#1709);
#1707 = CARTESIAN_POINT('',(205.3896044222,-120.8577112633,8.));
#1708 = DIRECTION('',(0.,0.,-1.));
#1709 = DIRECTION('',(-0.499999989264,-0.866025409983,-0.));
#1710 = ADVANCED_FACE('',(#1711),#1729,.F.);
#1711 = FACE_BOUND('',#1712,.F.);
#1712 = EDGE_LOOP('',(#1713,#1714,#1722,#1728));
#1713 = ORIENTED_EDGE('',*,*,#606,.F.);
#1714 = ORIENTED_EDGE('',*,*,#1715,.T.);
#1715 = EDGE_CURVE('',#607,#1716,#1718,.T.);
#1716 = VERTEX_POINT('',#1717);
#1717 = CARTESIAN_POINT('',(205.98934924354,-117.7155837673,16.5));
#1718 = LINE('',#1719,#1720);
#1719 = CARTESIAN_POINT('',(205.98934924354,-117.7155837673,7.5));
#1720 = VECTOR('',#1721,1.);
#1721 = DIRECTION('',(0.,0.,1.));
#1722 = ORIENTED_EDGE('',*,*,#1723,.T.);
#1723 = EDGE_CURVE('',#1716,#1665,#1724,.T.);
#1724 = LINE('',#1725,#1726);
#1725 = CARTESIAN_POINT('',(201.3382331366,-117.7155837673,16.5));
#1726 = VECTOR('',#1727,1.);
#1727 = DIRECTION('',(1.,0.,0.));
#1728 = ORIENTED_EDGE('',*,*,#1664,.T.);
#1729 = PLANE('',#1730);
#1730 = AXIS2_PLACEMENT_3D('',#1731,#1732,#1733);
#1731 = CARTESIAN_POINT('',(205.98934924354,-117.7155837673,7.5));
#1732 = DIRECTION('',(0.,1.,0.));
#1733 = DIRECTION('',(1.,0.,0.));
#1734 = ADVANCED_FACE('',(#1735),#1754,.T.);
#1735 = FACE_BOUND('',#1736,.T.);
#1736 = EDGE_LOOP('',(#1737,#1738,#1739,#1748));
#1737 = ORIENTED_EDGE('',*,*,#1698,.T.);
#1738 = ORIENTED_EDGE('',*,*,#731,.T.);
#1739 = ORIENTED_EDGE('',*,*,#1740,.F.);
#1740 = EDGE_CURVE('',#1741,#723,#1743,.T.);
#1741 = VERTEX_POINT('',#1742);
#1742 = CARTESIAN_POINT('',(214.07369628219,-116.3789252588,8.));
#1743 = CIRCLE('',#1744,0.5);
#1744 = AXIS2_PLACEMENT_3D('',#1745,#1746,#1747);
#1745 = CARTESIAN_POINT('',(213.64068361313,-116.1289252019,8.));
#1746 = DIRECTION('',(0.500000113748,0.866025338112,0.));
#1747 = DIRECTION('',(0.866025338112,-0.500000113748,0.));
#1748 = ORIENTED_EDGE('',*,*,#1749,.F.);
#1749 = EDGE_CURVE('',#1690,#1741,#1750,.T.);
#1750 = LINE('',#1751,#1752);
#1751 = CARTESIAN_POINT('',(209.9633008062,-123.4983369029,8.));
#1752 = VECTOR('',#1753,1.);
#1753 = DIRECTION('',(0.500000113748,0.866025338112,0.));
#1754 = CYLINDRICAL_SURFACE('',#1755,0.5);
#1755 = AXIS2_PLACEMENT_3D('',#1756,#1757,#1758);
#1756 = CARTESIAN_POINT('',(209.53028813714,-123.248336846,8.));
#1757 = DIRECTION('',(0.500000113748,0.866025338112,0.));
#1758 = DIRECTION('',(0.866025338112,-0.500000113748,0.));
#1759 = ADVANCED_FACE('',(#1760),#1779,.T.);
#1760 = FACE_BOUND('',#1761,.F.);
#1761 = EDGE_LOOP('',(#1762,#1763,#1771,#1778));
#1762 = ORIENTED_EDGE('',*,*,#614,.F.);
#1763 = ORIENTED_EDGE('',*,*,#1764,.T.);
#1764 = EDGE_CURVE('',#615,#1765,#1767,.T.);
#1765 = VERTEX_POINT('',#1766);
#1766 = CARTESIAN_POINT('',(205.98934924354,-114.7155837673,16.5));
#1767 = LINE('',#1768,#1769);
#1768 = CARTESIAN_POINT('',(205.98934924354,-114.7155837673,7.5));
#1769 = VECTOR('',#1770,1.);
#1770 = DIRECTION('',(0.,0.,1.));
#1771 = ORIENTED_EDGE('',*,*,#1772,.F.);
#1772 = EDGE_CURVE('',#1716,#1765,#1773,.T.);
#1773 = CIRCLE('',#1774,4.);
#1774 = AXIS2_PLACEMENT_3D('',#1775,#1776,#1777);
#1775 = CARTESIAN_POINT('',(202.28125,-116.2155837673,16.5));
#1776 = DIRECTION('',(0.,0.,-1.));
#1777 = DIRECTION('',(1.,0.,0.));
#1778 = ORIENTED_EDGE('',*,*,#1715,.F.);
#1779 = CYLINDRICAL_SURFACE('',#1780,4.);
#1780 = AXIS2_PLACEMENT_3D('',#1781,#1782,#1783);
#1781 = CARTESIAN_POINT('',(202.28125,-116.2155837673,7.5));
#1782 = DIRECTION('',(-0.,-0.,-1.));
#1783 = DIRECTION('',(1.,0.,0.));
#1784 = ADVANCED_FACE('',(#1785),#1803,.T.);
#1785 = FACE_BOUND('',#1786,.F.);
#1786 = EDGE_LOOP('',(#1787,#1788,#1795,#1802));
#1787 = ORIENTED_EDGE('',*,*,#1740,.F.);
#1788 = ORIENTED_EDGE('',*,*,#1789,.T.);
#1789 = EDGE_CURVE('',#1741,#1030,#1790,.T.);
#1790 = CIRCLE('',#1791,5.281250259068);
#1791 = AXIS2_PLACEMENT_3D('',#1792,#1793,#1794);
#1792 = CARTESIAN_POINT('',(209.49999974093,-113.7382995285,8.));
#1793 = DIRECTION('',(-0.,0.,1.));
#1794 = DIRECTION('',(0.866025338112,-0.500000113749,0.));
#1795 = ORIENTED_EDGE('',*,*,#1796,.T.);
#1796 = EDGE_CURVE('',#1030,#715,#1797,.T.);
#1797 = CIRCLE('',#1798,0.5);
#1798 = AXIS2_PLACEMENT_3D('',#1799,#1800,#1801);
#1799 = CARTESIAN_POINT('',(214.28125,-113.7382995285,8.));
#1800 = DIRECTION('',(2.78E-15,1.,0.));
#1801 = DIRECTION('',(1.,-2.78E-15,0.));
#1802 = ORIENTED_EDGE('',*,*,#722,.F.);
#1803 = TOROIDAL_SURFACE('',#1804,4.781250259068,0.5);
#1804 = AXIS2_PLACEMENT_3D('',#1805,#1806,#1807);
#1805 = CARTESIAN_POINT('',(209.49999974093,-113.7382995285,8.));
#1806 = DIRECTION('',(0.,0.,-1.));
#1807 = DIRECTION('',(0.866025338112,-0.500000113749,0.));
#1808 = ADVANCED_FACE('',(#1809),#1827,.F.);
#1809 = FACE_BOUND('',#1810,.F.);
#1810 = EDGE_LOOP('',(#1811,#1812,#1820,#1826));
#1811 = ORIENTED_EDGE('',*,*,#623,.F.);
#1812 = ORIENTED_EDGE('',*,*,#1813,.F.);
#1813 = EDGE_CURVE('',#1814,#624,#1816,.T.);
#1814 = VERTEX_POINT('',#1815);
#1815 = CARTESIAN_POINT('',(212.63233413866,-114.7155837673,16.5));
#1816 = LINE('',#1817,#1818);
#1817 = CARTESIAN_POINT('',(212.63233413866,-114.7155837673,7.5));
#1818 = VECTOR('',#1819,1.);
#1819 = DIRECTION('',(0.,0.,-1.));
#1820 = ORIENTED_EDGE('',*,*,#1821,.T.);
#1821 = EDGE_CURVE('',#1814,#1765,#1822,.T.);
#1822 = LINE('',#1823,#1824);
#1823 = CARTESIAN_POINT('',(204.8382331366,-114.7155837673,16.5));
#1824 = VECTOR('',#1825,1.);
#1825 = DIRECTION('',(-1.,0.,0.));
#1826 = ORIENTED_EDGE('',*,*,#1764,.F.);
#1827 = PLANE('',#1828);
#1828 = AXIS2_PLACEMENT_3D('',#1829,#1830,#1831);
#1829 = CARTESIAN_POINT('',(212.98934924354,-114.7155837673,7.5));
#1830 = DIRECTION('',(0.,-1.,0.));
#1831 = DIRECTION('',(-1.,0.,0.));
#1832 = ADVANCED_FACE('',(#1833),#1839,.T.);
#1833 = FACE_BOUND('',#1834,.T.);
#1834 = EDGE_LOOP('',(#1835,#1836,#1837,#1838));
#1835 = ORIENTED_EDGE('',*,*,#1796,.T.);
#1836 = ORIENTED_EDGE('',*,*,#714,.T.);
#1837 = ORIENTED_EDGE('',*,*,#1002,.F.);
#1838 = ORIENTED_EDGE('',*,*,#1037,.F.);
#1839 = CYLINDRICAL_SURFACE('',#1840,0.5);
#1840 = AXIS2_PLACEMENT_3D('',#1841,#1842,#1843);
#1841 = CARTESIAN_POINT('',(214.28125,-113.7382995285,8.));
#1842 = DIRECTION('',(0.,1.,0.));
#1843 = DIRECTION('',(1.,0.,0.));
#1844 = ADVANCED_FACE('',(#1845),#1864,.F.);
#1845 = FACE_BOUND('',#1846,.F.);
#1846 = EDGE_LOOP('',(#1847,#1855,#1862,#1863));
#1847 = ORIENTED_EDGE('',*,*,#1848,.T.);
#1848 = EDGE_CURVE('',#632,#1849,#1851,.T.);
#1849 = VERTEX_POINT('',#1850);
#1850 = CARTESIAN_POINT('',(212.78125,-113.7382995285,16.5));
#1851 = LINE('',#1852,#1853);
#1852 = CARTESIAN_POINT('',(212.78125,-113.7382995285,7.5));
#1853 = VECTOR('',#1854,1.);
#1854 = DIRECTION('',(0.,0.,1.));
#1855 = ORIENTED_EDGE('',*,*,#1856,.T.);
#1856 = EDGE_CURVE('',#1849,#1814,#1857,.T.);
#1857 = CIRCLE('',#1858,3.281250259068);
#1858 = AXIS2_PLACEMENT_3D('',#1859,#1860,#1861);
#1859 = CARTESIAN_POINT('',(209.49999974093,-113.7382995285,16.5));
#1860 = DIRECTION('',(0.,0.,-1.));
#1861 = DIRECTION('',(1.,-1.2E-16,0.));
#1862 = ORIENTED_EDGE('',*,*,#1813,.T.);
#1863 = ORIENTED_EDGE('',*,*,#631,.F.);
#1864 = CYLINDRICAL_SURFACE('',#1865,3.281250259068);
#1865 = AXIS2_PLACEMENT_3D('',#1866,#1867,#1868);
#1866 = CARTESIAN_POINT('',(209.49999974093,-113.7382995285,7.5));
#1867 = DIRECTION('',(0.,0.,-1.));
#1868 = DIRECTION('',(1.,-1.2E-16,0.));
#1869 = ADVANCED_FACE('',(#1870),#1888,.F.);
#1870 = FACE_BOUND('',#1871,.F.);
#1871 = EDGE_LOOP('',(#1872,#1880,#1886,#1887));
#1872 = ORIENTED_EDGE('',*,*,#1873,.T.);
#1873 = EDGE_CURVE('',#641,#1874,#1876,.T.);
#1874 = VERTEX_POINT('',#1875);
#1875 = CARTESIAN_POINT('',(212.78125,-37.40254807749,16.5));
#1876 = LINE('',#1877,#1878);
#1877 = CARTESIAN_POINT('',(212.78125,-37.40254807749,7.5));
#1878 = VECTOR('',#1879,1.);
#1879 = DIRECTION('',(0.,0.,1.));
#1880 = ORIENTED_EDGE('',*,*,#1881,.T.);
#1881 = EDGE_CURVE('',#1874,#1849,#1882,.T.);
#1882 = LINE('',#1883,#1884);
#1883 = CARTESIAN_POINT('',(212.78125,-55.74440678541,16.5));
#1884 = VECTOR('',#1885,1.);
#1885 = DIRECTION('',(0.,-1.,0.));
#1886 = ORIENTED_EDGE('',*,*,#1848,.F.);
#1887 = ORIENTED_EDGE('',*,*,#640,.F.);
#1888 = PLANE('',#1889);
#1889 = AXIS2_PLACEMENT_3D('',#1890,#1891,#1892);
#1890 = CARTESIAN_POINT('',(212.78125,-37.40254807749,7.5));
#1891 = DIRECTION('',(1.,0.,0.));
#1892 = DIRECTION('',(0.,-1.,0.));
#1893 = ADVANCED_FACE('',(#1894),#1913,.F.);
#1894 = FACE_BOUND('',#1895,.F.);
#1895 = EDGE_LOOP('',(#1896,#1897,#1905,#1912));
#1896 = ORIENTED_EDGE('',*,*,#648,.F.);
#1897 = ORIENTED_EDGE('',*,*,#1898,.T.);
#1898 = EDGE_CURVE('',#649,#1899,#1901,.T.);
#1899 = VERTEX_POINT('',#1900);
#1900 = CARTESIAN_POINT('',(209.49999992249,-34.12129799999,16.5));
#1901 = LINE('',#1902,#1903);
#1902 = CARTESIAN_POINT('',(209.49999992249,-34.12129799999,7.5));
#1903 = VECTOR('',#1904,1.);
#1904 = DIRECTION('',(0.,0.,1.));
#1905 = ORIENTED_EDGE('',*,*,#1906,.T.);
#1906 = EDGE_CURVE('',#1899,#1874,#1907,.T.);
#1907 = CIRCLE('',#1908,3.281250077504);
#1908 = AXIS2_PLACEMENT_3D('',#1909,#1910,#1911);
#1909 = CARTESIAN_POINT('',(209.49999992249,-37.40254807749,16.5));
#1910 = DIRECTION('',(0.,0.,-1.));
#1911 = DIRECTION('',(1.,-1.2E-16,0.));
#1912 = ORIENTED_EDGE('',*,*,#1873,.F.);
#1913 = CYLINDRICAL_SURFACE('',#1914,3.281250077504);
#1914 = AXIS2_PLACEMENT_3D('',#1915,#1916,#1917);
#1915 = CARTESIAN_POINT('',(209.49999992249,-37.40254807749,7.5));
#1916 = DIRECTION('',(0.,0.,-1.));
#1917 = DIRECTION('',(1.,-1.2E-16,0.));
#1918 = ADVANCED_FACE('',(#1919),#1925,.T.);
#1919 = FACE_BOUND('',#1920,.T.);
#1920 = EDGE_LOOP('',(#1921,#1922,#1923,#1924));
#1921 = ORIENTED_EDGE('',*,*,#1076,.F.);
#1922 = ORIENTED_EDGE('',*,*,#698,.T.);
#1923 = ORIENTED_EDGE('',*,*,#1283,.F.);
#1924 = ORIENTED_EDGE('',*,*,#1126,.F.);
#1925 = CYLINDRICAL_SURFACE('',#1926,0.5);
#1926 = AXIS2_PLACEMENT_3D('',#1927,#1928,#1929);
#1927 = CARTESIAN_POINT('',(188.50274017201,-32.12129799999,8.));
#1928 = DIRECTION('',(0.,-1.,0.));
#1929 = DIRECTION('',(-1.,0.,0.));
#1930 = ADVANCED_FACE('',(#1931),#1949,.T.);
#1931 = FACE_BOUND('',#1932,.T.);
#1932 = EDGE_LOOP('',(#1933,#1934,#1942,#1948));
#1933 = ORIENTED_EDGE('',*,*,#1898,.T.);
#1934 = ORIENTED_EDGE('',*,*,#1935,.T.);
#1935 = EDGE_CURVE('',#1899,#1936,#1938,.T.);
#1936 = VERTEX_POINT('',#1937);
#1937 = CARTESIAN_POINT('',(203.78125,-34.12129799999,16.5));
#1938 = LINE('',#1939,#1940);
#1939 = CARTESIAN_POINT('',(203.09355847607,-34.12129799999,16.5));
#1940 = VECTOR('',#1941,1.);
#1941 = DIRECTION('',(-1.,1.09E-15,0.));
#1942 = ORIENTED_EDGE('',*,*,#1943,.T.);
#1943 = EDGE_CURVE('',#1936,#658,#1944,.T.);
#1944 = LINE('',#1945,#1946);
#1945 = CARTESIAN_POINT('',(203.78125,-34.12129799999,7.5));
#1946 = VECTOR('',#1947,1.);
#1947 = DIRECTION('',(0.,0.,-1.));
#1948 = ORIENTED_EDGE('',*,*,#657,.F.);
#1949 = PLANE('',#1950);
#1950 = AXIS2_PLACEMENT_3D('',#1951,#1952,#1953);
#1951 = CARTESIAN_POINT('',(209.49999992249,-34.12129799999,7.5));
#1952 = DIRECTION('',(-1.09E-15,-1.,0.));
#1953 = DIRECTION('',(-1.,1.09E-15,0.));
#1954 = ADVANCED_FACE('',(#1955),#1973,.F.);
#1955 = FACE_BOUND('',#1956,.F.);
#1956 = EDGE_LOOP('',(#1957,#1958,#1966,#1972));
#1957 = ORIENTED_EDGE('',*,*,#665,.F.);
#1958 = ORIENTED_EDGE('',*,*,#1959,.T.);
#1959 = EDGE_CURVE('',#666,#1960,#1962,.T.);
#1960 = VERTEX_POINT('',#1961);
#1961 = CARTESIAN_POINT('',(203.78125,-37.91319875644,16.5));
#1962 = LINE('',#1963,#1964);
#1963 = CARTESIAN_POINT('',(203.78125,-37.91319875644,7.5));
#1964 = VECTOR('',#1965,1.);
#1965 = DIRECTION('',(0.,0.,1.));
#1966 = ORIENTED_EDGE('',*,*,#1967,.T.);
#1967 = EDGE_CURVE('',#1960,#1936,#1968,.T.);
#1968 = LINE('',#1969,#1970);
#1969 = CARTESIAN_POINT('',(203.78125,-55.99973212489,16.5));
#1970 = VECTOR('',#1971,1.);
#1971 = DIRECTION('',(0.,1.,0.));
#1972 = ORIENTED_EDGE('',*,*,#1943,.T.);
#1973 = PLANE('',#1974);
#1974 = AXIS2_PLACEMENT_3D('',#1975,#1976,#1977);
#1975 = CARTESIAN_POINT('',(203.78125,-37.91319875644,7.5));
#1976 = DIRECTION('',(-1.,0.,0.));
#1977 = DIRECTION('',(0.,1.,0.));
#1978 = ADVANCED_FACE('',(#1979),#1997,.T.);
#1979 = FACE_BOUND('',#1980,.T.);
#1980 = EDGE_LOOP('',(#1981,#1982,#1990,#1996));
#1981 = ORIENTED_EDGE('',*,*,#682,.F.);
#1982 = ORIENTED_EDGE('',*,*,#1983,.T.);
#1983 = EDGE_CURVE('',#674,#1984,#1986,.T.);
#1984 = VERTEX_POINT('',#1985);
#1985 = CARTESIAN_POINT('',(200.78125,-37.91319875644,16.5));
#1986 = LINE('',#1987,#1988);
#1987 = CARTESIAN_POINT('',(200.78125,-37.91319875644,7.5));
#1988 = VECTOR('',#1989,1.);
#1989 = DIRECTION('',(0.,0.,1.));
#1990 = ORIENTED_EDGE('',*,*,#1991,.T.);
#1991 = EDGE_CURVE('',#1984,#1255,#1992,.T.);
#1992 = LINE('',#1993,#1994);
#1993 = CARTESIAN_POINT('',(200.78125,-55.99973212489,16.5));
#1994 = VECTOR('',#1995,1.);
#1995 = DIRECTION('',(0.,1.,0.));
#1996 = ORIENTED_EDGE('',*,*,#1254,.T.);
#1997 = PLANE('',#1998);
#1998 = AXIS2_PLACEMENT_3D('',#1999,#2000,#2001);
#1999 = CARTESIAN_POINT('',(200.78125,-37.91319875644,7.5));
#2000 = DIRECTION('',(-1.,0.,0.));
#2001 = DIRECTION('',(0.,1.,0.));
#2002 = ADVANCED_FACE('',(#2003),#2015,.T.);
#2003 = FACE_BOUND('',#2004,.F.);
#2004 = EDGE_LOOP('',(#2005,#2006,#2007,#2014));
#2005 = ORIENTED_EDGE('',*,*,#673,.F.);
#2006 = ORIENTED_EDGE('',*,*,#1983,.T.);
#2007 = ORIENTED_EDGE('',*,*,#2008,.F.);
#2008 = EDGE_CURVE('',#1960,#1984,#2009,.T.);
#2009 = CIRCLE('',#2010,4.);
#2010 = AXIS2_PLACEMENT_3D('',#2011,#2012,#2013);
#2011 = CARTESIAN_POINT('',(202.28125,-41.62129799999,16.5));
#2012 = DIRECTION('',(0.,0.,-1.));
#2013 = DIRECTION('',(1.,0.,0.));
#2014 = ORIENTED_EDGE('',*,*,#1959,.F.);
#2015 = CYLINDRICAL_SURFACE('',#2016,4.);
#2016 = AXIS2_PLACEMENT_3D('',#2017,#2018,#2019);
#2017 = CARTESIAN_POINT('',(202.28125,-41.62129799999,7.5));
#2018 = DIRECTION('',(-0.,-0.,-1.));
#2019 = DIRECTION('',(1.,0.,0.));
#2020 = ADVANCED_FACE('',(#2021),#2040,.F.);
#2021 = FACE_BOUND('',#2022,.T.);
#2022 = EDGE_LOOP('',(#2023,#2031,#2032,#2033));
#2023 = ORIENTED_EDGE('',*,*,#2024,.F.);
#2024 = EDGE_CURVE('',#816,#2025,#2027,.T.);
#2025 = VERTEX_POINT('',#2026);
#2026 = CARTESIAN_POINT('',(203.78125,-41.62129799999,16.5));
#2027 = LINE('',#2028,#2029);
#2028 = CARTESIAN_POINT('',(203.78125,-41.62129799999,7.5));
#2029 = VECTOR('',#2030,1.);
#2030 = DIRECTION('',(0.,0.,1.));
#2031 = ORIENTED_EDGE('',*,*,#815,.F.);
#2032 = ORIENTED_EDGE('',*,*,#2024,.T.);
#2033 = ORIENTED_EDGE('',*,*,#2034,.F.);
#2034 = EDGE_CURVE('',#2025,#2025,#2035,.T.);
#2035 = CIRCLE('',#2036,1.5);
#2036 = AXIS2_PLACEMENT_3D('',#2037,#2038,#2039);
#2037 = CARTESIAN_POINT('',(202.28125,-41.62129799999,16.5));
#2038 = DIRECTION('',(0.,0.,-1.));
#2039 = DIRECTION('',(1.,0.,0.));
#2040 = CYLINDRICAL_SURFACE('',#2041,1.5);
#2041 = AXIS2_PLACEMENT_3D('',#2042,#2043,#2044);
#2042 = CARTESIAN_POINT('',(202.28125,-41.62129799999,7.5));
#2043 = DIRECTION('',(-0.,-0.,-1.));
#2044 = DIRECTION('',(1.,0.,0.));
#2045 = ADVANCED_FACE('',(#2046),#2065,.F.);
#2046 = FACE_BOUND('',#2047,.T.);
#2047 = EDGE_LOOP('',(#2048,#2056,#2057,#2058));
#2048 = ORIENTED_EDGE('',*,*,#2049,.F.);
#2049 = EDGE_CURVE('',#827,#2050,#2052,.T.);
#2050 = VERTEX_POINT('',#2051);
#2051 = CARTESIAN_POINT('',(203.78125,-116.2155837673,16.5));
#2052 = LINE('',#2053,#2054);
#2053 = CARTESIAN_POINT('',(203.78125,-116.2155837673,7.5));
#2054 = VECTOR('',#2055,1.);
#2055 = DIRECTION('',(0.,0.,1.));
#2056 = ORIENTED_EDGE('',*,*,#826,.F.);
#2057 = ORIENTED_EDGE('',*,*,#2049,.T.);
#2058 = ORIENTED_EDGE('',*,*,#2059,.F.);
#2059 = EDGE_CURVE('',#2050,#2050,#2060,.T.);
#2060 = CIRCLE('',#2061,1.5);
#2061 = AXIS2_PLACEMENT_3D('',#2062,#2063,#2064);
#2062 = CARTESIAN_POINT('',(202.28125,-116.2155837673,16.5));
#2063 = DIRECTION('',(0.,0.,-1.));
#2064 = DIRECTION('',(1.,0.,0.));
#2065 = CYLINDRICAL_SURFACE('',#2066,1.5);
#2066 = AXIS2_PLACEMENT_3D('',#2067,#2068,#2069);
#2067 = CARTESIAN_POINT('',(202.28125,-116.2155837673,7.5));
#2068 = DIRECTION('',(-0.,-0.,-1.));
#2069 = DIRECTION('',(1.,0.,0.));
#2070 = ADVANCED_FACE('',(#2071),#2083,.T.);
#2071 = FACE_BOUND('',#2072,.F.);
#2072 = EDGE_LOOP('',(#2073,#2080,#2081,#2082));
#2073 = ORIENTED_EDGE('',*,*,#2074,.T.);
#2074 = EDGE_CURVE('',#1022,#947,#2075,.T.);
#2075 = CIRCLE('',#2076,0.5);
#2076 = AXIS2_PLACEMENT_3D('',#2077,#2078,#2079);
#2077 = CARTESIAN_POINT('',(214.28125,-113.7382995285,18.));
#2078 = DIRECTION('',(-2.78E-15,-1.,0.));
#2079 = DIRECTION('',(1.,-2.78E-15,0.));
#2080 = ORIENTED_EDGE('',*,*,#955,.T.);
#2081 = ORIENTED_EDGE('',*,*,#843,.F.);
#2082 = ORIENTED_EDGE('',*,*,#1021,.F.);
#2083 = CYLINDRICAL_SURFACE('',#2084,0.5);
#2084 = AXIS2_PLACEMENT_3D('',#2085,#2086,#2087);
#2085 = CARTESIAN_POINT('',(214.28125,-113.7382995285,18.));
#2086 = DIRECTION('',(0.,1.,0.));
#2087 = DIRECTION('',(1.,0.,0.));
#2088 = ADVANCED_FACE('',(#2089),#2101,.T.);
#2089 = FACE_BOUND('',#2090,.T.);
#2090 = EDGE_LOOP('',(#2091,#2092,#2093,#2100));
#2091 = ORIENTED_EDGE('',*,*,#1186,.F.);
#2092 = ORIENTED_EDGE('',*,*,#1203,.T.);
#2093 = ORIENTED_EDGE('',*,*,#2094,.T.);
#2094 = EDGE_CURVE('',#1204,#879,#2095,.T.);
#2095 = CIRCLE('',#2096,0.5);
#2096 = AXIS2_PLACEMENT_3D('',#2097,#2098,#2099);
#2097 = CARTESIAN_POINT('',(176.9062500775,-76.91875099999,18.));
#2098 = DIRECTION('',(-1.,2.73E-15,0.));
#2099 = DIRECTION('',(-2.73E-15,-1.,0.));
#2100 = ORIENTED_EDGE('',*,*,#878,.F.);
#2101 = TOROIDAL_SURFACE('',#2102,4.781250077504,0.5);
#2102 = AXIS2_PLACEMENT_3D('',#2103,#2104,#2105);
#2103 = CARTESIAN_POINT('',(176.9062500775,-72.13750092249,18.));
#2104 = DIRECTION('',(0.,0.,1.));
#2105 = DIRECTION('',(-1.,0.,0.));
#2106 = ADVANCED_FACE('',(#2107),#2126,.T.);
#2107 = FACE_BOUND('',#2108,.F.);
#2108 = EDGE_LOOP('',(#2109,#2110,#2111,#2120));
#2109 = ORIENTED_EDGE('',*,*,#2094,.T.);
#2110 = ORIENTED_EDGE('',*,*,#887,.T.);
#2111 = ORIENTED_EDGE('',*,*,#2112,.F.);
#2112 = EDGE_CURVE('',#2113,#888,#2115,.T.);
#2113 = VERTEX_POINT('',#2114);
#2114 = CARTESIAN_POINT('',(185.39374992249,-77.41875099999,18.));
#2115 = CIRCLE('',#2116,0.5);
#2116 = AXIS2_PLACEMENT_3D('',#2117,#2118,#2119);
#2117 = CARTESIAN_POINT('',(185.39374992249,-76.91875099999,18.));
#2118 = DIRECTION('',(-1.,0.,0.));
#2119 = DIRECTION('',(0.,-1.,0.));
#2120 = ORIENTED_EDGE('',*,*,#2121,.F.);
#2121 = EDGE_CURVE('',#1204,#2113,#2122,.T.);
#2122 = LINE('',#2123,#2124);
#2123 = CARTESIAN_POINT('',(176.9062500775,-77.41875099999,18.));
#2124 = VECTOR('',#2125,1.);
#2125 = DIRECTION('',(1.,0.,0.));
#2126 = CYLINDRICAL_SURFACE('',#2127,0.5);
#2127 = AXIS2_PLACEMENT_3D('',#2128,#2129,#2130);
#2128 = CARTESIAN_POINT('',(176.9062500775,-76.91875099999,18.));
#2129 = DIRECTION('',(1.,0.,0.));
#2130 = DIRECTION('',(0.,-1.,0.));
#2131 = ADVANCED_FACE('',(#2132),#2152,.T.);
#2132 = FACE_BOUND('',#2133,.T.);
#2133 = EDGE_LOOP('',(#2134,#2143,#2150,#2151));
#2134 = ORIENTED_EDGE('',*,*,#2135,.F.);
#2135 = EDGE_CURVE('',#2136,#939,#2138,.T.);
#2136 = VERTEX_POINT('',#2137);
#2137 = CARTESIAN_POINT('',(214.07369628219,-116.3789252588,18.));
#2138 = CIRCLE('',#2139,0.5);
#2139 = AXIS2_PLACEMENT_3D('',#2140,#2141,#2142);
#2140 = CARTESIAN_POINT('',(213.64068361313,-116.1289252019,18.));
#2141 = DIRECTION('',(-0.500000113748,-0.866025338112,0.));
#2142 = DIRECTION('',(0.866025338112,-0.500000113748,0.));
#2143 = ORIENTED_EDGE('',*,*,#2144,.T.);
#2144 = EDGE_CURVE('',#2136,#1022,#2145,.T.);
#2145 = CIRCLE('',#2146,5.281250259068);
#2146 = AXIS2_PLACEMENT_3D('',#2147,#2148,#2149);
#2147 = CARTESIAN_POINT('',(209.49999974093,-113.7382995285,18.));
#2148 = DIRECTION('',(-0.,0.,1.));
#2149 = DIRECTION('',(0.866025338112,-0.500000113749,0.));
#2150 = ORIENTED_EDGE('',*,*,#2074,.T.);
#2151 = ORIENTED_EDGE('',*,*,#946,.F.);
#2152 = TOROIDAL_SURFACE('',#2153,4.781250259068,0.5);
#2153 = AXIS2_PLACEMENT_3D('',#2154,#2155,#2156);
#2154 = CARTESIAN_POINT('',(209.49999974093,-113.7382995285,18.));
#2155 = DIRECTION('',(0.,0.,1.));
#2156 = DIRECTION('',(0.866025338112,-0.500000113749,0.));
#2157 = ADVANCED_FACE('',(#2158),#2178,.T.);
#2158 = FACE_BOUND('',#2159,.T.);
#2159 = EDGE_LOOP('',(#2160,#2161,#2170,#2177));
#2160 = ORIENTED_EDGE('',*,*,#2112,.F.);
#2161 = ORIENTED_EDGE('',*,*,#2162,.T.);
#2162 = EDGE_CURVE('',#2113,#2163,#2165,.T.);
#2163 = VERTEX_POINT('',#2164);
#2164 = CARTESIAN_POINT('',(190.675,-82.7000010775,18.));
#2165 = CIRCLE('',#2166,5.281250077504);
#2166 = AXIS2_PLACEMENT_3D('',#2167,#2168,#2169);
#2167 = CARTESIAN_POINT('',(185.39374992249,-82.7000010775,18.));
#2168 = DIRECTION('',(0.,0.,-1.));
#2169 = DIRECTION('',(0.,1.,0.));
#2170 = ORIENTED_EDGE('',*,*,#2171,.T.);
#2171 = EDGE_CURVE('',#2163,#896,#2172,.T.);
#2172 = CIRCLE('',#2173,0.5);
#2173 = AXIS2_PLACEMENT_3D('',#2174,#2175,#2176);
#2174 = CARTESIAN_POINT('',(191.175,-82.7000010775,18.));
#2175 = DIRECTION('',(1.6E-16,1.,0.));
#2176 = DIRECTION('',(1.,-1.6E-16,0.));
#2177 = ORIENTED_EDGE('',*,*,#895,.F.);
#2178 = TOROIDAL_SURFACE('',#2179,5.781250077504,0.5);
#2179 = AXIS2_PLACEMENT_3D('',#2180,#2181,#2182);
#2180 = CARTESIAN_POINT('',(185.39374992249,-82.7000010775,18.));
#2181 = DIRECTION('',(-0.,-0.,-1.));
#2182 = DIRECTION('',(0.,1.,-0.));
#2183 = ADVANCED_FACE('',(#2184),#2203,.T.);
#2184 = FACE_BOUND('',#2185,.F.);
#2185 = EDGE_LOOP('',(#2186,#2195,#2196,#2197));
#2186 = ORIENTED_EDGE('',*,*,#2187,.T.);
#2187 = EDGE_CURVE('',#2188,#930,#2190,.T.);
#2188 = VERTEX_POINT('',#2189);
#2189 = CARTESIAN_POINT('',(209.9633008062,-123.4983369029,18.));
#2190 = CIRCLE('',#2191,0.5);
#2191 = AXIS2_PLACEMENT_3D('',#2192,#2193,#2194);
#2192 = CARTESIAN_POINT('',(209.53028813714,-123.248336846,18.));
#2193 = DIRECTION('',(-0.500000113756,-0.866025338107,0.));
#2194 = DIRECTION('',(0.866025338107,-0.500000113756,0.));
#2195 = ORIENTED_EDGE('',*,*,#938,.T.);
#2196 = ORIENTED_EDGE('',*,*,#2135,.F.);
#2197 = ORIENTED_EDGE('',*,*,#2198,.F.);
#2198 = EDGE_CURVE('',#2188,#2136,#2199,.T.);
#2199 = LINE('',#2200,#2201);
#2200 = CARTESIAN_POINT('',(209.9633008062,-123.4983369029,18.));
#2201 = VECTOR('',#2202,1.);
#2202 = DIRECTION('',(0.500000113748,0.866025338112,0.));
#2203 = CYLINDRICAL_SURFACE('',#2204,0.5);
#2204 = AXIS2_PLACEMENT_3D('',#2205,#2206,#2207);
#2205 = CARTESIAN_POINT('',(209.53028813714,-123.248336846,18.));
#2206 = DIRECTION('',(0.500000113748,0.866025338112,0.));
#2207 = DIRECTION('',(0.866025338112,-0.500000113748,0.));
#2208 = ADVANCED_FACE('',(#2209),#2228,.T.);
#2209 = FACE_BOUND('',#2210,.F.);
#2210 = EDGE_LOOP('',(#2211,#2212,#2213,#2222));
#2211 = ORIENTED_EDGE('',*,*,#2171,.T.);
#2212 = ORIENTED_EDGE('',*,*,#904,.T.);
#2213 = ORIENTED_EDGE('',*,*,#2214,.F.);
#2214 = EDGE_CURVE('',#2215,#905,#2217,.T.);
#2215 = VERTEX_POINT('',#2216);
#2216 = CARTESIAN_POINT('',(190.675,-115.411361749,18.));
#2217 = CIRCLE('',#2218,0.5);
#2218 = AXIS2_PLACEMENT_3D('',#2219,#2220,#2221);
#2219 = CARTESIAN_POINT('',(191.175,-115.411361749,18.));
#2220 = DIRECTION('',(0.,1.,-0.));
#2221 = DIRECTION('',(-1.,0.,0.));
#2222 = ORIENTED_EDGE('',*,*,#2223,.F.);
#2223 = EDGE_CURVE('',#2163,#2215,#2224,.T.);
#2224 = LINE('',#2225,#2226);
#2225 = CARTESIAN_POINT('',(190.675,-82.7000010775,18.));
#2226 = VECTOR('',#2227,1.);
#2227 = DIRECTION('',(0.,-1.,0.));
#2228 = CYLINDRICAL_SURFACE('',#2229,0.5);
#2229 = AXIS2_PLACEMENT_3D('',#2230,#2231,#2232);
#2230 = CARTESIAN_POINT('',(191.175,-82.7000010775,18.));
#2231 = DIRECTION('',(0.,-1.,0.));
#2232 = DIRECTION('',(-1.,0.,0.));
#2233 = ADVANCED_FACE('',(#2234),#2254,.T.);
#2234 = FACE_BOUND('',#2235,.T.);
#2235 = EDGE_LOOP('',(#2236,#2245,#2252,#2253));
#2236 = ORIENTED_EDGE('',*,*,#2237,.F.);
#2237 = EDGE_CURVE('',#2238,#922,#2240,.T.);
#2238 = VERTEX_POINT('',#2239);
#2239 = CARTESIAN_POINT('',(202.74897944015,-125.4314080269,18.));
#2240 = CIRCLE('',#2241,0.5);
#2241 = AXIS2_PLACEMENT_3D('',#2242,#2243,#2244);
#2242 = CARTESIAN_POINT('',(202.99897943478,-124.9983953219,18.));
#2243 = DIRECTION('',(-0.866025409981,0.499999989266,0.));
#2244 = DIRECTION('',(-0.499999989266,-0.866025409981,0.));
#2245 = ORIENTED_EDGE('',*,*,#2246,.T.);
#2246 = EDGE_CURVE('',#2238,#2188,#2247,.T.);
#2247 = CIRCLE('',#2248,5.281250077504);
#2248 = AXIS2_PLACEMENT_3D('',#2249,#2250,#2251);
#2249 = CARTESIAN_POINT('',(205.3896044222,-120.8577112633,18.));
#2250 = DIRECTION('',(0.,0.,1.));
#2251 = DIRECTION('',(-0.499999989264,-0.866025409983,0.));
#2252 = ORIENTED_EDGE('',*,*,#2187,.T.);
#2253 = ORIENTED_EDGE('',*,*,#929,.F.);
#2254 = TOROIDAL_SURFACE('',#2255,4.781250077504,0.5);
#2255 = AXIS2_PLACEMENT_3D('',#2256,#2257,#2258);
#2256 = CARTESIAN_POINT('',(205.3896044222,-120.8577112633,18.));
#2257 = DIRECTION('',(0.,0.,1.));
#2258 = DIRECTION('',(-0.499999989264,-0.866025409983,0.));
#2259 = ADVANCED_FACE('',(#2260),#2280,.T.);
#2260 = FACE_BOUND('',#2261,.T.);
#2261 = EDGE_LOOP('',(#2262,#2263,#2272,#2279));
#2262 = ORIENTED_EDGE('',*,*,#2214,.F.);
#2263 = ORIENTED_EDGE('',*,*,#2264,.T.);
#2264 = EDGE_CURVE('',#2215,#2265,#2267,.T.);
#2265 = VERTEX_POINT('',#2266);
#2266 = CARTESIAN_POINT('',(193.31562509543,-119.9850585125,18.));
#2267 = CIRCLE('',#2268,5.281250077504);
#2268 = AXIS2_PLACEMENT_3D('',#2269,#2270,#2271);
#2269 = CARTESIAN_POINT('',(195.9562500775,-115.411361749,18.));
#2270 = DIRECTION('',(0.,0.,1.));
#2271 = DIRECTION('',(-1.,0.,0.));
#2272 = ORIENTED_EDGE('',*,*,#2273,.T.);
#2273 = EDGE_CURVE('',#2265,#913,#2274,.T.);
#2274 = CIRCLE('',#2275,0.5);
#2275 = AXIS2_PLACEMENT_3D('',#2276,#2277,#2278);
#2276 = CARTESIAN_POINT('',(193.56562509007,-119.5520458076,18.));
#2277 = DIRECTION('',(-0.866025409981,0.499999989267,0.));
#2278 = DIRECTION('',(-0.499999989267,-0.866025409981,0.));
#2279 = ORIENTED_EDGE('',*,*,#912,.F.);
#2280 = TOROIDAL_SURFACE('',#2281,4.781250077504,0.5);
#2281 = AXIS2_PLACEMENT_3D('',#2282,#2283,#2284);
#2282 = CARTESIAN_POINT('',(195.9562500775,-115.411361749,18.));
#2283 = DIRECTION('',(0.,0.,1.));
#2284 = DIRECTION('',(-1.,0.,0.));
#2285 = ADVANCED_FACE('',(#2286),#2297,.T.);
#2286 = FACE_BOUND('',#2287,.F.);
#2287 = EDGE_LOOP('',(#2288,#2289,#2290,#2291));
#2288 = ORIENTED_EDGE('',*,*,#2273,.T.);
#2289 = ORIENTED_EDGE('',*,*,#921,.T.);
#2290 = ORIENTED_EDGE('',*,*,#2237,.F.);
#2291 = ORIENTED_EDGE('',*,*,#2292,.F.);
#2292 = EDGE_CURVE('',#2265,#2238,#2293,.T.);
#2293 = LINE('',#2294,#2295);
#2294 = CARTESIAN_POINT('',(193.31562509543,-119.9850585125,18.));
#2295 = VECTOR('',#2296,1.);
#2296 = DIRECTION('',(0.866025409981,-0.499999989266,0.));
#2297 = CYLINDRICAL_SURFACE('',#2298,0.5);
#2298 = AXIS2_PLACEMENT_3D('',#2299,#2300,#2301);
#2299 = CARTESIAN_POINT('',(193.56562509006,-119.5520458076,18.));
#2300 = DIRECTION('',(0.866025409981,-0.499999989266,0.));
#2301 = DIRECTION('',(-0.499999989266,-0.866025409981,0.));
#2302 = ADVANCED_FACE('',(#2303),#2314,.T.);
#2303 = FACE_BOUND('',#2304,.T.);
#2304 = EDGE_LOOP('',(#2305,#2306,#2307,#2313));
#2305 = ORIENTED_EDGE('',*,*,#1029,.T.);
#2306 = ORIENTED_EDGE('',*,*,#2144,.F.);
#2307 = ORIENTED_EDGE('',*,*,#2308,.F.);
#2308 = EDGE_CURVE('',#1741,#2136,#2309,.T.);
#2309 = LINE('',#2310,#2311);
#2310 = CARTESIAN_POINT('',(214.07369628219,-116.3789252588,7.5));
#2311 = VECTOR('',#2312,1.);
#2312 = DIRECTION('',(0.,0.,1.));
#2313 = ORIENTED_EDGE('',*,*,#1789,.T.);
#2314 = CYLINDRICAL_SURFACE('',#2315,5.281250259068);
#2315 = AXIS2_PLACEMENT_3D('',#2316,#2317,#2318);
#2316 = CARTESIAN_POINT('',(209.49999974093,-113.7382995285,7.5));
#2317 = DIRECTION('',(0.,0.,-1.));
#2318 = DIRECTION('',(1.,-1.2E-16,0.));
#2319 = ADVANCED_FACE('',(#2320),#2331,.F.);
#2320 = FACE_BOUND('',#2321,.F.);
#2321 = EDGE_LOOP('',(#2322,#2323,#2324,#2330));
#2322 = ORIENTED_EDGE('',*,*,#1212,.T.);
#2323 = ORIENTED_EDGE('',*,*,#2121,.T.);
#2324 = ORIENTED_EDGE('',*,*,#2325,.F.);
#2325 = EDGE_CURVE('',#1442,#2113,#2326,.T.);
#2326 = LINE('',#2327,#2328);
#2327 = CARTESIAN_POINT('',(185.39374992249,-77.41875099999,7.5));
#2328 = VECTOR('',#2329,1.);
#2329 = DIRECTION('',(0.,0.,1.));
#2330 = ORIENTED_EDGE('',*,*,#1450,.F.);
#2331 = PLANE('',#2332);
#2332 = AXIS2_PLACEMENT_3D('',#2333,#2334,#2335);
#2333 = CARTESIAN_POINT('',(176.9062500775,-77.41875099999,7.5));
#2334 = DIRECTION('',(0.,1.,0.));
#2335 = DIRECTION('',(1.,0.,0.));
#2336 = ADVANCED_FACE('',(#2337),#2360,.F.);
#2337 = FACE_BOUND('',#2338,.F.);
#2338 = EDGE_LOOP('',(#2339,#2340,#2341,#2342,#2343,#2344,#2345,#2346,
    #2347,#2348,#2349,#2350,#2351,#2352,#2353,#2354,#2355,#2356,#2357,
    #2358,#2359));
#2339 = ORIENTED_EDGE('',*,*,#1906,.F.);
#2340 = ORIENTED_EDGE('',*,*,#1935,.T.);
#2341 = ORIENTED_EDGE('',*,*,#1967,.F.);
#2342 = ORIENTED_EDGE('',*,*,#2008,.T.);
#2343 = ORIENTED_EDGE('',*,*,#1991,.T.);
#2344 = ORIENTED_EDGE('',*,*,#1262,.T.);
#2345 = ORIENTED_EDGE('',*,*,#1308,.F.);
#2346 = ORIENTED_EDGE('',*,*,#1333,.T.);
#2347 = ORIENTED_EDGE('',*,*,#1357,.F.);
#2348 = ORIENTED_EDGE('',*,*,#1382,.T.);
#2349 = ORIENTED_EDGE('',*,*,#1422,.T.);
#2350 = ORIENTED_EDGE('',*,*,#1474,.T.);
#2351 = ORIENTED_EDGE('',*,*,#1524,.F.);
#2352 = ORIENTED_EDGE('',*,*,#1574,.T.);
#2353 = ORIENTED_EDGE('',*,*,#1624,.F.);
#2354 = ORIENTED_EDGE('',*,*,#1674,.T.);
#2355 = ORIENTED_EDGE('',*,*,#1723,.F.);
#2356 = ORIENTED_EDGE('',*,*,#1772,.T.);
#2357 = ORIENTED_EDGE('',*,*,#1821,.F.);
#2358 = ORIENTED_EDGE('',*,*,#1856,.F.);
#2359 = ORIENTED_EDGE('',*,*,#1881,.F.);
#2360 = PLANE('',#2361);
#2361 = AXIS2_PLACEMENT_3D('',#2362,#2363,#2364);
#2362 = CARTESIAN_POINT('',(196.68711702966,-74.08626549333,16.5));
#2363 = DIRECTION('',(0.,0.,1.));
#2364 = DIRECTION('',(1.,0.,0.));
#2365 = ADVANCED_FACE('',(#2366),#2377,.F.);
#2366 = FACE_BOUND('',#2367,.T.);
#2367 = EDGE_LOOP('',(#2368,#2374,#2375,#2376));
#2368 = ORIENTED_EDGE('',*,*,#2369,.T.);
#2369 = EDGE_CURVE('',#1490,#2163,#2370,.T.);
#2370 = LINE('',#2371,#2372);
#2371 = CARTESIAN_POINT('',(190.675,-82.7000010775,7.5));
#2372 = VECTOR('',#2373,1.);
#2373 = DIRECTION('',(0.,0.,1.));
#2374 = ORIENTED_EDGE('',*,*,#2162,.F.);
#2375 = ORIENTED_EDGE('',*,*,#2325,.F.);
#2376 = ORIENTED_EDGE('',*,*,#1489,.T.);
#2377 = CYLINDRICAL_SURFACE('',#2378,5.281250077504);
#2378 = AXIS2_PLACEMENT_3D('',#2379,#2380,#2381);
#2379 = CARTESIAN_POINT('',(185.39374992249,-82.7000010775,7.5));
#2380 = DIRECTION('',(-0.,-0.,-1.));
#2381 = DIRECTION('',(1.,0.,0.));
#2382 = ADVANCED_FACE('',(#2383),#2394,.F.);
#2383 = FACE_BOUND('',#2384,.F.);
#2384 = EDGE_LOOP('',(#2385,#2386,#2387,#2393));
#2385 = ORIENTED_EDGE('',*,*,#2369,.T.);
#2386 = ORIENTED_EDGE('',*,*,#2223,.T.);
#2387 = ORIENTED_EDGE('',*,*,#2388,.F.);
#2388 = EDGE_CURVE('',#1542,#2215,#2389,.T.);
#2389 = LINE('',#2390,#2391);
#2390 = CARTESIAN_POINT('',(190.675,-115.411361749,7.5));
#2391 = VECTOR('',#2392,1.);
#2392 = DIRECTION('',(0.,0.,1.));
#2393 = ORIENTED_EDGE('',*,*,#1550,.F.);
#2394 = PLANE('',#2395);
#2395 = AXIS2_PLACEMENT_3D('',#2396,#2397,#2398);
#2396 = CARTESIAN_POINT('',(190.675,-82.7000010775,7.5));
#2397 = DIRECTION('',(1.,0.,0.));
#2398 = DIRECTION('',(0.,-1.,0.));
#2399 = ADVANCED_FACE('',(#2400),#2411,.T.);
#2400 = FACE_BOUND('',#2401,.F.);
#2401 = EDGE_LOOP('',(#2402,#2403,#2404,#2410));
#2402 = ORIENTED_EDGE('',*,*,#2388,.T.);
#2403 = ORIENTED_EDGE('',*,*,#2264,.T.);
#2404 = ORIENTED_EDGE('',*,*,#2405,.F.);
#2405 = EDGE_CURVE('',#1590,#2265,#2406,.T.);
#2406 = LINE('',#2407,#2408);
#2407 = CARTESIAN_POINT('',(193.31562509543,-119.9850585125,7.5));
#2408 = VECTOR('',#2409,1.);
#2409 = DIRECTION('',(0.,0.,1.));
#2410 = ORIENTED_EDGE('',*,*,#1589,.F.);
#2411 = CYLINDRICAL_SURFACE('',#2412,5.281250077504);
#2412 = AXIS2_PLACEMENT_3D('',#2413,#2414,#2415);
#2413 = CARTESIAN_POINT('',(195.9562500775,-115.411361749,7.5));
#2414 = DIRECTION('',(-0.,-0.,-1.));
#2415 = DIRECTION('',(1.,0.,0.));
#2416 = ADVANCED_FACE('',(#2417),#2428,.F.);
#2417 = FACE_BOUND('',#2418,.F.);
#2418 = EDGE_LOOP('',(#2419,#2420,#2421,#2427));
#2419 = ORIENTED_EDGE('',*,*,#2405,.T.);
#2420 = ORIENTED_EDGE('',*,*,#2292,.T.);
#2421 = ORIENTED_EDGE('',*,*,#2422,.F.);
#2422 = EDGE_CURVE('',#1642,#2238,#2423,.T.);
#2423 = LINE('',#2424,#2425);
#2424 = CARTESIAN_POINT('',(202.74897944015,-125.4314080269,7.5));
#2425 = VECTOR('',#2426,1.);
#2426 = DIRECTION('',(0.,0.,1.));
#2427 = ORIENTED_EDGE('',*,*,#1650,.F.);
#2428 = PLANE('',#2429);
#2429 = AXIS2_PLACEMENT_3D('',#2430,#2431,#2432);
#2430 = CARTESIAN_POINT('',(193.31562509543,-119.9850585125,7.5));
#2431 = DIRECTION('',(0.499999989266,0.866025409981,0.));
#2432 = DIRECTION('',(0.866025409981,-0.499999989266,0.));
#2433 = ADVANCED_FACE('',(#2434),#2445,.T.);
#2434 = FACE_BOUND('',#2435,.F.);
#2435 = EDGE_LOOP('',(#2436,#2437,#2438,#2444));
#2436 = ORIENTED_EDGE('',*,*,#2422,.T.);
#2437 = ORIENTED_EDGE('',*,*,#2246,.T.);
#2438 = ORIENTED_EDGE('',*,*,#2439,.F.);
#2439 = EDGE_CURVE('',#1690,#2188,#2440,.T.);
#2440 = LINE('',#2441,#2442);
#2441 = CARTESIAN_POINT('',(209.9633008062,-123.4983369029,7.5));
#2442 = VECTOR('',#2443,1.);
#2443 = DIRECTION('',(0.,0.,1.));
#2444 = ORIENTED_EDGE('',*,*,#1689,.F.);
#2445 = CYLINDRICAL_SURFACE('',#2446,5.281250077504);
#2446 = AXIS2_PLACEMENT_3D('',#2447,#2448,#2449);
#2447 = CARTESIAN_POINT('',(205.3896044222,-120.8577112633,7.5));
#2448 = DIRECTION('',(-0.,-0.,-1.));
#2449 = DIRECTION('',(1.,0.,0.));
#2450 = ADVANCED_FACE('',(#2451),#2457,.F.);
#2451 = FACE_BOUND('',#2452,.F.);
#2452 = EDGE_LOOP('',(#2453,#2454,#2455,#2456));
#2453 = ORIENTED_EDGE('',*,*,#2439,.T.);
#2454 = ORIENTED_EDGE('',*,*,#2198,.T.);
#2455 = ORIENTED_EDGE('',*,*,#2308,.F.);
#2456 = ORIENTED_EDGE('',*,*,#1749,.F.);
#2457 = PLANE('',#2458);
#2458 = AXIS2_PLACEMENT_3D('',#2459,#2460,#2461);
#2459 = CARTESIAN_POINT('',(209.9633008062,-123.4983369029,7.5));
#2460 = DIRECTION('',(-0.866025338112,0.500000113748,0.));
#2461 = DIRECTION('',(0.500000113748,0.866025338112,0.));
#2462 = ADVANCED_FACE('',(#2463),#2466,.F.);
#2463 = FACE_BOUND('',#2464,.F.);
#2464 = EDGE_LOOP('',(#2465));
#2465 = ORIENTED_EDGE('',*,*,#2034,.F.);
#2466 = PLANE('',#2467);
#2467 = AXIS2_PLACEMENT_3D('',#2468,#2469,#2470);
#2468 = CARTESIAN_POINT('',(196.68711702966,-74.08626549333,16.5));
#2469 = DIRECTION('',(0.,0.,1.));
#2470 = DIRECTION('',(1.,0.,0.));
#2471 = ADVANCED_FACE('',(#2472),#2475,.F.);
#2472 = FACE_BOUND('',#2473,.F.);
#2473 = EDGE_LOOP('',(#2474));
#2474 = ORIENTED_EDGE('',*,*,#2059,.F.);
#2475 = PLANE('',#2476);
#2476 = AXIS2_PLACEMENT_3D('',#2477,#2478,#2479);
#2477 = CARTESIAN_POINT('',(196.68711702966,-74.08626549333,16.5));
#2478 = DIRECTION('',(0.,0.,1.));
#2479 = DIRECTION('',(1.,0.,0.));
#2480 = ( GEOMETRIC_REPRESENTATION_CONTEXT(3) 
GLOBAL_UNCERTAINTY_ASSIGNED_CONTEXT((#2484)) 
GLOBAL_UNIT_ASSIGNED_CONTEXT((#2481,#2482,#2483)) REPRESENTATION_CONTEXT
('Context #1','3D Context with UNIT and UNCERTAINTY') );
#2481 = ( LENGTH_UNIT() NAMED_UNIT(*) SI_UNIT(.MILLI.,.METRE.) );
#2482 = ( NAMED_UNIT(*) PLANE_ANGLE_UNIT() SI_UNIT($,.RADIAN.) );
#2483 = ( NAMED_UNIT(*) SI_UNIT($,.STERADIAN.) SOLID_ANGLE_UNIT() );
#2484 = UNCERTAINTY_MEASURE_WITH_UNIT(LENGTH_MEASURE(2.E-05),#2481,
  'distance_accuracy_value','confusion accuracy');
#2485 = PRODUCT_RELATED_PRODUCT_CATEGORY('part',$,(#7));
#2486 = MECHANICAL_DESIGN_GEOMETRIC_PRESENTATION_REPRESENTATION('',(
    #2487),#2480);
#2487 = STYLED_ITEM('color',(#2488),#15);
#2488 = PRESENTATION_STYLE_ASSIGNMENT((#2489,#2495));
#2489 = SURFACE_STYLE_USAGE(.BOTH.,#2490);
#2490 = SURFACE_SIDE_STYLE('',(#2491));
#2491 = SURFACE_STYLE_FILL_AREA(#2492);
#2492 = FILL_AREA_STYLE('',(#2493));
#2493 = FILL_AREA_STYLE_COLOUR('',#2494);
#2494 = COLOUR_RGB('',0.800000010877,0.800000010877,0.901960800373);
#2495 = CURVE_STYLE('',#2496,POSITIVE_LENGTH_MEASURE(0.1),#2497);
#2496 = DRAUGHTING_PRE_DEFINED_CURVE_FONT('continuous');
#2497 = COLOUR_RGB('',9.803921802644E-02,9.803921802644E-02,
  9.803921802644E-02);
ENDSEC;
END-ISO-10303-21;
