ISO-10303-21;
HEADER;
FILE_DESCRIPTION(('FreeCAD Model'),'2;1');
FILE_NAME('Open CASCADE Shape Model','2026-06-08T16:04:38',(''),(''),
  'Open CASCADE STEP processor 7.8','FreeCAD','Unknown');
FILE_SCHEMA(('AUTOMOTIVE_DESIGN { 1 0 10303 214 1 1 1 1 }'));
ENDSEC;
DATA;
#1 = APPLICATION_PROTOCOL_DEFINITION('international standard',
  'automotive_design',2000,#2);
#2 = APPLICATION_CONTEXT(
  'core data for automotive mechanical design processes');
#3 = SHAPE_DEFINITION_REPRESENTATION(#4,#10);
#4 = PRODUCT_DEFINITION_SHAPE('','',#5);
#5 = PRODUCT_DEFINITION('design','',#6,#9);
#6 = PRODUCT_DEFINITION_FORMATION('','',#7);
#7 = PRODUCT('MainBody','MainBody','',(#8));
#8 = PRODUCT_CONTEXT('',#2,'mechanical');
#9 = PRODUCT_DEFINITION_CONTEXT('part definition',#2,'design');
#10 = ADVANCED_BREP_SHAPE_REPRESENTATION('',(#11,#15),#5821);
#11 = AXIS2_PLACEMENT_3D('',#12,#13,#14);
#12 = CARTESIAN_POINT('',(0.,0.,0.));
#13 = DIRECTION('',(0.,0.,1.));
#14 = DIRECTION('',(1.,0.,-0.));
#15 = MANIFOLD_SOLID_BREP('',#16);
#16 = CLOSED_SHELL('',(#17,#211,#242,#267,#292,#316,#340,#365,#390,#407,
    #869,#894,#918,#942,#1504,#1529,#1553,#1577,#1601,#1626,#1649,#1673,
    #1691,#1722,#1747,#1772,#1796,#1820,#1845,#1870,#1887,#1920,#1937,
    #1963,#1980,#2005,#2044,#2070,#2095,#2120,#2167,#2193,#2216,#2241,
    #2280,#2306,#2323,#2348,#2365,#2391,#2408,#2433,#2450,#2476,#2493,
    #2519,#2536,#2562,#2604,#2630,#2656,#2673,#2699,#2716,#2741,#2758,
    #2783,#2800,#2826,#2887,#2912,#2929,#2955,#2972,#2997,#3014,#3026,
    #3050,#3074,#3091,#3116,#3140,#3164,#3181,#3205,#3229,#3246,#3270,
    #3294,#3311,#3335,#3359,#3376,#3393,#3405,#3429,#3453,#3470,#3494,
    #3518,#3535,#3559,#3583,#3600,#3632,#3656,#3680,#3698,#3723,#3748,
    #3780,#3804,#3828,#3846,#3878,#3902,#3926,#3944,#3969,#3995,#4020,
    #4046,#4069,#4080,#4111,#4136,#4161,#4185,#4209,#4234,#4259,#4276,
    #4323,#4348,#4372,#4681,#4706,#4730,#4742,#4754,#4779,#4803,#4828,
    #4852,#4877,#4901,#4926,#4951,#4976,#4988,#5013,#5038,#5063,#5096,
    #5121,#5145,#5163,#5183,#5203,#5226,#5246,#5266,#5289,#5312,#5332,
    #5354,#5371,#5388,#5405,#5422,#5439,#5456,#5473,#5492,#5509,#5526,
    #5543,#5560,#5577,#5594,#5611,#5628,#5645,#5662,#5679,#5691,#5707,
    #5723,#5739,#5756,#5772,#5788,#5805));
#17 = ADVANCED_FACE('',(#18,#88),#206,.F.);
#18 = FACE_BOUND('',#19,.F.);
#19 = EDGE_LOOP('',(#20,#30,#39,#47,#56,#64,#73,#81));
#20 = ORIENTED_EDGE('',*,*,#21,.F.);
#21 = EDGE_CURVE('',#22,#24,#26,.T.);
#22 = VERTEX_POINT('',#23);
#23 = CARTESIAN_POINT('',(154.8,-34.62129799999,3.525));
#24 = VERTEX_POINT('',#25);
#25 = CARTESIAN_POINT('',(161.3,-34.62129799999,3.525));
#26 = LINE('',#27,#28);
#27 = CARTESIAN_POINT('',(154.8,-34.62129799999,3.525));
#28 = VECTOR('',#29,1.);
#29 = DIRECTION('',(1.,-6.8E-16,0.));
#30 = ORIENTED_EDGE('',*,*,#31,.F.);
#31 = EDGE_CURVE('',#32,#22,#34,.T.);
#32 = VERTEX_POINT('',#33);
#33 = CARTESIAN_POINT('',(154.15,-34.62129799999,2.875));
#34 = CIRCLE('',#35,0.65);
#35 = AXIS2_PLACEMENT_3D('',#36,#37,#38);
#36 = CARTESIAN_POINT('',(154.8,-34.62129799999,2.875));
#37 = DIRECTION('',(6.8E-16,1.,-0.));
#38 = DIRECTION('',(-1.,6.8E-16,0.));
#39 = ORIENTED_EDGE('',*,*,#40,.F.);
#40 = EDGE_CURVE('',#41,#32,#43,.T.);
#41 = VERTEX_POINT('',#42);
#42 = CARTESIAN_POINT('',(154.15,-34.62129799999,1.645));
#43 = LINE('',#44,#45);
#44 = CARTESIAN_POINT('',(154.15,-34.62129799999,1.645));
#45 = VECTOR('',#46,1.);
#46 = DIRECTION('',(0.,0.,1.));
#47 = ORIENTED_EDGE('',*,*,#48,.F.);
#48 = EDGE_CURVE('',#49,#41,#51,.T.);
#49 = VERTEX_POINT('',#50);
#50 = CARTESIAN_POINT('',(154.8,-34.62129799999,0.995));
#51 = CIRCLE('',#52,0.65);
#52 = AXIS2_PLACEMENT_3D('',#53,#54,#55);
#53 = CARTESIAN_POINT('',(154.8,-34.62129799999,1.645));
#54 = DIRECTION('',(6.8E-16,1.,0.));
#55 = DIRECTION('',(0.,0.,-1.));
#56 = ORIENTED_EDGE('',*,*,#57,.F.);
#57 = EDGE_CURVE('',#58,#49,#60,.T.);
#58 = VERTEX_POINT('',#59);
#59 = CARTESIAN_POINT('',(161.3,-34.62129799999,0.995));
#60 = LINE('',#61,#62);
#61 = CARTESIAN_POINT('',(161.3,-34.62129799999,0.995));
#62 = VECTOR('',#63,1.);
#63 = DIRECTION('',(-1.,6.8E-16,0.));
#64 = ORIENTED_EDGE('',*,*,#65,.F.);
#65 = EDGE_CURVE('',#66,#58,#68,.T.);
#66 = VERTEX_POINT('',#67);
#67 = CARTESIAN_POINT('',(161.95,-34.62129799999,1.645));
#68 = CIRCLE('',#69,0.65);
#69 = AXIS2_PLACEMENT_3D('',#70,#71,#72);
#70 = CARTESIAN_POINT('',(161.3,-34.62129799999,1.645));
#71 = DIRECTION('',(6.8E-16,1.,0.));
#72 = DIRECTION('',(1.,-6.8E-16,0.));
#73 = ORIENTED_EDGE('',*,*,#74,.F.);
#74 = EDGE_CURVE('',#75,#66,#77,.T.);
#75 = VERTEX_POINT('',#76);
#76 = CARTESIAN_POINT('',(161.95,-34.62129799999,2.875));
#77 = LINE('',#78,#79);
#78 = CARTESIAN_POINT('',(161.95,-34.62129799999,2.875));
#79 = VECTOR('',#80,1.);
#80 = DIRECTION('',(0.,0.,-1.));
#81 = ORIENTED_EDGE('',*,*,#82,.F.);
#82 = EDGE_CURVE('',#24,#75,#83,.T.);
#83 = CIRCLE('',#84,0.65);
#84 = AXIS2_PLACEMENT_3D('',#85,#86,#87);
#85 = CARTESIAN_POINT('',(161.3,-34.62129799999,2.875));
#86 = DIRECTION('',(6.8E-16,1.,0.));
#87 = DIRECTION('',(-0.,0.,1.));
#88 = FACE_BOUND('',#89,.F.);
#89 = EDGE_LOOP('',(#90,#100,#108,#116,#124,#132,#140,#148,#157,#165,
    #174,#182,#191,#199));
#90 = ORIENTED_EDGE('',*,*,#91,.T.);
#91 = EDGE_CURVE('',#92,#94,#96,.T.);
#92 = VERTEX_POINT('',#93);
#93 = CARTESIAN_POINT('',(188.50274017201,-34.62129799999,7.5));
#94 = VERTEX_POINT('',#95);
#95 = CARTESIAN_POINT('',(200.78125,-34.62129799999,7.5));
#96 = LINE('',#97,#98);
#97 = CARTESIAN_POINT('',(94.078044370398,-34.62129799999,7.5));
#98 = VECTOR('',#99,1.);
#99 = DIRECTION('',(1.,-6.8E-16,0.));
#100 = ORIENTED_EDGE('',*,*,#101,.F.);
#101 = EDGE_CURVE('',#102,#94,#104,.T.);
#102 = VERTEX_POINT('',#103);
#103 = CARTESIAN_POINT('',(200.78125,-34.62129799999,-2.5));
#104 = LINE('',#105,#106);
#105 = CARTESIAN_POINT('',(200.78125,-34.62129799999,-4.));
#106 = VECTOR('',#107,1.);
#107 = DIRECTION('',(0.,0.,1.));
#108 = ORIENTED_EDGE('',*,*,#109,.F.);
#109 = EDGE_CURVE('',#110,#102,#112,.T.);
#110 = VERTEX_POINT('',#111);
#111 = CARTESIAN_POINT('',(104.07804437039,-34.62129799999,-2.5));
#112 = LINE('',#113,#114);
#113 = CARTESIAN_POINT('',(94.078044370398,-34.62129799999,-2.5));
#114 = VECTOR('',#115,1.);
#115 = DIRECTION('',(1.,-6.8E-16,0.));
#116 = ORIENTED_EDGE('',*,*,#117,.T.);
#117 = EDGE_CURVE('',#110,#118,#120,.T.);
#118 = VERTEX_POINT('',#119);
#119 = CARTESIAN_POINT('',(104.07804437039,-34.62129799999,
    3.996802888651E-15));
#120 = LINE('',#121,#122);
#121 = CARTESIAN_POINT('',(104.07804437039,-34.62129799999,-2.5));
#122 = VECTOR('',#123,1.);
#123 = DIRECTION('',(0.,0.,1.));
#124 = ORIENTED_EDGE('',*,*,#125,.T.);
#125 = EDGE_CURVE('',#118,#126,#128,.T.);
#126 = VERTEX_POINT('',#127);
#127 = CARTESIAN_POINT('',(94.078044370398,-34.62129799999,
    3.996802888651E-15));
#128 = LINE('',#129,#130);
#129 = CARTESIAN_POINT('',(104.07804437039,-34.62129799999,
    4.440892098501E-15));
#130 = VECTOR('',#131,1.);
#131 = DIRECTION('',(-1.,0.,-0.));
#132 = ORIENTED_EDGE('',*,*,#133,.T.);
#133 = EDGE_CURVE('',#126,#134,#136,.T.);
#134 = VERTEX_POINT('',#135);
#135 = CARTESIAN_POINT('',(94.078044370398,-34.62129799999,7.5));
#136 = LINE('',#137,#138);
#137 = CARTESIAN_POINT('',(94.078044370398,-34.62129799999,-4.));
#138 = VECTOR('',#139,1.);
#139 = DIRECTION('',(0.,0.,1.));
#140 = ORIENTED_EDGE('',*,*,#141,.T.);
#141 = EDGE_CURVE('',#134,#142,#144,.T.);
#142 = VERTEX_POINT('',#143);
#143 = CARTESIAN_POINT('',(177.24472045898,-34.62129799999,7.5));
#144 = LINE('',#145,#146);
#145 = CARTESIAN_POINT('',(94.078044370398,-34.62129799999,7.5));
#146 = VECTOR('',#147,1.);
#147 = DIRECTION('',(1.,-6.8E-16,0.));
#148 = ORIENTED_EDGE('',*,*,#149,.T.);
#149 = EDGE_CURVE('',#142,#150,#152,.T.);
#150 = VERTEX_POINT('',#151);
#151 = CARTESIAN_POINT('',(177.74472045898,-34.62129799999,7.));
#152 = CIRCLE('',#153,0.5);
#153 = AXIS2_PLACEMENT_3D('',#154,#155,#156);
#154 = CARTESIAN_POINT('',(177.24472045898,-34.62129799999,7.));
#155 = DIRECTION('',(0.,1.,-1.2E-16));
#156 = DIRECTION('',(0.,1.2E-16,1.));
#157 = ORIENTED_EDGE('',*,*,#158,.T.);
#158 = EDGE_CURVE('',#150,#159,#161,.T.);
#159 = VERTEX_POINT('',#160);
#160 = CARTESIAN_POINT('',(177.74472045898,-34.62129799999,3.357291999)
  );
#161 = LINE('',#162,#163);
#162 = CARTESIAN_POINT('',(177.74472045898,-34.62129799999,3.010369302)
  );
#163 = VECTOR('',#164,1.);
#164 = DIRECTION('',(0.,0.,-1.));
#165 = ORIENTED_EDGE('',*,*,#166,.F.);
#166 = EDGE_CURVE('',#167,#159,#169,.T.);
#167 = VERTEX_POINT('',#168);
#168 = CARTESIAN_POINT('',(179.404015301,-34.62129799999,1.697997156984)
  );
#169 = CIRCLE('',#170,1.659294842016);
#170 = AXIS2_PLACEMENT_3D('',#171,#172,#173);
#171 = CARTESIAN_POINT('',(179.404015301,-34.62129799999,3.357291999));
#172 = DIRECTION('',(0.,1.,-0.));
#173 = DIRECTION('',(-1.,0.,0.));
#174 = ORIENTED_EDGE('',*,*,#175,.F.);
#175 = EDGE_CURVE('',#176,#167,#178,.T.);
#176 = VERTEX_POINT('',#177);
#177 = CARTESIAN_POINT('',(186.34344533,-34.62129799999,1.697997156984)
  );
#178 = LINE('',#179,#180);
#179 = CARTESIAN_POINT('',(140.21074485019,-34.62129799999,
    1.697997156984));
#180 = VECTOR('',#181,1.);
#181 = DIRECTION('',(-1.,6.8E-16,0.));
#182 = ORIENTED_EDGE('',*,*,#183,.F.);
#183 = EDGE_CURVE('',#184,#176,#186,.T.);
#184 = VERTEX_POINT('',#185);
#185 = CARTESIAN_POINT('',(188.00274017201,-34.62129799999,3.357291999)
  );
#186 = CIRCLE('',#187,1.659294842016);
#187 = AXIS2_PLACEMENT_3D('',#188,#189,#190);
#188 = CARTESIAN_POINT('',(186.34344533,-34.62129799999,3.357291999));
#189 = DIRECTION('',(0.,1.,-0.));
#190 = DIRECTION('',(-1.,0.,0.));
#191 = ORIENTED_EDGE('',*,*,#192,.T.);
#192 = EDGE_CURVE('',#184,#193,#195,.T.);
#193 = VERTEX_POINT('',#194);
#194 = CARTESIAN_POINT('',(188.00274017201,-34.62129799999,7.));
#195 = LINE('',#196,#197);
#196 = CARTESIAN_POINT('',(188.00274017201,-34.62129799999,-0.3213540005
    ));
#197 = VECTOR('',#198,1.);
#198 = DIRECTION('',(0.,0.,1.));
#199 = ORIENTED_EDGE('',*,*,#200,.F.);
#200 = EDGE_CURVE('',#92,#193,#201,.T.);
#201 = CIRCLE('',#202,0.5);
#202 = AXIS2_PLACEMENT_3D('',#203,#204,#205);
#203 = CARTESIAN_POINT('',(188.50274017201,-34.62129799999,7.));
#204 = DIRECTION('',(0.,-1.,1.2E-16));
#205 = DIRECTION('',(0.,-1.2E-16,-1.));
#206 = PLANE('',#207);
#207 = AXIS2_PLACEMENT_3D('',#208,#209,#210);
#208 = CARTESIAN_POINT('',(94.078044370398,-34.62129799999,-4.));
#209 = DIRECTION('',(6.8E-16,1.,0.));
#210 = DIRECTION('',(1.,-6.8E-16,0.));
#211 = ADVANCED_FACE('',(#212),#237,.T.);
#212 = FACE_BOUND('',#213,.F.);
#213 = EDGE_LOOP('',(#214,#222,#223,#231));
#214 = ORIENTED_EDGE('',*,*,#215,.F.);
#215 = EDGE_CURVE('',#22,#216,#218,.T.);
#216 = VERTEX_POINT('',#217);
#217 = CARTESIAN_POINT('',(154.8,-34.37129799999,3.275));
#218 = LINE('',#219,#220);
#219 = CARTESIAN_POINT('',(154.8,-34.49629799999,3.4));
#220 = VECTOR('',#221,1.);
#221 = DIRECTION('',(4.8E-16,0.707106781187,-0.707106781187));
#222 = ORIENTED_EDGE('',*,*,#21,.T.);
#223 = ORIENTED_EDGE('',*,*,#224,.T.);
#224 = EDGE_CURVE('',#24,#225,#227,.T.);
#225 = VERTEX_POINT('',#226);
#226 = CARTESIAN_POINT('',(161.3,-34.37129799999,3.275));
#227 = LINE('',#228,#229);
#228 = CARTESIAN_POINT('',(161.3,-34.49629799999,3.4));
#229 = VECTOR('',#230,1.);
#230 = DIRECTION('',(4.8E-16,0.707106781187,-0.707106781187));
#231 = ORIENTED_EDGE('',*,*,#232,.F.);
#232 = EDGE_CURVE('',#216,#225,#233,.T.);
#233 = LINE('',#234,#235);
#234 = CARTESIAN_POINT('',(154.8,-34.37129799999,3.275));
#235 = VECTOR('',#236,1.);
#236 = DIRECTION('',(1.,-6.8E-16,0.));
#237 = PLANE('',#238);
#238 = AXIS2_PLACEMENT_3D('',#239,#240,#241);
#239 = CARTESIAN_POINT('',(154.8,-34.49629799999,3.4));
#240 = DIRECTION('',(-5.E-16,-0.707106781187,-0.707106781187));
#241 = DIRECTION('',(-1.,6.935533905933E-16,1.355339059327E-17));
#242 = ADVANCED_FACE('',(#243),#262,.F.);
#243 = FACE_BOUND('',#244,.F.);
#244 = EDGE_LOOP('',(#245,#253,#254,#255));
#245 = ORIENTED_EDGE('',*,*,#246,.F.);
#246 = EDGE_CURVE('',#32,#247,#249,.T.);
#247 = VERTEX_POINT('',#248);
#248 = CARTESIAN_POINT('',(154.4,-34.37129799999,2.875));
#249 = LINE('',#250,#251);
#250 = CARTESIAN_POINT('',(154.275,-34.49629799999,2.875));
#251 = VECTOR('',#252,1.);
#252 = DIRECTION('',(0.707106781187,0.707106781187,-0.));
#253 = ORIENTED_EDGE('',*,*,#31,.T.);
#254 = ORIENTED_EDGE('',*,*,#215,.T.);
#255 = ORIENTED_EDGE('',*,*,#256,.F.);
#256 = EDGE_CURVE('',#247,#216,#257,.T.);
#257 = CIRCLE('',#258,0.4);
#258 = AXIS2_PLACEMENT_3D('',#259,#260,#261);
#259 = CARTESIAN_POINT('',(154.8,-34.37129799999,2.875));
#260 = DIRECTION('',(6.8E-16,1.,-0.));
#261 = DIRECTION('',(-1.,6.8E-16,0.));
#262 = CONICAL_SURFACE('',#263,0.4,0.785398163397);
#263 = AXIS2_PLACEMENT_3D('',#264,#265,#266);
#264 = CARTESIAN_POINT('',(154.8,-34.37129799999,2.875));
#265 = DIRECTION('',(-6.8E-16,-1.,-0.));
#266 = DIRECTION('',(-1.,6.8E-16,0.));
#267 = ADVANCED_FACE('',(#268),#287,.F.);
#268 = FACE_BOUND('',#269,.F.);
#269 = EDGE_LOOP('',(#270,#271,#272,#280));
#270 = ORIENTED_EDGE('',*,*,#224,.F.);
#271 = ORIENTED_EDGE('',*,*,#82,.T.);
#272 = ORIENTED_EDGE('',*,*,#273,.T.);
#273 = EDGE_CURVE('',#75,#274,#276,.T.);
#274 = VERTEX_POINT('',#275);
#275 = CARTESIAN_POINT('',(161.7,-34.37129799999,2.875));
#276 = LINE('',#277,#278);
#277 = CARTESIAN_POINT('',(161.7,-34.37129799999,2.875));
#278 = VECTOR('',#279,1.);
#279 = DIRECTION('',(-0.707106781187,0.707106781187,-4.E-17));
#280 = ORIENTED_EDGE('',*,*,#281,.F.);
#281 = EDGE_CURVE('',#225,#274,#282,.T.);
#282 = CIRCLE('',#283,0.4);
#283 = AXIS2_PLACEMENT_3D('',#284,#285,#286);
#284 = CARTESIAN_POINT('',(161.3,-34.37129799999,2.875));
#285 = DIRECTION('',(6.8E-16,1.,0.));
#286 = DIRECTION('',(-0.,0.,1.));
#287 = CONICAL_SURFACE('',#288,0.4,0.785398163397);
#288 = AXIS2_PLACEMENT_3D('',#289,#290,#291);
#289 = CARTESIAN_POINT('',(161.3,-34.37129799999,2.875));
#290 = DIRECTION('',(-6.8E-16,-1.,-0.));
#291 = DIRECTION('',(-0.,0.,1.));
#292 = ADVANCED_FACE('',(#293),#311,.T.);
#293 = FACE_BOUND('',#294,.F.);
#294 = EDGE_LOOP('',(#295,#303,#304,#305));
#295 = ORIENTED_EDGE('',*,*,#296,.F.);
#296 = EDGE_CURVE('',#41,#297,#299,.T.);
#297 = VERTEX_POINT('',#298);
#298 = CARTESIAN_POINT('',(154.4,-34.37129799999,1.645));
#299 = LINE('',#300,#301);
#300 = CARTESIAN_POINT('',(154.4,-34.37129799999,1.645));
#301 = VECTOR('',#302,1.);
#302 = DIRECTION('',(0.707106781187,0.707106781187,4.E-17));
#303 = ORIENTED_EDGE('',*,*,#40,.T.);
#304 = ORIENTED_EDGE('',*,*,#246,.T.);
#305 = ORIENTED_EDGE('',*,*,#306,.F.);
#306 = EDGE_CURVE('',#297,#247,#307,.T.);
#307 = LINE('',#308,#309);
#308 = CARTESIAN_POINT('',(154.4,-34.37129799999,1.645));
#309 = VECTOR('',#310,1.);
#310 = DIRECTION('',(0.,0.,1.));
#311 = PLANE('',#312);
#312 = AXIS2_PLACEMENT_3D('',#313,#314,#315);
#313 = CARTESIAN_POINT('',(154.275,-34.49629799999,1.645));
#314 = DIRECTION('',(0.707106781187,-0.707106781187,9.E-17));
#315 = DIRECTION('',(6.363961030679E-17,-6.363961030679E-17,-1.));
#316 = ADVANCED_FACE('',(#317),#335,.T.);
#317 = FACE_BOUND('',#318,.F.);
#318 = EDGE_LOOP('',(#319,#320,#321,#329));
#319 = ORIENTED_EDGE('',*,*,#273,.F.);
#320 = ORIENTED_EDGE('',*,*,#74,.T.);
#321 = ORIENTED_EDGE('',*,*,#322,.T.);
#322 = EDGE_CURVE('',#66,#323,#325,.T.);
#323 = VERTEX_POINT('',#324);
#324 = CARTESIAN_POINT('',(161.7,-34.37129799999,1.645));
#325 = LINE('',#326,#327);
#326 = CARTESIAN_POINT('',(161.825,-34.49629799999,1.645));
#327 = VECTOR('',#328,1.);
#328 = DIRECTION('',(-0.707106781187,0.707106781187,0.));
#329 = ORIENTED_EDGE('',*,*,#330,.F.);
#330 = EDGE_CURVE('',#274,#323,#331,.T.);
#331 = LINE('',#332,#333);
#332 = CARTESIAN_POINT('',(161.7,-34.37129799999,2.875));
#333 = VECTOR('',#334,1.);
#334 = DIRECTION('',(0.,0.,-1.));
#335 = PLANE('',#336);
#336 = AXIS2_PLACEMENT_3D('',#337,#338,#339);
#337 = CARTESIAN_POINT('',(161.825,-34.49629799999,2.875));
#338 = DIRECTION('',(-0.707106781187,-0.707106781187,9.E-17));
#339 = DIRECTION('',(6.363961030679E-17,6.363961030679E-17,1.));
#340 = ADVANCED_FACE('',(#341),#360,.F.);
#341 = FACE_BOUND('',#342,.F.);
#342 = EDGE_LOOP('',(#343,#351,#352,#353));
#343 = ORIENTED_EDGE('',*,*,#344,.F.);
#344 = EDGE_CURVE('',#49,#345,#347,.T.);
#345 = VERTEX_POINT('',#346);
#346 = CARTESIAN_POINT('',(154.8,-34.37129799999,1.245));
#347 = LINE('',#348,#349);
#348 = CARTESIAN_POINT('',(154.8,-34.49629799999,1.12));
#349 = VECTOR('',#350,1.);
#350 = DIRECTION('',(4.8E-16,0.707106781187,0.707106781187));
#351 = ORIENTED_EDGE('',*,*,#48,.T.);
#352 = ORIENTED_EDGE('',*,*,#296,.T.);
#353 = ORIENTED_EDGE('',*,*,#354,.F.);
#354 = EDGE_CURVE('',#345,#297,#355,.T.);
#355 = CIRCLE('',#356,0.4);
#356 = AXIS2_PLACEMENT_3D('',#357,#358,#359);
#357 = CARTESIAN_POINT('',(154.8,-34.37129799999,1.645));
#358 = DIRECTION('',(6.8E-16,1.,0.));
#359 = DIRECTION('',(0.,0.,-1.));
#360 = CONICAL_SURFACE('',#361,0.4,0.785398163397);
#361 = AXIS2_PLACEMENT_3D('',#362,#363,#364);
#362 = CARTESIAN_POINT('',(154.8,-34.37129799999,1.645));
#363 = DIRECTION('',(-6.8E-16,-1.,-0.));
#364 = DIRECTION('',(0.,0.,-1.));
#365 = ADVANCED_FACE('',(#366),#385,.F.);
#366 = FACE_BOUND('',#367,.F.);
#367 = EDGE_LOOP('',(#368,#369,#370,#378));
#368 = ORIENTED_EDGE('',*,*,#322,.F.);
#369 = ORIENTED_EDGE('',*,*,#65,.T.);
#370 = ORIENTED_EDGE('',*,*,#371,.T.);
#371 = EDGE_CURVE('',#58,#372,#374,.T.);
#372 = VERTEX_POINT('',#373);
#373 = CARTESIAN_POINT('',(161.3,-34.37129799999,1.245));
#374 = LINE('',#375,#376);
#375 = CARTESIAN_POINT('',(161.3,-34.37129799999,1.245));
#376 = VECTOR('',#377,1.);
#377 = DIRECTION('',(4.21E-15,0.707106781187,0.707106781187));
#378 = ORIENTED_EDGE('',*,*,#379,.F.);
#379 = EDGE_CURVE('',#323,#372,#380,.T.);
#380 = CIRCLE('',#381,0.4);
#381 = AXIS2_PLACEMENT_3D('',#382,#383,#384);
#382 = CARTESIAN_POINT('',(161.3,-34.37129799999,1.645));
#383 = DIRECTION('',(6.8E-16,1.,0.));
#384 = DIRECTION('',(1.,-6.8E-16,0.));
#385 = CONICAL_SURFACE('',#386,0.4,0.785398163397);
#386 = AXIS2_PLACEMENT_3D('',#387,#388,#389);
#387 = CARTESIAN_POINT('',(161.3,-34.37129799999,1.645));
#388 = DIRECTION('',(-6.8E-16,-1.,-0.));
#389 = DIRECTION('',(1.,-6.8E-16,-0.));
#390 = ADVANCED_FACE('',(#391),#402,.T.);
#391 = FACE_BOUND('',#392,.F.);
#392 = EDGE_LOOP('',(#393,#394,#395,#396));
#393 = ORIENTED_EDGE('',*,*,#371,.F.);
#394 = ORIENTED_EDGE('',*,*,#57,.T.);
#395 = ORIENTED_EDGE('',*,*,#344,.T.);
#396 = ORIENTED_EDGE('',*,*,#397,.F.);
#397 = EDGE_CURVE('',#372,#345,#398,.T.);
#398 = LINE('',#399,#400);
#399 = CARTESIAN_POINT('',(161.3,-34.37129799999,1.245));
#400 = VECTOR('',#401,1.);
#401 = DIRECTION('',(-1.,6.8E-16,0.));
#402 = PLANE('',#403);
#403 = AXIS2_PLACEMENT_3D('',#404,#405,#406);
#404 = CARTESIAN_POINT('',(161.3,-34.49629799999,1.12));
#405 = DIRECTION('',(-5.E-16,-0.707106781187,0.707106781187));
#406 = DIRECTION('',(1.,-6.935533905933E-16,1.355339059327E-17));
#407 = ADVANCED_FACE('',(#408,#842,#853),#864,.T.);
#408 = FACE_BOUND('',#409,.T.);
#409 = EDGE_LOOP('',(#410,#411,#419,#427,#436,#444,#453,#461,#470,#478,
    #487,#495,#504,#512,#521,#530,#539,#548,#557,#566,#574,#582,#591,
    #599,#608,#616,#622,#623,#631,#640,#648,#656,#665,#673,#682,#690,
    #699,#707,#715,#723,#732,#741,#750,#759,#767,#776,#784,#793,#801,
    #810,#818,#827,#835));
#410 = ORIENTED_EDGE('',*,*,#141,.T.);
#411 = ORIENTED_EDGE('',*,*,#412,.T.);
#412 = EDGE_CURVE('',#142,#413,#415,.T.);
#413 = VERTEX_POINT('',#414);
#414 = CARTESIAN_POINT('',(177.24472045898,-32.62129799999,7.5));
#415 = LINE('',#416,#417);
#416 = CARTESIAN_POINT('',(177.24472045898,-34.62129799999,7.5));
#417 = VECTOR('',#418,1.);
#418 = DIRECTION('',(0.,1.,-1.2E-16));
#419 = ORIENTED_EDGE('',*,*,#420,.T.);
#420 = EDGE_CURVE('',#413,#421,#423,.T.);
#421 = VERTEX_POINT('',#422);
#422 = CARTESIAN_POINT('',(94.078044370398,-32.62129799999,7.5));
#423 = LINE('',#424,#425);
#424 = CARTESIAN_POINT('',(177.74472045898,-32.62129799999,7.5));
#425 = VECTOR('',#426,1.);
#426 = DIRECTION('',(-1.,6.2E-16,0.));
#427 = ORIENTED_EDGE('',*,*,#428,.T.);
#428 = EDGE_CURVE('',#421,#429,#431,.T.);
#429 = VERTEX_POINT('',#430);
#430 = CARTESIAN_POINT('',(89.296799014603,-37.39717728048,7.5));
#431 = CIRCLE('',#432,4.781248370398);
#432 = AXIS2_PLACEMENT_3D('',#433,#434,#435);
#433 = CARTESIAN_POINT('',(94.078044370398,-37.40254637039,7.5));
#434 = DIRECTION('',(0.,1.2E-16,1.));
#435 = DIRECTION('',(0.,1.,-1.2E-16));
#436 = ORIENTED_EDGE('',*,*,#437,.T.);
#437 = EDGE_CURVE('',#429,#438,#440,.T.);
#438 = VERTEX_POINT('',#439);
#439 = CARTESIAN_POINT('',(89.283286985456,-41.3488794107,7.5));
#440 = LINE('',#441,#442);
#441 = CARTESIAN_POINT('',(89.296796406419,-37.3983256104,7.5));
#442 = VECTOR('',#443,1.);
#443 = DIRECTION('',(-3.419607138129E-03,-0.999994153126,0.));
#444 = ORIENTED_EDGE('',*,*,#445,.T.);
#445 = EDGE_CURVE('',#438,#446,#448,.T.);
#446 = VERTEX_POINT('',#447);
#447 = CARTESIAN_POINT('',(87.783295755767,-42.84374999999,7.5));
#448 = CIRCLE('',#449,1.5);
#449 = AXIS2_PLACEMENT_3D('',#450,#451,#452);
#450 = CARTESIAN_POINT('',(87.783295755767,-41.34374999999,7.5));
#451 = DIRECTION('',(-4.255172762986E-36,-1.2E-16,-1.));
#452 = DIRECTION('',(0.999994153126,-3.419607138127E-03,
    4.103528565753E-19));
#453 = ORIENTED_EDGE('',*,*,#454,.T.);
#454 = EDGE_CURVE('',#446,#455,#457,.T.);
#455 = VERTEX_POINT('',#456);
#456 = CARTESIAN_POINT('',(57.150000077504,-42.84374999999,7.5));
#457 = LINE('',#458,#459);
#458 = CARTESIAN_POINT('',(87.783295755767,-42.84374999999,7.5));
#459 = VECTOR('',#460,1.);
#460 = DIRECTION('',(-1.,-6.223E-14,0.));
#461 = ORIENTED_EDGE('',*,*,#462,.T.);
#462 = EDGE_CURVE('',#455,#463,#465,.T.);
#463 = VERTEX_POINT('',#464);
#464 = CARTESIAN_POINT('',(52.36875,-47.6250000775,7.5));
#465 = CIRCLE('',#466,4.781250077504);
#466 = AXIS2_PLACEMENT_3D('',#467,#468,#469);
#467 = CARTESIAN_POINT('',(57.150000077504,-47.6250000775,7.5));
#468 = DIRECTION('',(0.,1.2E-16,1.));
#469 = DIRECTION('',(-6.323E-14,1.,-1.2E-16));
#470 = ORIENTED_EDGE('',*,*,#471,.T.);
#471 = EDGE_CURVE('',#463,#472,#474,.T.);
#472 = VERTEX_POINT('',#473);
#473 = CARTESIAN_POINT('',(52.36875,-127.3968749224,7.5));
#474 = LINE('',#475,#476);
#475 = CARTESIAN_POINT('',(52.36875,-47.6250000775,7.5));
#476 = VECTOR('',#477,1.);
#477 = DIRECTION('',(-9.E-17,-1.,0.));
#478 = ORIENTED_EDGE('',*,*,#479,.T.);
#479 = EDGE_CURVE('',#472,#480,#482,.T.);
#480 = VERTEX_POINT('',#481);
#481 = CARTESIAN_POINT('',(57.150000077498,-132.1781249999,7.5));
#482 = CIRCLE('',#483,4.781250077504);
#483 = AXIS2_PLACEMENT_3D('',#484,#485,#486);
#484 = CARTESIAN_POINT('',(57.150000077504,-127.3968749224,7.5));
#485 = DIRECTION('',(0.,1.2E-16,1.));
#486 = DIRECTION('',(-1.,0.,0.));
#487 = ORIENTED_EDGE('',*,*,#488,.T.);
#488 = EDGE_CURVE('',#480,#489,#491,.T.);
#489 = VERTEX_POINT('',#490);
#490 = CARTESIAN_POINT('',(123.49687499999,-132.1781249999,7.5));
#491 = LINE('',#492,#493);
#492 = CARTESIAN_POINT('',(57.150000077498,-132.1781249999,7.5));
#493 = VECTOR('',#494,1.);
#494 = DIRECTION('',(1.,-1.35553E-12,0.));
#495 = ORIENTED_EDGE('',*,*,#496,.T.);
#496 = EDGE_CURVE('',#489,#497,#499,.T.);
#497 = VERTEX_POINT('',#498);
#498 = CARTESIAN_POINT('',(124.99687499999,-133.6781249999,7.5));
#499 = CIRCLE('',#500,1.5);
#500 = AXIS2_PLACEMENT_3D('',#501,#502,#503);
#501 = CARTESIAN_POINT('',(123.49687499999,-133.6781249999,7.5));
#502 = DIRECTION('',(0.,-1.2E-16,-1.));
#503 = DIRECTION('',(1.35003E-12,1.,-1.2E-16));
#504 = ORIENTED_EDGE('',*,*,#505,.T.);
#505 = EDGE_CURVE('',#497,#506,#508,.T.);
#506 = VERTEX_POINT('',#507);
#507 = CARTESIAN_POINT('',(124.99687499999,-141.6843749224,7.5));
#508 = LINE('',#509,#510);
#509 = CARTESIAN_POINT('',(124.99687499999,-133.6781249999,7.5));
#510 = VECTOR('',#511,1.);
#511 = DIRECTION('',(2.0986E-13,-1.,0.));
#512 = ORIENTED_EDGE('',*,*,#513,.T.);
#513 = EDGE_CURVE('',#506,#514,#516,.T.);
#514 = VERTEX_POINT('',#515);
#515 = CARTESIAN_POINT('',(129.78131509787,-146.4656239357,7.5));
#516 = CIRCLE('',#517,4.781250077504);
#517 = AXIS2_PLACEMENT_3D('',#518,#519,#520);
#518 = CARTESIAN_POINT('',(129.7781250775,-141.6843749224,7.5));
#519 = DIRECTION('',(-1.184957320851E-45,1.2E-16,1.));
#520 = DIRECTION('',(-1.,-2.0988E-13,2.51856E-29));
#521 = ORIENTED_EDGE('',*,*,#522,.T.);
#522 = EDGE_CURVE('',#514,#523,#525,.T.);
#523 = VERTEX_POINT('',#524);
#524 = CARTESIAN_POINT('',(129.79786494198,-146.4655444178,7.5));
#525 = CIRCLE('',#526,2.);
#526 = AXIS2_PLACEMENT_3D('',#527,#528,#529);
#527 = CARTESIAN_POINT('',(129.77998071029,-144.4656243808,7.5));
#528 = DIRECTION('',(8.800059156787E-36,1.2E-16,1.));
#529 = DIRECTION('',(6.671937939814E-04,-0.999999777426,
    1.199999732911E-16));
#530 = ORIENTED_EDGE('',*,*,#531,.T.);
#531 = EDGE_CURVE('',#523,#532,#534,.T.);
#532 = VERTEX_POINT('',#533);
#533 = CARTESIAN_POINT('',(154.43737031002,-150.0449617353,7.5));
#534 = CIRCLE('',#535,81.576597415396);
#535 = AXIS2_PLACEMENT_3D('',#536,#537,#538);
#536 = CARTESIAN_POINT('',(130.52733232647,-228.0388802771,7.5));
#537 = DIRECTION('',(1.169344282679E-34,-1.2E-16,-1.));
#538 = DIRECTION('',(-8.942115846957E-03,0.999960018483,
    -1.199952022179E-16));
#539 = ORIENTED_EDGE('',*,*,#540,.T.);
#540 = EDGE_CURVE('',#532,#541,#543,.T.);
#541 = VERTEX_POINT('',#542);
#542 = CARTESIAN_POINT('',(181.16455275072,-162.6049889985,7.5));
#543 = CIRCLE('',#544,111.96535512408);
#544 = AXIS2_PLACEMENT_3D('',#545,#546,#547);
#545 = CARTESIAN_POINT('',(120.59651671616,-256.7737404981,7.5));
#546 = DIRECTION('',(-5.63540881333E-33,-1.2E-16,-1.));
#547 = DIRECTION('',(0.302284991967,0.953217595112,-1.143861114135E-16)
  );
#548 = ORIENTED_EDGE('',*,*,#549,.T.);
#549 = EDGE_CURVE('',#541,#550,#552,.T.);
#550 = VERTEX_POINT('',#551);
#551 = CARTESIAN_POINT('',(181.24026367196,-162.6513426712,7.5));
#552 = CIRCLE('',#553,2.);
#553 = AXIS2_PLACEMENT_3D('',#554,#555,#556);
#554 = CARTESIAN_POINT('',(182.24645948816,-160.922883826,7.5));
#555 = DIRECTION('',(1.501388400122E-33,1.2E-16,1.));
#556 = DIRECTION('',(-0.540953368722,-0.841052586268,1.009263103522E-16)
  );
#557 = ORIENTED_EDGE('',*,*,#558,.T.);
#558 = EDGE_CURVE('',#550,#559,#561,.T.);
#559 = VERTEX_POINT('',#560);
#560 = CARTESIAN_POINT('',(187.78638454762,-160.909871194,7.5));
#561 = CIRCLE('',#562,4.781250259068);
#562 = AXIS2_PLACEMENT_3D('',#563,#564,#565);
#563 = CARTESIAN_POINT('',(183.64570067542,-158.5192455206,7.5));
#564 = DIRECTION('',(-2.148926629765E-33,1.2E-16,1.));
#565 = DIRECTION('',(-0.503097908104,-0.864229422585,1.037075307102E-16)
  );
#566 = ORIENTED_EDGE('',*,*,#567,.T.);
#567 = EDGE_CURVE('',#559,#568,#570,.T.);
#568 = VERTEX_POINT('',#569);
#569 = CARTESIAN_POINT('',(206.83639381146,-127.914297273,7.5));
#570 = LINE('',#571,#572);
#571 = CARTESIAN_POINT('',(187.78638454762,-160.909871194,7.5));
#572 = VECTOR('',#573,1.);
#573 = DIRECTION('',(0.50000011375,0.866025338111,0.));
#574 = ORIENTED_EDGE('',*,*,#575,.T.);
#575 = EDGE_CURVE('',#568,#576,#578,.T.);
#576 = VERTEX_POINT('',#577);
#577 = CARTESIAN_POINT('',(213.64068361313,-116.1289252019,7.5));
#578 = LINE('',#579,#580);
#579 = CARTESIAN_POINT('',(206.83639381146,-127.9142972729,7.5));
#580 = VECTOR('',#581,1.);
#581 = DIRECTION('',(0.500000113749,0.866025338112,0.));
#582 = ORIENTED_EDGE('',*,*,#583,.T.);
#583 = EDGE_CURVE('',#576,#584,#586,.T.);
#584 = VERTEX_POINT('',#585);
#585 = CARTESIAN_POINT('',(214.28125,-113.7382995285,7.5));
#586 = CIRCLE('',#587,4.781250259068);
#587 = AXIS2_PLACEMENT_3D('',#588,#589,#590);
#588 = CARTESIAN_POINT('',(209.49999974093,-113.7382995285,7.5));
#589 = DIRECTION('',(8.865610707461E-33,1.2E-16,1.));
#590 = DIRECTION('',(0.866025338112,-0.500000113749,6.000001364985E-17)
  );
#591 = ORIENTED_EDGE('',*,*,#592,.T.);
#592 = EDGE_CURVE('',#584,#593,#595,.T.);
#593 = VERTEX_POINT('',#594);
#594 = CARTESIAN_POINT('',(214.28125,-37.40254807749,7.5));
#595 = LINE('',#596,#597);
#596 = CARTESIAN_POINT('',(214.28125,-113.7382995285,7.5));
#597 = VECTOR('',#598,1.);
#598 = DIRECTION('',(0.,1.,0.));
#599 = ORIENTED_EDGE('',*,*,#600,.T.);
#600 = EDGE_CURVE('',#593,#601,#603,.T.);
#601 = VERTEX_POINT('',#602);
#602 = CARTESIAN_POINT('',(209.49999992249,-32.62129799999,7.5));
#603 = CIRCLE('',#604,4.781250077504);
#604 = AXIS2_PLACEMENT_3D('',#605,#606,#607);
#605 = CARTESIAN_POINT('',(209.49999992249,-37.40254807749,7.5));
#606 = DIRECTION('',(-0.,1.2E-16,1.));
#607 = DIRECTION('',(1.,0.,0.));
#608 = ORIENTED_EDGE('',*,*,#609,.T.);
#609 = EDGE_CURVE('',#601,#610,#612,.T.);
#610 = VERTEX_POINT('',#611);
#611 = CARTESIAN_POINT('',(188.50274017201,-32.62129799999,7.5));
#612 = LINE('',#613,#614);
#613 = CARTESIAN_POINT('',(209.49999992249,-32.62129799999,7.5));
#614 = VECTOR('',#615,1.);
#615 = DIRECTION('',(-1.,6.2E-16,0.));
#616 = ORIENTED_EDGE('',*,*,#617,.T.);
#617 = EDGE_CURVE('',#610,#92,#618,.T.);
#618 = LINE('',#619,#620);
#619 = CARTESIAN_POINT('',(188.50274017201,-32.12129799999,7.5));
#620 = VECTOR('',#621,1.);
#621 = DIRECTION('',(0.,-1.,1.2E-16));
#622 = ORIENTED_EDGE('',*,*,#91,.T.);
#623 = ORIENTED_EDGE('',*,*,#624,.F.);
#624 = EDGE_CURVE('',#625,#94,#627,.T.);
#625 = VERTEX_POINT('',#626);
#626 = CARTESIAN_POINT('',(200.78125,-37.91319875645,7.5));
#627 = LINE('',#628,#629);
#628 = CARTESIAN_POINT('',(200.78125,-37.91319875645,7.5));
#629 = VECTOR('',#630,1.);
#630 = DIRECTION('',(0.,1.,-1.2E-16));
#631 = ORIENTED_EDGE('',*,*,#632,.F.);
#632 = EDGE_CURVE('',#633,#625,#635,.T.);
#633 = VERTEX_POINT('',#634);
#634 = CARTESIAN_POINT('',(203.78125,-37.91319875645,7.5));
#635 = CIRCLE('',#636,4.);
#636 = AXIS2_PLACEMENT_3D('',#637,#638,#639);
#637 = CARTESIAN_POINT('',(202.28125,-41.621298,7.5));
#638 = DIRECTION('',(0.,-1.2E-16,-1.));
#639 = DIRECTION('',(1.,0.,0.));
#640 = ORIENTED_EDGE('',*,*,#641,.T.);
#641 = EDGE_CURVE('',#633,#642,#644,.T.);
#642 = VERTEX_POINT('',#643);
#643 = CARTESIAN_POINT('',(203.78125,-34.62129799999,7.5));
#644 = LINE('',#645,#646);
#645 = CARTESIAN_POINT('',(203.78125,-37.91319875645,7.5));
#646 = VECTOR('',#647,1.);
#647 = DIRECTION('',(0.,1.,-1.2E-16));
#648 = ORIENTED_EDGE('',*,*,#649,.T.);
#649 = EDGE_CURVE('',#642,#650,#652,.T.);
#650 = VERTEX_POINT('',#651);
#651 = CARTESIAN_POINT('',(209.49999992249,-34.62129799999,7.5));
#652 = LINE('',#653,#654);
#653 = CARTESIAN_POINT('',(94.078044370398,-34.62129799999,7.5));
#654 = VECTOR('',#655,1.);
#655 = DIRECTION('',(1.,-6.8E-16,0.));
#656 = ORIENTED_EDGE('',*,*,#657,.T.);
#657 = EDGE_CURVE('',#650,#658,#660,.T.);
#658 = VERTEX_POINT('',#659);
#659 = CARTESIAN_POINT('',(212.28125,-37.40254807749,7.5));
#660 = CIRCLE('',#661,2.781250077504);
#661 = AXIS2_PLACEMENT_3D('',#662,#663,#664);
#662 = CARTESIAN_POINT('',(209.49999992249,-37.40254807749,7.5));
#663 = DIRECTION('',(0.,-1.2E-16,-1.));
#664 = DIRECTION('',(1.,0.,0.));
#665 = ORIENTED_EDGE('',*,*,#666,.T.);
#666 = EDGE_CURVE('',#658,#667,#669,.T.);
#667 = VERTEX_POINT('',#668);
#668 = CARTESIAN_POINT('',(212.28125,-113.7382995285,7.5));
#669 = LINE('',#670,#671);
#670 = CARTESIAN_POINT('',(212.28125,-37.40254807749,7.5));
#671 = VECTOR('',#672,1.);
#672 = DIRECTION('',(0.,-1.,1.2E-16));
#673 = ORIENTED_EDGE('',*,*,#674,.T.);
#674 = EDGE_CURVE('',#667,#675,#677,.T.);
#675 = VERTEX_POINT('',#676);
#676 = CARTESIAN_POINT('',(212.10389461594,-114.7155837673,7.5));
#677 = CIRCLE('',#678,2.781250259068);
#678 = AXIS2_PLACEMENT_3D('',#679,#680,#681);
#679 = CARTESIAN_POINT('',(209.49999974093,-113.7382995285,7.5));
#680 = DIRECTION('',(0.,-1.2E-16,-1.));
#681 = DIRECTION('',(1.,0.,0.));
#682 = ORIENTED_EDGE('',*,*,#683,.F.);
#683 = EDGE_CURVE('',#684,#675,#686,.T.);
#684 = VERTEX_POINT('',#685);
#685 = CARTESIAN_POINT('',(205.98934924354,-114.7155837673,7.5));
#686 = LINE('',#687,#688);
#687 = CARTESIAN_POINT('',(205.98934924354,-114.7155837673,7.5));
#688 = VECTOR('',#689,1.);
#689 = DIRECTION('',(1.,0.,0.));
#690 = ORIENTED_EDGE('',*,*,#691,.F.);
#691 = EDGE_CURVE('',#692,#684,#694,.T.);
#692 = VERTEX_POINT('',#693);
#693 = CARTESIAN_POINT('',(205.98934924354,-117.7155837673,7.5));
#694 = CIRCLE('',#695,4.);
#695 = AXIS2_PLACEMENT_3D('',#696,#697,#698);
#696 = CARTESIAN_POINT('',(202.28125,-116.2155837673,7.5));
#697 = DIRECTION('',(0.,-1.2E-16,-1.));
#698 = DIRECTION('',(1.,0.,0.));
#699 = ORIENTED_EDGE('',*,*,#700,.F.);
#700 = EDGE_CURVE('',#701,#692,#703,.T.);
#701 = VERTEX_POINT('',#702);
#702 = CARTESIAN_POINT('',(210.41522433352,-117.7155837673,7.5));
#703 = LINE('',#704,#705);
#704 = CARTESIAN_POINT('',(212.98934924354,-117.7155837673,7.5));
#705 = VECTOR('',#706,1.);
#706 = DIRECTION('',(-1.,0.,0.));
#707 = ORIENTED_EDGE('',*,*,#708,.F.);
#708 = EDGE_CURVE('',#709,#701,#711,.T.);
#709 = VERTEX_POINT('',#710);
#710 = CARTESIAN_POINT('',(205.10434313524,-126.9142970454,7.5));
#711 = LINE('',#712,#713);
#712 = CARTESIAN_POINT('',(205.10434313524,-126.9142970454,7.5));
#713 = VECTOR('',#714,1.);
#714 = DIRECTION('',(0.500000113749,0.866025338112,-1.1E-16));
#715 = ORIENTED_EDGE('',*,*,#716,.T.);
#716 = EDGE_CURVE('',#709,#717,#719,.T.);
#717 = VERTEX_POINT('',#718);
#718 = CARTESIAN_POINT('',(186.0543338714,-159.9098709664,7.5));
#719 = LINE('',#720,#721);
#720 = CARTESIAN_POINT('',(205.10434313524,-126.9142970454,7.5));
#721 = VECTOR('',#722,1.);
#722 = DIRECTION('',(-0.50000011375,-0.866025338111,1.1E-16));
#723 = ORIENTED_EDGE('',*,*,#724,.T.);
#724 = EDGE_CURVE('',#717,#725,#727,.T.);
#725 = VERTEX_POINT('',#726);
#726 = CARTESIAN_POINT('',(182.24645948816,-160.922883826,7.5));
#727 = CIRCLE('',#728,2.781250259068);
#728 = AXIS2_PLACEMENT_3D('',#729,#730,#731);
#729 = CARTESIAN_POINT('',(183.64570067542,-158.5192455206,7.5));
#730 = DIRECTION('',(7.400750281578E-33,-1.2E-16,-1.));
#731 = DIRECTION('',(0.866026288806,-0.499998467095,5.999981605139E-17)
  );
#732 = ORIENTED_EDGE('',*,*,#733,.F.);
#733 = EDGE_CURVE('',#734,#725,#736,.T.);
#734 = VERTEX_POINT('',#735);
#735 = CARTESIAN_POINT('',(155.03509148216,-148.1363310267,7.5));
#736 = CIRCLE('',#737,113.96535512408);
#737 = AXIS2_PLACEMENT_3D('',#738,#739,#740);
#738 = CARTESIAN_POINT('',(120.59651671616,-256.7737404981,7.5));
#739 = DIRECTION('',(0.,-1.2E-16,-1.));
#740 = DIRECTION('',(1.,0.,0.));
#741 = ORIENTED_EDGE('',*,*,#742,.F.);
#742 = EDGE_CURVE('',#743,#734,#745,.T.);
#743 = VERTEX_POINT('',#744);
#744 = CARTESIAN_POINT('',(129.77998071029,-144.4656243808,7.5));
#745 = CIRCLE('',#746,83.576597415396);
#746 = AXIS2_PLACEMENT_3D('',#747,#748,#749);
#747 = CARTESIAN_POINT('',(130.52733232647,-228.0388802771,7.5));
#748 = DIRECTION('',(0.,-1.2E-16,-1.));
#749 = DIRECTION('',(1.,0.,0.));
#750 = ORIENTED_EDGE('',*,*,#751,.T.);
#751 = EDGE_CURVE('',#743,#752,#754,.T.);
#752 = VERTEX_POINT('',#753);
#753 = CARTESIAN_POINT('',(126.99687499999,-141.6843749224,7.5));
#754 = CIRCLE('',#755,2.781250077504);
#755 = AXIS2_PLACEMENT_3D('',#756,#757,#758);
#756 = CARTESIAN_POINT('',(129.7781250775,-141.6843749224,7.5));
#757 = DIRECTION('',(4.695614338771E-40,-1.2E-16,-1.));
#758 = DIRECTION('',(-3.254771105E-08,-1.,1.2E-16));
#759 = ORIENTED_EDGE('',*,*,#760,.T.);
#760 = EDGE_CURVE('',#752,#761,#763,.T.);
#761 = VERTEX_POINT('',#762);
#762 = CARTESIAN_POINT('',(126.99687499999,-132.1593750775,7.5));
#763 = LINE('',#764,#765);
#764 = CARTESIAN_POINT('',(126.99687499999,-141.6843749224,7.5));
#765 = VECTOR('',#766,1.);
#766 = DIRECTION('',(-2.0887E-13,1.,-1.2E-16));
#767 = ORIENTED_EDGE('',*,*,#768,.F.);
#768 = EDGE_CURVE('',#769,#761,#771,.T.);
#769 = VERTEX_POINT('',#770);
#770 = CARTESIAN_POINT('',(125.01562492249,-130.1781249999,7.5));
#771 = CIRCLE('',#772,1.981250077504);
#772 = AXIS2_PLACEMENT_3D('',#773,#774,#775);
#773 = CARTESIAN_POINT('',(125.01562492249,-132.1593750775,7.5));
#774 = DIRECTION('',(-9.235446406804E-41,-1.2E-16,-1.));
#775 = DIRECTION('',(1.,3.254769912E-08,-3.9057238944E-24));
#776 = ORIENTED_EDGE('',*,*,#777,.T.);
#777 = EDGE_CURVE('',#769,#778,#780,.T.);
#778 = VERTEX_POINT('',#779);
#779 = CARTESIAN_POINT('',(57.150000077504,-130.1781249999,7.5));
#780 = LINE('',#781,#782);
#781 = CARTESIAN_POINT('',(125.01562492249,-130.1781249999,7.5));
#782 = VECTOR('',#783,1.);
#783 = DIRECTION('',(-1.,1.35522E-12,0.));
#784 = ORIENTED_EDGE('',*,*,#785,.T.);
#785 = EDGE_CURVE('',#778,#786,#788,.T.);
#786 = VERTEX_POINT('',#787);
#787 = CARTESIAN_POINT('',(54.36875,-127.3968749224,7.5));
#788 = CIRCLE('',#789,2.781250077504);
#789 = AXIS2_PLACEMENT_3D('',#790,#791,#792);
#790 = CARTESIAN_POINT('',(57.150000077504,-127.3968749224,7.5));
#791 = DIRECTION('',(-2.651228535324E-40,-1.2E-16,-1.));
#792 = DIRECTION('',(-3.254771702E-08,-1.,1.2E-16));
#793 = ORIENTED_EDGE('',*,*,#794,.T.);
#794 = EDGE_CURVE('',#786,#795,#797,.T.);
#795 = VERTEX_POINT('',#796);
#796 = CARTESIAN_POINT('',(54.36875,-47.6250000775,7.5));
#797 = LINE('',#798,#799);
#798 = CARTESIAN_POINT('',(54.36875,-127.3968749224,7.5));
#799 = VECTOR('',#800,1.);
#800 = DIRECTION('',(0.,1.,-1.2E-16));
#801 = ORIENTED_EDGE('',*,*,#802,.T.);
#802 = EDGE_CURVE('',#795,#803,#805,.T.);
#803 = VERTEX_POINT('',#804);
#804 = CARTESIAN_POINT('',(57.150000077504,-44.84374999999,7.5));
#805 = CIRCLE('',#806,2.781250077504);
#806 = AXIS2_PLACEMENT_3D('',#807,#808,#809);
#807 = CARTESIAN_POINT('',(57.150000077504,-47.6250000775,7.5));
#808 = DIRECTION('',(-2.932078626709E-41,-1.2E-16,-1.));
#809 = DIRECTION('',(-1.,3.254771702E-08,-3.9057260424E-24));
#810 = ORIENTED_EDGE('',*,*,#811,.T.);
#811 = EDGE_CURVE('',#803,#812,#814,.T.);
#812 = VERTEX_POINT('',#813);
#813 = CARTESIAN_POINT('',(89.296874922496,-44.84374999999,7.5));
#814 = LINE('',#815,#816);
#815 = CARTESIAN_POINT('',(57.150000077504,-44.84374999999,7.5));
#816 = VECTOR('',#817,1.);
#817 = DIRECTION('',(1.,6.211E-14,0.));
#818 = ORIENTED_EDGE('',*,*,#819,.F.);
#819 = EDGE_CURVE('',#820,#812,#822,.T.);
#820 = VERTEX_POINT('',#821);
#821 = CARTESIAN_POINT('',(91.278124892576,-42.86184749051,7.5));
#822 = CIRCLE('',#823,1.981250077504);
#823 = AXIS2_PLACEMENT_3D('',#824,#825,#826);
#824 = CARTESIAN_POINT('',(89.296874922496,-42.86249992249,7.5));
#825 = DIRECTION('',(-4.695614338771E-40,-1.2E-16,-1.));
#826 = DIRECTION('',(3.254771105E-08,-1.,1.2E-16));
#827 = ORIENTED_EDGE('',*,*,#828,.T.);
#828 = EDGE_CURVE('',#820,#829,#831,.T.);
#829 = VERTEX_POINT('',#830);
#830 = CARTESIAN_POINT('',(91.296796090293,-37.40183767231,7.5));
#831 = LINE('',#832,#833);
#832 = CARTESIAN_POINT('',(91.278124892576,-42.86184749051,7.5));
#833 = VECTOR('',#834,1.);
#834 = DIRECTION('',(3.419607138132E-03,0.999994153126,-1.2E-16));
#835 = ORIENTED_EDGE('',*,*,#836,.T.);
#836 = EDGE_CURVE('',#829,#134,#837,.T.);
#837 = CIRCLE('',#838,2.781248370398);
#838 = AXIS2_PLACEMENT_3D('',#839,#840,#841);
#839 = CARTESIAN_POINT('',(94.078044370398,-37.40254637039,7.5));
#840 = DIRECTION('',(-9.463913261608E-40,-1.2E-16,-1.));
#841 = DIRECTION('',(-1.,-6.8434768883E-07,8.21217226596E-23));
#842 = FACE_BOUND('',#843,.T.);
#843 = EDGE_LOOP('',(#844));
#844 = ORIENTED_EDGE('',*,*,#845,.T.);
#845 = EDGE_CURVE('',#846,#846,#848,.T.);
#846 = VERTEX_POINT('',#847);
#847 = CARTESIAN_POINT('',(203.28125,-41.62129799999,7.5));
#848 = CIRCLE('',#849,1.);
#849 = AXIS2_PLACEMENT_3D('',#850,#851,#852);
#850 = CARTESIAN_POINT('',(202.28125,-41.62129799999,7.5));
#851 = DIRECTION('',(0.,0.,-1.));
#852 = DIRECTION('',(1.,0.,0.));
#853 = FACE_BOUND('',#854,.T.);
#854 = EDGE_LOOP('',(#855));
#855 = ORIENTED_EDGE('',*,*,#856,.T.);
#856 = EDGE_CURVE('',#857,#857,#859,.T.);
#857 = VERTEX_POINT('',#858);
#858 = CARTESIAN_POINT('',(203.28125,-116.2155837673,7.5));
#859 = CIRCLE('',#860,1.);
#860 = AXIS2_PLACEMENT_3D('',#861,#862,#863);
#861 = CARTESIAN_POINT('',(202.28125,-116.2155837673,7.5));
#862 = DIRECTION('',(0.,0.,-1.));
#863 = DIRECTION('',(1.,0.,0.));
#864 = PLANE('',#865);
#865 = AXIS2_PLACEMENT_3D('',#866,#867,#868);
#866 = CARTESIAN_POINT('',(135.38766089019,-89.36418425879,7.5));
#867 = DIRECTION('',(0.,1.2E-16,1.));
#868 = DIRECTION('',(-1.,0.,0.));
#869 = ADVANCED_FACE('',(#870),#889,.T.);
#870 = FACE_BOUND('',#871,.T.);
#871 = EDGE_LOOP('',(#872,#881,#887,#888));
#872 = ORIENTED_EDGE('',*,*,#873,.F.);
#873 = EDGE_CURVE('',#874,#610,#876,.T.);
#874 = VERTEX_POINT('',#875);
#875 = CARTESIAN_POINT('',(188.00274017201,-32.62129799999,7.));
#876 = CIRCLE('',#877,0.5);
#877 = AXIS2_PLACEMENT_3D('',#878,#879,#880);
#878 = CARTESIAN_POINT('',(188.50274017201,-32.62129799999,7.));
#879 = DIRECTION('',(0.,1.,-1.8E-16));
#880 = DIRECTION('',(0.,1.8E-16,1.));
#881 = ORIENTED_EDGE('',*,*,#882,.T.);
#882 = EDGE_CURVE('',#874,#193,#883,.T.);
#883 = LINE('',#884,#885);
#884 = CARTESIAN_POINT('',(188.00274017201,-32.12129799999,7.));
#885 = VECTOR('',#886,1.);
#886 = DIRECTION('',(0.,-1.,1.2E-16));
#887 = ORIENTED_EDGE('',*,*,#200,.F.);
#888 = ORIENTED_EDGE('',*,*,#617,.F.);
#889 = CYLINDRICAL_SURFACE('',#890,0.5);
#890 = AXIS2_PLACEMENT_3D('',#891,#892,#893);
#891 = CARTESIAN_POINT('',(188.50274017201,-32.12129799999,7.));
#892 = DIRECTION('',(0.,-1.,1.2E-16));
#893 = DIRECTION('',(0.,1.2E-16,1.));
#894 = ADVANCED_FACE('',(#895),#913,.T.);
#895 = FACE_BOUND('',#896,.T.);
#896 = EDGE_LOOP('',(#897,#905,#911,#912));
#897 = ORIENTED_EDGE('',*,*,#898,.T.);
#898 = EDGE_CURVE('',#102,#899,#901,.T.);
#899 = VERTEX_POINT('',#900);
#900 = CARTESIAN_POINT('',(200.78125,-37.91319875645,-2.5));
#901 = LINE('',#902,#903);
#902 = CARTESIAN_POINT('',(200.78125,-63.61369019941,-2.5));
#903 = VECTOR('',#904,1.);
#904 = DIRECTION('',(0.,-1.,0.));
#905 = ORIENTED_EDGE('',*,*,#906,.T.);
#906 = EDGE_CURVE('',#899,#625,#907,.T.);
#907 = LINE('',#908,#909);
#908 = CARTESIAN_POINT('',(200.78125,-37.91319875645,-4.));
#909 = VECTOR('',#910,1.);
#910 = DIRECTION('',(0.,0.,1.));
#911 = ORIENTED_EDGE('',*,*,#624,.T.);
#912 = ORIENTED_EDGE('',*,*,#101,.F.);
#913 = PLANE('',#914);
#914 = AXIS2_PLACEMENT_3D('',#915,#916,#917);
#915 = CARTESIAN_POINT('',(200.78125,-37.91319875645,-4.));
#916 = DIRECTION('',(-1.,0.,0.));
#917 = DIRECTION('',(0.,1.,0.));
#918 = ADVANCED_FACE('',(#919),#937,.T.);
#919 = FACE_BOUND('',#920,.T.);
#920 = EDGE_LOOP('',(#921,#922,#923,#931));
#921 = ORIENTED_EDGE('',*,*,#192,.T.);
#922 = ORIENTED_EDGE('',*,*,#882,.F.);
#923 = ORIENTED_EDGE('',*,*,#924,.T.);
#924 = EDGE_CURVE('',#874,#925,#927,.T.);
#925 = VERTEX_POINT('',#926);
#926 = CARTESIAN_POINT('',(188.00274017201,-32.62129799999,3.357291999)
  );
#927 = LINE('',#928,#929);
#928 = CARTESIAN_POINT('',(188.00274017201,-32.62129799999,7.5));
#929 = VECTOR('',#930,1.);
#930 = DIRECTION('',(0.,0.,-1.));
#931 = ORIENTED_EDGE('',*,*,#932,.T.);
#932 = EDGE_CURVE('',#925,#184,#933,.T.);
#933 = LINE('',#934,#935);
#934 = CARTESIAN_POINT('',(188.00274017201,-25.303781263,3.357291999));
#935 = VECTOR('',#936,1.);
#936 = DIRECTION('',(0.,-1.,0.));
#937 = PLANE('',#938);
#938 = AXIS2_PLACEMENT_3D('',#939,#940,#941);
#939 = CARTESIAN_POINT('',(188.00274017201,-25.303781263,3.357291999));
#940 = DIRECTION('',(-1.,0.,0.));
#941 = DIRECTION('',(0.,2.2E-16,1.));
#942 = ADVANCED_FACE('',(#943,#1358,#1394,#1405,#1416,#1452,#1488),#1499
  ,.T.);
#943 = FACE_BOUND('',#944,.T.);
#944 = EDGE_LOOP('',(#945,#956,#965,#974,#983,#991,#999,#1007,#1015,
    #1023,#1031,#1039,#1048,#1056,#1065,#1073,#1081,#1089,#1097,#1105,
    #1113,#1121,#1130,#1138,#1146,#1153,#1154,#1155,#1163,#1171,#1179,
    #1188,#1196,#1205,#1213,#1221,#1229,#1237,#1246,#1254,#1262,#1270,
    #1278,#1286,#1294,#1302,#1311,#1319,#1327,#1335,#1343,#1352));
#945 = ORIENTED_EDGE('',*,*,#946,.F.);
#946 = EDGE_CURVE('',#947,#949,#951,.T.);
#947 = VERTEX_POINT('',#948);
#948 = CARTESIAN_POINT('',(129.77998071029,-144.4656243808,-2.5));
#949 = VERTEX_POINT('',#950);
#950 = CARTESIAN_POINT('',(126.99687499999,-141.6843749224,-2.5));
#951 = CIRCLE('',#952,2.781250077504);
#952 = AXIS2_PLACEMENT_3D('',#953,#954,#955);
#953 = CARTESIAN_POINT('',(129.7781250775,-141.6843749224,-2.5));
#954 = DIRECTION('',(4.695614338771E-40,-1.2E-16,-1.));
#955 = DIRECTION('',(-3.254771105E-08,-1.,1.2E-16));
#956 = ORIENTED_EDGE('',*,*,#957,.T.);
#957 = EDGE_CURVE('',#947,#958,#960,.T.);
#958 = VERTEX_POINT('',#959);
#959 = CARTESIAN_POINT('',(155.03509148216,-148.1363310267,-2.5));
#960 = CIRCLE('',#961,83.576597415396);
#961 = AXIS2_PLACEMENT_3D('',#962,#963,#964);
#962 = CARTESIAN_POINT('',(130.52733232647,-228.0388802771,-2.5));
#963 = DIRECTION('',(0.,-1.2E-16,-1.));
#964 = DIRECTION('',(1.,0.,0.));
#965 = ORIENTED_EDGE('',*,*,#966,.T.);
#966 = EDGE_CURVE('',#958,#967,#969,.T.);
#967 = VERTEX_POINT('',#968);
#968 = CARTESIAN_POINT('',(182.24645948816,-160.922883826,-2.5));
#969 = CIRCLE('',#970,113.96535512408);
#970 = AXIS2_PLACEMENT_3D('',#971,#972,#973);
#971 = CARTESIAN_POINT('',(120.59651671616,-256.7737404981,-2.5));
#972 = DIRECTION('',(0.,-1.2E-16,-1.));
#973 = DIRECTION('',(1.,0.,0.));
#974 = ORIENTED_EDGE('',*,*,#975,.F.);
#975 = EDGE_CURVE('',#976,#967,#978,.T.);
#976 = VERTEX_POINT('',#977);
#977 = CARTESIAN_POINT('',(186.0543338714,-159.9098709664,-2.5));
#978 = CIRCLE('',#979,2.781250259068);
#979 = AXIS2_PLACEMENT_3D('',#980,#981,#982);
#980 = CARTESIAN_POINT('',(183.64570067542,-158.5192455206,-2.5));
#981 = DIRECTION('',(7.400750281578E-33,-1.2E-16,-1.));
#982 = DIRECTION('',(0.866026288806,-0.499998467095,5.999981605139E-17)
  );
#983 = ORIENTED_EDGE('',*,*,#984,.F.);
#984 = EDGE_CURVE('',#985,#976,#987,.T.);
#985 = VERTEX_POINT('',#986);
#986 = CARTESIAN_POINT('',(191.05433500889,-151.2496175853,-2.5));
#987 = LINE('',#988,#989);
#988 = CARTESIAN_POINT('',(205.10434313524,-126.9142970454,-2.5));
#989 = VECTOR('',#990,1.);
#990 = DIRECTION('',(-0.50000011375,-0.866025338111,1.1E-16));
#991 = ORIENTED_EDGE('',*,*,#992,.F.);
#992 = EDGE_CURVE('',#993,#985,#995,.T.);
#993 = VERTEX_POINT('',#994);
#994 = CARTESIAN_POINT('',(190.18830967078,-150.7496174716,-2.5));
#995 = LINE('',#996,#997);
#996 = CARTESIAN_POINT('',(190.18830967078,-150.7496174716,-2.5));
#997 = VECTOR('',#998,1.);
#998 = DIRECTION('',(0.866025338111,-0.50000011375,6.E-17));
#999 = ORIENTED_EDGE('',*,*,#1000,.T.);
#1000 = EDGE_CURVE('',#993,#1001,#1003,.T.);
#1001 = VERTEX_POINT('',#1002);
#1002 = CARTESIAN_POINT('',(195.18831080828,-142.0893640905,-2.5));
#1003 = LINE('',#1004,#1005);
#1004 = CARTESIAN_POINT('',(190.18830967078,-150.7496174716,-2.5));
#1005 = VECTOR('',#1006,1.);
#1006 = DIRECTION('',(0.50000011375,0.866025338111,-1.1E-16));
#1007 = ORIENTED_EDGE('',*,*,#1008,.T.);
#1008 = EDGE_CURVE('',#1001,#1009,#1011,.T.);
#1009 = VERTEX_POINT('',#1010);
#1010 = CARTESIAN_POINT('',(196.05433614639,-142.5893642042,-2.5));
#1011 = LINE('',#1012,#1013);
#1012 = CARTESIAN_POINT('',(195.18831080828,-142.0893640905,-2.5));
#1013 = VECTOR('',#1014,1.);
#1014 = DIRECTION('',(0.866025338111,-0.50000011375,6.E-17));
#1015 = ORIENTED_EDGE('',*,*,#1016,.F.);
#1016 = EDGE_CURVE('',#1017,#1009,#1019,.T.);
#1017 = VERTEX_POINT('',#1018);
#1018 = CARTESIAN_POINT('',(205.10434313524,-126.9142970454,-2.5));
#1019 = LINE('',#1020,#1021);
#1020 = CARTESIAN_POINT('',(205.10434313524,-126.9142970454,-2.5));
#1021 = VECTOR('',#1022,1.);
#1022 = DIRECTION('',(-0.50000011375,-0.866025338111,1.1E-16));
#1023 = ORIENTED_EDGE('',*,*,#1024,.T.);
#1024 = EDGE_CURVE('',#1017,#1025,#1027,.T.);
#1025 = VERTEX_POINT('',#1026);
#1026 = CARTESIAN_POINT('',(210.41522433352,-117.7155837673,-2.5));
#1027 = LINE('',#1028,#1029);
#1028 = CARTESIAN_POINT('',(205.10434313524,-126.9142970454,-2.5));
#1029 = VECTOR('',#1030,1.);
#1030 = DIRECTION('',(0.500000113749,0.866025338112,-1.1E-16));
#1031 = ORIENTED_EDGE('',*,*,#1032,.F.);
#1032 = EDGE_CURVE('',#1033,#1025,#1035,.T.);
#1033 = VERTEX_POINT('',#1034);
#1034 = CARTESIAN_POINT('',(205.98934924354,-117.7155837673,-2.5));
#1035 = LINE('',#1036,#1037);
#1036 = CARTESIAN_POINT('',(174.21734799419,-117.7155837673,-2.5));
#1037 = VECTOR('',#1038,1.);
#1038 = DIRECTION('',(1.,0.,0.));
#1039 = ORIENTED_EDGE('',*,*,#1040,.T.);
#1040 = EDGE_CURVE('',#1033,#1041,#1043,.T.);
#1041 = VERTEX_POINT('',#1042);
#1042 = CARTESIAN_POINT('',(205.98934924354,-114.7155837673,-2.5));
#1043 = CIRCLE('',#1044,4.);
#1044 = AXIS2_PLACEMENT_3D('',#1045,#1046,#1047);
#1045 = CARTESIAN_POINT('',(202.28125,-116.2155837673,-2.5));
#1046 = DIRECTION('',(0.,0.,-1.));
#1047 = DIRECTION('',(1.,0.,0.));
#1048 = ORIENTED_EDGE('',*,*,#1049,.F.);
#1049 = EDGE_CURVE('',#1050,#1041,#1052,.T.);
#1050 = VERTEX_POINT('',#1051);
#1051 = CARTESIAN_POINT('',(212.10389461594,-114.7155837673,-2.5));
#1052 = LINE('',#1053,#1054);
#1053 = CARTESIAN_POINT('',(170.71734799419,-114.7155837673,-2.5));
#1054 = VECTOR('',#1055,1.);
#1055 = DIRECTION('',(-1.,0.,0.));
#1056 = ORIENTED_EDGE('',*,*,#1057,.F.);
#1057 = EDGE_CURVE('',#1058,#1050,#1060,.T.);
#1058 = VERTEX_POINT('',#1059);
#1059 = CARTESIAN_POINT('',(212.28125,-113.7382995285,-2.5));
#1060 = CIRCLE('',#1061,2.781250259068);
#1061 = AXIS2_PLACEMENT_3D('',#1062,#1063,#1064);
#1062 = CARTESIAN_POINT('',(209.49999974093,-113.7382995285,-2.5));
#1063 = DIRECTION('',(0.,-1.2E-16,-1.));
#1064 = DIRECTION('',(1.,0.,0.));
#1065 = ORIENTED_EDGE('',*,*,#1066,.F.);
#1066 = EDGE_CURVE('',#1067,#1058,#1069,.T.);
#1067 = VERTEX_POINT('',#1068);
#1068 = CARTESIAN_POINT('',(209.28125,-113.7382995285,-2.5));
#1069 = LINE('',#1070,#1071);
#1070 = CARTESIAN_POINT('',(209.28125,-113.7382995285,-2.5));
#1071 = VECTOR('',#1072,1.);
#1072 = DIRECTION('',(1.,0.,0.));
#1073 = ORIENTED_EDGE('',*,*,#1074,.F.);
#1074 = EDGE_CURVE('',#1075,#1067,#1077,.T.);
#1075 = VERTEX_POINT('',#1076);
#1076 = CARTESIAN_POINT('',(209.28125,-103.7382995285,-2.5));
#1077 = LINE('',#1078,#1079);
#1078 = CARTESIAN_POINT('',(209.28125,-103.7382995285,-2.5));
#1079 = VECTOR('',#1080,1.);
#1080 = DIRECTION('',(0.,-1.,1.2E-16));
#1081 = ORIENTED_EDGE('',*,*,#1082,.F.);
#1082 = EDGE_CURVE('',#1083,#1075,#1085,.T.);
#1083 = VERTEX_POINT('',#1084);
#1084 = CARTESIAN_POINT('',(212.28125,-103.7382995285,-2.5));
#1085 = LINE('',#1086,#1087);
#1086 = CARTESIAN_POINT('',(212.28125,-103.7382995285,-2.5));
#1087 = VECTOR('',#1088,1.);
#1088 = DIRECTION('',(-1.,0.,-0.));
#1089 = ORIENTED_EDGE('',*,*,#1090,.F.);
#1090 = EDGE_CURVE('',#1091,#1083,#1093,.T.);
#1091 = VERTEX_POINT('',#1092);
#1092 = CARTESIAN_POINT('',(212.28125,-47.40254807749,-2.5));
#1093 = LINE('',#1094,#1095);
#1094 = CARTESIAN_POINT('',(212.28125,-37.40254807749,-2.5));
#1095 = VECTOR('',#1096,1.);
#1096 = DIRECTION('',(0.,-1.,1.2E-16));
#1097 = ORIENTED_EDGE('',*,*,#1098,.F.);
#1098 = EDGE_CURVE('',#1099,#1091,#1101,.T.);
#1099 = VERTEX_POINT('',#1100);
#1100 = CARTESIAN_POINT('',(209.28125,-47.40254807749,-2.5));
#1101 = LINE('',#1102,#1103);
#1102 = CARTESIAN_POINT('',(209.28125,-47.40254807749,-2.5));
#1103 = VECTOR('',#1104,1.);
#1104 = DIRECTION('',(1.,0.,0.));
#1105 = ORIENTED_EDGE('',*,*,#1106,.F.);
#1106 = EDGE_CURVE('',#1107,#1099,#1109,.T.);
#1107 = VERTEX_POINT('',#1108);
#1108 = CARTESIAN_POINT('',(209.28125,-37.40254807749,-2.5));
#1109 = LINE('',#1110,#1111);
#1110 = CARTESIAN_POINT('',(209.28125,-37.40254807749,-2.5));
#1111 = VECTOR('',#1112,1.);
#1112 = DIRECTION('',(0.,-1.,1.2E-16));
#1113 = ORIENTED_EDGE('',*,*,#1114,.F.);
#1114 = EDGE_CURVE('',#1115,#1107,#1117,.T.);
#1115 = VERTEX_POINT('',#1116);
#1116 = CARTESIAN_POINT('',(212.28125,-37.40254807749,-2.5));
#1117 = LINE('',#1118,#1119);
#1118 = CARTESIAN_POINT('',(212.28125,-37.40254807749,-2.5));
#1119 = VECTOR('',#1120,1.);
#1120 = DIRECTION('',(-1.,0.,-0.));
#1121 = ORIENTED_EDGE('',*,*,#1122,.F.);
#1122 = EDGE_CURVE('',#1123,#1115,#1125,.T.);
#1123 = VERTEX_POINT('',#1124);
#1124 = CARTESIAN_POINT('',(209.49999992249,-34.62129799999,-2.5));
#1125 = CIRCLE('',#1126,2.781250077504);
#1126 = AXIS2_PLACEMENT_3D('',#1127,#1128,#1129);
#1127 = CARTESIAN_POINT('',(209.49999992249,-37.40254807749,-2.5));
#1128 = DIRECTION('',(0.,-1.2E-16,-1.));
#1129 = DIRECTION('',(1.,0.,0.));
#1130 = ORIENTED_EDGE('',*,*,#1131,.F.);
#1131 = EDGE_CURVE('',#1132,#1123,#1134,.T.);
#1132 = VERTEX_POINT('',#1133);
#1133 = CARTESIAN_POINT('',(203.78125,-34.62129799999,-2.5));
#1134 = LINE('',#1135,#1136);
#1135 = CARTESIAN_POINT('',(94.078044370398,-34.62129799999,-2.5));
#1136 = VECTOR('',#1137,1.);
#1137 = DIRECTION('',(1.,-6.8E-16,0.));
#1138 = ORIENTED_EDGE('',*,*,#1139,.T.);
#1139 = EDGE_CURVE('',#1132,#1140,#1142,.T.);
#1140 = VERTEX_POINT('',#1141);
#1141 = CARTESIAN_POINT('',(203.78125,-37.91319875645,-2.5));
#1142 = LINE('',#1143,#1144);
#1143 = CARTESIAN_POINT('',(203.78125,-63.61369019941,-2.5));
#1144 = VECTOR('',#1145,1.);
#1145 = DIRECTION('',(0.,-1.,0.));
#1146 = ORIENTED_EDGE('',*,*,#1147,.T.);
#1147 = EDGE_CURVE('',#1140,#899,#1148,.T.);
#1148 = CIRCLE('',#1149,4.);
#1149 = AXIS2_PLACEMENT_3D('',#1150,#1151,#1152);
#1150 = CARTESIAN_POINT('',(202.28125,-41.621298,-2.5));
#1151 = DIRECTION('',(0.,0.,-1.));
#1152 = DIRECTION('',(1.,0.,0.));
#1153 = ORIENTED_EDGE('',*,*,#898,.F.);
#1154 = ORIENTED_EDGE('',*,*,#109,.F.);
#1155 = ORIENTED_EDGE('',*,*,#1156,.F.);
#1156 = EDGE_CURVE('',#1157,#110,#1159,.T.);
#1157 = VERTEX_POINT('',#1158);
#1158 = CARTESIAN_POINT('',(104.07804437039,-35.62129799999,-2.5));
#1159 = LINE('',#1160,#1161);
#1160 = CARTESIAN_POINT('',(104.07804437039,-35.62129799999,-2.5));
#1161 = VECTOR('',#1162,1.);
#1162 = DIRECTION('',(0.,1.,-1.2E-16));
#1163 = ORIENTED_EDGE('',*,*,#1164,.F.);
#1164 = EDGE_CURVE('',#1165,#1157,#1167,.T.);
#1165 = VERTEX_POINT('',#1166);
#1166 = CARTESIAN_POINT('',(94.078044370398,-35.62129799999,-2.5));
#1167 = LINE('',#1168,#1169);
#1168 = CARTESIAN_POINT('',(94.078044370398,-35.62129799999,-2.5));
#1169 = VECTOR('',#1170,1.);
#1170 = DIRECTION('',(1.,0.,0.));
#1171 = ORIENTED_EDGE('',*,*,#1172,.F.);
#1172 = EDGE_CURVE('',#1173,#1165,#1175,.T.);
#1173 = VERTEX_POINT('',#1174);
#1174 = CARTESIAN_POINT('',(94.078044370398,-34.62129799999,-2.5));
#1175 = LINE('',#1176,#1177);
#1176 = CARTESIAN_POINT('',(94.078044370398,-34.62129799999,-2.5));
#1177 = VECTOR('',#1178,1.);
#1178 = DIRECTION('',(0.,-1.,1.2E-16));
#1179 = ORIENTED_EDGE('',*,*,#1180,.F.);
#1180 = EDGE_CURVE('',#1181,#1173,#1183,.T.);
#1181 = VERTEX_POINT('',#1182);
#1182 = CARTESIAN_POINT('',(91.296796090293,-37.40183767231,-2.5));
#1183 = CIRCLE('',#1184,2.781248370398);
#1184 = AXIS2_PLACEMENT_3D('',#1185,#1186,#1187);
#1185 = CARTESIAN_POINT('',(94.078044370398,-37.40254637039,-2.5));
#1186 = DIRECTION('',(-9.463913261608E-40,-1.2E-16,-1.));
#1187 = DIRECTION('',(-1.,-6.8434768883E-07,8.21217226596E-23));
#1188 = ORIENTED_EDGE('',*,*,#1189,.F.);
#1189 = EDGE_CURVE('',#1190,#1181,#1192,.T.);
#1190 = VERTEX_POINT('',#1191);
#1191 = CARTESIAN_POINT('',(91.278124892576,-42.86184749051,-2.5));
#1192 = LINE('',#1193,#1194);
#1193 = CARTESIAN_POINT('',(91.278124892576,-42.86184749051,-2.5));
#1194 = VECTOR('',#1195,1.);
#1195 = DIRECTION('',(3.419607138132E-03,0.999994153126,-1.2E-16));
#1196 = ORIENTED_EDGE('',*,*,#1197,.T.);
#1197 = EDGE_CURVE('',#1190,#1198,#1200,.T.);
#1198 = VERTEX_POINT('',#1199);
#1199 = CARTESIAN_POINT('',(89.296874922496,-44.84374999999,-2.5));
#1200 = CIRCLE('',#1201,1.981250077504);
#1201 = AXIS2_PLACEMENT_3D('',#1202,#1203,#1204);
#1202 = CARTESIAN_POINT('',(89.296874922496,-42.86249992249,-2.5));
#1203 = DIRECTION('',(-4.695614338771E-40,-1.2E-16,-1.));
#1204 = DIRECTION('',(3.254771105E-08,-1.,1.2E-16));
#1205 = ORIENTED_EDGE('',*,*,#1206,.F.);
#1206 = EDGE_CURVE('',#1207,#1198,#1209,.T.);
#1207 = VERTEX_POINT('',#1208);
#1208 = CARTESIAN_POINT('',(67.150000077504,-44.84374999999,-2.5));
#1209 = LINE('',#1210,#1211);
#1210 = CARTESIAN_POINT('',(57.150000077504,-44.84374999999,-2.5));
#1211 = VECTOR('',#1212,1.);
#1212 = DIRECTION('',(1.,6.211E-14,0.));
#1213 = ORIENTED_EDGE('',*,*,#1214,.F.);
#1214 = EDGE_CURVE('',#1215,#1207,#1217,.T.);
#1215 = VERTEX_POINT('',#1216);
#1216 = CARTESIAN_POINT('',(67.150000077504,-47.84374999999,-2.5));
#1217 = LINE('',#1218,#1219);
#1218 = CARTESIAN_POINT('',(67.150000077504,-47.84374999999,-2.5));
#1219 = VECTOR('',#1220,1.);
#1220 = DIRECTION('',(0.,1.,-1.2E-16));
#1221 = ORIENTED_EDGE('',*,*,#1222,.F.);
#1222 = EDGE_CURVE('',#1223,#1215,#1225,.T.);
#1223 = VERTEX_POINT('',#1224);
#1224 = CARTESIAN_POINT('',(57.150000077504,-47.84374999999,-2.5));
#1225 = LINE('',#1226,#1227);
#1226 = CARTESIAN_POINT('',(57.150000077504,-47.84374999999,-2.5));
#1227 = VECTOR('',#1228,1.);
#1228 = DIRECTION('',(1.,0.,0.));
#1229 = ORIENTED_EDGE('',*,*,#1230,.F.);
#1230 = EDGE_CURVE('',#1231,#1223,#1233,.T.);
#1231 = VERTEX_POINT('',#1232);
#1232 = CARTESIAN_POINT('',(57.150000077504,-44.84374999999,-2.5));
#1233 = LINE('',#1234,#1235);
#1234 = CARTESIAN_POINT('',(57.150000077504,-44.84374999999,-2.5));
#1235 = VECTOR('',#1236,1.);
#1236 = DIRECTION('',(0.,-1.,1.2E-16));
#1237 = ORIENTED_EDGE('',*,*,#1238,.F.);
#1238 = EDGE_CURVE('',#1239,#1231,#1241,.T.);
#1239 = VERTEX_POINT('',#1240);
#1240 = CARTESIAN_POINT('',(54.36875,-47.6250000775,-2.5));
#1241 = CIRCLE('',#1242,2.781250077504);
#1242 = AXIS2_PLACEMENT_3D('',#1243,#1244,#1245);
#1243 = CARTESIAN_POINT('',(57.150000077504,-47.6250000775,-2.5));
#1244 = DIRECTION('',(-2.932078626709E-41,-1.2E-16,-1.));
#1245 = DIRECTION('',(-1.,3.254771702E-08,-3.9057260424E-24));
#1246 = ORIENTED_EDGE('',*,*,#1247,.F.);
#1247 = EDGE_CURVE('',#1248,#1239,#1250,.T.);
#1248 = VERTEX_POINT('',#1249);
#1249 = CARTESIAN_POINT('',(55.36875,-47.6250000775,-2.5));
#1250 = LINE('',#1251,#1252);
#1251 = CARTESIAN_POINT('',(55.36875,-47.6250000775,-2.5));
#1252 = VECTOR('',#1253,1.);
#1253 = DIRECTION('',(-1.,0.,-0.));
#1254 = ORIENTED_EDGE('',*,*,#1255,.F.);
#1255 = EDGE_CURVE('',#1256,#1248,#1258,.T.);
#1256 = VERTEX_POINT('',#1257);
#1257 = CARTESIAN_POINT('',(55.36875,-57.6250000775,-2.5));
#1258 = LINE('',#1259,#1260);
#1259 = CARTESIAN_POINT('',(55.36875,-57.6250000775,-2.5));
#1260 = VECTOR('',#1261,1.);
#1261 = DIRECTION('',(0.,1.,-1.2E-16));
#1262 = ORIENTED_EDGE('',*,*,#1263,.F.);
#1263 = EDGE_CURVE('',#1264,#1256,#1266,.T.);
#1264 = VERTEX_POINT('',#1265);
#1265 = CARTESIAN_POINT('',(54.36875,-57.6250000775,-2.5));
#1266 = LINE('',#1267,#1268);
#1267 = CARTESIAN_POINT('',(54.36875,-57.6250000775,-2.5));
#1268 = VECTOR('',#1269,1.);
#1269 = DIRECTION('',(1.,0.,0.));
#1270 = ORIENTED_EDGE('',*,*,#1271,.F.);
#1271 = EDGE_CURVE('',#1272,#1264,#1274,.T.);
#1272 = VERTEX_POINT('',#1273);
#1273 = CARTESIAN_POINT('',(54.36875,-117.3968749224,-2.5));
#1274 = LINE('',#1275,#1276);
#1275 = CARTESIAN_POINT('',(54.36875,-127.3968749224,-2.5));
#1276 = VECTOR('',#1277,1.);
#1277 = DIRECTION('',(0.,1.,-1.2E-16));
#1278 = ORIENTED_EDGE('',*,*,#1279,.F.);
#1279 = EDGE_CURVE('',#1280,#1272,#1282,.T.);
#1280 = VERTEX_POINT('',#1281);
#1281 = CARTESIAN_POINT('',(55.36875,-117.3968749224,-2.5));
#1282 = LINE('',#1283,#1284);
#1283 = CARTESIAN_POINT('',(55.36875,-117.3968749224,-2.5));
#1284 = VECTOR('',#1285,1.);
#1285 = DIRECTION('',(-1.,0.,-0.));
#1286 = ORIENTED_EDGE('',*,*,#1287,.F.);
#1287 = EDGE_CURVE('',#1288,#1280,#1290,.T.);
#1288 = VERTEX_POINT('',#1289);
#1289 = CARTESIAN_POINT('',(55.36875,-127.3968749224,-2.5));
#1290 = LINE('',#1291,#1292);
#1291 = CARTESIAN_POINT('',(55.36875,-127.3968749224,-2.5));
#1292 = VECTOR('',#1293,1.);
#1293 = DIRECTION('',(0.,1.,-1.2E-16));
#1294 = ORIENTED_EDGE('',*,*,#1295,.F.);
#1295 = EDGE_CURVE('',#1296,#1288,#1298,.T.);
#1296 = VERTEX_POINT('',#1297);
#1297 = CARTESIAN_POINT('',(54.36875,-127.3968749224,-2.5));
#1298 = LINE('',#1299,#1300);
#1299 = CARTESIAN_POINT('',(54.36875,-127.3968749224,-2.5));
#1300 = VECTOR('',#1301,1.);
#1301 = DIRECTION('',(1.,0.,0.));
#1302 = ORIENTED_EDGE('',*,*,#1303,.F.);
#1303 = EDGE_CURVE('',#1304,#1296,#1306,.T.);
#1304 = VERTEX_POINT('',#1305);
#1305 = CARTESIAN_POINT('',(57.150000077504,-130.1781249999,-2.5));
#1306 = CIRCLE('',#1307,2.781250077504);
#1307 = AXIS2_PLACEMENT_3D('',#1308,#1309,#1310);
#1308 = CARTESIAN_POINT('',(57.150000077504,-127.3968749224,-2.5));
#1309 = DIRECTION('',(-2.651228535324E-40,-1.2E-16,-1.));
#1310 = DIRECTION('',(-3.254771702E-08,-1.,1.2E-16));
#1311 = ORIENTED_EDGE('',*,*,#1312,.F.);
#1312 = EDGE_CURVE('',#1313,#1304,#1315,.T.);
#1313 = VERTEX_POINT('',#1314);
#1314 = CARTESIAN_POINT('',(57.150000077504,-127.1781249999,-2.5));
#1315 = LINE('',#1316,#1317);
#1316 = CARTESIAN_POINT('',(57.150000077504,-127.1781249999,-2.5));
#1317 = VECTOR('',#1318,1.);
#1318 = DIRECTION('',(0.,-1.,1.2E-16));
#1319 = ORIENTED_EDGE('',*,*,#1320,.F.);
#1320 = EDGE_CURVE('',#1321,#1313,#1323,.T.);
#1321 = VERTEX_POINT('',#1322);
#1322 = CARTESIAN_POINT('',(67.150000077504,-127.1781249999,-2.5));
#1323 = LINE('',#1324,#1325);
#1324 = CARTESIAN_POINT('',(67.150000077504,-127.1781249999,-2.5));
#1325 = VECTOR('',#1326,1.);
#1326 = DIRECTION('',(-1.,0.,-0.));
#1327 = ORIENTED_EDGE('',*,*,#1328,.F.);
#1328 = EDGE_CURVE('',#1329,#1321,#1331,.T.);
#1329 = VERTEX_POINT('',#1330);
#1330 = CARTESIAN_POINT('',(67.150000077504,-130.1781249999,-2.5));
#1331 = LINE('',#1332,#1333);
#1332 = CARTESIAN_POINT('',(67.150000077504,-130.1781249999,-2.5));
#1333 = VECTOR('',#1334,1.);
#1334 = DIRECTION('',(0.,1.,-1.2E-16));
#1335 = ORIENTED_EDGE('',*,*,#1336,.F.);
#1336 = EDGE_CURVE('',#1337,#1329,#1339,.T.);
#1337 = VERTEX_POINT('',#1338);
#1338 = CARTESIAN_POINT('',(125.01562492249,-130.1781249999,-2.5));
#1339 = LINE('',#1340,#1341);
#1340 = CARTESIAN_POINT('',(125.01562492249,-130.1781249999,-2.5));
#1341 = VECTOR('',#1342,1.);
#1342 = DIRECTION('',(-1.,1.35522E-12,0.));
#1343 = ORIENTED_EDGE('',*,*,#1344,.T.);
#1344 = EDGE_CURVE('',#1337,#1345,#1347,.T.);
#1345 = VERTEX_POINT('',#1346);
#1346 = CARTESIAN_POINT('',(126.99687499999,-132.1593750775,-2.5));
#1347 = CIRCLE('',#1348,1.981250077504);
#1348 = AXIS2_PLACEMENT_3D('',#1349,#1350,#1351);
#1349 = CARTESIAN_POINT('',(125.01562492249,-132.1593750775,-2.5));
#1350 = DIRECTION('',(-9.235446406804E-41,-1.2E-16,-1.));
#1351 = DIRECTION('',(1.,3.254769912E-08,-3.9057238944E-24));
#1352 = ORIENTED_EDGE('',*,*,#1353,.F.);
#1353 = EDGE_CURVE('',#949,#1345,#1354,.T.);
#1354 = LINE('',#1355,#1356);
#1355 = CARTESIAN_POINT('',(126.99687499999,-141.6843749224,-2.5));
#1356 = VECTOR('',#1357,1.);
#1357 = DIRECTION('',(-2.0887E-13,1.,-1.2E-16));
#1358 = FACE_BOUND('',#1359,.T.);
#1359 = EDGE_LOOP('',(#1360,#1371,#1379,#1388));
#1360 = ORIENTED_EDGE('',*,*,#1361,.F.);
#1361 = EDGE_CURVE('',#1362,#1364,#1366,.T.);
#1362 = VERTEX_POINT('',#1363);
#1363 = CARTESIAN_POINT('',(79.2,-107.359375,-2.5));
#1364 = VERTEX_POINT('',#1365);
#1365 = CARTESIAN_POINT('',(76.2,-110.359375,-2.5));
#1366 = CIRCLE('',#1367,3.);
#1367 = AXIS2_PLACEMENT_3D('',#1368,#1369,#1370);
#1368 = CARTESIAN_POINT('',(76.2,-107.359375,-2.5));
#1369 = DIRECTION('',(0.,0.,1.));
#1370 = DIRECTION('',(1.,0.,0.));
#1371 = ORIENTED_EDGE('',*,*,#1372,.T.);
#1372 = EDGE_CURVE('',#1362,#1373,#1375,.T.);
#1373 = VERTEX_POINT('',#1374);
#1374 = CARTESIAN_POINT('',(78.650882,-107.359375,-2.5));
#1375 = LINE('',#1376,#1377);
#1376 = CARTESIAN_POINT('',(107.04811437242,-107.359375,-2.5));
#1377 = VECTOR('',#1378,1.);
#1378 = DIRECTION('',(-1.,0.,0.));
#1379 = ORIENTED_EDGE('',*,*,#1380,.F.);
#1380 = EDGE_CURVE('',#1381,#1373,#1383,.T.);
#1381 = VERTEX_POINT('',#1382);
#1382 = CARTESIAN_POINT('',(76.2,-109.810257,-2.5));
#1383 = CIRCLE('',#1384,2.450882);
#1384 = AXIS2_PLACEMENT_3D('',#1385,#1386,#1387);
#1385 = CARTESIAN_POINT('',(76.2,-107.359375,-2.5));
#1386 = DIRECTION('',(0.,0.,1.));
#1387 = DIRECTION('',(1.,0.,0.));
#1388 = ORIENTED_EDGE('',*,*,#1389,.F.);
#1389 = EDGE_CURVE('',#1364,#1381,#1390,.T.);
#1390 = LINE('',#1391,#1392);
#1391 = CARTESIAN_POINT('',(76.2,-99.56221932118,-2.5));
#1392 = VECTOR('',#1393,1.);
#1393 = DIRECTION('',(0.,1.,0.));
#1394 = FACE_BOUND('',#1395,.T.);
#1395 = EDGE_LOOP('',(#1396));
#1396 = ORIENTED_EDGE('',*,*,#1397,.F.);
#1397 = EDGE_CURVE('',#1398,#1398,#1400,.T.);
#1398 = VERTEX_POINT('',#1399);
#1399 = CARTESIAN_POINT('',(131.5875,-121.44375,-2.5));
#1400 = CIRCLE('',#1401,3.);
#1401 = AXIS2_PLACEMENT_3D('',#1402,#1403,#1404);
#1402 = CARTESIAN_POINT('',(128.5875,-121.44375,-2.5));
#1403 = DIRECTION('',(0.,0.,1.));
#1404 = DIRECTION('',(1.,0.,0.));
#1405 = FACE_BOUND('',#1406,.T.);
#1406 = EDGE_LOOP('',(#1407));
#1407 = ORIENTED_EDGE('',*,*,#1408,.F.);
#1408 = EDGE_CURVE('',#1409,#1409,#1411,.T.);
#1409 = VERTEX_POINT('',#1410);
#1410 = CARTESIAN_POINT('',(179.2125,-123.825,-2.5));
#1411 = CIRCLE('',#1412,3.);
#1412 = AXIS2_PLACEMENT_3D('',#1413,#1414,#1415);
#1413 = CARTESIAN_POINT('',(176.2125,-123.825,-2.5));
#1414 = DIRECTION('',(0.,0.,1.));
#1415 = DIRECTION('',(1.,0.,0.));
#1416 = FACE_BOUND('',#1417,.T.);
#1417 = EDGE_LOOP('',(#1418,#1429,#1437,#1446));
#1418 = ORIENTED_EDGE('',*,*,#1419,.F.);
#1419 = EDGE_CURVE('',#1420,#1422,#1424,.T.);
#1420 = VERTEX_POINT('',#1421);
#1421 = CARTESIAN_POINT('',(79.2,-69.259375,-2.5));
#1422 = VERTEX_POINT('',#1423);
#1423 = CARTESIAN_POINT('',(76.2,-72.259375,-2.5));
#1424 = CIRCLE('',#1425,3.);
#1425 = AXIS2_PLACEMENT_3D('',#1426,#1427,#1428);
#1426 = CARTESIAN_POINT('',(76.2,-69.259375,-2.5));
#1427 = DIRECTION('',(0.,0.,1.));
#1428 = DIRECTION('',(1.,0.,0.));
#1429 = ORIENTED_EDGE('',*,*,#1430,.T.);
#1430 = EDGE_CURVE('',#1420,#1431,#1433,.T.);
#1431 = VERTEX_POINT('',#1432);
#1432 = CARTESIAN_POINT('',(78.376411378996,-69.259375,-2.5));
#1433 = LINE('',#1434,#1435);
#1434 = CARTESIAN_POINT('',(106.91087906192,-69.259375,-2.5));
#1435 = VECTOR('',#1436,1.);
#1436 = DIRECTION('',(-1.,-1.725E-14,0.));
#1437 = ORIENTED_EDGE('',*,*,#1438,.F.);
#1438 = EDGE_CURVE('',#1439,#1431,#1441,.T.);
#1439 = VERTEX_POINT('',#1440);
#1440 = CARTESIAN_POINT('',(76.2,-71.43578637899,-2.5));
#1441 = CIRCLE('',#1442,2.176411378996);
#1442 = AXIS2_PLACEMENT_3D('',#1443,#1444,#1445);
#1443 = CARTESIAN_POINT('',(76.2,-69.259375,-2.5));
#1444 = DIRECTION('',(0.,0.,1.));
#1445 = DIRECTION('',(1.,0.,0.));
#1446 = ORIENTED_EDGE('',*,*,#1447,.F.);
#1447 = EDGE_CURVE('',#1422,#1439,#1448,.T.);
#1448 = LINE('',#1449,#1450);
#1449 = CARTESIAN_POINT('',(76.200000000001,-80.37498401069,-2.5));
#1450 = VECTOR('',#1451,1.);
#1451 = DIRECTION('',(-1.7255E-13,1.,0.));
#1452 = FACE_BOUND('',#1453,.T.);
#1453 = EDGE_LOOP('',(#1454,#1465,#1473,#1482));
#1454 = ORIENTED_EDGE('',*,*,#1455,.F.);
#1455 = EDGE_CURVE('',#1456,#1458,#1460,.T.);
#1456 = VERTEX_POINT('',#1457);
#1457 = CARTESIAN_POINT('',(116.770642,-78.898751,-2.5));
#1458 = VERTEX_POINT('',#1459);
#1459 = CARTESIAN_POINT('',(113.770642,-81.898751,-2.5));
#1460 = CIRCLE('',#1461,3.);
#1461 = AXIS2_PLACEMENT_3D('',#1462,#1463,#1464);
#1462 = CARTESIAN_POINT('',(113.770642,-78.898751,-2.5));
#1463 = DIRECTION('',(0.,0.,1.));
#1464 = DIRECTION('',(1.,0.,0.));
#1465 = ORIENTED_EDGE('',*,*,#1466,.T.);
#1466 = EDGE_CURVE('',#1456,#1467,#1469,.T.);
#1467 = VERTEX_POINT('',#1468);
#1468 = CARTESIAN_POINT('',(116.108112,-78.898751,-2.5));
#1469 = LINE('',#1470,#1471);
#1470 = CARTESIAN_POINT('',(125.77672937242,-78.898751,-2.5));
#1471 = VECTOR('',#1472,1.);
#1472 = DIRECTION('',(-1.,0.,0.));
#1473 = ORIENTED_EDGE('',*,*,#1474,.F.);
#1474 = EDGE_CURVE('',#1475,#1467,#1477,.T.);
#1475 = VERTEX_POINT('',#1476);
#1476 = CARTESIAN_POINT('',(113.770642,-81.236221,-2.5));
#1477 = CIRCLE('',#1478,2.33747);
#1478 = AXIS2_PLACEMENT_3D('',#1479,#1480,#1481);
#1479 = CARTESIAN_POINT('',(113.770642,-78.898751,-2.5));
#1480 = DIRECTION('',(0.,0.,1.));
#1481 = DIRECTION('',(1.,0.,0.));
#1482 = ORIENTED_EDGE('',*,*,#1483,.F.);
#1483 = EDGE_CURVE('',#1458,#1475,#1484,.T.);
#1484 = LINE('',#1485,#1486);
#1485 = CARTESIAN_POINT('',(113.770642,-85.27520132118,-2.5));
#1486 = VECTOR('',#1487,1.);
#1487 = DIRECTION('',(0.,1.,0.));
#1488 = FACE_BOUND('',#1489,.T.);
#1489 = EDGE_LOOP('',(#1490));
#1490 = ORIENTED_EDGE('',*,*,#1491,.F.);
#1491 = EDGE_CURVE('',#1492,#1492,#1494,.T.);
#1492 = VERTEX_POINT('',#1493);
#1493 = CARTESIAN_POINT('',(170.878125,-42.8625,-2.5));
#1494 = CIRCLE('',#1495,3.);
#1495 = AXIS2_PLACEMENT_3D('',#1496,#1497,#1498);
#1496 = CARTESIAN_POINT('',(167.878125,-42.8625,-2.5));
#1497 = DIRECTION('',(0.,0.,1.));
#1498 = DIRECTION('',(1.,0.,0.));
#1499 = PLANE('',#1500);
#1500 = AXIS2_PLACEMENT_3D('',#1501,#1502,#1503);
#1501 = CARTESIAN_POINT('',(135.44534674485,-89.31418164237,-2.5));
#1502 = DIRECTION('',(0.,1.2E-16,1.));
#1503 = DIRECTION('',(1.,0.,0.));
#1504 = ADVANCED_FACE('',(#1505),#1524,.F.);
#1505 = FACE_BOUND('',#1506,.F.);
#1506 = EDGE_LOOP('',(#1507,#1515,#1522,#1523));
#1507 = ORIENTED_EDGE('',*,*,#1508,.F.);
#1508 = EDGE_CURVE('',#1509,#176,#1511,.T.);
#1509 = VERTEX_POINT('',#1510);
#1510 = CARTESIAN_POINT('',(186.34344533,-32.62129799999,1.697997156984)
  );
#1511 = LINE('',#1512,#1513);
#1512 = CARTESIAN_POINT('',(186.34344533,-25.303781263,1.697997156984));
#1513 = VECTOR('',#1514,1.);
#1514 = DIRECTION('',(0.,-1.,0.));
#1515 = ORIENTED_EDGE('',*,*,#1516,.F.);
#1516 = EDGE_CURVE('',#925,#1509,#1517,.T.);
#1517 = CIRCLE('',#1518,1.659294842016);
#1518 = AXIS2_PLACEMENT_3D('',#1519,#1520,#1521);
#1519 = CARTESIAN_POINT('',(186.34344533,-32.62129799999,3.357291999));
#1520 = DIRECTION('',(6.2E-16,1.,0.));
#1521 = DIRECTION('',(1.,-6.2E-16,-4.E-17));
#1522 = ORIENTED_EDGE('',*,*,#932,.T.);
#1523 = ORIENTED_EDGE('',*,*,#183,.T.);
#1524 = CYLINDRICAL_SURFACE('',#1525,1.659294842016);
#1525 = AXIS2_PLACEMENT_3D('',#1526,#1527,#1528);
#1526 = CARTESIAN_POINT('',(186.34344533,-25.303781263,3.357291999));
#1527 = DIRECTION('',(0.,1.,0.));
#1528 = DIRECTION('',(-1.,0.,0.));
#1529 = ADVANCED_FACE('',(#1530),#1548,.F.);
#1530 = FACE_BOUND('',#1531,.F.);
#1531 = EDGE_LOOP('',(#1532,#1540,#1546,#1547));
#1532 = ORIENTED_EDGE('',*,*,#1533,.T.);
#1533 = EDGE_CURVE('',#1157,#1534,#1536,.T.);
#1534 = VERTEX_POINT('',#1535);
#1535 = CARTESIAN_POINT('',(104.07804437039,-35.62129799999,
    3.996802888651E-15));
#1536 = LINE('',#1537,#1538);
#1537 = CARTESIAN_POINT('',(104.07804437039,-35.62129799999,-2.5));
#1538 = VECTOR('',#1539,1.);
#1539 = DIRECTION('',(0.,0.,1.));
#1540 = ORIENTED_EDGE('',*,*,#1541,.T.);
#1541 = EDGE_CURVE('',#1534,#118,#1542,.T.);
#1542 = LINE('',#1543,#1544);
#1543 = CARTESIAN_POINT('',(104.07804437039,-35.62129799999,
    4.440892098501E-15));
#1544 = VECTOR('',#1545,1.);
#1545 = DIRECTION('',(0.,1.,-1.2E-16));
#1546 = ORIENTED_EDGE('',*,*,#117,.F.);
#1547 = ORIENTED_EDGE('',*,*,#1156,.F.);
#1548 = PLANE('',#1549);
#1549 = AXIS2_PLACEMENT_3D('',#1550,#1551,#1552);
#1550 = CARTESIAN_POINT('',(104.07804437039,-35.62129799999,-2.5));
#1551 = DIRECTION('',(-1.,0.,0.));
#1552 = DIRECTION('',(0.,1.,0.));
#1553 = ADVANCED_FACE('',(#1554),#1572,.F.);
#1554 = FACE_BOUND('',#1555,.F.);
#1555 = EDGE_LOOP('',(#1556,#1564,#1570,#1571));
#1556 = ORIENTED_EDGE('',*,*,#1557,.F.);
#1557 = EDGE_CURVE('',#1558,#167,#1560,.T.);
#1558 = VERTEX_POINT('',#1559);
#1559 = CARTESIAN_POINT('',(179.404015301,-32.62129799999,1.697997156984
    ));
#1560 = LINE('',#1561,#1562);
#1561 = CARTESIAN_POINT('',(179.404015301,-25.303781263,1.697997156984)
  );
#1562 = VECTOR('',#1563,1.);
#1563 = DIRECTION('',(0.,-1.,0.));
#1564 = ORIENTED_EDGE('',*,*,#1565,.F.);
#1565 = EDGE_CURVE('',#1509,#1558,#1566,.T.);
#1566 = LINE('',#1567,#1568);
#1567 = CARTESIAN_POINT('',(186.34344533,-32.62129799999,1.697997156984)
  );
#1568 = VECTOR('',#1569,1.);
#1569 = DIRECTION('',(-1.,6.2E-16,0.));
#1570 = ORIENTED_EDGE('',*,*,#1508,.T.);
#1571 = ORIENTED_EDGE('',*,*,#175,.T.);
#1572 = PLANE('',#1573);
#1573 = AXIS2_PLACEMENT_3D('',#1574,#1575,#1576);
#1574 = CARTESIAN_POINT('',(186.34344533,-25.303781263,1.697997156984));
#1575 = DIRECTION('',(0.,0.,-1.));
#1576 = DIRECTION('',(-1.,-0.,-0.));
#1577 = ADVANCED_FACE('',(#1578),#1596,.T.);
#1578 = FACE_BOUND('',#1579,.T.);
#1579 = EDGE_LOOP('',(#1580,#1588,#1594,#1595));
#1580 = ORIENTED_EDGE('',*,*,#1581,.T.);
#1581 = EDGE_CURVE('',#126,#1582,#1584,.T.);
#1582 = VERTEX_POINT('',#1583);
#1583 = CARTESIAN_POINT('',(94.078044370398,-35.62129799999,
    3.996802888651E-15));
#1584 = LINE('',#1585,#1586);
#1585 = CARTESIAN_POINT('',(94.078044370398,-34.62129799999,
    4.440892098501E-15));
#1586 = VECTOR('',#1587,1.);
#1587 = DIRECTION('',(0.,-1.,1.2E-16));
#1588 = ORIENTED_EDGE('',*,*,#1589,.T.);
#1589 = EDGE_CURVE('',#1582,#1534,#1590,.T.);
#1590 = LINE('',#1591,#1592);
#1591 = CARTESIAN_POINT('',(94.078044370398,-35.62129799999,
    4.440892098501E-15));
#1592 = VECTOR('',#1593,1.);
#1593 = DIRECTION('',(1.,0.,0.));
#1594 = ORIENTED_EDGE('',*,*,#1541,.T.);
#1595 = ORIENTED_EDGE('',*,*,#125,.T.);
#1596 = PLANE('',#1597);
#1597 = AXIS2_PLACEMENT_3D('',#1598,#1599,#1600);
#1598 = CARTESIAN_POINT('',(100.48421681974,-89.20316595946,
    1.06581410364E-14));
#1599 = DIRECTION('',(0.,1.2E-16,1.));
#1600 = DIRECTION('',(1.,0.,0.));
#1601 = ADVANCED_FACE('',(#1602),#1621,.F.);
#1602 = FACE_BOUND('',#1603,.F.);
#1603 = EDGE_LOOP('',(#1604,#1612,#1619,#1620));
#1604 = ORIENTED_EDGE('',*,*,#1605,.F.);
#1605 = EDGE_CURVE('',#1606,#159,#1608,.T.);
#1606 = VERTEX_POINT('',#1607);
#1607 = CARTESIAN_POINT('',(177.74472045898,-32.62129799999,3.357291999)
  );
#1608 = LINE('',#1609,#1610);
#1609 = CARTESIAN_POINT('',(177.74472045898,-25.303781263,3.357291999));
#1610 = VECTOR('',#1611,1.);
#1611 = DIRECTION('',(0.,-1.,0.));
#1612 = ORIENTED_EDGE('',*,*,#1613,.F.);
#1613 = EDGE_CURVE('',#1558,#1606,#1614,.T.);
#1614 = CIRCLE('',#1615,1.659294842016);
#1615 = AXIS2_PLACEMENT_3D('',#1616,#1617,#1618);
#1616 = CARTESIAN_POINT('',(179.404015301,-32.62129799999,3.357291999));
#1617 = DIRECTION('',(6.2E-16,1.,6.051340435671E-46));
#1618 = DIRECTION('',(-1.732E-14,1.07384E-29,-1.));
#1619 = ORIENTED_EDGE('',*,*,#1557,.T.);
#1620 = ORIENTED_EDGE('',*,*,#166,.T.);
#1621 = CYLINDRICAL_SURFACE('',#1622,1.659294842016);
#1622 = AXIS2_PLACEMENT_3D('',#1623,#1624,#1625);
#1623 = CARTESIAN_POINT('',(179.404015301,-25.303781263,3.357291999));
#1624 = DIRECTION('',(0.,1.,0.));
#1625 = DIRECTION('',(-1.,0.,0.));
#1626 = ADVANCED_FACE('',(#1627),#1644,.F.);
#1627 = FACE_BOUND('',#1628,.F.);
#1628 = EDGE_LOOP('',(#1629,#1630,#1636,#1637,#1638));
#1629 = ORIENTED_EDGE('',*,*,#1180,.F.);
#1630 = ORIENTED_EDGE('',*,*,#1631,.T.);
#1631 = EDGE_CURVE('',#1181,#829,#1632,.T.);
#1632 = LINE('',#1633,#1634);
#1633 = CARTESIAN_POINT('',(91.296796090293,-37.40183767231,-4.));
#1634 = VECTOR('',#1635,1.);
#1635 = DIRECTION('',(0.,0.,1.));
#1636 = ORIENTED_EDGE('',*,*,#836,.T.);
#1637 = ORIENTED_EDGE('',*,*,#133,.F.);
#1638 = ORIENTED_EDGE('',*,*,#1639,.F.);
#1639 = EDGE_CURVE('',#1173,#126,#1640,.T.);
#1640 = LINE('',#1641,#1642);
#1641 = CARTESIAN_POINT('',(94.078044370398,-34.62129799999,-4.));
#1642 = VECTOR('',#1643,1.);
#1643 = DIRECTION('',(0.,0.,1.));
#1644 = CYLINDRICAL_SURFACE('',#1645,2.781248370398);
#1645 = AXIS2_PLACEMENT_3D('',#1646,#1647,#1648);
#1646 = CARTESIAN_POINT('',(94.078044370398,-37.40254637039,-4.));
#1647 = DIRECTION('',(0.,0.,-1.));
#1648 = DIRECTION('',(-1.,-6.8434768883E-07,-0.));
#1649 = ADVANCED_FACE('',(#1650),#1668,.T.);
#1650 = FACE_BOUND('',#1651,.T.);
#1651 = EDGE_LOOP('',(#1652,#1653,#1661,#1667));
#1652 = ORIENTED_EDGE('',*,*,#1605,.F.);
#1653 = ORIENTED_EDGE('',*,*,#1654,.T.);
#1654 = EDGE_CURVE('',#1606,#1655,#1657,.T.);
#1655 = VERTEX_POINT('',#1656);
#1656 = CARTESIAN_POINT('',(177.74472045898,-32.62129799999,7.));
#1657 = LINE('',#1658,#1659);
#1658 = CARTESIAN_POINT('',(177.74472045898,-32.62129799999,3.357291999)
  );
#1659 = VECTOR('',#1660,1.);
#1660 = DIRECTION('',(0.,0.,1.));
#1661 = ORIENTED_EDGE('',*,*,#1662,.F.);
#1662 = EDGE_CURVE('',#150,#1655,#1663,.T.);
#1663 = LINE('',#1664,#1665);
#1664 = CARTESIAN_POINT('',(177.74472045898,-34.62129799999,7.));
#1665 = VECTOR('',#1666,1.);
#1666 = DIRECTION('',(0.,1.,-1.2E-16));
#1667 = ORIENTED_EDGE('',*,*,#158,.T.);
#1668 = PLANE('',#1669);
#1669 = AXIS2_PLACEMENT_3D('',#1670,#1671,#1672);
#1670 = CARTESIAN_POINT('',(177.74472045898,-25.303781263,10.020738604)
  );
#1671 = DIRECTION('',(1.,0.,0.));
#1672 = DIRECTION('',(0.,-2.2E-16,-1.));
#1673 = ADVANCED_FACE('',(#1674),#1686,.T.);
#1674 = FACE_BOUND('',#1675,.T.);
#1675 = EDGE_LOOP('',(#1676,#1677,#1678,#1685));
#1676 = ORIENTED_EDGE('',*,*,#149,.T.);
#1677 = ORIENTED_EDGE('',*,*,#1662,.T.);
#1678 = ORIENTED_EDGE('',*,*,#1679,.T.);
#1679 = EDGE_CURVE('',#1655,#413,#1680,.T.);
#1680 = CIRCLE('',#1681,0.5);
#1681 = AXIS2_PLACEMENT_3D('',#1682,#1683,#1684);
#1682 = CARTESIAN_POINT('',(177.24472045898,-32.62129799999,7.));
#1683 = DIRECTION('',(0.,-1.,1.8E-16));
#1684 = DIRECTION('',(0.,1.8E-16,1.));
#1685 = ORIENTED_EDGE('',*,*,#412,.F.);
#1686 = CYLINDRICAL_SURFACE('',#1687,0.5);
#1687 = AXIS2_PLACEMENT_3D('',#1688,#1689,#1690);
#1688 = CARTESIAN_POINT('',(177.24472045898,-34.62129799999,7.));
#1689 = DIRECTION('',(0.,1.,-1.2E-16));
#1690 = DIRECTION('',(0.,1.2E-16,1.));
#1691 = ADVANCED_FACE('',(#1692),#1717,.F.);
#1692 = FACE_BOUND('',#1693,.F.);
#1693 = EDGE_LOOP('',(#1694,#1702,#1710,#1716));
#1694 = ORIENTED_EDGE('',*,*,#1695,.F.);
#1695 = EDGE_CURVE('',#1696,#225,#1698,.T.);
#1696 = VERTEX_POINT('',#1697);
#1697 = CARTESIAN_POINT('',(161.3,-32.37129799999,3.275));
#1698 = LINE('',#1699,#1700);
#1699 = CARTESIAN_POINT('',(161.3,-25.65,3.275));
#1700 = VECTOR('',#1701,1.);
#1701 = DIRECTION('',(0.,-1.,0.));
#1702 = ORIENTED_EDGE('',*,*,#1703,.F.);
#1703 = EDGE_CURVE('',#1704,#1696,#1706,.T.);
#1704 = VERTEX_POINT('',#1705);
#1705 = CARTESIAN_POINT('',(154.8,-32.37129799999,3.275));
#1706 = LINE('',#1707,#1708);
#1707 = CARTESIAN_POINT('',(154.8,-32.37129799999,3.275));
#1708 = VECTOR('',#1709,1.);
#1709 = DIRECTION('',(1.,-6.2E-16,0.));
#1710 = ORIENTED_EDGE('',*,*,#1711,.T.);
#1711 = EDGE_CURVE('',#1704,#216,#1712,.T.);
#1712 = LINE('',#1713,#1714);
#1713 = CARTESIAN_POINT('',(154.8,-25.65,3.275));
#1714 = VECTOR('',#1715,1.);
#1715 = DIRECTION('',(0.,-1.,0.));
#1716 = ORIENTED_EDGE('',*,*,#232,.T.);
#1717 = PLANE('',#1718);
#1718 = AXIS2_PLACEMENT_3D('',#1719,#1720,#1721);
#1719 = CARTESIAN_POINT('',(154.8,-25.65,3.275));
#1720 = DIRECTION('',(0.,0.,1.));
#1721 = DIRECTION('',(1.,0.,0.));
#1722 = ADVANCED_FACE('',(#1723),#1742,.F.);
#1723 = FACE_BOUND('',#1724,.F.);
#1724 = EDGE_LOOP('',(#1725,#1726,#1735,#1741));
#1725 = ORIENTED_EDGE('',*,*,#1711,.F.);
#1726 = ORIENTED_EDGE('',*,*,#1727,.F.);
#1727 = EDGE_CURVE('',#1728,#1704,#1730,.T.);
#1728 = VERTEX_POINT('',#1729);
#1729 = CARTESIAN_POINT('',(154.4,-32.37129799999,2.875));
#1730 = CIRCLE('',#1731,0.4);
#1731 = AXIS2_PLACEMENT_3D('',#1732,#1733,#1734);
#1732 = CARTESIAN_POINT('',(154.8,-32.37129799999,2.875));
#1733 = DIRECTION('',(6.2E-16,1.,0.));
#1734 = DIRECTION('',(-1.,6.2E-16,-2.22E-15));
#1735 = ORIENTED_EDGE('',*,*,#1736,.T.);
#1736 = EDGE_CURVE('',#1728,#247,#1737,.T.);
#1737 = LINE('',#1738,#1739);
#1738 = CARTESIAN_POINT('',(154.4,-25.65,2.875));
#1739 = VECTOR('',#1740,1.);
#1740 = DIRECTION('',(0.,-1.,0.));
#1741 = ORIENTED_EDGE('',*,*,#256,.T.);
#1742 = CYLINDRICAL_SURFACE('',#1743,0.4);
#1743 = AXIS2_PLACEMENT_3D('',#1744,#1745,#1746);
#1744 = CARTESIAN_POINT('',(154.8,-25.65,2.875));
#1745 = DIRECTION('',(0.,1.,0.));
#1746 = DIRECTION('',(-1.,0.,0.));
#1747 = ADVANCED_FACE('',(#1748),#1767,.F.);
#1748 = FACE_BOUND('',#1749,.F.);
#1749 = EDGE_LOOP('',(#1750,#1758,#1765,#1766));
#1750 = ORIENTED_EDGE('',*,*,#1751,.F.);
#1751 = EDGE_CURVE('',#1752,#274,#1754,.T.);
#1752 = VERTEX_POINT('',#1753);
#1753 = CARTESIAN_POINT('',(161.7,-32.37129799999,2.875));
#1754 = LINE('',#1755,#1756);
#1755 = CARTESIAN_POINT('',(161.7,-25.65,2.875));
#1756 = VECTOR('',#1757,1.);
#1757 = DIRECTION('',(0.,-1.,0.));
#1758 = ORIENTED_EDGE('',*,*,#1759,.F.);
#1759 = EDGE_CURVE('',#1696,#1752,#1760,.T.);
#1760 = CIRCLE('',#1761,0.4);
#1761 = AXIS2_PLACEMENT_3D('',#1762,#1763,#1764);
#1762 = CARTESIAN_POINT('',(161.3,-32.37129799999,2.875));
#1763 = DIRECTION('',(6.2E-16,1.,0.));
#1764 = DIRECTION('',(-0.,0.,1.));
#1765 = ORIENTED_EDGE('',*,*,#1695,.T.);
#1766 = ORIENTED_EDGE('',*,*,#281,.T.);
#1767 = CYLINDRICAL_SURFACE('',#1768,0.4);
#1768 = AXIS2_PLACEMENT_3D('',#1769,#1770,#1771);
#1769 = CARTESIAN_POINT('',(161.3,-25.65,2.875));
#1770 = DIRECTION('',(0.,1.,0.));
#1771 = DIRECTION('',(-1.,0.,0.));
#1772 = ADVANCED_FACE('',(#1773),#1791,.F.);
#1773 = FACE_BOUND('',#1774,.F.);
#1774 = EDGE_LOOP('',(#1775,#1776,#1784,#1790));
#1775 = ORIENTED_EDGE('',*,*,#1736,.F.);
#1776 = ORIENTED_EDGE('',*,*,#1777,.F.);
#1777 = EDGE_CURVE('',#1778,#1728,#1780,.T.);
#1778 = VERTEX_POINT('',#1779);
#1779 = CARTESIAN_POINT('',(154.4,-32.37129799999,1.645));
#1780 = LINE('',#1781,#1782);
#1781 = CARTESIAN_POINT('',(154.4,-32.37129799999,1.645));
#1782 = VECTOR('',#1783,1.);
#1783 = DIRECTION('',(0.,0.,1.));
#1784 = ORIENTED_EDGE('',*,*,#1785,.T.);
#1785 = EDGE_CURVE('',#1778,#297,#1786,.T.);
#1786 = LINE('',#1787,#1788);
#1787 = CARTESIAN_POINT('',(154.4,-25.65,1.645));
#1788 = VECTOR('',#1789,1.);
#1789 = DIRECTION('',(0.,-1.,0.));
#1790 = ORIENTED_EDGE('',*,*,#306,.T.);
#1791 = PLANE('',#1792);
#1792 = AXIS2_PLACEMENT_3D('',#1793,#1794,#1795);
#1793 = CARTESIAN_POINT('',(154.4,-25.65,1.645));
#1794 = DIRECTION('',(-1.,0.,0.));
#1795 = DIRECTION('',(0.,0.,1.));
#1796 = ADVANCED_FACE('',(#1797),#1815,.F.);
#1797 = FACE_BOUND('',#1798,.F.);
#1798 = EDGE_LOOP('',(#1799,#1807,#1813,#1814));
#1799 = ORIENTED_EDGE('',*,*,#1800,.F.);
#1800 = EDGE_CURVE('',#1801,#323,#1803,.T.);
#1801 = VERTEX_POINT('',#1802);
#1802 = CARTESIAN_POINT('',(161.7,-32.37129799999,1.645));
#1803 = LINE('',#1804,#1805);
#1804 = CARTESIAN_POINT('',(161.7,-25.65,1.645));
#1805 = VECTOR('',#1806,1.);
#1806 = DIRECTION('',(0.,-1.,0.));
#1807 = ORIENTED_EDGE('',*,*,#1808,.F.);
#1808 = EDGE_CURVE('',#1752,#1801,#1809,.T.);
#1809 = LINE('',#1810,#1811);
#1810 = CARTESIAN_POINT('',(161.7,-32.37129799999,2.875));
#1811 = VECTOR('',#1812,1.);
#1812 = DIRECTION('',(0.,0.,-1.));
#1813 = ORIENTED_EDGE('',*,*,#1751,.T.);
#1814 = ORIENTED_EDGE('',*,*,#330,.T.);
#1815 = PLANE('',#1816);
#1816 = AXIS2_PLACEMENT_3D('',#1817,#1818,#1819);
#1817 = CARTESIAN_POINT('',(161.7,-25.65,2.875));
#1818 = DIRECTION('',(1.,0.,0.));
#1819 = DIRECTION('',(0.,0.,-1.));
#1820 = ADVANCED_FACE('',(#1821),#1840,.F.);
#1821 = FACE_BOUND('',#1822,.F.);
#1822 = EDGE_LOOP('',(#1823,#1824,#1833,#1839));
#1823 = ORIENTED_EDGE('',*,*,#1785,.F.);
#1824 = ORIENTED_EDGE('',*,*,#1825,.F.);
#1825 = EDGE_CURVE('',#1826,#1778,#1828,.T.);
#1826 = VERTEX_POINT('',#1827);
#1827 = CARTESIAN_POINT('',(154.8,-32.37129799999,1.245));
#1828 = CIRCLE('',#1829,0.4);
#1829 = AXIS2_PLACEMENT_3D('',#1830,#1831,#1832);
#1830 = CARTESIAN_POINT('',(154.8,-32.37129799999,1.645));
#1831 = DIRECTION('',(6.2E-16,1.,0.));
#1832 = DIRECTION('',(0.,0.,-1.));
#1833 = ORIENTED_EDGE('',*,*,#1834,.T.);
#1834 = EDGE_CURVE('',#1826,#345,#1835,.T.);
#1835 = LINE('',#1836,#1837);
#1836 = CARTESIAN_POINT('',(154.8,-25.65,1.245));
#1837 = VECTOR('',#1838,1.);
#1838 = DIRECTION('',(0.,-1.,0.));
#1839 = ORIENTED_EDGE('',*,*,#354,.T.);
#1840 = CYLINDRICAL_SURFACE('',#1841,0.4);
#1841 = AXIS2_PLACEMENT_3D('',#1842,#1843,#1844);
#1842 = CARTESIAN_POINT('',(154.8,-25.65,1.645));
#1843 = DIRECTION('',(0.,1.,0.));
#1844 = DIRECTION('',(-1.,0.,0.));
#1845 = ADVANCED_FACE('',(#1846),#1865,.F.);
#1846 = FACE_BOUND('',#1847,.F.);
#1847 = EDGE_LOOP('',(#1848,#1856,#1863,#1864));
#1848 = ORIENTED_EDGE('',*,*,#1849,.F.);
#1849 = EDGE_CURVE('',#1850,#372,#1852,.T.);
#1850 = VERTEX_POINT('',#1851);
#1851 = CARTESIAN_POINT('',(161.3,-32.37129799999,1.245));
#1852 = LINE('',#1853,#1854);
#1853 = CARTESIAN_POINT('',(161.3,-25.65,1.245));
#1854 = VECTOR('',#1855,1.);
#1855 = DIRECTION('',(0.,-1.,0.));
#1856 = ORIENTED_EDGE('',*,*,#1857,.F.);
#1857 = EDGE_CURVE('',#1801,#1850,#1858,.T.);
#1858 = CIRCLE('',#1859,0.4);
#1859 = AXIS2_PLACEMENT_3D('',#1860,#1861,#1862);
#1860 = CARTESIAN_POINT('',(161.3,-32.37129799999,1.645));
#1861 = DIRECTION('',(6.2E-16,1.,0.));
#1862 = DIRECTION('',(1.,-6.2E-16,-2.22E-15));
#1863 = ORIENTED_EDGE('',*,*,#1800,.T.);
#1864 = ORIENTED_EDGE('',*,*,#379,.T.);
#1865 = CYLINDRICAL_SURFACE('',#1866,0.4);
#1866 = AXIS2_PLACEMENT_3D('',#1867,#1868,#1869);
#1867 = CARTESIAN_POINT('',(161.3,-25.65,1.645));
#1868 = DIRECTION('',(0.,1.,0.));
#1869 = DIRECTION('',(-1.,0.,0.));
#1870 = ADVANCED_FACE('',(#1871),#1882,.F.);
#1871 = FACE_BOUND('',#1872,.F.);
#1872 = EDGE_LOOP('',(#1873,#1874,#1880,#1881));
#1873 = ORIENTED_EDGE('',*,*,#1834,.F.);
#1874 = ORIENTED_EDGE('',*,*,#1875,.F.);
#1875 = EDGE_CURVE('',#1850,#1826,#1876,.T.);
#1876 = LINE('',#1877,#1878);
#1877 = CARTESIAN_POINT('',(161.3,-32.37129799999,1.245));
#1878 = VECTOR('',#1879,1.);
#1879 = DIRECTION('',(-1.,6.2E-16,0.));
#1880 = ORIENTED_EDGE('',*,*,#1849,.T.);
#1881 = ORIENTED_EDGE('',*,*,#397,.T.);
#1882 = PLANE('',#1883);
#1883 = AXIS2_PLACEMENT_3D('',#1884,#1885,#1886);
#1884 = CARTESIAN_POINT('',(161.3,-25.65,1.245));
#1885 = DIRECTION('',(0.,0.,-1.));
#1886 = DIRECTION('',(-1.,-0.,-0.));
#1887 = ADVANCED_FACE('',(#1888),#1915,.T.);
#1888 = FACE_BOUND('',#1889,.F.);
#1889 = EDGE_LOOP('',(#1890,#1900,#1907,#1908));
#1890 = ORIENTED_EDGE('',*,*,#1891,.F.);
#1891 = EDGE_CURVE('',#1892,#1894,#1896,.T.);
#1892 = VERTEX_POINT('',#1893);
#1893 = CARTESIAN_POINT('',(177.24472045898,-32.12129799999,7.));
#1894 = VERTEX_POINT('',#1895);
#1895 = CARTESIAN_POINT('',(94.078044370398,-32.12129799999,7.));
#1896 = LINE('',#1897,#1898);
#1897 = CARTESIAN_POINT('',(177.74472045898,-32.12129799999,7.));
#1898 = VECTOR('',#1899,1.);
#1899 = DIRECTION('',(-1.,6.2E-16,0.));
#1900 = ORIENTED_EDGE('',*,*,#1901,.T.);
#1901 = EDGE_CURVE('',#1892,#413,#1902,.T.);
#1902 = CIRCLE('',#1903,0.5);
#1903 = AXIS2_PLACEMENT_3D('',#1904,#1905,#1906);
#1904 = CARTESIAN_POINT('',(177.24472045898,-32.62129799999,7.));
#1905 = DIRECTION('',(1.,0.,-0.));
#1906 = DIRECTION('',(0.,1.,3.43E-15));
#1907 = ORIENTED_EDGE('',*,*,#420,.T.);
#1908 = ORIENTED_EDGE('',*,*,#1909,.F.);
#1909 = EDGE_CURVE('',#1894,#421,#1910,.T.);
#1910 = CIRCLE('',#1911,0.5);
#1911 = AXIS2_PLACEMENT_3D('',#1912,#1913,#1914);
#1912 = CARTESIAN_POINT('',(94.078044370398,-32.62129799999,7.));
#1913 = DIRECTION('',(1.,-6.2E-16,0.));
#1914 = DIRECTION('',(6.2E-16,1.,0.));
#1915 = CYLINDRICAL_SURFACE('',#1916,0.5);
#1916 = AXIS2_PLACEMENT_3D('',#1917,#1918,#1919);
#1917 = CARTESIAN_POINT('',(177.74472045898,-32.62129799999,7.));
#1918 = DIRECTION('',(-1.,6.2E-16,0.));
#1919 = DIRECTION('',(6.2E-16,1.,0.));
#1920 = ADVANCED_FACE('',(#1921),#1932,.F.);
#1921 = FACE_BOUND('',#1922,.F.);
#1922 = EDGE_LOOP('',(#1923,#1924,#1930,#1931));
#1923 = ORIENTED_EDGE('',*,*,#1189,.F.);
#1924 = ORIENTED_EDGE('',*,*,#1925,.T.);
#1925 = EDGE_CURVE('',#1190,#820,#1926,.T.);
#1926 = LINE('',#1927,#1928);
#1927 = CARTESIAN_POINT('',(91.278124892576,-42.86184749051,-4.));
#1928 = VECTOR('',#1929,1.);
#1929 = DIRECTION('',(0.,0.,1.));
#1930 = ORIENTED_EDGE('',*,*,#828,.T.);
#1931 = ORIENTED_EDGE('',*,*,#1631,.F.);
#1932 = PLANE('',#1933);
#1933 = AXIS2_PLACEMENT_3D('',#1934,#1935,#1936);
#1934 = CARTESIAN_POINT('',(91.278124892576,-42.86184749051,-4.));
#1935 = DIRECTION('',(-0.999994153126,3.419607138132E-03,0.));
#1936 = DIRECTION('',(3.419607138132E-03,0.999994153126,0.));
#1937 = ADVANCED_FACE('',(#1938),#1958,.T.);
#1938 = FACE_BOUND('',#1939,.T.);
#1939 = EDGE_LOOP('',(#1940,#1941,#1950,#1957));
#1940 = ORIENTED_EDGE('',*,*,#1909,.F.);
#1941 = ORIENTED_EDGE('',*,*,#1942,.T.);
#1942 = EDGE_CURVE('',#1894,#1943,#1945,.T.);
#1943 = VERTEX_POINT('',#1944);
#1944 = CARTESIAN_POINT('',(88.796799329856,-37.39661580683,7.));
#1945 = CIRCLE('',#1946,5.281248370398);
#1946 = AXIS2_PLACEMENT_3D('',#1947,#1948,#1949);
#1947 = CARTESIAN_POINT('',(94.078044370398,-37.40254637039,7.));
#1948 = DIRECTION('',(0.,1.2E-16,1.));
#1949 = DIRECTION('',(0.,1.,-1.2E-16));
#1950 = ORIENTED_EDGE('',*,*,#1951,.T.);
#1951 = EDGE_CURVE('',#1943,#429,#1952,.T.);
#1952 = CIRCLE('',#1953,0.5);
#1953 = AXIS2_PLACEMENT_3D('',#1954,#1955,#1956);
#1954 = CARTESIAN_POINT('',(89.296799014603,-37.39717728048,7.));
#1955 = DIRECTION('',(1.122947291398E-03,0.999999369494,-1.2E-16));
#1956 = DIRECTION('',(-0.999999369494,1.122947291398E-03,
    7.925464329975E-36));
#1957 = ORIENTED_EDGE('',*,*,#428,.F.);
#1958 = TOROIDAL_SURFACE('',#1959,4.781248370398,0.5);
#1959 = AXIS2_PLACEMENT_3D('',#1960,#1961,#1962);
#1960 = CARTESIAN_POINT('',(94.078044370398,-37.40254637039,7.));
#1961 = DIRECTION('',(0.,1.2E-16,1.));
#1962 = DIRECTION('',(0.,1.,-1.2E-16));
#1963 = ADVANCED_FACE('',(#1964),#1975,.T.);
#1964 = FACE_BOUND('',#1965,.T.);
#1965 = EDGE_LOOP('',(#1966,#1967,#1968,#1969));
#1966 = ORIENTED_EDGE('',*,*,#1197,.F.);
#1967 = ORIENTED_EDGE('',*,*,#1925,.T.);
#1968 = ORIENTED_EDGE('',*,*,#819,.T.);
#1969 = ORIENTED_EDGE('',*,*,#1970,.F.);
#1970 = EDGE_CURVE('',#1198,#812,#1971,.T.);
#1971 = LINE('',#1972,#1973);
#1972 = CARTESIAN_POINT('',(89.296874922496,-44.84374999999,-4.));
#1973 = VECTOR('',#1974,1.);
#1974 = DIRECTION('',(0.,0.,1.));
#1975 = CYLINDRICAL_SURFACE('',#1976,1.981250077504);
#1976 = AXIS2_PLACEMENT_3D('',#1977,#1978,#1979);
#1977 = CARTESIAN_POINT('',(89.296874922496,-42.86249992249,-4.));
#1978 = DIRECTION('',(0.,0.,-1.));
#1979 = DIRECTION('',(3.254771105E-08,-1.,0.));
#1980 = ADVANCED_FACE('',(#1981),#2000,.T.);
#1981 = FACE_BOUND('',#1982,.F.);
#1982 = EDGE_LOOP('',(#1983,#1984,#1985,#1994));
#1983 = ORIENTED_EDGE('',*,*,#1951,.T.);
#1984 = ORIENTED_EDGE('',*,*,#437,.T.);
#1985 = ORIENTED_EDGE('',*,*,#1986,.F.);
#1986 = EDGE_CURVE('',#1987,#438,#1989,.T.);
#1987 = VERTEX_POINT('',#1988);
#1988 = CARTESIAN_POINT('',(88.783289908893,-41.34716960713,7.));
#1989 = CIRCLE('',#1990,0.5);
#1990 = AXIS2_PLACEMENT_3D('',#1991,#1992,#1993);
#1991 = CARTESIAN_POINT('',(89.283286985456,-41.3488794107,7.));
#1992 = DIRECTION('',(3.419607138129E-03,0.999994153126,-0.));
#1993 = DIRECTION('',(-0.999994153126,3.419607138129E-03,0.));
#1994 = ORIENTED_EDGE('',*,*,#1995,.F.);
#1995 = EDGE_CURVE('',#1943,#1987,#1996,.T.);
#1996 = LINE('',#1997,#1998);
#1997 = CARTESIAN_POINT('',(88.796799329856,-37.39661580683,7.));
#1998 = VECTOR('',#1999,1.);
#1999 = DIRECTION('',(-3.419607138129E-03,-0.999994153126,0.));
#2000 = CYLINDRICAL_SURFACE('',#2001,0.5);
#2001 = AXIS2_PLACEMENT_3D('',#2002,#2003,#2004);
#2002 = CARTESIAN_POINT('',(89.296796406419,-37.3983256104,7.));
#2003 = DIRECTION('',(-3.419607138129E-03,-0.999994153126,0.));
#2004 = DIRECTION('',(-0.999994153126,3.419607138129E-03,0.));
#2005 = ADVANCED_FACE('',(#2006),#2039,.T.);
#2006 = FACE_BOUND('',#2007,.T.);
#2007 = EDGE_LOOP('',(#2008,#2009,#2010,#2011,#2017,#2025,#2033));
#2008 = ORIENTED_EDGE('',*,*,#1206,.T.);
#2009 = ORIENTED_EDGE('',*,*,#1970,.T.);
#2010 = ORIENTED_EDGE('',*,*,#811,.F.);
#2011 = ORIENTED_EDGE('',*,*,#2012,.F.);
#2012 = EDGE_CURVE('',#1231,#803,#2013,.T.);
#2013 = LINE('',#2014,#2015);
#2014 = CARTESIAN_POINT('',(57.150000077504,-44.84374999999,-4.));
#2015 = VECTOR('',#2016,1.);
#2016 = DIRECTION('',(0.,0.,1.));
#2017 = ORIENTED_EDGE('',*,*,#2018,.T.);
#2018 = EDGE_CURVE('',#1231,#2019,#2021,.T.);
#2019 = VERTEX_POINT('',#2020);
#2020 = CARTESIAN_POINT('',(57.150000077504,-44.84374999999,-4.));
#2021 = LINE('',#2022,#2023);
#2022 = CARTESIAN_POINT('',(57.150000077504,-44.84374999999,-2.5));
#2023 = VECTOR('',#2024,1.);
#2024 = DIRECTION('',(0.,0.,-1.));
#2025 = ORIENTED_EDGE('',*,*,#2026,.T.);
#2026 = EDGE_CURVE('',#2019,#2027,#2029,.T.);
#2027 = VERTEX_POINT('',#2028);
#2028 = CARTESIAN_POINT('',(67.150000077504,-44.84374999999,-4.));
#2029 = LINE('',#2030,#2031);
#2030 = CARTESIAN_POINT('',(101.26883048384,-44.84374999999,-4.));
#2031 = VECTOR('',#2032,1.);
#2032 = DIRECTION('',(1.,0.,0.));
#2033 = ORIENTED_EDGE('',*,*,#2034,.F.);
#2034 = EDGE_CURVE('',#1207,#2027,#2035,.T.);
#2035 = LINE('',#2036,#2037);
#2036 = CARTESIAN_POINT('',(67.150000077504,-44.84374999999,-2.5));
#2037 = VECTOR('',#2038,1.);
#2038 = DIRECTION('',(0.,0.,-1.));
#2039 = PLANE('',#2040);
#2040 = AXIS2_PLACEMENT_3D('',#2041,#2042,#2043);
#2041 = CARTESIAN_POINT('',(72.84287975806,-44.84374999999,2.13055774194
    ));
#2042 = DIRECTION('',(6.317E-14,-1.,1.019E-14));
#2043 = DIRECTION('',(1.,6.317E-14,-2.643553377365E-44));
#2044 = ADVANCED_FACE('',(#2045),#2065,.T.);
#2045 = FACE_BOUND('',#2046,.T.);
#2046 = EDGE_LOOP('',(#2047,#2048,#2057,#2064));
#2047 = ORIENTED_EDGE('',*,*,#1986,.F.);
#2048 = ORIENTED_EDGE('',*,*,#2049,.T.);
#2049 = EDGE_CURVE('',#1987,#2050,#2052,.T.);
#2050 = VERTEX_POINT('',#2051);
#2051 = CARTESIAN_POINT('',(87.783295755767,-42.34374999999,7.));
#2052 = CIRCLE('',#2053,1.);
#2053 = AXIS2_PLACEMENT_3D('',#2054,#2055,#2056);
#2054 = CARTESIAN_POINT('',(87.783295755767,-41.34374999999,7.));
#2055 = DIRECTION('',(-4.255172762986E-36,-1.2E-16,-1.));
#2056 = DIRECTION('',(0.999994153126,-3.419607138127E-03,
    4.103528565753E-19));
#2057 = ORIENTED_EDGE('',*,*,#2058,.T.);
#2058 = EDGE_CURVE('',#2050,#446,#2059,.T.);
#2059 = CIRCLE('',#2060,0.5);
#2060 = AXIS2_PLACEMENT_3D('',#2061,#2062,#2063);
#2061 = CARTESIAN_POINT('',(87.783295755767,-42.84374999999,7.));
#2062 = DIRECTION('',(1.,6.392E-14,6.974973241115E-47));
#2063 = DIRECTION('',(6.392E-14,-1.,1.2E-16));
#2064 = ORIENTED_EDGE('',*,*,#445,.F.);
#2065 = TOROIDAL_SURFACE('',#2066,1.5,0.5);
#2066 = AXIS2_PLACEMENT_3D('',#2067,#2068,#2069);
#2067 = CARTESIAN_POINT('',(87.783295755767,-41.34374999999,7.));
#2068 = DIRECTION('',(0.,-1.2E-16,-1.));
#2069 = DIRECTION('',(0.999994153126,-3.419607138127E-03,
    4.103528565753E-19));
#2070 = ADVANCED_FACE('',(#2071),#2090,.F.);
#2071 = FACE_BOUND('',#2072,.F.);
#2072 = EDGE_LOOP('',(#2073,#2074,#2082,#2088,#2089));
#2073 = ORIENTED_EDGE('',*,*,#1238,.F.);
#2074 = ORIENTED_EDGE('',*,*,#2075,.T.);
#2075 = EDGE_CURVE('',#1239,#2076,#2078,.T.);
#2076 = VERTEX_POINT('',#2077);
#2077 = CARTESIAN_POINT('',(54.36875,-47.6250000775,6.217248937901E-15)
  );
#2078 = LINE('',#2079,#2080);
#2079 = CARTESIAN_POINT('',(54.36875,-47.6250000775,-4.));
#2080 = VECTOR('',#2081,1.);
#2081 = DIRECTION('',(0.,0.,1.));
#2082 = ORIENTED_EDGE('',*,*,#2083,.T.);
#2083 = EDGE_CURVE('',#2076,#795,#2084,.T.);
#2084 = LINE('',#2085,#2086);
#2085 = CARTESIAN_POINT('',(54.36875,-47.6250000775,-4.));
#2086 = VECTOR('',#2087,1.);
#2087 = DIRECTION('',(0.,0.,1.));
#2088 = ORIENTED_EDGE('',*,*,#802,.T.);
#2089 = ORIENTED_EDGE('',*,*,#2012,.F.);
#2090 = CYLINDRICAL_SURFACE('',#2091,2.781250077504);
#2091 = AXIS2_PLACEMENT_3D('',#2092,#2093,#2094);
#2092 = CARTESIAN_POINT('',(57.150000077504,-47.6250000775,-4.));
#2093 = DIRECTION('',(0.,0.,-1.));
#2094 = DIRECTION('',(-1.,3.254771702E-08,0.));
#2095 = ADVANCED_FACE('',(#2096),#2115,.T.);
#2096 = FACE_BOUND('',#2097,.F.);
#2097 = EDGE_LOOP('',(#2098,#2099,#2100,#2109));
#2098 = ORIENTED_EDGE('',*,*,#2058,.T.);
#2099 = ORIENTED_EDGE('',*,*,#454,.T.);
#2100 = ORIENTED_EDGE('',*,*,#2101,.F.);
#2101 = EDGE_CURVE('',#2102,#455,#2104,.T.);
#2102 = VERTEX_POINT('',#2103);
#2103 = CARTESIAN_POINT('',(57.150000077504,-42.34374999999,7.));
#2104 = CIRCLE('',#2105,0.5);
#2105 = AXIS2_PLACEMENT_3D('',#2106,#2107,#2108);
#2106 = CARTESIAN_POINT('',(57.150000077504,-42.84374999999,7.));
#2107 = DIRECTION('',(1.,6.223E-14,-0.));
#2108 = DIRECTION('',(-6.223E-14,1.,0.));
#2109 = ORIENTED_EDGE('',*,*,#2110,.F.);
#2110 = EDGE_CURVE('',#2050,#2102,#2111,.T.);
#2111 = LINE('',#2112,#2113);
#2112 = CARTESIAN_POINT('',(87.783295755767,-42.34374999999,7.));
#2113 = VECTOR('',#2114,1.);
#2114 = DIRECTION('',(-1.,-6.223E-14,0.));
#2115 = CYLINDRICAL_SURFACE('',#2116,0.5);
#2116 = AXIS2_PLACEMENT_3D('',#2117,#2118,#2119);
#2117 = CARTESIAN_POINT('',(87.783295755767,-42.84374999999,7.));
#2118 = DIRECTION('',(-1.,-6.223E-14,0.));
#2119 = DIRECTION('',(-6.223E-14,1.,0.));
#2120 = ADVANCED_FACE('',(#2121),#2162,.F.);
#2121 = FACE_BOUND('',#2122,.F.);
#2122 = EDGE_LOOP('',(#2123,#2124,#2132,#2140,#2146,#2147,#2148,#2156));
#2123 = ORIENTED_EDGE('',*,*,#1271,.F.);
#2124 = ORIENTED_EDGE('',*,*,#2125,.T.);
#2125 = EDGE_CURVE('',#1272,#2126,#2128,.T.);
#2126 = VERTEX_POINT('',#2127);
#2127 = CARTESIAN_POINT('',(54.36875,-117.3968749224,1.42108547152E-14)
  );
#2128 = LINE('',#2129,#2130);
#2129 = CARTESIAN_POINT('',(54.36875,-117.3968749224,-2.5));
#2130 = VECTOR('',#2131,1.);
#2131 = DIRECTION('',(0.,0.,1.));
#2132 = ORIENTED_EDGE('',*,*,#2133,.T.);
#2133 = EDGE_CURVE('',#2126,#2134,#2136,.T.);
#2134 = VERTEX_POINT('',#2135);
#2135 = CARTESIAN_POINT('',(54.36875,-127.3968749224,1.59872115546E-14)
  );
#2136 = LINE('',#2137,#2138);
#2137 = CARTESIAN_POINT('',(54.36875,-117.3968749224,1.42108547152E-14)
  );
#2138 = VECTOR('',#2139,1.);
#2139 = DIRECTION('',(0.,-1.,1.2E-16));
#2140 = ORIENTED_EDGE('',*,*,#2141,.T.);
#2141 = EDGE_CURVE('',#2134,#786,#2142,.T.);
#2142 = LINE('',#2143,#2144);
#2143 = CARTESIAN_POINT('',(54.36875,-127.3968749224,-4.));
#2144 = VECTOR('',#2145,1.);
#2145 = DIRECTION('',(0.,0.,1.));
#2146 = ORIENTED_EDGE('',*,*,#794,.T.);
#2147 = ORIENTED_EDGE('',*,*,#2083,.F.);
#2148 = ORIENTED_EDGE('',*,*,#2149,.T.);
#2149 = EDGE_CURVE('',#2076,#2150,#2152,.T.);
#2150 = VERTEX_POINT('',#2151);
#2151 = CARTESIAN_POINT('',(54.36875,-57.6250000775,7.105427357601E-15)
  );
#2152 = LINE('',#2153,#2154);
#2153 = CARTESIAN_POINT('',(54.36875,-47.6250000775,5.773159728051E-15)
  );
#2154 = VECTOR('',#2155,1.);
#2155 = DIRECTION('',(0.,-1.,1.2E-16));
#2156 = ORIENTED_EDGE('',*,*,#2157,.F.);
#2157 = EDGE_CURVE('',#1264,#2150,#2158,.T.);
#2158 = LINE('',#2159,#2160);
#2159 = CARTESIAN_POINT('',(54.36875,-57.6250000775,-2.5));
#2160 = VECTOR('',#2161,1.);
#2161 = DIRECTION('',(0.,0.,1.));
#2162 = PLANE('',#2163);
#2163 = AXIS2_PLACEMENT_3D('',#2164,#2165,#2166);
#2164 = CARTESIAN_POINT('',(54.36875,-127.3968749224,-4.));
#2165 = DIRECTION('',(-1.,0.,0.));
#2166 = DIRECTION('',(0.,1.,0.));
#2167 = ADVANCED_FACE('',(#2168),#2188,.T.);
#2168 = FACE_BOUND('',#2169,.T.);
#2169 = EDGE_LOOP('',(#2170,#2171,#2180,#2187));
#2170 = ORIENTED_EDGE('',*,*,#2101,.F.);
#2171 = ORIENTED_EDGE('',*,*,#2172,.T.);
#2172 = EDGE_CURVE('',#2102,#2173,#2175,.T.);
#2173 = VERTEX_POINT('',#2174);
#2174 = CARTESIAN_POINT('',(51.86875,-47.6250000775,7.));
#2175 = CIRCLE('',#2176,5.281250077504);
#2176 = AXIS2_PLACEMENT_3D('',#2177,#2178,#2179);
#2177 = CARTESIAN_POINT('',(57.150000077504,-47.6250000775,7.));
#2178 = DIRECTION('',(0.,1.2E-16,1.));
#2179 = DIRECTION('',(-6.323E-14,1.,-1.2E-16));
#2180 = ORIENTED_EDGE('',*,*,#2181,.T.);
#2181 = EDGE_CURVE('',#2173,#463,#2182,.T.);
#2182 = CIRCLE('',#2183,0.5);
#2183 = AXIS2_PLACEMENT_3D('',#2184,#2185,#2186);
#2184 = CARTESIAN_POINT('',(52.36875,-47.6250000775,7.));
#2185 = DIRECTION('',(-1.E-15,1.,-1.2E-16));
#2186 = DIRECTION('',(-1.,-1.E-15,1.050450797883E-47));
#2187 = ORIENTED_EDGE('',*,*,#462,.F.);
#2188 = TOROIDAL_SURFACE('',#2189,4.781250077504,0.5);
#2189 = AXIS2_PLACEMENT_3D('',#2190,#2191,#2192);
#2190 = CARTESIAN_POINT('',(57.150000077504,-47.6250000775,7.));
#2191 = DIRECTION('',(0.,1.2E-16,1.));
#2192 = DIRECTION('',(-6.323E-14,1.,-1.2E-16));
#2193 = ADVANCED_FACE('',(#2194),#2211,.F.);
#2194 = FACE_BOUND('',#2195,.F.);
#2195 = EDGE_LOOP('',(#2196,#2197,#2203,#2204,#2205));
#2196 = ORIENTED_EDGE('',*,*,#1303,.F.);
#2197 = ORIENTED_EDGE('',*,*,#2198,.T.);
#2198 = EDGE_CURVE('',#1304,#778,#2199,.T.);
#2199 = LINE('',#2200,#2201);
#2200 = CARTESIAN_POINT('',(57.150000077504,-130.1781249999,-4.));
#2201 = VECTOR('',#2202,1.);
#2202 = DIRECTION('',(0.,0.,1.));
#2203 = ORIENTED_EDGE('',*,*,#785,.T.);
#2204 = ORIENTED_EDGE('',*,*,#2141,.F.);
#2205 = ORIENTED_EDGE('',*,*,#2206,.F.);
#2206 = EDGE_CURVE('',#1296,#2134,#2207,.T.);
#2207 = LINE('',#2208,#2209);
#2208 = CARTESIAN_POINT('',(54.36875,-127.3968749224,-4.));
#2209 = VECTOR('',#2210,1.);
#2210 = DIRECTION('',(0.,0.,1.));
#2211 = CYLINDRICAL_SURFACE('',#2212,2.781250077504);
#2212 = AXIS2_PLACEMENT_3D('',#2213,#2214,#2215);
#2213 = CARTESIAN_POINT('',(57.150000077504,-127.3968749224,-4.));
#2214 = DIRECTION('',(0.,0.,-1.));
#2215 = DIRECTION('',(-3.254771702E-08,-1.,-0.));
#2216 = ADVANCED_FACE('',(#2217),#2236,.T.);
#2217 = FACE_BOUND('',#2218,.F.);
#2218 = EDGE_LOOP('',(#2219,#2220,#2221,#2230));
#2219 = ORIENTED_EDGE('',*,*,#2181,.T.);
#2220 = ORIENTED_EDGE('',*,*,#471,.T.);
#2221 = ORIENTED_EDGE('',*,*,#2222,.F.);
#2222 = EDGE_CURVE('',#2223,#472,#2225,.T.);
#2223 = VERTEX_POINT('',#2224);
#2224 = CARTESIAN_POINT('',(51.86875,-127.3968749224,7.));
#2225 = CIRCLE('',#2226,0.5);
#2226 = AXIS2_PLACEMENT_3D('',#2227,#2228,#2229);
#2227 = CARTESIAN_POINT('',(52.36875,-127.3968749224,7.));
#2228 = DIRECTION('',(9.E-17,1.,-0.));
#2229 = DIRECTION('',(-1.,9.E-17,0.));
#2230 = ORIENTED_EDGE('',*,*,#2231,.F.);
#2231 = EDGE_CURVE('',#2173,#2223,#2232,.T.);
#2232 = LINE('',#2233,#2234);
#2233 = CARTESIAN_POINT('',(51.86875,-47.6250000775,7.));
#2234 = VECTOR('',#2235,1.);
#2235 = DIRECTION('',(-9.E-17,-1.,0.));
#2236 = CYLINDRICAL_SURFACE('',#2237,0.5);
#2237 = AXIS2_PLACEMENT_3D('',#2238,#2239,#2240);
#2238 = CARTESIAN_POINT('',(52.36875,-47.6250000775,7.));
#2239 = DIRECTION('',(-9.E-17,-1.,0.));
#2240 = DIRECTION('',(-1.,9.E-17,0.));
#2241 = ADVANCED_FACE('',(#2242),#2275,.T.);
#2242 = FACE_BOUND('',#2243,.T.);
#2243 = EDGE_LOOP('',(#2244,#2245,#2253,#2261,#2267,#2268,#2269));
#2244 = ORIENTED_EDGE('',*,*,#1336,.T.);
#2245 = ORIENTED_EDGE('',*,*,#2246,.T.);
#2246 = EDGE_CURVE('',#1329,#2247,#2249,.T.);
#2247 = VERTEX_POINT('',#2248);
#2248 = CARTESIAN_POINT('',(67.150000077504,-130.1781249999,-4.));
#2249 = LINE('',#2250,#2251);
#2250 = CARTESIAN_POINT('',(67.150000077504,-130.1781249999,-2.5));
#2251 = VECTOR('',#2252,1.);
#2252 = DIRECTION('',(0.,0.,-1.));
#2253 = ORIENTED_EDGE('',*,*,#2254,.T.);
#2254 = EDGE_CURVE('',#2247,#2255,#2257,.T.);
#2255 = VERTEX_POINT('',#2256);
#2256 = CARTESIAN_POINT('',(57.150000077504,-130.1781249999,-4.));
#2257 = LINE('',#2258,#2259);
#2258 = CARTESIAN_POINT('',(96.268830483848,-130.1781249999,-4.));
#2259 = VECTOR('',#2260,1.);
#2260 = DIRECTION('',(-1.,0.,0.));
#2261 = ORIENTED_EDGE('',*,*,#2262,.F.);
#2262 = EDGE_CURVE('',#1304,#2255,#2263,.T.);
#2263 = LINE('',#2264,#2265);
#2264 = CARTESIAN_POINT('',(57.150000077504,-130.1781249999,-2.5));
#2265 = VECTOR('',#2266,1.);
#2266 = DIRECTION('',(0.,0.,-1.));
#2267 = ORIENTED_EDGE('',*,*,#2198,.T.);
#2268 = ORIENTED_EDGE('',*,*,#777,.F.);
#2269 = ORIENTED_EDGE('',*,*,#2270,.F.);
#2270 = EDGE_CURVE('',#1337,#769,#2271,.T.);
#2271 = LINE('',#2272,#2273);
#2272 = CARTESIAN_POINT('',(125.01562492249,-130.1781249999,-4.));
#2273 = VECTOR('',#2274,1.);
#2274 = DIRECTION('',(0.,0.,1.));
#2275 = PLANE('',#2276);
#2276 = AXIS2_PLACEMENT_3D('',#2277,#2278,#2279);
#2277 = CARTESIAN_POINT('',(90.535986103575,-130.1781249999,
    2.296826396422));
#2278 = DIRECTION('',(1.36718E-12,1.,1.2675E-13));
#2279 = DIRECTION('',(-1.,1.36718E-12,-8.441993091191E-43));
#2280 = ADVANCED_FACE('',(#2281),#2301,.T.);
#2281 = FACE_BOUND('',#2282,.T.);
#2282 = EDGE_LOOP('',(#2283,#2284,#2293,#2300));
#2283 = ORIENTED_EDGE('',*,*,#2222,.F.);
#2284 = ORIENTED_EDGE('',*,*,#2285,.T.);
#2285 = EDGE_CURVE('',#2223,#2286,#2288,.T.);
#2286 = VERTEX_POINT('',#2287);
#2287 = CARTESIAN_POINT('',(57.150000077497,-132.6781249999,7.));
#2288 = CIRCLE('',#2289,5.281250077504);
#2289 = AXIS2_PLACEMENT_3D('',#2290,#2291,#2292);
#2290 = CARTESIAN_POINT('',(57.150000077504,-127.3968749224,7.));
#2291 = DIRECTION('',(0.,1.2E-16,1.));
#2292 = DIRECTION('',(-1.,0.,0.));
#2293 = ORIENTED_EDGE('',*,*,#2294,.T.);
#2294 = EDGE_CURVE('',#2286,#480,#2295,.T.);
#2295 = CIRCLE('',#2296,0.5);
#2296 = AXIS2_PLACEMENT_3D('',#2297,#2298,#2299);
#2297 = CARTESIAN_POINT('',(57.150000077498,-132.1781249999,7.));
#2298 = DIRECTION('',(-1.,1.35542E-12,-4.218531612056E-45));
#2299 = DIRECTION('',(-1.35542E-12,-1.,1.2E-16));
#2300 = ORIENTED_EDGE('',*,*,#479,.F.);
#2301 = TOROIDAL_SURFACE('',#2302,4.781250077504,0.5);
#2302 = AXIS2_PLACEMENT_3D('',#2303,#2304,#2305);
#2303 = CARTESIAN_POINT('',(57.150000077504,-127.3968749224,7.));
#2304 = DIRECTION('',(0.,1.2E-16,1.));
#2305 = DIRECTION('',(-1.,0.,0.));
#2306 = ADVANCED_FACE('',(#2307),#2318,.T.);
#2307 = FACE_BOUND('',#2308,.T.);
#2308 = EDGE_LOOP('',(#2309,#2310,#2311,#2312));
#2309 = ORIENTED_EDGE('',*,*,#1344,.F.);
#2310 = ORIENTED_EDGE('',*,*,#2270,.T.);
#2311 = ORIENTED_EDGE('',*,*,#768,.T.);
#2312 = ORIENTED_EDGE('',*,*,#2313,.F.);
#2313 = EDGE_CURVE('',#1345,#761,#2314,.T.);
#2314 = LINE('',#2315,#2316);
#2315 = CARTESIAN_POINT('',(126.99687499999,-132.1593750775,-4.));
#2316 = VECTOR('',#2317,1.);
#2317 = DIRECTION('',(0.,0.,1.));
#2318 = CYLINDRICAL_SURFACE('',#2319,1.981250077504);
#2319 = AXIS2_PLACEMENT_3D('',#2320,#2321,#2322);
#2320 = CARTESIAN_POINT('',(125.01562492249,-132.1593750775,-4.));
#2321 = DIRECTION('',(0.,0.,-1.));
#2322 = DIRECTION('',(1.,3.254769912E-08,0.));
#2323 = ADVANCED_FACE('',(#2324),#2343,.T.);
#2324 = FACE_BOUND('',#2325,.F.);
#2325 = EDGE_LOOP('',(#2326,#2327,#2328,#2337));
#2326 = ORIENTED_EDGE('',*,*,#2294,.T.);
#2327 = ORIENTED_EDGE('',*,*,#488,.T.);
#2328 = ORIENTED_EDGE('',*,*,#2329,.F.);
#2329 = EDGE_CURVE('',#2330,#489,#2332,.T.);
#2330 = VERTEX_POINT('',#2331);
#2331 = CARTESIAN_POINT('',(123.49687499999,-132.6781249999,7.));
#2332 = CIRCLE('',#2333,0.5);
#2333 = AXIS2_PLACEMENT_3D('',#2334,#2335,#2336);
#2334 = CARTESIAN_POINT('',(123.49687499999,-132.1781249999,7.));
#2335 = DIRECTION('',(-1.,1.35553E-12,0.));
#2336 = DIRECTION('',(-1.35553E-12,-1.,0.));
#2337 = ORIENTED_EDGE('',*,*,#2338,.F.);
#2338 = EDGE_CURVE('',#2286,#2330,#2339,.T.);
#2339 = LINE('',#2340,#2341);
#2340 = CARTESIAN_POINT('',(57.150000077497,-132.6781249999,7.));
#2341 = VECTOR('',#2342,1.);
#2342 = DIRECTION('',(1.,-1.35553E-12,0.));
#2343 = CYLINDRICAL_SURFACE('',#2344,0.5);
#2344 = AXIS2_PLACEMENT_3D('',#2345,#2346,#2347);
#2345 = CARTESIAN_POINT('',(57.150000077498,-132.1781249999,7.));
#2346 = DIRECTION('',(1.,-1.35553E-12,0.));
#2347 = DIRECTION('',(-1.35553E-12,-1.,0.));
#2348 = ADVANCED_FACE('',(#2349),#2360,.F.);
#2349 = FACE_BOUND('',#2350,.F.);
#2350 = EDGE_LOOP('',(#2351,#2352,#2358,#2359));
#2351 = ORIENTED_EDGE('',*,*,#1353,.F.);
#2352 = ORIENTED_EDGE('',*,*,#2353,.T.);
#2353 = EDGE_CURVE('',#949,#752,#2354,.T.);
#2354 = LINE('',#2355,#2356);
#2355 = CARTESIAN_POINT('',(126.99687499999,-141.6843749224,-4.));
#2356 = VECTOR('',#2357,1.);
#2357 = DIRECTION('',(0.,0.,1.));
#2358 = ORIENTED_EDGE('',*,*,#760,.T.);
#2359 = ORIENTED_EDGE('',*,*,#2313,.F.);
#2360 = PLANE('',#2361);
#2361 = AXIS2_PLACEMENT_3D('',#2362,#2363,#2364);
#2362 = CARTESIAN_POINT('',(126.99687499999,-141.6843749224,-4.));
#2363 = DIRECTION('',(-1.,-2.0887E-13,0.));
#2364 = DIRECTION('',(-2.0887E-13,1.,0.));
#2365 = ADVANCED_FACE('',(#2366),#2386,.T.);
#2366 = FACE_BOUND('',#2367,.T.);
#2367 = EDGE_LOOP('',(#2368,#2369,#2378,#2385));
#2368 = ORIENTED_EDGE('',*,*,#2329,.F.);
#2369 = ORIENTED_EDGE('',*,*,#2370,.T.);
#2370 = EDGE_CURVE('',#2330,#2371,#2373,.T.);
#2371 = VERTEX_POINT('',#2372);
#2372 = CARTESIAN_POINT('',(124.49687499999,-133.6781249999,7.));
#2373 = CIRCLE('',#2374,1.);
#2374 = AXIS2_PLACEMENT_3D('',#2375,#2376,#2377);
#2375 = CARTESIAN_POINT('',(123.49687499999,-133.6781249999,7.));
#2376 = DIRECTION('',(0.,-1.2E-16,-1.));
#2377 = DIRECTION('',(1.35003E-12,1.,-1.2E-16));
#2378 = ORIENTED_EDGE('',*,*,#2379,.T.);
#2379 = EDGE_CURVE('',#2371,#497,#2380,.T.);
#2380 = CIRCLE('',#2381,0.5);
#2381 = AXIS2_PLACEMENT_3D('',#2382,#2383,#2384);
#2382 = CARTESIAN_POINT('',(124.99687499999,-133.6781249999,7.));
#2383 = DIRECTION('',(-2.1322E-13,1.,-1.2E-16));
#2384 = DIRECTION('',(1.,2.1322E-13,2.449165920634E-45));
#2385 = ORIENTED_EDGE('',*,*,#496,.F.);
#2386 = TOROIDAL_SURFACE('',#2387,1.5,0.5);
#2387 = AXIS2_PLACEMENT_3D('',#2388,#2389,#2390);
#2388 = CARTESIAN_POINT('',(123.49687499999,-133.6781249999,7.));
#2389 = DIRECTION('',(0.,-1.2E-16,-1.));
#2390 = DIRECTION('',(1.35003E-12,1.,-1.2E-16));
#2391 = ADVANCED_FACE('',(#2392),#2403,.F.);
#2392 = FACE_BOUND('',#2393,.F.);
#2393 = EDGE_LOOP('',(#2394,#2395,#2401,#2402));
#2394 = ORIENTED_EDGE('',*,*,#946,.F.);
#2395 = ORIENTED_EDGE('',*,*,#2396,.T.);
#2396 = EDGE_CURVE('',#947,#743,#2397,.T.);
#2397 = LINE('',#2398,#2399);
#2398 = CARTESIAN_POINT('',(129.77998071029,-144.4656243808,-4.));
#2399 = VECTOR('',#2400,1.);
#2400 = DIRECTION('',(0.,0.,1.));
#2401 = ORIENTED_EDGE('',*,*,#751,.T.);
#2402 = ORIENTED_EDGE('',*,*,#2353,.F.);
#2403 = CYLINDRICAL_SURFACE('',#2404,2.781250077504);
#2404 = AXIS2_PLACEMENT_3D('',#2405,#2406,#2407);
#2405 = CARTESIAN_POINT('',(129.7781250775,-141.6843749224,-4.));
#2406 = DIRECTION('',(0.,0.,-1.));
#2407 = DIRECTION('',(-3.254771105E-08,-1.,-0.));
#2408 = ADVANCED_FACE('',(#2409),#2428,.T.);
#2409 = FACE_BOUND('',#2410,.F.);
#2410 = EDGE_LOOP('',(#2411,#2412,#2413,#2422));
#2411 = ORIENTED_EDGE('',*,*,#2379,.T.);
#2412 = ORIENTED_EDGE('',*,*,#505,.T.);
#2413 = ORIENTED_EDGE('',*,*,#2414,.F.);
#2414 = EDGE_CURVE('',#2415,#506,#2417,.T.);
#2415 = VERTEX_POINT('',#2416);
#2416 = CARTESIAN_POINT('',(124.49687499999,-141.6843749224,7.));
#2417 = CIRCLE('',#2418,0.5);
#2418 = AXIS2_PLACEMENT_3D('',#2419,#2420,#2421);
#2419 = CARTESIAN_POINT('',(124.99687499999,-141.6843749224,7.));
#2420 = DIRECTION('',(-2.0986E-13,1.,0.));
#2421 = DIRECTION('',(-1.,-2.0986E-13,0.));
#2422 = ORIENTED_EDGE('',*,*,#2423,.F.);
#2423 = EDGE_CURVE('',#2371,#2415,#2424,.T.);
#2424 = LINE('',#2425,#2426);
#2425 = CARTESIAN_POINT('',(124.49687499999,-133.6781249999,7.));
#2426 = VECTOR('',#2427,1.);
#2427 = DIRECTION('',(2.0986E-13,-1.,0.));
#2428 = CYLINDRICAL_SURFACE('',#2429,0.5);
#2429 = AXIS2_PLACEMENT_3D('',#2430,#2431,#2432);
#2430 = CARTESIAN_POINT('',(124.99687499999,-133.6781249999,7.));
#2431 = DIRECTION('',(2.0986E-13,-1.,0.));
#2432 = DIRECTION('',(-1.,-2.0986E-13,0.));
#2433 = ADVANCED_FACE('',(#2434),#2445,.T.);
#2434 = FACE_BOUND('',#2435,.T.);
#2435 = EDGE_LOOP('',(#2436,#2437,#2438,#2439));
#2436 = ORIENTED_EDGE('',*,*,#957,.F.);
#2437 = ORIENTED_EDGE('',*,*,#2396,.T.);
#2438 = ORIENTED_EDGE('',*,*,#742,.T.);
#2439 = ORIENTED_EDGE('',*,*,#2440,.F.);
#2440 = EDGE_CURVE('',#958,#734,#2441,.T.);
#2441 = LINE('',#2442,#2443);
#2442 = CARTESIAN_POINT('',(155.03509148216,-148.1363310267,-4.));
#2443 = VECTOR('',#2444,1.);
#2444 = DIRECTION('',(0.,0.,1.));
#2445 = CYLINDRICAL_SURFACE('',#2446,83.576597415396);
#2446 = AXIS2_PLACEMENT_3D('',#2447,#2448,#2449);
#2447 = CARTESIAN_POINT('',(130.52733232647,-228.0388802771,-4.));
#2448 = DIRECTION('',(0.,0.,-1.));
#2449 = DIRECTION('',(1.,0.,0.));
#2450 = ADVANCED_FACE('',(#2451),#2471,.T.);
#2451 = FACE_BOUND('',#2452,.T.);
#2452 = EDGE_LOOP('',(#2453,#2454,#2463,#2470));
#2453 = ORIENTED_EDGE('',*,*,#2414,.F.);
#2454 = ORIENTED_EDGE('',*,*,#2455,.T.);
#2455 = EDGE_CURVE('',#2415,#2456,#2458,.T.);
#2456 = VERTEX_POINT('',#2457);
#2457 = CARTESIAN_POINT('',(129.78164869477,-146.9656238244,7.));
#2458 = CIRCLE('',#2459,5.281250077504);
#2459 = AXIS2_PLACEMENT_3D('',#2460,#2461,#2462);
#2460 = CARTESIAN_POINT('',(129.7781250775,-141.6843749224,7.));
#2461 = DIRECTION('',(-1.184957320851E-45,1.2E-16,1.));
#2462 = DIRECTION('',(-1.,-2.0988E-13,2.51856E-29));
#2463 = ORIENTED_EDGE('',*,*,#2464,.T.);
#2464 = EDGE_CURVE('',#2456,#514,#2465,.T.);
#2465 = CIRCLE('',#2466,0.5);
#2466 = AXIS2_PLACEMENT_3D('',#2467,#2468,#2469);
#2467 = CARTESIAN_POINT('',(129.78131509787,-146.4656239357,7.));
#2468 = DIRECTION('',(-0.999999777426,-6.671937940033E-04,
    -1.882308317392E-35));
#2469 = DIRECTION('',(6.671937940033E-04,-0.999999777426,1.2E-16));
#2470 = ORIENTED_EDGE('',*,*,#513,.F.);
#2471 = TOROIDAL_SURFACE('',#2472,4.781250077504,0.5);
#2472 = AXIS2_PLACEMENT_3D('',#2473,#2474,#2475);
#2473 = CARTESIAN_POINT('',(129.7781250775,-141.6843749224,7.));
#2474 = DIRECTION('',(0.,1.2E-16,1.));
#2475 = DIRECTION('',(-1.,-2.0988E-13,2.51856E-29));
#2476 = ADVANCED_FACE('',(#2477),#2488,.T.);
#2477 = FACE_BOUND('',#2478,.T.);
#2478 = EDGE_LOOP('',(#2479,#2480,#2481,#2482));
#2479 = ORIENTED_EDGE('',*,*,#966,.F.);
#2480 = ORIENTED_EDGE('',*,*,#2440,.T.);
#2481 = ORIENTED_EDGE('',*,*,#733,.T.);
#2482 = ORIENTED_EDGE('',*,*,#2483,.F.);
#2483 = EDGE_CURVE('',#967,#725,#2484,.T.);
#2484 = LINE('',#2485,#2486);
#2485 = CARTESIAN_POINT('',(182.24645948816,-160.922883826,-4.));
#2486 = VECTOR('',#2487,1.);
#2487 = DIRECTION('',(0.,0.,1.));
#2488 = CYLINDRICAL_SURFACE('',#2489,113.96535512408);
#2489 = AXIS2_PLACEMENT_3D('',#2490,#2491,#2492);
#2490 = CARTESIAN_POINT('',(120.59651671616,-256.7737404981,-4.));
#2491 = DIRECTION('',(0.,0.,-1.));
#2492 = DIRECTION('',(1.,0.,0.));
#2493 = ADVANCED_FACE('',(#2494),#2514,.T.);
#2494 = FACE_BOUND('',#2495,.T.);
#2495 = EDGE_LOOP('',(#2496,#2497,#2506,#2513));
#2496 = ORIENTED_EDGE('',*,*,#2464,.F.);
#2497 = ORIENTED_EDGE('',*,*,#2498,.T.);
#2498 = EDGE_CURVE('',#2456,#2499,#2501,.T.);
#2499 = VERTEX_POINT('',#2500);
#2500 = CARTESIAN_POINT('',(129.8023359999,-146.965524427,7.));
#2501 = CIRCLE('',#2502,2.5);
#2502 = AXIS2_PLACEMENT_3D('',#2503,#2504,#2505);
#2503 = CARTESIAN_POINT('',(129.77998071029,-144.4656243808,7.));
#2504 = DIRECTION('',(8.800059156787E-36,1.2E-16,1.));
#2505 = DIRECTION('',(6.671937939814E-04,-0.999999777426,
    1.199999732911E-16));
#2506 = ORIENTED_EDGE('',*,*,#2507,.T.);
#2507 = EDGE_CURVE('',#2499,#523,#2508,.T.);
#2508 = CIRCLE('',#2509,0.5);
#2509 = AXIS2_PLACEMENT_3D('',#2510,#2511,#2512);
#2510 = CARTESIAN_POINT('',(129.79786494198,-146.4655444178,7.));
#2511 = DIRECTION('',(-0.999960018483,-8.942115846936E-03,
    5.724490907204E-35));
#2512 = DIRECTION('',(8.942115846936E-03,-0.999960018483,1.2E-16));
#2513 = ORIENTED_EDGE('',*,*,#522,.F.);
#2514 = TOROIDAL_SURFACE('',#2515,2.,0.5);
#2515 = AXIS2_PLACEMENT_3D('',#2516,#2517,#2518);
#2516 = CARTESIAN_POINT('',(129.77998071029,-144.4656243808,7.));
#2517 = DIRECTION('',(0.,1.2E-16,1.));
#2518 = DIRECTION('',(6.671937939814E-04,-0.999999777426,
    1.199999732911E-16));
#2519 = ADVANCED_FACE('',(#2520),#2531,.F.);
#2520 = FACE_BOUND('',#2521,.F.);
#2521 = EDGE_LOOP('',(#2522,#2523,#2529,#2530));
#2522 = ORIENTED_EDGE('',*,*,#975,.F.);
#2523 = ORIENTED_EDGE('',*,*,#2524,.T.);
#2524 = EDGE_CURVE('',#976,#717,#2525,.T.);
#2525 = LINE('',#2526,#2527);
#2526 = CARTESIAN_POINT('',(186.0543338714,-159.9098709664,-4.));
#2527 = VECTOR('',#2528,1.);
#2528 = DIRECTION('',(0.,0.,1.));
#2529 = ORIENTED_EDGE('',*,*,#724,.T.);
#2530 = ORIENTED_EDGE('',*,*,#2483,.F.);
#2531 = CYLINDRICAL_SURFACE('',#2532,2.781250259068);
#2532 = AXIS2_PLACEMENT_3D('',#2533,#2534,#2535);
#2533 = CARTESIAN_POINT('',(183.64570067542,-158.5192455206,-4.));
#2534 = DIRECTION('',(0.,0.,-1.));
#2535 = DIRECTION('',(0.866026288806,-0.499998467095,0.));
#2536 = ADVANCED_FACE('',(#2537),#2557,.T.);
#2537 = FACE_BOUND('',#2538,.T.);
#2538 = EDGE_LOOP('',(#2539,#2540,#2549,#2556));
#2539 = ORIENTED_EDGE('',*,*,#2507,.F.);
#2540 = ORIENTED_EDGE('',*,*,#2541,.T.);
#2541 = EDGE_CURVE('',#2499,#2542,#2544,.T.);
#2542 = VERTEX_POINT('',#2543);
#2543 = CARTESIAN_POINT('',(154.29082069444,-150.5230027484,7.));
#2544 = CIRCLE('',#2545,81.076597415396);
#2545 = AXIS2_PLACEMENT_3D('',#2546,#2547,#2548);
#2546 = CARTESIAN_POINT('',(130.52733232647,-228.0388802771,7.));
#2547 = DIRECTION('',(1.169344282679E-34,-1.2E-16,-1.));
#2548 = DIRECTION('',(-8.942115846957E-03,0.999960018483,
    -1.199952022179E-16));
#2549 = ORIENTED_EDGE('',*,*,#2550,.T.);
#2550 = EDGE_CURVE('',#2542,#532,#2551,.T.);
#2551 = CIRCLE('',#2552,0.5);
#2552 = AXIS2_PLACEMENT_3D('',#2553,#2554,#2555);
#2553 = CARTESIAN_POINT('',(154.43737031002,-150.0449617353,7.));
#2554 = DIRECTION('',(-0.956082026131,0.293099231166,-4.E-17));
#2555 = DIRECTION('',(0.293099231166,0.956082026131,-1.2E-16));
#2556 = ORIENTED_EDGE('',*,*,#531,.F.);
#2557 = TOROIDAL_SURFACE('',#2558,81.576597415396,0.5);
#2558 = AXIS2_PLACEMENT_3D('',#2559,#2560,#2561);
#2559 = CARTESIAN_POINT('',(130.52733232647,-228.0388802771,7.));
#2560 = DIRECTION('',(0.,-1.2E-16,-1.));
#2561 = DIRECTION('',(-8.942115846957E-03,0.999960018483,
    -1.199952022179E-16));
#2562 = ADVANCED_FACE('',(#2563),#2599,.T.);
#2563 = FACE_BOUND('',#2564,.T.);
#2564 = EDGE_LOOP('',(#2565,#2566,#2567,#2575,#2583,#2589,#2590,#2591,
    #2592,#2593));
#2565 = ORIENTED_EDGE('',*,*,#1024,.F.);
#2566 = ORIENTED_EDGE('',*,*,#1016,.T.);
#2567 = ORIENTED_EDGE('',*,*,#2568,.T.);
#2568 = EDGE_CURVE('',#1009,#2569,#2571,.T.);
#2569 = VERTEX_POINT('',#2570);
#2570 = CARTESIAN_POINT('',(196.05433614639,-142.5893642042,
    1.68753899743E-14));
#2571 = LINE('',#2572,#2573);
#2572 = CARTESIAN_POINT('',(196.05433614639,-142.5893642042,-2.5));
#2573 = VECTOR('',#2574,1.);
#2574 = DIRECTION('',(0.,0.,1.));
#2575 = ORIENTED_EDGE('',*,*,#2576,.F.);
#2576 = EDGE_CURVE('',#2577,#2569,#2579,.T.);
#2577 = VERTEX_POINT('',#2578);
#2578 = CARTESIAN_POINT('',(191.05433500889,-151.2496175853,
    1.909583602355E-14));
#2579 = LINE('',#2580,#2581);
#2580 = CARTESIAN_POINT('',(191.05433500889,-151.2496175853,
    1.86517468137E-14));
#2581 = VECTOR('',#2582,1.);
#2582 = DIRECTION('',(0.50000011375,0.866025338111,-1.1E-16));
#2583 = ORIENTED_EDGE('',*,*,#2584,.F.);
#2584 = EDGE_CURVE('',#985,#2577,#2585,.T.);
#2585 = LINE('',#2586,#2587);
#2586 = CARTESIAN_POINT('',(191.05433500889,-151.2496175853,-2.5));
#2587 = VECTOR('',#2588,1.);
#2588 = DIRECTION('',(0.,0.,1.));
#2589 = ORIENTED_EDGE('',*,*,#984,.T.);
#2590 = ORIENTED_EDGE('',*,*,#2524,.T.);
#2591 = ORIENTED_EDGE('',*,*,#716,.F.);
#2592 = ORIENTED_EDGE('',*,*,#708,.T.);
#2593 = ORIENTED_EDGE('',*,*,#2594,.F.);
#2594 = EDGE_CURVE('',#1025,#701,#2595,.T.);
#2595 = LINE('',#2596,#2597);
#2596 = CARTESIAN_POINT('',(210.41522433353,-117.7155837673,-1.125));
#2597 = VECTOR('',#2598,1.);
#2598 = DIRECTION('',(-7.E-17,0.,1.));
#2599 = PLANE('',#2600);
#2600 = AXIS2_PLACEMENT_3D('',#2601,#2602,#2603);
#2601 = CARTESIAN_POINT('',(198.98148340416,-137.5193979704,1.75));
#2602 = DIRECTION('',(-0.866025338111,0.50000011375,-6.E-17));
#2603 = DIRECTION('',(0.50000011375,0.866025338111,-1.1E-16));
#2604 = ADVANCED_FACE('',(#2605),#2625,.T.);
#2605 = FACE_BOUND('',#2606,.T.);
#2606 = EDGE_LOOP('',(#2607,#2608,#2617,#2624));
#2607 = ORIENTED_EDGE('',*,*,#2550,.F.);
#2608 = ORIENTED_EDGE('',*,*,#2609,.T.);
#2609 = EDGE_CURVE('',#2542,#2610,#2612,.T.);
#2610 = VERTEX_POINT('',#2611);
#2611 = CARTESIAN_POINT('',(180.89407606636,-163.0255152917,7.));
#2612 = CIRCLE('',#2613,111.46535512408);
#2613 = AXIS2_PLACEMENT_3D('',#2614,#2615,#2616);
#2614 = CARTESIAN_POINT('',(120.59651671616,-256.7737404981,7.));
#2615 = DIRECTION('',(-5.63540881333E-33,-1.2E-16,-1.));
#2616 = DIRECTION('',(0.302284991967,0.953217595112,-1.143861114135E-16)
  );
#2617 = ORIENTED_EDGE('',*,*,#2618,.T.);
#2618 = EDGE_CURVE('',#2610,#541,#2619,.T.);
#2619 = CIRCLE('',#2620,0.5);
#2620 = AXIS2_PLACEMENT_3D('',#2621,#2622,#2623);
#2621 = CARTESIAN_POINT('',(181.16455275072,-162.6049889985,7.));
#2622 = DIRECTION('',(-0.841052586268,0.540953368722,-7.E-17));
#2623 = DIRECTION('',(0.540953368722,0.841052586268,-1.E-16));
#2624 = ORIENTED_EDGE('',*,*,#540,.F.);
#2625 = TOROIDAL_SURFACE('',#2626,111.96535512408,0.5);
#2626 = AXIS2_PLACEMENT_3D('',#2627,#2628,#2629);
#2627 = CARTESIAN_POINT('',(120.59651671616,-256.7737404981,7.));
#2628 = DIRECTION('',(0.,-1.2E-16,-1.));
#2629 = DIRECTION('',(0.302284991967,0.953217595112,-1.143861114135E-16)
  );
#2630 = ADVANCED_FACE('',(#2631),#2651,.T.);
#2631 = FACE_BOUND('',#2632,.T.);
#2632 = EDGE_LOOP('',(#2633,#2634,#2643,#2650));
#2633 = ORIENTED_EDGE('',*,*,#2618,.F.);
#2634 = ORIENTED_EDGE('',*,*,#2635,.T.);
#2635 = EDGE_CURVE('',#2610,#2636,#2638,.T.);
#2636 = VERTEX_POINT('',#2637);
#2637 = CARTESIAN_POINT('',(180.9887147179,-163.0834573825,7.));
#2638 = CIRCLE('',#2639,2.5);
#2639 = AXIS2_PLACEMENT_3D('',#2640,#2641,#2642);
#2640 = CARTESIAN_POINT('',(182.24645948816,-160.922883826,7.));
#2641 = DIRECTION('',(1.501388400122E-33,1.2E-16,1.));
#2642 = DIRECTION('',(-0.540953368722,-0.841052586268,1.009263103522E-16
    ));
#2643 = ORIENTED_EDGE('',*,*,#2644,.T.);
#2644 = EDGE_CURVE('',#2636,#550,#2645,.T.);
#2645 = CIRCLE('',#2646,0.5);
#2646 = AXIS2_PLACEMENT_3D('',#2647,#2648,#2649);
#2647 = CARTESIAN_POINT('',(181.24026367196,-162.6513426712,7.));
#2648 = DIRECTION('',(-0.864229422585,0.503097908104,-6.E-17));
#2649 = DIRECTION('',(-0.503097908104,-0.864229422585,1.1E-16));
#2650 = ORIENTED_EDGE('',*,*,#549,.F.);
#2651 = TOROIDAL_SURFACE('',#2652,2.,0.5);
#2652 = AXIS2_PLACEMENT_3D('',#2653,#2654,#2655);
#2653 = CARTESIAN_POINT('',(182.24645948816,-160.922883826,7.));
#2654 = DIRECTION('',(0.,1.2E-16,1.));
#2655 = DIRECTION('',(-0.540953368722,-0.841052586268,1.009263103522E-16
    ));
#2656 = ADVANCED_FACE('',(#2657),#2668,.T.);
#2657 = FACE_BOUND('',#2658,.T.);
#2658 = EDGE_LOOP('',(#2659,#2660,#2661,#2667));
#2659 = ORIENTED_EDGE('',*,*,#2594,.T.);
#2660 = ORIENTED_EDGE('',*,*,#700,.T.);
#2661 = ORIENTED_EDGE('',*,*,#2662,.F.);
#2662 = EDGE_CURVE('',#1033,#692,#2663,.T.);
#2663 = LINE('',#2664,#2665);
#2664 = CARTESIAN_POINT('',(205.98934924354,-117.7155837673,-4.));
#2665 = VECTOR('',#2666,1.);
#2666 = DIRECTION('',(0.,0.,1.));
#2667 = ORIENTED_EDGE('',*,*,#1032,.T.);
#2668 = PLANE('',#2669);
#2669 = AXIS2_PLACEMENT_3D('',#2670,#2671,#2672);
#2670 = CARTESIAN_POINT('',(212.98934924354,-117.7155837673,-4.));
#2671 = DIRECTION('',(0.,-1.,0.));
#2672 = DIRECTION('',(-1.,0.,0.));
#2673 = ADVANCED_FACE('',(#2674),#2694,.T.);
#2674 = FACE_BOUND('',#2675,.T.);
#2675 = EDGE_LOOP('',(#2676,#2677,#2686,#2693));
#2676 = ORIENTED_EDGE('',*,*,#2644,.F.);
#2677 = ORIENTED_EDGE('',*,*,#2678,.T.);
#2678 = EDGE_CURVE('',#2636,#2679,#2681,.T.);
#2679 = VERTEX_POINT('',#2680);
#2680 = CARTESIAN_POINT('',(188.21939721667,-161.1598712508,7.));
#2681 = CIRCLE('',#2682,5.281250259068);
#2682 = AXIS2_PLACEMENT_3D('',#2683,#2684,#2685);
#2683 = CARTESIAN_POINT('',(183.64570067542,-158.5192455206,7.));
#2684 = DIRECTION('',(-2.148926629765E-33,1.2E-16,1.));
#2685 = DIRECTION('',(-0.503097908104,-0.864229422585,1.037075307102E-16
    ));
#2686 = ORIENTED_EDGE('',*,*,#2687,.T.);
#2687 = EDGE_CURVE('',#2679,#559,#2688,.T.);
#2688 = CIRCLE('',#2689,0.5);
#2689 = AXIS2_PLACEMENT_3D('',#2690,#2691,#2692);
#2690 = CARTESIAN_POINT('',(187.78638454762,-160.909871194,7.));
#2691 = DIRECTION('',(-0.50000011375,-0.866025338111,1.1E-16));
#2692 = DIRECTION('',(0.866025338111,-0.50000011375,6.E-17));
#2693 = ORIENTED_EDGE('',*,*,#558,.F.);
#2694 = TOROIDAL_SURFACE('',#2695,4.781250259068,0.5);
#2695 = AXIS2_PLACEMENT_3D('',#2696,#2697,#2698);
#2696 = CARTESIAN_POINT('',(183.64570067542,-158.5192455206,7.));
#2697 = DIRECTION('',(0.,1.2E-16,1.));
#2698 = DIRECTION('',(-0.503097908104,-0.864229422585,1.037075307102E-16
    ));
#2699 = ADVANCED_FACE('',(#2700),#2711,.T.);
#2700 = FACE_BOUND('',#2701,.T.);
#2701 = EDGE_LOOP('',(#2702,#2703,#2704,#2705));
#2702 = ORIENTED_EDGE('',*,*,#1040,.F.);
#2703 = ORIENTED_EDGE('',*,*,#2662,.T.);
#2704 = ORIENTED_EDGE('',*,*,#691,.T.);
#2705 = ORIENTED_EDGE('',*,*,#2706,.F.);
#2706 = EDGE_CURVE('',#1041,#684,#2707,.T.);
#2707 = LINE('',#2708,#2709);
#2708 = CARTESIAN_POINT('',(205.98934924354,-114.7155837673,-4.));
#2709 = VECTOR('',#2710,1.);
#2710 = DIRECTION('',(0.,0.,1.));
#2711 = CYLINDRICAL_SURFACE('',#2712,4.);
#2712 = AXIS2_PLACEMENT_3D('',#2713,#2714,#2715);
#2713 = CARTESIAN_POINT('',(202.28125,-116.2155837673,-4.));
#2714 = DIRECTION('',(0.,0.,-1.));
#2715 = DIRECTION('',(1.,0.,0.));
#2716 = ADVANCED_FACE('',(#2717),#2736,.T.);
#2717 = FACE_BOUND('',#2718,.F.);
#2718 = EDGE_LOOP('',(#2719,#2720,#2721,#2730));
#2719 = ORIENTED_EDGE('',*,*,#2687,.T.);
#2720 = ORIENTED_EDGE('',*,*,#567,.T.);
#2721 = ORIENTED_EDGE('',*,*,#2722,.F.);
#2722 = EDGE_CURVE('',#2723,#568,#2725,.T.);
#2723 = VERTEX_POINT('',#2724);
#2724 = CARTESIAN_POINT('',(207.26940648052,-128.1642973298,7.));
#2725 = CIRCLE('',#2726,0.5);
#2726 = AXIS2_PLACEMENT_3D('',#2727,#2728,#2729);
#2727 = CARTESIAN_POINT('',(206.83639381146,-127.914297273,7.));
#2728 = DIRECTION('',(-0.50000011375,-0.866025338111,3.578285297755E-33)
  );
#2729 = DIRECTION('',(0.866025338111,-0.50000011375,6.E-17));
#2730 = ORIENTED_EDGE('',*,*,#2731,.F.);
#2731 = EDGE_CURVE('',#2679,#2723,#2732,.T.);
#2732 = LINE('',#2733,#2734);
#2733 = CARTESIAN_POINT('',(188.21939721667,-161.1598712508,7.));
#2734 = VECTOR('',#2735,1.);
#2735 = DIRECTION('',(0.50000011375,0.866025338111,0.));
#2736 = CYLINDRICAL_SURFACE('',#2737,0.5);
#2737 = AXIS2_PLACEMENT_3D('',#2738,#2739,#2740);
#2738 = CARTESIAN_POINT('',(187.78638454762,-160.909871194,7.));
#2739 = DIRECTION('',(0.50000011375,0.866025338111,0.));
#2740 = DIRECTION('',(0.866025338111,-0.50000011375,6.E-17));
#2741 = ADVANCED_FACE('',(#2742),#2753,.T.);
#2742 = FACE_BOUND('',#2743,.T.);
#2743 = EDGE_LOOP('',(#2744,#2745,#2746,#2747));
#2744 = ORIENTED_EDGE('',*,*,#1049,.T.);
#2745 = ORIENTED_EDGE('',*,*,#2706,.T.);
#2746 = ORIENTED_EDGE('',*,*,#683,.T.);
#2747 = ORIENTED_EDGE('',*,*,#2748,.T.);
#2748 = EDGE_CURVE('',#675,#1050,#2749,.T.);
#2749 = LINE('',#2750,#2751);
#2750 = CARTESIAN_POINT('',(212.10389461594,-114.7155837673,-4.));
#2751 = VECTOR('',#2752,1.);
#2752 = DIRECTION('',(0.,0.,-1.));
#2753 = PLANE('',#2754);
#2754 = AXIS2_PLACEMENT_3D('',#2755,#2756,#2757);
#2755 = CARTESIAN_POINT('',(205.98934924354,-114.7155837673,-4.));
#2756 = DIRECTION('',(0.,1.,0.));
#2757 = DIRECTION('',(1.,0.,0.));
#2758 = ADVANCED_FACE('',(#2759),#2778,.T.);
#2759 = FACE_BOUND('',#2760,.F.);
#2760 = EDGE_LOOP('',(#2761,#2762,#2763,#2772));
#2761 = ORIENTED_EDGE('',*,*,#2722,.T.);
#2762 = ORIENTED_EDGE('',*,*,#575,.T.);
#2763 = ORIENTED_EDGE('',*,*,#2764,.F.);
#2764 = EDGE_CURVE('',#2765,#576,#2767,.T.);
#2765 = VERTEX_POINT('',#2766);
#2766 = CARTESIAN_POINT('',(214.07369628218,-116.3789252588,7.));
#2767 = CIRCLE('',#2768,0.5);
#2768 = AXIS2_PLACEMENT_3D('',#2769,#2770,#2771);
#2769 = CARTESIAN_POINT('',(213.64068361313,-116.1289252019,7.));
#2770 = DIRECTION('',(-0.500000113749,-0.866025338112,1.48376769343E-33)
  );
#2771 = DIRECTION('',(0.866025338112,-0.500000113749,6.E-17));
#2772 = ORIENTED_EDGE('',*,*,#2773,.F.);
#2773 = EDGE_CURVE('',#2723,#2765,#2774,.T.);
#2774 = LINE('',#2775,#2776);
#2775 = CARTESIAN_POINT('',(207.26940648051,-128.1642973298,7.));
#2776 = VECTOR('',#2777,1.);
#2777 = DIRECTION('',(0.500000113749,0.866025338112,0.));
#2778 = CYLINDRICAL_SURFACE('',#2779,0.5);
#2779 = AXIS2_PLACEMENT_3D('',#2780,#2781,#2782);
#2780 = CARTESIAN_POINT('',(206.83639381146,-127.9142972729,7.));
#2781 = DIRECTION('',(0.500000113749,0.866025338112,0.));
#2782 = DIRECTION('',(0.866025338112,-0.500000113749,6.E-17));
#2783 = ADVANCED_FACE('',(#2784),#2795,.F.);
#2784 = FACE_BOUND('',#2785,.F.);
#2785 = EDGE_LOOP('',(#2786,#2787,#2793,#2794));
#2786 = ORIENTED_EDGE('',*,*,#1057,.F.);
#2787 = ORIENTED_EDGE('',*,*,#2788,.T.);
#2788 = EDGE_CURVE('',#1058,#667,#2789,.T.);
#2789 = LINE('',#2790,#2791);
#2790 = CARTESIAN_POINT('',(212.28125,-113.7382995285,-4.));
#2791 = VECTOR('',#2792,1.);
#2792 = DIRECTION('',(0.,0.,1.));
#2793 = ORIENTED_EDGE('',*,*,#674,.T.);
#2794 = ORIENTED_EDGE('',*,*,#2748,.T.);
#2795 = CYLINDRICAL_SURFACE('',#2796,2.781250259068);
#2796 = AXIS2_PLACEMENT_3D('',#2797,#2798,#2799);
#2797 = CARTESIAN_POINT('',(209.49999974093,-113.7382995285,-4.));
#2798 = DIRECTION('',(0.,0.,-1.));
#2799 = DIRECTION('',(1.,0.,0.));
#2800 = ADVANCED_FACE('',(#2801),#2821,.T.);
#2801 = FACE_BOUND('',#2802,.T.);
#2802 = EDGE_LOOP('',(#2803,#2804,#2813,#2820));
#2803 = ORIENTED_EDGE('',*,*,#2764,.F.);
#2804 = ORIENTED_EDGE('',*,*,#2805,.T.);
#2805 = EDGE_CURVE('',#2765,#2806,#2808,.T.);
#2806 = VERTEX_POINT('',#2807);
#2807 = CARTESIAN_POINT('',(214.78125,-113.7382995285,7.));
#2808 = CIRCLE('',#2809,5.281250259068);
#2809 = AXIS2_PLACEMENT_3D('',#2810,#2811,#2812);
#2810 = CARTESIAN_POINT('',(209.49999974093,-113.7382995285,7.));
#2811 = DIRECTION('',(8.865610707461E-33,1.2E-16,1.));
#2812 = DIRECTION('',(0.866025338112,-0.500000113749,6.000001364985E-17)
  );
#2813 = ORIENTED_EDGE('',*,*,#2814,.T.);
#2814 = EDGE_CURVE('',#2806,#584,#2815,.T.);
#2815 = CIRCLE('',#2816,0.5);
#2816 = AXIS2_PLACEMENT_3D('',#2817,#2818,#2819);
#2817 = CARTESIAN_POINT('',(214.28125,-113.7382995285,7.));
#2818 = DIRECTION('',(6.E-17,-1.,1.2E-16));
#2819 = DIRECTION('',(1.,6.E-17,3.860019304005E-49));
#2820 = ORIENTED_EDGE('',*,*,#583,.F.);
#2821 = TOROIDAL_SURFACE('',#2822,4.781250259068,0.5);
#2822 = AXIS2_PLACEMENT_3D('',#2823,#2824,#2825);
#2823 = CARTESIAN_POINT('',(209.49999974093,-113.7382995285,7.));
#2824 = DIRECTION('',(0.,1.2E-16,1.));
#2825 = DIRECTION('',(0.866025338112,-0.500000113749,6.000001364985E-17)
  );
#2826 = ADVANCED_FACE('',(#2827),#2882,.T.);
#2827 = FACE_BOUND('',#2828,.T.);
#2828 = EDGE_LOOP('',(#2829,#2830,#2838,#2846,#2852,#2853,#2854,#2860,
    #2868,#2876));
#2829 = ORIENTED_EDGE('',*,*,#1090,.T.);
#2830 = ORIENTED_EDGE('',*,*,#2831,.T.);
#2831 = EDGE_CURVE('',#1083,#2832,#2834,.T.);
#2832 = VERTEX_POINT('',#2833);
#2833 = CARTESIAN_POINT('',(212.28125,-103.7382995285,-4.));
#2834 = LINE('',#2835,#2836);
#2835 = CARTESIAN_POINT('',(212.28125,-103.7382995285,-2.5));
#2836 = VECTOR('',#2837,1.);
#2837 = DIRECTION('',(0.,0.,-1.));
#2838 = ORIENTED_EDGE('',*,*,#2839,.T.);
#2839 = EDGE_CURVE('',#2832,#2840,#2842,.T.);
#2840 = VERTEX_POINT('',#2841);
#2841 = CARTESIAN_POINT('',(212.28125,-113.7382995285,-4.));
#2842 = LINE('',#2843,#2844);
#2843 = CARTESIAN_POINT('',(212.28125,-101.5512418936,-4.));
#2844 = VECTOR('',#2845,1.);
#2845 = DIRECTION('',(0.,-1.,1.2E-16));
#2846 = ORIENTED_EDGE('',*,*,#2847,.F.);
#2847 = EDGE_CURVE('',#1058,#2840,#2848,.T.);
#2848 = LINE('',#2849,#2850);
#2849 = CARTESIAN_POINT('',(212.28125,-113.7382995285,-2.5));
#2850 = VECTOR('',#2851,1.);
#2851 = DIRECTION('',(0.,0.,-1.));
#2852 = ORIENTED_EDGE('',*,*,#2788,.T.);
#2853 = ORIENTED_EDGE('',*,*,#666,.F.);
#2854 = ORIENTED_EDGE('',*,*,#2855,.F.);
#2855 = EDGE_CURVE('',#1115,#658,#2856,.T.);
#2856 = LINE('',#2857,#2858);
#2857 = CARTESIAN_POINT('',(212.28125,-37.40254807749,-4.));
#2858 = VECTOR('',#2859,1.);
#2859 = DIRECTION('',(0.,0.,1.));
#2860 = ORIENTED_EDGE('',*,*,#2861,.T.);
#2861 = EDGE_CURVE('',#1115,#2862,#2864,.T.);
#2862 = VERTEX_POINT('',#2863);
#2863 = CARTESIAN_POINT('',(212.28125,-37.40254807749,-4.));
#2864 = LINE('',#2865,#2866);
#2865 = CARTESIAN_POINT('',(212.28125,-37.40254807749,-2.5));
#2866 = VECTOR('',#2867,1.);
#2867 = DIRECTION('',(0.,0.,-1.));
#2868 = ORIENTED_EDGE('',*,*,#2869,.T.);
#2869 = EDGE_CURVE('',#2862,#2870,#2872,.T.);
#2870 = VERTEX_POINT('',#2871);
#2871 = CARTESIAN_POINT('',(212.28125,-47.40254807749,-4.));
#2872 = LINE('',#2873,#2874);
#2873 = CARTESIAN_POINT('',(212.28125,-68.38336616814,-4.));
#2874 = VECTOR('',#2875,1.);
#2875 = DIRECTION('',(0.,-1.,1.2E-16));
#2876 = ORIENTED_EDGE('',*,*,#2877,.F.);
#2877 = EDGE_CURVE('',#1091,#2870,#2878,.T.);
#2878 = LINE('',#2879,#2880);
#2879 = CARTESIAN_POINT('',(212.28125,-47.40254807749,-2.5));
#2880 = VECTOR('',#2881,1.);
#2881 = DIRECTION('',(0.,0.,-1.));
#2882 = PLANE('',#2883);
#2883 = AXIS2_PLACEMENT_3D('',#2884,#2885,#2886);
#2884 = CARTESIAN_POINT('',(212.28125,-75.57042380302,2.139002308973));
#2885 = DIRECTION('',(-1.,0.,0.));
#2886 = DIRECTION('',(0.,1.2E-16,1.));
#2887 = ADVANCED_FACE('',(#2888),#2907,.T.);
#2888 = FACE_BOUND('',#2889,.F.);
#2889 = EDGE_LOOP('',(#2890,#2891,#2892,#2901));
#2890 = ORIENTED_EDGE('',*,*,#2814,.T.);
#2891 = ORIENTED_EDGE('',*,*,#592,.T.);
#2892 = ORIENTED_EDGE('',*,*,#2893,.F.);
#2893 = EDGE_CURVE('',#2894,#593,#2896,.T.);
#2894 = VERTEX_POINT('',#2895);
#2895 = CARTESIAN_POINT('',(214.78125,-37.40254807749,7.));
#2896 = CIRCLE('',#2897,0.5);
#2897 = AXIS2_PLACEMENT_3D('',#2898,#2899,#2900);
#2898 = CARTESIAN_POINT('',(214.28125,-37.40254807749,7.));
#2899 = DIRECTION('',(0.,-1.,0.));
#2900 = DIRECTION('',(1.,0.,0.));
#2901 = ORIENTED_EDGE('',*,*,#2902,.F.);
#2902 = EDGE_CURVE('',#2806,#2894,#2903,.T.);
#2903 = LINE('',#2904,#2905);
#2904 = CARTESIAN_POINT('',(214.78125,-113.7382995285,7.));
#2905 = VECTOR('',#2906,1.);
#2906 = DIRECTION('',(0.,1.,0.));
#2907 = CYLINDRICAL_SURFACE('',#2908,0.5);
#2908 = AXIS2_PLACEMENT_3D('',#2909,#2910,#2911);
#2909 = CARTESIAN_POINT('',(214.28125,-113.7382995285,7.));
#2910 = DIRECTION('',(0.,1.,0.));
#2911 = DIRECTION('',(1.,0.,0.));
#2912 = ADVANCED_FACE('',(#2913),#2924,.F.);
#2913 = FACE_BOUND('',#2914,.F.);
#2914 = EDGE_LOOP('',(#2915,#2916,#2922,#2923));
#2915 = ORIENTED_EDGE('',*,*,#1122,.F.);
#2916 = ORIENTED_EDGE('',*,*,#2917,.T.);
#2917 = EDGE_CURVE('',#1123,#650,#2918,.T.);
#2918 = LINE('',#2919,#2920);
#2919 = CARTESIAN_POINT('',(209.49999992249,-34.62129799999,-4.));
#2920 = VECTOR('',#2921,1.);
#2921 = DIRECTION('',(0.,0.,1.));
#2922 = ORIENTED_EDGE('',*,*,#657,.T.);
#2923 = ORIENTED_EDGE('',*,*,#2855,.F.);
#2924 = CYLINDRICAL_SURFACE('',#2925,2.781250077504);
#2925 = AXIS2_PLACEMENT_3D('',#2926,#2927,#2928);
#2926 = CARTESIAN_POINT('',(209.49999992249,-37.40254807749,-4.));
#2927 = DIRECTION('',(0.,0.,-1.));
#2928 = DIRECTION('',(1.,0.,0.));
#2929 = ADVANCED_FACE('',(#2930),#2950,.T.);
#2930 = FACE_BOUND('',#2931,.T.);
#2931 = EDGE_LOOP('',(#2932,#2933,#2942,#2949));
#2932 = ORIENTED_EDGE('',*,*,#2893,.F.);
#2933 = ORIENTED_EDGE('',*,*,#2934,.T.);
#2934 = EDGE_CURVE('',#2894,#2935,#2937,.T.);
#2935 = VERTEX_POINT('',#2936);
#2936 = CARTESIAN_POINT('',(209.49999992249,-32.12129799999,7.));
#2937 = CIRCLE('',#2938,5.281250077504);
#2938 = AXIS2_PLACEMENT_3D('',#2939,#2940,#2941);
#2939 = CARTESIAN_POINT('',(209.49999992249,-37.40254807749,7.));
#2940 = DIRECTION('',(-0.,1.2E-16,1.));
#2941 = DIRECTION('',(1.,0.,0.));
#2942 = ORIENTED_EDGE('',*,*,#2943,.T.);
#2943 = EDGE_CURVE('',#2935,#601,#2944,.T.);
#2944 = CIRCLE('',#2945,0.5);
#2945 = AXIS2_PLACEMENT_3D('',#2946,#2947,#2948);
#2946 = CARTESIAN_POINT('',(209.49999992249,-32.62129799999,7.));
#2947 = DIRECTION('',(1.,-6.E-17,-3.860019304005E-49));
#2948 = DIRECTION('',(6.E-17,1.,-1.2E-16));
#2949 = ORIENTED_EDGE('',*,*,#600,.F.);
#2950 = TOROIDAL_SURFACE('',#2951,4.781250077504,0.5);
#2951 = AXIS2_PLACEMENT_3D('',#2952,#2953,#2954);
#2952 = CARTESIAN_POINT('',(209.49999992249,-37.40254807749,7.));
#2953 = DIRECTION('',(0.,1.2E-16,1.));
#2954 = DIRECTION('',(1.,0.,0.));
#2955 = ADVANCED_FACE('',(#2956),#2967,.F.);
#2956 = FACE_BOUND('',#2957,.F.);
#2957 = EDGE_LOOP('',(#2958,#2959,#2965,#2966));
#2958 = ORIENTED_EDGE('',*,*,#1131,.F.);
#2959 = ORIENTED_EDGE('',*,*,#2960,.T.);
#2960 = EDGE_CURVE('',#1132,#642,#2961,.T.);
#2961 = LINE('',#2962,#2963);
#2962 = CARTESIAN_POINT('',(203.78125,-34.62129799999,-4.));
#2963 = VECTOR('',#2964,1.);
#2964 = DIRECTION('',(0.,0.,1.));
#2965 = ORIENTED_EDGE('',*,*,#649,.T.);
#2966 = ORIENTED_EDGE('',*,*,#2917,.F.);
#2967 = PLANE('',#2968);
#2968 = AXIS2_PLACEMENT_3D('',#2969,#2970,#2971);
#2969 = CARTESIAN_POINT('',(94.078044370398,-34.62129799999,-4.));
#2970 = DIRECTION('',(6.8E-16,1.,0.));
#2971 = DIRECTION('',(1.,-6.8E-16,0.));
#2972 = ADVANCED_FACE('',(#2973),#2992,.T.);
#2973 = FACE_BOUND('',#2974,.F.);
#2974 = EDGE_LOOP('',(#2975,#2976,#2977,#2986));
#2975 = ORIENTED_EDGE('',*,*,#2943,.T.);
#2976 = ORIENTED_EDGE('',*,*,#609,.T.);
#2977 = ORIENTED_EDGE('',*,*,#2978,.F.);
#2978 = EDGE_CURVE('',#2979,#610,#2981,.T.);
#2979 = VERTEX_POINT('',#2980);
#2980 = CARTESIAN_POINT('',(188.50274017201,-32.12129799999,7.));
#2981 = CIRCLE('',#2982,0.5);
#2982 = AXIS2_PLACEMENT_3D('',#2983,#2984,#2985);
#2983 = CARTESIAN_POINT('',(188.50274017201,-32.62129799999,7.));
#2984 = DIRECTION('',(1.,-0.,0.));
#2985 = DIRECTION('',(0.,1.,-1.2E-16));
#2986 = ORIENTED_EDGE('',*,*,#2987,.F.);
#2987 = EDGE_CURVE('',#2935,#2979,#2988,.T.);
#2988 = LINE('',#2989,#2990);
#2989 = CARTESIAN_POINT('',(209.49999992249,-32.12129799999,7.));
#2990 = VECTOR('',#2991,1.);
#2991 = DIRECTION('',(-1.,6.2E-16,0.));
#2992 = CYLINDRICAL_SURFACE('',#2993,0.5);
#2993 = AXIS2_PLACEMENT_3D('',#2994,#2995,#2996);
#2994 = CARTESIAN_POINT('',(209.49999992249,-32.62129799999,7.));
#2995 = DIRECTION('',(-1.,6.2E-16,0.));
#2996 = DIRECTION('',(6.2E-16,1.,0.));
#2997 = ADVANCED_FACE('',(#2998),#3009,.F.);
#2998 = FACE_BOUND('',#2999,.F.);
#2999 = EDGE_LOOP('',(#3000,#3001,#3007,#3008));
#3000 = ORIENTED_EDGE('',*,*,#1139,.T.);
#3001 = ORIENTED_EDGE('',*,*,#3002,.T.);
#3002 = EDGE_CURVE('',#1140,#633,#3003,.T.);
#3003 = LINE('',#3004,#3005);
#3004 = CARTESIAN_POINT('',(203.78125,-37.91319875645,-4.));
#3005 = VECTOR('',#3006,1.);
#3006 = DIRECTION('',(0.,0.,1.));
#3007 = ORIENTED_EDGE('',*,*,#641,.T.);
#3008 = ORIENTED_EDGE('',*,*,#2960,.F.);
#3009 = PLANE('',#3010);
#3010 = AXIS2_PLACEMENT_3D('',#3011,#3012,#3013);
#3011 = CARTESIAN_POINT('',(203.78125,-37.91319875645,-4.));
#3012 = DIRECTION('',(-1.,0.,0.));
#3013 = DIRECTION('',(0.,1.,0.));
#3014 = ADVANCED_FACE('',(#3015),#3021,.T.);
#3015 = FACE_BOUND('',#3016,.T.);
#3016 = EDGE_LOOP('',(#3017,#3018,#3019,#3020));
#3017 = ORIENTED_EDGE('',*,*,#1147,.F.);
#3018 = ORIENTED_EDGE('',*,*,#3002,.T.);
#3019 = ORIENTED_EDGE('',*,*,#632,.T.);
#3020 = ORIENTED_EDGE('',*,*,#906,.F.);
#3021 = CYLINDRICAL_SURFACE('',#3022,4.);
#3022 = AXIS2_PLACEMENT_3D('',#3023,#3024,#3025);
#3023 = CARTESIAN_POINT('',(202.28125,-41.621298,-4.));
#3024 = DIRECTION('',(0.,0.,-1.));
#3025 = DIRECTION('',(1.,0.,0.));
#3026 = ADVANCED_FACE('',(#3027),#3045,.F.);
#3027 = FACE_BOUND('',#3028,.F.);
#3028 = EDGE_LOOP('',(#3029,#3038,#3043,#3044));
#3029 = ORIENTED_EDGE('',*,*,#3030,.F.);
#3030 = EDGE_CURVE('',#3031,#3031,#3033,.T.);
#3031 = VERTEX_POINT('',#3032);
#3032 = CARTESIAN_POINT('',(203.28125,-41.62129799999,6.));
#3033 = CIRCLE('',#3034,1.);
#3034 = AXIS2_PLACEMENT_3D('',#3035,#3036,#3037);
#3035 = CARTESIAN_POINT('',(202.28125,-41.62129799999,6.));
#3036 = DIRECTION('',(0.,0.,-1.));
#3037 = DIRECTION('',(1.,0.,0.));
#3038 = ORIENTED_EDGE('',*,*,#3039,.F.);
#3039 = EDGE_CURVE('',#846,#3031,#3040,.T.);
#3040 = B_SPLINE_CURVE_WITH_KNOTS('',1,(#3041,#3042),.UNSPECIFIED.,.F.,
  .F.,(2,2),(-11.5,0.),.PIECEWISE_BEZIER_KNOTS.);
#3041 = CARTESIAN_POINT('',(203.28125,-41.62129799999,7.5));
#3042 = CARTESIAN_POINT('',(203.28125,-41.62129799999,-4.));
#3043 = ORIENTED_EDGE('',*,*,#845,.T.);
#3044 = ORIENTED_EDGE('',*,*,#3039,.T.);
#3045 = CYLINDRICAL_SURFACE('',#3046,1.);
#3046 = AXIS2_PLACEMENT_3D('',#3047,#3048,#3049);
#3047 = CARTESIAN_POINT('',(202.28125,-41.62129799999,-4.));
#3048 = DIRECTION('',(0.,0.,-1.));
#3049 = DIRECTION('',(1.,0.,0.));
#3050 = ADVANCED_FACE('',(#3051),#3069,.F.);
#3051 = FACE_BOUND('',#3052,.F.);
#3052 = EDGE_LOOP('',(#3053,#3062,#3067,#3068));
#3053 = ORIENTED_EDGE('',*,*,#3054,.F.);
#3054 = EDGE_CURVE('',#3055,#3055,#3057,.T.);
#3055 = VERTEX_POINT('',#3056);
#3056 = CARTESIAN_POINT('',(203.28125,-116.2155837673,6.));
#3057 = CIRCLE('',#3058,1.);
#3058 = AXIS2_PLACEMENT_3D('',#3059,#3060,#3061);
#3059 = CARTESIAN_POINT('',(202.28125,-116.2155837673,6.));
#3060 = DIRECTION('',(0.,0.,-1.));
#3061 = DIRECTION('',(1.,0.,0.));
#3062 = ORIENTED_EDGE('',*,*,#3063,.F.);
#3063 = EDGE_CURVE('',#857,#3055,#3064,.T.);
#3064 = B_SPLINE_CURVE_WITH_KNOTS('',1,(#3065,#3066),.UNSPECIFIED.,.F.,
  .F.,(2,2),(-11.5,0.),.PIECEWISE_BEZIER_KNOTS.);
#3065 = CARTESIAN_POINT('',(203.28125,-116.2155837673,7.5));
#3066 = CARTESIAN_POINT('',(203.28125,-116.2155837673,-4.));
#3067 = ORIENTED_EDGE('',*,*,#856,.T.);
#3068 = ORIENTED_EDGE('',*,*,#3063,.T.);
#3069 = CYLINDRICAL_SURFACE('',#3070,1.);
#3070 = AXIS2_PLACEMENT_3D('',#3071,#3072,#3073);
#3071 = CARTESIAN_POINT('',(202.28125,-116.2155837673,-4.));
#3072 = DIRECTION('',(0.,0.,-1.));
#3073 = DIRECTION('',(1.,0.,0.));
#3074 = ADVANCED_FACE('',(#3075),#3086,.T.);
#3075 = FACE_BOUND('',#3076,.T.);
#3076 = EDGE_LOOP('',(#3077,#3084,#3085));
#3077 = ORIENTED_EDGE('',*,*,#3078,.F.);
#3078 = EDGE_CURVE('',#874,#2979,#3079,.T.);
#3079 = CIRCLE('',#3080,0.5);
#3080 = AXIS2_PLACEMENT_3D('',#3081,#3082,#3083);
#3081 = CARTESIAN_POINT('',(188.50274017201,-32.62129799999,7.));
#3082 = DIRECTION('',(0.,-1.2E-16,-1.));
#3083 = DIRECTION('',(0.,1.,-1.2E-16));
#3084 = ORIENTED_EDGE('',*,*,#873,.T.);
#3085 = ORIENTED_EDGE('',*,*,#2978,.F.);
#3086 = SPHERICAL_SURFACE('',#3087,0.5);
#3087 = AXIS2_PLACEMENT_3D('',#3088,#3089,#3090);
#3088 = CARTESIAN_POINT('',(188.50274017201,-32.62129799999,7.));
#3089 = DIRECTION('',(1.,0.,0.));
#3090 = DIRECTION('',(0.,1.,-1.2E-16));
#3091 = ADVANCED_FACE('',(#3092),#3111,.T.);
#3092 = FACE_BOUND('',#3093,.F.);
#3093 = EDGE_LOOP('',(#3094,#3095,#3096,#3105));
#3094 = ORIENTED_EDGE('',*,*,#3078,.F.);
#3095 = ORIENTED_EDGE('',*,*,#924,.T.);
#3096 = ORIENTED_EDGE('',*,*,#3097,.F.);
#3097 = EDGE_CURVE('',#3098,#925,#3100,.T.);
#3098 = VERTEX_POINT('',#3099);
#3099 = CARTESIAN_POINT('',(188.50274017201,-32.12129799999,3.357291999)
  );
#3100 = CIRCLE('',#3101,0.5);
#3101 = AXIS2_PLACEMENT_3D('',#3102,#3103,#3104);
#3102 = CARTESIAN_POINT('',(188.50274017201,-32.62129799999,3.357291999)
  );
#3103 = DIRECTION('',(0.,-0.,1.));
#3104 = DIRECTION('',(6.2E-16,1.,0.));
#3105 = ORIENTED_EDGE('',*,*,#3106,.F.);
#3106 = EDGE_CURVE('',#2979,#3098,#3107,.T.);
#3107 = LINE('',#3108,#3109);
#3108 = CARTESIAN_POINT('',(188.50274017201,-32.12129799999,7.5));
#3109 = VECTOR('',#3110,1.);
#3110 = DIRECTION('',(0.,0.,-1.));
#3111 = CYLINDRICAL_SURFACE('',#3112,0.5);
#3112 = AXIS2_PLACEMENT_3D('',#3113,#3114,#3115);
#3113 = CARTESIAN_POINT('',(188.50274017201,-32.62129799999,7.5));
#3114 = DIRECTION('',(0.,0.,-1.));
#3115 = DIRECTION('',(6.2E-16,1.,0.));
#3116 = ADVANCED_FACE('',(#3117),#3135,.F.);
#3117 = FACE_BOUND('',#3118,.F.);
#3118 = EDGE_LOOP('',(#3119,#3120,#3121,#3129));
#3119 = ORIENTED_EDGE('',*,*,#1328,.F.);
#3120 = ORIENTED_EDGE('',*,*,#2246,.T.);
#3121 = ORIENTED_EDGE('',*,*,#3122,.F.);
#3122 = EDGE_CURVE('',#3123,#2247,#3125,.T.);
#3123 = VERTEX_POINT('',#3124);
#3124 = CARTESIAN_POINT('',(67.150000077504,-127.1781249999,-4.));
#3125 = LINE('',#3126,#3127);
#3126 = CARTESIAN_POINT('',(67.150000077504,-109.7711546293,-4.));
#3127 = VECTOR('',#3128,1.);
#3128 = DIRECTION('',(0.,-1.,1.2E-16));
#3129 = ORIENTED_EDGE('',*,*,#3130,.F.);
#3130 = EDGE_CURVE('',#1321,#3123,#3131,.T.);
#3131 = LINE('',#3132,#3133);
#3132 = CARTESIAN_POINT('',(67.150000077504,-127.1781249999,-2.5));
#3133 = VECTOR('',#3134,1.);
#3134 = DIRECTION('',(0.,0.,-1.));
#3135 = PLANE('',#3136);
#3136 = AXIS2_PLACEMENT_3D('',#3137,#3138,#3139);
#3137 = CARTESIAN_POINT('',(67.150000077504,-130.1781249999,-2.5));
#3138 = DIRECTION('',(1.,0.,0.));
#3139 = DIRECTION('',(0.,1.,0.));
#3140 = ADVANCED_FACE('',(#3141),#3159,.F.);
#3141 = FACE_BOUND('',#3142,.F.);
#3142 = EDGE_LOOP('',(#3143,#3144,#3145,#3153));
#3143 = ORIENTED_EDGE('',*,*,#1320,.F.);
#3144 = ORIENTED_EDGE('',*,*,#3130,.T.);
#3145 = ORIENTED_EDGE('',*,*,#3146,.F.);
#3146 = EDGE_CURVE('',#3147,#3123,#3149,.T.);
#3147 = VERTEX_POINT('',#3148);
#3148 = CARTESIAN_POINT('',(57.150000077504,-127.1781249999,-4.));
#3149 = LINE('',#3150,#3151);
#3150 = CARTESIAN_POINT('',(101.26883048384,-127.1781249999,-4.));
#3151 = VECTOR('',#3152,1.);
#3152 = DIRECTION('',(1.,0.,0.));
#3153 = ORIENTED_EDGE('',*,*,#3154,.F.);
#3154 = EDGE_CURVE('',#1313,#3147,#3155,.T.);
#3155 = LINE('',#3156,#3157);
#3156 = CARTESIAN_POINT('',(57.150000077504,-127.1781249999,-2.5));
#3157 = VECTOR('',#3158,1.);
#3158 = DIRECTION('',(0.,0.,-1.));
#3159 = PLANE('',#3160);
#3160 = AXIS2_PLACEMENT_3D('',#3161,#3162,#3163);
#3161 = CARTESIAN_POINT('',(67.150000077504,-127.1781249999,-2.5));
#3162 = DIRECTION('',(0.,1.,0.));
#3163 = DIRECTION('',(-1.,0.,0.));
#3164 = ADVANCED_FACE('',(#3165),#3176,.F.);
#3165 = FACE_BOUND('',#3166,.F.);
#3166 = EDGE_LOOP('',(#3167,#3168,#3169,#3175));
#3167 = ORIENTED_EDGE('',*,*,#1312,.F.);
#3168 = ORIENTED_EDGE('',*,*,#3154,.T.);
#3169 = ORIENTED_EDGE('',*,*,#3170,.F.);
#3170 = EDGE_CURVE('',#2255,#3147,#3171,.T.);
#3171 = LINE('',#3172,#3173);
#3172 = CARTESIAN_POINT('',(57.150000077504,-108.2711546293,-4.));
#3173 = VECTOR('',#3174,1.);
#3174 = DIRECTION('',(0.,1.,-1.2E-16));
#3175 = ORIENTED_EDGE('',*,*,#2262,.F.);
#3176 = PLANE('',#3177);
#3177 = AXIS2_PLACEMENT_3D('',#3178,#3179,#3180);
#3178 = CARTESIAN_POINT('',(57.150000077504,-127.1781249999,-2.5));
#3179 = DIRECTION('',(-1.,0.,0.));
#3180 = DIRECTION('',(0.,-1.,0.));
#3181 = ADVANCED_FACE('',(#3182),#3200,.F.);
#3182 = FACE_BOUND('',#3183,.F.);
#3183 = EDGE_LOOP('',(#3184,#3185,#3193,#3199));
#3184 = ORIENTED_EDGE('',*,*,#2206,.T.);
#3185 = ORIENTED_EDGE('',*,*,#3186,.T.);
#3186 = EDGE_CURVE('',#2134,#3187,#3189,.T.);
#3187 = VERTEX_POINT('',#3188);
#3188 = CARTESIAN_POINT('',(55.36875,-127.3968749224,1.59872115546E-14)
  );
#3189 = LINE('',#3190,#3191);
#3190 = CARTESIAN_POINT('',(54.36875,-127.3968749224,1.554312234475E-14)
  );
#3191 = VECTOR('',#3192,1.);
#3192 = DIRECTION('',(1.,0.,0.));
#3193 = ORIENTED_EDGE('',*,*,#3194,.F.);
#3194 = EDGE_CURVE('',#1288,#3187,#3195,.T.);
#3195 = LINE('',#3196,#3197);
#3196 = CARTESIAN_POINT('',(55.36875,-127.3968749224,-2.5));
#3197 = VECTOR('',#3198,1.);
#3198 = DIRECTION('',(0.,0.,1.));
#3199 = ORIENTED_EDGE('',*,*,#1295,.F.);
#3200 = PLANE('',#3201);
#3201 = AXIS2_PLACEMENT_3D('',#3202,#3203,#3204);
#3202 = CARTESIAN_POINT('',(54.36875,-127.3968749224,-2.5));
#3203 = DIRECTION('',(0.,1.,0.));
#3204 = DIRECTION('',(1.,0.,0.));
#3205 = ADVANCED_FACE('',(#3206),#3224,.F.);
#3206 = FACE_BOUND('',#3207,.F.);
#3207 = EDGE_LOOP('',(#3208,#3209,#3217,#3223));
#3208 = ORIENTED_EDGE('',*,*,#3194,.T.);
#3209 = ORIENTED_EDGE('',*,*,#3210,.T.);
#3210 = EDGE_CURVE('',#3187,#3211,#3213,.T.);
#3211 = VERTEX_POINT('',#3212);
#3212 = CARTESIAN_POINT('',(55.36875,-117.3968749224,1.42108547152E-14)
  );
#3213 = LINE('',#3214,#3215);
#3214 = CARTESIAN_POINT('',(55.36875,-127.3968749224,1.554312234475E-14)
  );
#3215 = VECTOR('',#3216,1.);
#3216 = DIRECTION('',(0.,1.,-1.2E-16));
#3217 = ORIENTED_EDGE('',*,*,#3218,.F.);
#3218 = EDGE_CURVE('',#1280,#3211,#3219,.T.);
#3219 = LINE('',#3220,#3221);
#3220 = CARTESIAN_POINT('',(55.36875,-117.3968749224,-2.5));
#3221 = VECTOR('',#3222,1.);
#3222 = DIRECTION('',(0.,0.,1.));
#3223 = ORIENTED_EDGE('',*,*,#1287,.F.);
#3224 = PLANE('',#3225);
#3225 = AXIS2_PLACEMENT_3D('',#3226,#3227,#3228);
#3226 = CARTESIAN_POINT('',(55.36875,-127.3968749224,-2.5));
#3227 = DIRECTION('',(-1.,0.,0.));
#3228 = DIRECTION('',(0.,1.,0.));
#3229 = ADVANCED_FACE('',(#3230),#3241,.F.);
#3230 = FACE_BOUND('',#3231,.F.);
#3231 = EDGE_LOOP('',(#3232,#3233,#3239,#3240));
#3232 = ORIENTED_EDGE('',*,*,#3218,.T.);
#3233 = ORIENTED_EDGE('',*,*,#3234,.T.);
#3234 = EDGE_CURVE('',#3211,#2126,#3235,.T.);
#3235 = LINE('',#3236,#3237);
#3236 = CARTESIAN_POINT('',(55.36875,-117.3968749224,1.42108547152E-14)
  );
#3237 = VECTOR('',#3238,1.);
#3238 = DIRECTION('',(-1.,0.,-0.));
#3239 = ORIENTED_EDGE('',*,*,#2125,.F.);
#3240 = ORIENTED_EDGE('',*,*,#1279,.F.);
#3241 = PLANE('',#3242);
#3242 = AXIS2_PLACEMENT_3D('',#3243,#3244,#3245);
#3243 = CARTESIAN_POINT('',(55.36875,-117.3968749224,-2.5));
#3244 = DIRECTION('',(0.,-1.,0.));
#3245 = DIRECTION('',(-1.,0.,0.));
#3246 = ADVANCED_FACE('',(#3247),#3265,.F.);
#3247 = FACE_BOUND('',#3248,.F.);
#3248 = EDGE_LOOP('',(#3249,#3250,#3258,#3264));
#3249 = ORIENTED_EDGE('',*,*,#2157,.T.);
#3250 = ORIENTED_EDGE('',*,*,#3251,.T.);
#3251 = EDGE_CURVE('',#2150,#3252,#3254,.T.);
#3252 = VERTEX_POINT('',#3253);
#3253 = CARTESIAN_POINT('',(55.36875,-57.6250000775,7.105427357601E-15)
  );
#3254 = LINE('',#3255,#3256);
#3255 = CARTESIAN_POINT('',(54.36875,-57.6250000775,7.105427357601E-15)
  );
#3256 = VECTOR('',#3257,1.);
#3257 = DIRECTION('',(1.,0.,0.));
#3258 = ORIENTED_EDGE('',*,*,#3259,.F.);
#3259 = EDGE_CURVE('',#1256,#3252,#3260,.T.);
#3260 = LINE('',#3261,#3262);
#3261 = CARTESIAN_POINT('',(55.36875,-57.6250000775,-2.5));
#3262 = VECTOR('',#3263,1.);
#3263 = DIRECTION('',(0.,0.,1.));
#3264 = ORIENTED_EDGE('',*,*,#1263,.F.);
#3265 = PLANE('',#3266);
#3266 = AXIS2_PLACEMENT_3D('',#3267,#3268,#3269);
#3267 = CARTESIAN_POINT('',(54.36875,-57.6250000775,-2.5));
#3268 = DIRECTION('',(0.,1.,0.));
#3269 = DIRECTION('',(1.,0.,0.));
#3270 = ADVANCED_FACE('',(#3271),#3289,.F.);
#3271 = FACE_BOUND('',#3272,.F.);
#3272 = EDGE_LOOP('',(#3273,#3274,#3282,#3288));
#3273 = ORIENTED_EDGE('',*,*,#3259,.T.);
#3274 = ORIENTED_EDGE('',*,*,#3275,.T.);
#3275 = EDGE_CURVE('',#3252,#3276,#3278,.T.);
#3276 = VERTEX_POINT('',#3277);
#3277 = CARTESIAN_POINT('',(55.36875,-47.6250000775,6.217248937901E-15)
  );
#3278 = LINE('',#3279,#3280);
#3279 = CARTESIAN_POINT('',(55.36875,-57.6250000775,7.105427357601E-15)
  );
#3280 = VECTOR('',#3281,1.);
#3281 = DIRECTION('',(0.,1.,-1.2E-16));
#3282 = ORIENTED_EDGE('',*,*,#3283,.F.);
#3283 = EDGE_CURVE('',#1248,#3276,#3284,.T.);
#3284 = LINE('',#3285,#3286);
#3285 = CARTESIAN_POINT('',(55.36875,-47.6250000775,-2.5));
#3286 = VECTOR('',#3287,1.);
#3287 = DIRECTION('',(0.,0.,1.));
#3288 = ORIENTED_EDGE('',*,*,#1255,.F.);
#3289 = PLANE('',#3290);
#3290 = AXIS2_PLACEMENT_3D('',#3291,#3292,#3293);
#3291 = CARTESIAN_POINT('',(55.36875,-57.6250000775,-2.5));
#3292 = DIRECTION('',(-1.,0.,0.));
#3293 = DIRECTION('',(0.,1.,0.));
#3294 = ADVANCED_FACE('',(#3295),#3306,.F.);
#3295 = FACE_BOUND('',#3296,.F.);
#3296 = EDGE_LOOP('',(#3297,#3298,#3304,#3305));
#3297 = ORIENTED_EDGE('',*,*,#3283,.T.);
#3298 = ORIENTED_EDGE('',*,*,#3299,.T.);
#3299 = EDGE_CURVE('',#3276,#2076,#3300,.T.);
#3300 = LINE('',#3301,#3302);
#3301 = CARTESIAN_POINT('',(55.36875,-47.6250000775,5.773159728051E-15)
  );
#3302 = VECTOR('',#3303,1.);
#3303 = DIRECTION('',(-1.,0.,-0.));
#3304 = ORIENTED_EDGE('',*,*,#2075,.F.);
#3305 = ORIENTED_EDGE('',*,*,#1247,.F.);
#3306 = PLANE('',#3307);
#3307 = AXIS2_PLACEMENT_3D('',#3308,#3309,#3310);
#3308 = CARTESIAN_POINT('',(55.36875,-47.6250000775,-2.5));
#3309 = DIRECTION('',(0.,-1.,0.));
#3310 = DIRECTION('',(-1.,0.,0.));
#3311 = ADVANCED_FACE('',(#3312),#3330,.F.);
#3312 = FACE_BOUND('',#3313,.F.);
#3313 = EDGE_LOOP('',(#3314,#3315,#3316,#3324));
#3314 = ORIENTED_EDGE('',*,*,#1230,.F.);
#3315 = ORIENTED_EDGE('',*,*,#2018,.T.);
#3316 = ORIENTED_EDGE('',*,*,#3317,.F.);
#3317 = EDGE_CURVE('',#3318,#2019,#3320,.T.);
#3318 = VERTEX_POINT('',#3319);
#3319 = CARTESIAN_POINT('',(57.150000077504,-47.84374999999,-4.));
#3320 = LINE('',#3321,#3322);
#3321 = CARTESIAN_POINT('',(57.150000077504,-67.10396712939,-4.));
#3322 = VECTOR('',#3323,1.);
#3323 = DIRECTION('',(0.,1.,-1.2E-16));
#3324 = ORIENTED_EDGE('',*,*,#3325,.F.);
#3325 = EDGE_CURVE('',#1223,#3318,#3326,.T.);
#3326 = LINE('',#3327,#3328);
#3327 = CARTESIAN_POINT('',(57.150000077504,-47.84374999999,-2.5));
#3328 = VECTOR('',#3329,1.);
#3329 = DIRECTION('',(0.,0.,-1.));
#3330 = PLANE('',#3331);
#3331 = AXIS2_PLACEMENT_3D('',#3332,#3333,#3334);
#3332 = CARTESIAN_POINT('',(57.150000077504,-44.84374999999,-2.5));
#3333 = DIRECTION('',(-1.,0.,0.));
#3334 = DIRECTION('',(0.,-1.,0.));
#3335 = ADVANCED_FACE('',(#3336),#3354,.F.);
#3336 = FACE_BOUND('',#3337,.F.);
#3337 = EDGE_LOOP('',(#3338,#3339,#3340,#3348));
#3338 = ORIENTED_EDGE('',*,*,#1222,.F.);
#3339 = ORIENTED_EDGE('',*,*,#3325,.T.);
#3340 = ORIENTED_EDGE('',*,*,#3341,.F.);
#3341 = EDGE_CURVE('',#3342,#3318,#3344,.T.);
#3342 = VERTEX_POINT('',#3343);
#3343 = CARTESIAN_POINT('',(67.150000077504,-47.84374999999,-4.));
#3344 = LINE('',#3345,#3346);
#3345 = CARTESIAN_POINT('',(96.268830483848,-47.84374999999,-4.));
#3346 = VECTOR('',#3347,1.);
#3347 = DIRECTION('',(-1.,0.,0.));
#3348 = ORIENTED_EDGE('',*,*,#3349,.F.);
#3349 = EDGE_CURVE('',#1215,#3342,#3350,.T.);
#3350 = LINE('',#3351,#3352);
#3351 = CARTESIAN_POINT('',(67.150000077504,-47.84374999999,-2.5));
#3352 = VECTOR('',#3353,1.);
#3353 = DIRECTION('',(0.,0.,-1.));
#3354 = PLANE('',#3355);
#3355 = AXIS2_PLACEMENT_3D('',#3356,#3357,#3358);
#3356 = CARTESIAN_POINT('',(57.150000077504,-47.84374999999,-2.5));
#3357 = DIRECTION('',(0.,-1.,0.));
#3358 = DIRECTION('',(1.,0.,0.));
#3359 = ADVANCED_FACE('',(#3360),#3371,.F.);
#3360 = FACE_BOUND('',#3361,.F.);
#3361 = EDGE_LOOP('',(#3362,#3363,#3364,#3370));
#3362 = ORIENTED_EDGE('',*,*,#1214,.F.);
#3363 = ORIENTED_EDGE('',*,*,#3349,.T.);
#3364 = ORIENTED_EDGE('',*,*,#3365,.F.);
#3365 = EDGE_CURVE('',#2027,#3342,#3366,.T.);
#3366 = LINE('',#3367,#3368);
#3367 = CARTESIAN_POINT('',(67.150000077504,-68.60396712939,-4.));
#3368 = VECTOR('',#3369,1.);
#3369 = DIRECTION('',(0.,-1.,1.2E-16));
#3370 = ORIENTED_EDGE('',*,*,#2034,.F.);
#3371 = PLANE('',#3372);
#3372 = AXIS2_PLACEMENT_3D('',#3373,#3374,#3375);
#3373 = CARTESIAN_POINT('',(67.150000077504,-47.84374999999,-2.5));
#3374 = DIRECTION('',(1.,0.,0.));
#3375 = DIRECTION('',(0.,1.,0.));
#3376 = ADVANCED_FACE('',(#3377),#3388,.F.);
#3377 = FACE_BOUND('',#3378,.F.);
#3378 = EDGE_LOOP('',(#3379,#3380,#3381,#3387));
#3379 = ORIENTED_EDGE('',*,*,#1639,.T.);
#3380 = ORIENTED_EDGE('',*,*,#1581,.T.);
#3381 = ORIENTED_EDGE('',*,*,#3382,.F.);
#3382 = EDGE_CURVE('',#1165,#1582,#3383,.T.);
#3383 = LINE('',#3384,#3385);
#3384 = CARTESIAN_POINT('',(94.078044370398,-35.62129799999,-2.5));
#3385 = VECTOR('',#3386,1.);
#3386 = DIRECTION('',(0.,0.,1.));
#3387 = ORIENTED_EDGE('',*,*,#1172,.F.);
#3388 = PLANE('',#3389);
#3389 = AXIS2_PLACEMENT_3D('',#3390,#3391,#3392);
#3390 = CARTESIAN_POINT('',(94.078044370398,-34.62129799999,-2.5));
#3391 = DIRECTION('',(1.,0.,0.));
#3392 = DIRECTION('',(0.,-1.,0.));
#3393 = ADVANCED_FACE('',(#3394),#3400,.F.);
#3394 = FACE_BOUND('',#3395,.F.);
#3395 = EDGE_LOOP('',(#3396,#3397,#3398,#3399));
#3396 = ORIENTED_EDGE('',*,*,#3382,.T.);
#3397 = ORIENTED_EDGE('',*,*,#1589,.T.);
#3398 = ORIENTED_EDGE('',*,*,#1533,.F.);
#3399 = ORIENTED_EDGE('',*,*,#1164,.F.);
#3400 = PLANE('',#3401);
#3401 = AXIS2_PLACEMENT_3D('',#3402,#3403,#3404);
#3402 = CARTESIAN_POINT('',(94.078044370398,-35.62129799999,-2.5));
#3403 = DIRECTION('',(0.,1.,0.));
#3404 = DIRECTION('',(1.,0.,0.));
#3405 = ADVANCED_FACE('',(#3406),#3424,.F.);
#3406 = FACE_BOUND('',#3407,.F.);
#3407 = EDGE_LOOP('',(#3408,#3409,#3410,#3418));
#3408 = ORIENTED_EDGE('',*,*,#1114,.F.);
#3409 = ORIENTED_EDGE('',*,*,#2861,.T.);
#3410 = ORIENTED_EDGE('',*,*,#3411,.F.);
#3411 = EDGE_CURVE('',#3412,#2862,#3414,.T.);
#3412 = VERTEX_POINT('',#3413);
#3413 = CARTESIAN_POINT('',(209.28125,-37.40254807749,-4.));
#3414 = LINE('',#3415,#3416);
#3415 = CARTESIAN_POINT('',(173.83445544509,-37.40254807749,-4.));
#3416 = VECTOR('',#3417,1.);
#3417 = DIRECTION('',(1.,0.,0.));
#3418 = ORIENTED_EDGE('',*,*,#3419,.F.);
#3419 = EDGE_CURVE('',#1107,#3412,#3420,.T.);
#3420 = LINE('',#3421,#3422);
#3421 = CARTESIAN_POINT('',(209.28125,-37.40254807749,-2.5));
#3422 = VECTOR('',#3423,1.);
#3423 = DIRECTION('',(0.,0.,-1.));
#3424 = PLANE('',#3425);
#3425 = AXIS2_PLACEMENT_3D('',#3426,#3427,#3428);
#3426 = CARTESIAN_POINT('',(212.28125,-37.40254807749,-2.5));
#3427 = DIRECTION('',(0.,1.,0.));
#3428 = DIRECTION('',(-1.,0.,0.));
#3429 = ADVANCED_FACE('',(#3430),#3448,.F.);
#3430 = FACE_BOUND('',#3431,.F.);
#3431 = EDGE_LOOP('',(#3432,#3433,#3434,#3442));
#3432 = ORIENTED_EDGE('',*,*,#1106,.F.);
#3433 = ORIENTED_EDGE('',*,*,#3419,.T.);
#3434 = ORIENTED_EDGE('',*,*,#3435,.F.);
#3435 = EDGE_CURVE('',#3436,#3412,#3438,.T.);
#3436 = VERTEX_POINT('',#3437);
#3437 = CARTESIAN_POINT('',(209.28125,-47.40254807749,-4.));
#3438 = LINE('',#3439,#3440);
#3439 = CARTESIAN_POINT('',(209.28125,-63.38336616814,-4.));
#3440 = VECTOR('',#3441,1.);
#3441 = DIRECTION('',(0.,1.,-1.2E-16));
#3442 = ORIENTED_EDGE('',*,*,#3443,.F.);
#3443 = EDGE_CURVE('',#1099,#3436,#3444,.T.);
#3444 = LINE('',#3445,#3446);
#3445 = CARTESIAN_POINT('',(209.28125,-47.40254807749,-2.5));
#3446 = VECTOR('',#3447,1.);
#3447 = DIRECTION('',(0.,0.,-1.));
#3448 = PLANE('',#3449);
#3449 = AXIS2_PLACEMENT_3D('',#3450,#3451,#3452);
#3450 = CARTESIAN_POINT('',(209.28125,-37.40254807749,-2.5));
#3451 = DIRECTION('',(-1.,0.,0.));
#3452 = DIRECTION('',(0.,-1.,0.));
#3453 = ADVANCED_FACE('',(#3454),#3465,.F.);
#3454 = FACE_BOUND('',#3455,.F.);
#3455 = EDGE_LOOP('',(#3456,#3457,#3458,#3464));
#3456 = ORIENTED_EDGE('',*,*,#1098,.F.);
#3457 = ORIENTED_EDGE('',*,*,#3443,.T.);
#3458 = ORIENTED_EDGE('',*,*,#3459,.F.);
#3459 = EDGE_CURVE('',#2870,#3436,#3460,.T.);
#3460 = LINE('',#3461,#3462);
#3461 = CARTESIAN_POINT('',(172.33445544509,-47.40254807749,-4.));
#3462 = VECTOR('',#3463,1.);
#3463 = DIRECTION('',(-1.,0.,0.));
#3464 = ORIENTED_EDGE('',*,*,#2877,.F.);
#3465 = PLANE('',#3466);
#3466 = AXIS2_PLACEMENT_3D('',#3467,#3468,#3469);
#3467 = CARTESIAN_POINT('',(209.28125,-47.40254807749,-2.5));
#3468 = DIRECTION('',(0.,-1.,0.));
#3469 = DIRECTION('',(1.,0.,0.));
#3470 = ADVANCED_FACE('',(#3471),#3489,.F.);
#3471 = FACE_BOUND('',#3472,.F.);
#3472 = EDGE_LOOP('',(#3473,#3474,#3475,#3483));
#3473 = ORIENTED_EDGE('',*,*,#1082,.F.);
#3474 = ORIENTED_EDGE('',*,*,#2831,.T.);
#3475 = ORIENTED_EDGE('',*,*,#3476,.F.);
#3476 = EDGE_CURVE('',#3477,#2832,#3479,.T.);
#3477 = VERTEX_POINT('',#3478);
#3478 = CARTESIAN_POINT('',(209.28125,-103.7382995285,-4.));
#3479 = LINE('',#3480,#3481);
#3480 = CARTESIAN_POINT('',(173.83445544509,-103.7382995285,-4.));
#3481 = VECTOR('',#3482,1.);
#3482 = DIRECTION('',(1.,0.,0.));
#3483 = ORIENTED_EDGE('',*,*,#3484,.F.);
#3484 = EDGE_CURVE('',#1075,#3477,#3485,.T.);
#3485 = LINE('',#3486,#3487);
#3486 = CARTESIAN_POINT('',(209.28125,-103.7382995285,-2.5));
#3487 = VECTOR('',#3488,1.);
#3488 = DIRECTION('',(0.,0.,-1.));
#3489 = PLANE('',#3490);
#3490 = AXIS2_PLACEMENT_3D('',#3491,#3492,#3493);
#3491 = CARTESIAN_POINT('',(212.28125,-103.7382995285,-2.5));
#3492 = DIRECTION('',(0.,1.,0.));
#3493 = DIRECTION('',(-1.,0.,0.));
#3494 = ADVANCED_FACE('',(#3495),#3513,.F.);
#3495 = FACE_BOUND('',#3496,.F.);
#3496 = EDGE_LOOP('',(#3497,#3498,#3499,#3507));
#3497 = ORIENTED_EDGE('',*,*,#1074,.F.);
#3498 = ORIENTED_EDGE('',*,*,#3484,.T.);
#3499 = ORIENTED_EDGE('',*,*,#3500,.F.);
#3500 = EDGE_CURVE('',#3501,#3477,#3503,.T.);
#3501 = VERTEX_POINT('',#3502);
#3502 = CARTESIAN_POINT('',(209.28125,-113.7382995285,-4.));
#3503 = LINE('',#3504,#3505);
#3504 = CARTESIAN_POINT('',(209.28125,-96.55124189366,-4.));
#3505 = VECTOR('',#3506,1.);
#3506 = DIRECTION('',(0.,1.,-1.2E-16));
#3507 = ORIENTED_EDGE('',*,*,#3508,.F.);
#3508 = EDGE_CURVE('',#1067,#3501,#3509,.T.);
#3509 = LINE('',#3510,#3511);
#3510 = CARTESIAN_POINT('',(209.28125,-113.7382995285,-2.5));
#3511 = VECTOR('',#3512,1.);
#3512 = DIRECTION('',(0.,0.,-1.));
#3513 = PLANE('',#3514);
#3514 = AXIS2_PLACEMENT_3D('',#3515,#3516,#3517);
#3515 = CARTESIAN_POINT('',(209.28125,-103.7382995285,-2.5));
#3516 = DIRECTION('',(-1.,0.,0.));
#3517 = DIRECTION('',(0.,-1.,0.));
#3518 = ADVANCED_FACE('',(#3519),#3530,.F.);
#3519 = FACE_BOUND('',#3520,.F.);
#3520 = EDGE_LOOP('',(#3521,#3522,#3523,#3529));
#3521 = ORIENTED_EDGE('',*,*,#1066,.F.);
#3522 = ORIENTED_EDGE('',*,*,#3508,.T.);
#3523 = ORIENTED_EDGE('',*,*,#3524,.F.);
#3524 = EDGE_CURVE('',#2840,#3501,#3525,.T.);
#3525 = LINE('',#3526,#3527);
#3526 = CARTESIAN_POINT('',(172.33445544509,-113.7382995285,-4.));
#3527 = VECTOR('',#3528,1.);
#3528 = DIRECTION('',(-1.,0.,0.));
#3529 = ORIENTED_EDGE('',*,*,#2847,.F.);
#3530 = PLANE('',#3531);
#3531 = AXIS2_PLACEMENT_3D('',#3532,#3533,#3534);
#3532 = CARTESIAN_POINT('',(209.28125,-113.7382995285,-2.5));
#3533 = DIRECTION('',(0.,-1.,0.));
#3534 = DIRECTION('',(1.,0.,0.));
#3535 = ADVANCED_FACE('',(#3536),#3554,.T.);
#3536 = FACE_BOUND('',#3537,.T.);
#3537 = EDGE_LOOP('',(#3538,#3546,#3552,#3553));
#3538 = ORIENTED_EDGE('',*,*,#3539,.T.);
#3539 = EDGE_CURVE('',#1001,#3540,#3542,.T.);
#3540 = VERTEX_POINT('',#3541);
#3541 = CARTESIAN_POINT('',(195.18831080828,-142.0893640905,
    1.68753899743E-14));
#3542 = LINE('',#3543,#3544);
#3543 = CARTESIAN_POINT('',(195.18831080828,-142.0893640905,-2.5));
#3544 = VECTOR('',#3545,1.);
#3545 = DIRECTION('',(0.,0.,1.));
#3546 = ORIENTED_EDGE('',*,*,#3547,.T.);
#3547 = EDGE_CURVE('',#3540,#2569,#3548,.T.);
#3548 = LINE('',#3549,#3550);
#3549 = CARTESIAN_POINT('',(195.18831080828,-142.0893640905,
    1.731947918415E-14));
#3550 = VECTOR('',#3551,1.);
#3551 = DIRECTION('',(0.866025338111,-0.50000011375,6.E-17));
#3552 = ORIENTED_EDGE('',*,*,#2568,.F.);
#3553 = ORIENTED_EDGE('',*,*,#1008,.F.);
#3554 = PLANE('',#3555);
#3555 = AXIS2_PLACEMENT_3D('',#3556,#3557,#3558);
#3556 = CARTESIAN_POINT('',(195.18831080828,-142.0893640905,-2.5));
#3557 = DIRECTION('',(0.50000011375,0.866025338111,0.));
#3558 = DIRECTION('',(0.866025338111,-0.50000011375,0.));
#3559 = ADVANCED_FACE('',(#3560),#3578,.T.);
#3560 = FACE_BOUND('',#3561,.T.);
#3561 = EDGE_LOOP('',(#3562,#3570,#3576,#3577));
#3562 = ORIENTED_EDGE('',*,*,#3563,.T.);
#3563 = EDGE_CURVE('',#993,#3564,#3566,.T.);
#3564 = VERTEX_POINT('',#3565);
#3565 = CARTESIAN_POINT('',(190.18830967078,-150.7496174716,
    1.909583602355E-14));
#3566 = LINE('',#3567,#3568);
#3567 = CARTESIAN_POINT('',(190.18830967078,-150.7496174716,-2.5));
#3568 = VECTOR('',#3569,1.);
#3569 = DIRECTION('',(0.,0.,1.));
#3570 = ORIENTED_EDGE('',*,*,#3571,.T.);
#3571 = EDGE_CURVE('',#3564,#3540,#3572,.T.);
#3572 = LINE('',#3573,#3574);
#3573 = CARTESIAN_POINT('',(190.18830967078,-150.7496174716,
    1.86517468137E-14));
#3574 = VECTOR('',#3575,1.);
#3575 = DIRECTION('',(0.50000011375,0.866025338111,-1.1E-16));
#3576 = ORIENTED_EDGE('',*,*,#3539,.F.);
#3577 = ORIENTED_EDGE('',*,*,#1000,.F.);
#3578 = PLANE('',#3579);
#3579 = AXIS2_PLACEMENT_3D('',#3580,#3581,#3582);
#3580 = CARTESIAN_POINT('',(190.18830967078,-150.7496174716,-2.5));
#3581 = DIRECTION('',(-0.866025338111,0.50000011375,0.));
#3582 = DIRECTION('',(0.50000011375,0.866025338111,0.));
#3583 = ADVANCED_FACE('',(#3584),#3595,.F.);
#3584 = FACE_BOUND('',#3585,.F.);
#3585 = EDGE_LOOP('',(#3586,#3587,#3593,#3594));
#3586 = ORIENTED_EDGE('',*,*,#3563,.T.);
#3587 = ORIENTED_EDGE('',*,*,#3588,.T.);
#3588 = EDGE_CURVE('',#3564,#2577,#3589,.T.);
#3589 = LINE('',#3590,#3591);
#3590 = CARTESIAN_POINT('',(190.18830967078,-150.7496174716,
    1.86517468137E-14));
#3591 = VECTOR('',#3592,1.);
#3592 = DIRECTION('',(0.866025338111,-0.50000011375,6.E-17));
#3593 = ORIENTED_EDGE('',*,*,#2584,.F.);
#3594 = ORIENTED_EDGE('',*,*,#992,.F.);
#3595 = PLANE('',#3596);
#3596 = AXIS2_PLACEMENT_3D('',#3597,#3598,#3599);
#3597 = CARTESIAN_POINT('',(190.18830967078,-150.7496174716,-2.5));
#3598 = DIRECTION('',(0.50000011375,0.866025338111,0.));
#3599 = DIRECTION('',(0.866025338111,-0.50000011375,0.));
#3600 = ADVANCED_FACE('',(#3601),#3627,.T.);
#3601 = FACE_BOUND('',#3602,.T.);
#3602 = EDGE_LOOP('',(#3603,#3614,#3620,#3621));
#3603 = ORIENTED_EDGE('',*,*,#3604,.F.);
#3604 = EDGE_CURVE('',#3605,#3607,#3609,.T.);
#3605 = VERTEX_POINT('',#3606);
#3606 = CARTESIAN_POINT('',(79.2,-107.359375,1.287858708565E-14));
#3607 = VERTEX_POINT('',#3608);
#3608 = CARTESIAN_POINT('',(76.2,-110.359375,1.287858708565E-14));
#3609 = CIRCLE('',#3610,3.);
#3610 = AXIS2_PLACEMENT_3D('',#3611,#3612,#3613);
#3611 = CARTESIAN_POINT('',(76.2,-107.359375,1.33226762955E-14));
#3612 = DIRECTION('',(-0.,1.2E-16,1.));
#3613 = DIRECTION('',(1.,0.,0.));
#3614 = ORIENTED_EDGE('',*,*,#3615,.T.);
#3615 = EDGE_CURVE('',#3605,#1362,#3616,.T.);
#3616 = LINE('',#3617,#3618);
#3617 = CARTESIAN_POINT('',(79.2,-107.359375,0.));
#3618 = VECTOR('',#3619,1.);
#3619 = DIRECTION('',(0.,0.,-1.));
#3620 = ORIENTED_EDGE('',*,*,#1361,.T.);
#3621 = ORIENTED_EDGE('',*,*,#3622,.F.);
#3622 = EDGE_CURVE('',#3607,#1364,#3623,.T.);
#3623 = LINE('',#3624,#3625);
#3624 = CARTESIAN_POINT('',(76.2,-110.359375,0.));
#3625 = VECTOR('',#3626,1.);
#3626 = DIRECTION('',(0.,0.,-1.));
#3627 = CYLINDRICAL_SURFACE('',#3628,3.);
#3628 = AXIS2_PLACEMENT_3D('',#3629,#3630,#3631);
#3629 = CARTESIAN_POINT('',(76.2,-107.359375,0.));
#3630 = DIRECTION('',(0.,0.,1.));
#3631 = DIRECTION('',(1.,0.,0.));
#3632 = ADVANCED_FACE('',(#3633),#3651,.T.);
#3633 = FACE_BOUND('',#3634,.T.);
#3634 = EDGE_LOOP('',(#3635,#3643,#3649,#3650));
#3635 = ORIENTED_EDGE('',*,*,#3636,.F.);
#3636 = EDGE_CURVE('',#3637,#3605,#3639,.T.);
#3637 = VERTEX_POINT('',#3638);
#3638 = CARTESIAN_POINT('',(78.650882,-107.359375,1.287858708565E-14));
#3639 = LINE('',#3640,#3641);
#3640 = CARTESIAN_POINT('',(78.650882,-107.359375,1.33226762955E-14));
#3641 = VECTOR('',#3642,1.);
#3642 = DIRECTION('',(1.,0.,0.));
#3643 = ORIENTED_EDGE('',*,*,#3644,.T.);
#3644 = EDGE_CURVE('',#3637,#1373,#3645,.T.);
#3645 = LINE('',#3646,#3647);
#3646 = CARTESIAN_POINT('',(78.650882,-107.359375,0.));
#3647 = VECTOR('',#3648,1.);
#3648 = DIRECTION('',(0.,0.,-1.));
#3649 = ORIENTED_EDGE('',*,*,#1372,.F.);
#3650 = ORIENTED_EDGE('',*,*,#3615,.F.);
#3651 = PLANE('',#3652);
#3652 = AXIS2_PLACEMENT_3D('',#3653,#3654,#3655);
#3653 = CARTESIAN_POINT('',(78.650882,-107.359375,0.));
#3654 = DIRECTION('',(0.,-1.,0.));
#3655 = DIRECTION('',(1.,0.,0.));
#3656 = ADVANCED_FACE('',(#3657),#3675,.F.);
#3657 = FACE_BOUND('',#3658,.F.);
#3658 = EDGE_LOOP('',(#3659,#3667,#3673,#3674));
#3659 = ORIENTED_EDGE('',*,*,#3660,.F.);
#3660 = EDGE_CURVE('',#3661,#3607,#3663,.T.);
#3661 = VERTEX_POINT('',#3662);
#3662 = CARTESIAN_POINT('',(76.2,-109.810257,1.287858708565E-14));
#3663 = LINE('',#3664,#3665);
#3664 = CARTESIAN_POINT('',(76.2,-109.810257,1.33226762955E-14));
#3665 = VECTOR('',#3666,1.);
#3666 = DIRECTION('',(0.,-1.,1.2E-16));
#3667 = ORIENTED_EDGE('',*,*,#3668,.T.);
#3668 = EDGE_CURVE('',#3661,#1381,#3669,.T.);
#3669 = LINE('',#3670,#3671);
#3670 = CARTESIAN_POINT('',(76.2,-109.810257,0.));
#3671 = VECTOR('',#3672,1.);
#3672 = DIRECTION('',(0.,0.,-1.));
#3673 = ORIENTED_EDGE('',*,*,#1389,.F.);
#3674 = ORIENTED_EDGE('',*,*,#3622,.F.);
#3675 = PLANE('',#3676);
#3676 = AXIS2_PLACEMENT_3D('',#3677,#3678,#3679);
#3677 = CARTESIAN_POINT('',(76.2,-109.810257,0.));
#3678 = DIRECTION('',(-1.,0.,0.));
#3679 = DIRECTION('',(0.,-1.,0.));
#3680 = ADVANCED_FACE('',(#3681),#3693,.T.);
#3681 = FACE_BOUND('',#3682,.T.);
#3682 = EDGE_LOOP('',(#3683,#3690,#3691,#3692));
#3683 = ORIENTED_EDGE('',*,*,#3684,.F.);
#3684 = EDGE_CURVE('',#3661,#3637,#3685,.T.);
#3685 = CIRCLE('',#3686,2.450882);
#3686 = AXIS2_PLACEMENT_3D('',#3687,#3688,#3689);
#3687 = CARTESIAN_POINT('',(76.2,-107.359375,1.33226762955E-14));
#3688 = DIRECTION('',(-0.,1.2E-16,1.));
#3689 = DIRECTION('',(1.,0.,0.));
#3690 = ORIENTED_EDGE('',*,*,#3668,.T.);
#3691 = ORIENTED_EDGE('',*,*,#1380,.T.);
#3692 = ORIENTED_EDGE('',*,*,#3644,.F.);
#3693 = CYLINDRICAL_SURFACE('',#3694,2.450882);
#3694 = AXIS2_PLACEMENT_3D('',#3695,#3696,#3697);
#3695 = CARTESIAN_POINT('',(76.2,-107.359375,0.));
#3696 = DIRECTION('',(0.,0.,1.));
#3697 = DIRECTION('',(1.,0.,0.));
#3698 = ADVANCED_FACE('',(#3699),#3718,.T.);
#3699 = FACE_BOUND('',#3700,.T.);
#3700 = EDGE_LOOP('',(#3701,#3709,#3716,#3717));
#3701 = ORIENTED_EDGE('',*,*,#3702,.F.);
#3702 = EDGE_CURVE('',#3703,#1398,#3705,.T.);
#3703 = VERTEX_POINT('',#3704);
#3704 = CARTESIAN_POINT('',(131.5875,-121.44375,1.50990331349E-14));
#3705 = LINE('',#3706,#3707);
#3706 = CARTESIAN_POINT('',(131.5875,-121.44375,0.));
#3707 = VECTOR('',#3708,1.);
#3708 = DIRECTION('',(0.,0.,-1.));
#3709 = ORIENTED_EDGE('',*,*,#3710,.F.);
#3710 = EDGE_CURVE('',#3703,#3703,#3711,.T.);
#3711 = CIRCLE('',#3712,3.);
#3712 = AXIS2_PLACEMENT_3D('',#3713,#3714,#3715);
#3713 = CARTESIAN_POINT('',(128.5875,-121.44375,1.465494392505E-14));
#3714 = DIRECTION('',(-0.,1.2E-16,1.));
#3715 = DIRECTION('',(1.,0.,0.));
#3716 = ORIENTED_EDGE('',*,*,#3702,.T.);
#3717 = ORIENTED_EDGE('',*,*,#1397,.T.);
#3718 = CYLINDRICAL_SURFACE('',#3719,3.);
#3719 = AXIS2_PLACEMENT_3D('',#3720,#3721,#3722);
#3720 = CARTESIAN_POINT('',(128.5875,-121.44375,0.));
#3721 = DIRECTION('',(0.,0.,1.));
#3722 = DIRECTION('',(1.,0.,0.));
#3723 = ADVANCED_FACE('',(#3724),#3743,.T.);
#3724 = FACE_BOUND('',#3725,.T.);
#3725 = EDGE_LOOP('',(#3726,#3734,#3741,#3742));
#3726 = ORIENTED_EDGE('',*,*,#3727,.F.);
#3727 = EDGE_CURVE('',#3728,#1409,#3730,.T.);
#3728 = VERTEX_POINT('',#3729);
#3729 = CARTESIAN_POINT('',(179.2125,-123.825,1.50990331349E-14));
#3730 = LINE('',#3731,#3732);
#3731 = CARTESIAN_POINT('',(179.2125,-123.825,0.));
#3732 = VECTOR('',#3733,1.);
#3733 = DIRECTION('',(0.,0.,-1.));
#3734 = ORIENTED_EDGE('',*,*,#3735,.F.);
#3735 = EDGE_CURVE('',#3728,#3728,#3736,.T.);
#3736 = CIRCLE('',#3737,3.);
#3737 = AXIS2_PLACEMENT_3D('',#3738,#3739,#3740);
#3738 = CARTESIAN_POINT('',(176.2125,-123.825,1.50990331349E-14));
#3739 = DIRECTION('',(-0.,1.2E-16,1.));
#3740 = DIRECTION('',(1.,0.,0.));
#3741 = ORIENTED_EDGE('',*,*,#3727,.T.);
#3742 = ORIENTED_EDGE('',*,*,#1408,.T.);
#3743 = CYLINDRICAL_SURFACE('',#3744,3.);
#3744 = AXIS2_PLACEMENT_3D('',#3745,#3746,#3747);
#3745 = CARTESIAN_POINT('',(176.2125,-123.825,0.));
#3746 = DIRECTION('',(0.,0.,1.));
#3747 = DIRECTION('',(1.,0.,0.));
#3748 = ADVANCED_FACE('',(#3749),#3775,.T.);
#3749 = FACE_BOUND('',#3750,.T.);
#3750 = EDGE_LOOP('',(#3751,#3762,#3768,#3769));
#3751 = ORIENTED_EDGE('',*,*,#3752,.F.);
#3752 = EDGE_CURVE('',#3753,#3755,#3757,.T.);
#3753 = VERTEX_POINT('',#3754);
#3754 = CARTESIAN_POINT('',(79.2,-69.259375,7.993605777301E-15));
#3755 = VERTEX_POINT('',#3756);
#3756 = CARTESIAN_POINT('',(76.2,-72.259375,8.881784197001E-15));
#3757 = CIRCLE('',#3758,3.);
#3758 = AXIS2_PLACEMENT_3D('',#3759,#3760,#3761);
#3759 = CARTESIAN_POINT('',(76.2,-69.259375,8.437694987151E-15));
#3760 = DIRECTION('',(-0.,1.2E-16,1.));
#3761 = DIRECTION('',(1.,0.,0.));
#3762 = ORIENTED_EDGE('',*,*,#3763,.T.);
#3763 = EDGE_CURVE('',#3753,#1420,#3764,.T.);
#3764 = LINE('',#3765,#3766);
#3765 = CARTESIAN_POINT('',(79.2,-69.259375,0.));
#3766 = VECTOR('',#3767,1.);
#3767 = DIRECTION('',(0.,0.,-1.));
#3768 = ORIENTED_EDGE('',*,*,#1419,.T.);
#3769 = ORIENTED_EDGE('',*,*,#3770,.F.);
#3770 = EDGE_CURVE('',#3755,#1422,#3771,.T.);
#3771 = LINE('',#3772,#3773);
#3772 = CARTESIAN_POINT('',(76.2,-72.259375,0.));
#3773 = VECTOR('',#3774,1.);
#3774 = DIRECTION('',(0.,0.,-1.));
#3775 = CYLINDRICAL_SURFACE('',#3776,3.);
#3776 = AXIS2_PLACEMENT_3D('',#3777,#3778,#3779);
#3777 = CARTESIAN_POINT('',(76.2,-69.259375,0.));
#3778 = DIRECTION('',(0.,0.,1.));
#3779 = DIRECTION('',(1.,0.,0.));
#3780 = ADVANCED_FACE('',(#3781),#3799,.T.);
#3781 = FACE_BOUND('',#3782,.T.);
#3782 = EDGE_LOOP('',(#3783,#3791,#3797,#3798));
#3783 = ORIENTED_EDGE('',*,*,#3784,.F.);
#3784 = EDGE_CURVE('',#3785,#3753,#3787,.T.);
#3785 = VERTEX_POINT('',#3786);
#3786 = CARTESIAN_POINT('',(78.376411378996,-69.259375,
    7.993605777301E-15));
#3787 = LINE('',#3788,#3789);
#3788 = CARTESIAN_POINT('',(78.376411378996,-69.259375,
    8.437694987151E-15));
#3789 = VECTOR('',#3790,1.);
#3790 = DIRECTION('',(1.,1.725E-14,0.));
#3791 = ORIENTED_EDGE('',*,*,#3792,.T.);
#3792 = EDGE_CURVE('',#3785,#1431,#3793,.T.);
#3793 = LINE('',#3794,#3795);
#3794 = CARTESIAN_POINT('',(78.376411378996,-69.259375,0.));
#3795 = VECTOR('',#3796,1.);
#3796 = DIRECTION('',(0.,0.,-1.));
#3797 = ORIENTED_EDGE('',*,*,#1430,.F.);
#3798 = ORIENTED_EDGE('',*,*,#3763,.F.);
#3799 = PLANE('',#3800);
#3800 = AXIS2_PLACEMENT_3D('',#3801,#3802,#3803);
#3801 = CARTESIAN_POINT('',(78.376411378996,-69.259375,0.));
#3802 = DIRECTION('',(1.725E-14,-1.,0.));
#3803 = DIRECTION('',(1.,1.725E-14,0.));
#3804 = ADVANCED_FACE('',(#3805),#3823,.F.);
#3805 = FACE_BOUND('',#3806,.F.);
#3806 = EDGE_LOOP('',(#3807,#3815,#3821,#3822));
#3807 = ORIENTED_EDGE('',*,*,#3808,.F.);
#3808 = EDGE_CURVE('',#3809,#3755,#3811,.T.);
#3809 = VERTEX_POINT('',#3810);
#3810 = CARTESIAN_POINT('',(76.2,-71.43578637899,8.881784197001E-15));
#3811 = LINE('',#3812,#3813);
#3812 = CARTESIAN_POINT('',(76.2,-71.43578637899,8.881784197001E-15));
#3813 = VECTOR('',#3814,1.);
#3814 = DIRECTION('',(1.7255E-13,-1.,1.2E-16));
#3815 = ORIENTED_EDGE('',*,*,#3816,.T.);
#3816 = EDGE_CURVE('',#3809,#1439,#3817,.T.);
#3817 = LINE('',#3818,#3819);
#3818 = CARTESIAN_POINT('',(76.2,-71.43578637899,0.));
#3819 = VECTOR('',#3820,1.);
#3820 = DIRECTION('',(0.,0.,-1.));
#3821 = ORIENTED_EDGE('',*,*,#1447,.F.);
#3822 = ORIENTED_EDGE('',*,*,#3770,.F.);
#3823 = PLANE('',#3824);
#3824 = AXIS2_PLACEMENT_3D('',#3825,#3826,#3827);
#3825 = CARTESIAN_POINT('',(76.2,-71.43578637899,0.));
#3826 = DIRECTION('',(-1.,-1.7255E-13,0.));
#3827 = DIRECTION('',(1.7255E-13,-1.,0.));
#3828 = ADVANCED_FACE('',(#3829),#3841,.T.);
#3829 = FACE_BOUND('',#3830,.T.);
#3830 = EDGE_LOOP('',(#3831,#3838,#3839,#3840));
#3831 = ORIENTED_EDGE('',*,*,#3832,.F.);
#3832 = EDGE_CURVE('',#3809,#3785,#3833,.T.);
#3833 = CIRCLE('',#3834,2.176411378996);
#3834 = AXIS2_PLACEMENT_3D('',#3835,#3836,#3837);
#3835 = CARTESIAN_POINT('',(76.2,-69.259375,8.437694987151E-15));
#3836 = DIRECTION('',(-0.,1.2E-16,1.));
#3837 = DIRECTION('',(1.,0.,0.));
#3838 = ORIENTED_EDGE('',*,*,#3816,.T.);
#3839 = ORIENTED_EDGE('',*,*,#1438,.T.);
#3840 = ORIENTED_EDGE('',*,*,#3792,.F.);
#3841 = CYLINDRICAL_SURFACE('',#3842,2.176411378996);
#3842 = AXIS2_PLACEMENT_3D('',#3843,#3844,#3845);
#3843 = CARTESIAN_POINT('',(76.2,-69.259375,0.));
#3844 = DIRECTION('',(0.,0.,1.));
#3845 = DIRECTION('',(1.,0.,0.));
#3846 = ADVANCED_FACE('',(#3847),#3873,.T.);
#3847 = FACE_BOUND('',#3848,.T.);
#3848 = EDGE_LOOP('',(#3849,#3860,#3866,#3867));
#3849 = ORIENTED_EDGE('',*,*,#3850,.F.);
#3850 = EDGE_CURVE('',#3851,#3853,#3855,.T.);
#3851 = VERTEX_POINT('',#3852);
#3852 = CARTESIAN_POINT('',(116.770642,-78.898751,1.021405182655E-14));
#3853 = VERTEX_POINT('',#3854);
#3854 = CARTESIAN_POINT('',(113.770642,-81.898751,1.021405182655E-14));
#3855 = CIRCLE('',#3856,3.);
#3856 = AXIS2_PLACEMENT_3D('',#3857,#3858,#3859);
#3857 = CARTESIAN_POINT('',(113.770642,-78.898751,9.769962616701E-15));
#3858 = DIRECTION('',(-0.,1.2E-16,1.));
#3859 = DIRECTION('',(1.,0.,0.));
#3860 = ORIENTED_EDGE('',*,*,#3861,.T.);
#3861 = EDGE_CURVE('',#3851,#1456,#3862,.T.);
#3862 = LINE('',#3863,#3864);
#3863 = CARTESIAN_POINT('',(116.770642,-78.898751,0.));
#3864 = VECTOR('',#3865,1.);
#3865 = DIRECTION('',(0.,0.,-1.));
#3866 = ORIENTED_EDGE('',*,*,#1455,.T.);
#3867 = ORIENTED_EDGE('',*,*,#3868,.F.);
#3868 = EDGE_CURVE('',#3853,#1458,#3869,.T.);
#3869 = LINE('',#3870,#3871);
#3870 = CARTESIAN_POINT('',(113.770642,-81.898751,0.));
#3871 = VECTOR('',#3872,1.);
#3872 = DIRECTION('',(0.,0.,-1.));
#3873 = CYLINDRICAL_SURFACE('',#3874,3.);
#3874 = AXIS2_PLACEMENT_3D('',#3875,#3876,#3877);
#3875 = CARTESIAN_POINT('',(113.770642,-78.898751,0.));
#3876 = DIRECTION('',(0.,0.,1.));
#3877 = DIRECTION('',(1.,0.,0.));
#3878 = ADVANCED_FACE('',(#3879),#3897,.T.);
#3879 = FACE_BOUND('',#3880,.T.);
#3880 = EDGE_LOOP('',(#3881,#3889,#3895,#3896));
#3881 = ORIENTED_EDGE('',*,*,#3882,.F.);
#3882 = EDGE_CURVE('',#3883,#3851,#3885,.T.);
#3883 = VERTEX_POINT('',#3884);
#3884 = CARTESIAN_POINT('',(116.108112,-78.898751,1.021405182655E-14));
#3885 = LINE('',#3886,#3887);
#3886 = CARTESIAN_POINT('',(116.108112,-78.898751,9.769962616701E-15));
#3887 = VECTOR('',#3888,1.);
#3888 = DIRECTION('',(1.,0.,0.));
#3889 = ORIENTED_EDGE('',*,*,#3890,.T.);
#3890 = EDGE_CURVE('',#3883,#1467,#3891,.T.);
#3891 = LINE('',#3892,#3893);
#3892 = CARTESIAN_POINT('',(116.108112,-78.898751,0.));
#3893 = VECTOR('',#3894,1.);
#3894 = DIRECTION('',(0.,0.,-1.));
#3895 = ORIENTED_EDGE('',*,*,#1466,.F.);
#3896 = ORIENTED_EDGE('',*,*,#3861,.F.);
#3897 = PLANE('',#3898);
#3898 = AXIS2_PLACEMENT_3D('',#3899,#3900,#3901);
#3899 = CARTESIAN_POINT('',(116.108112,-78.898751,0.));
#3900 = DIRECTION('',(0.,-1.,0.));
#3901 = DIRECTION('',(1.,0.,0.));
#3902 = ADVANCED_FACE('',(#3903),#3921,.F.);
#3903 = FACE_BOUND('',#3904,.F.);
#3904 = EDGE_LOOP('',(#3905,#3913,#3919,#3920));
#3905 = ORIENTED_EDGE('',*,*,#3906,.F.);
#3906 = EDGE_CURVE('',#3907,#3853,#3909,.T.);
#3907 = VERTEX_POINT('',#3908);
#3908 = CARTESIAN_POINT('',(113.770642,-81.236221,1.021405182655E-14));
#3909 = LINE('',#3910,#3911);
#3910 = CARTESIAN_POINT('',(113.770642,-81.236221,9.769962616701E-15));
#3911 = VECTOR('',#3912,1.);
#3912 = DIRECTION('',(0.,-1.,1.2E-16));
#3913 = ORIENTED_EDGE('',*,*,#3914,.T.);
#3914 = EDGE_CURVE('',#3907,#1475,#3915,.T.);
#3915 = LINE('',#3916,#3917);
#3916 = CARTESIAN_POINT('',(113.770642,-81.236221,0.));
#3917 = VECTOR('',#3918,1.);
#3918 = DIRECTION('',(0.,0.,-1.));
#3919 = ORIENTED_EDGE('',*,*,#1483,.F.);
#3920 = ORIENTED_EDGE('',*,*,#3868,.F.);
#3921 = PLANE('',#3922);
#3922 = AXIS2_PLACEMENT_3D('',#3923,#3924,#3925);
#3923 = CARTESIAN_POINT('',(113.770642,-81.236221,0.));
#3924 = DIRECTION('',(-1.,0.,0.));
#3925 = DIRECTION('',(0.,-1.,0.));
#3926 = ADVANCED_FACE('',(#3927),#3939,.T.);
#3927 = FACE_BOUND('',#3928,.T.);
#3928 = EDGE_LOOP('',(#3929,#3936,#3937,#3938));
#3929 = ORIENTED_EDGE('',*,*,#3930,.F.);
#3930 = EDGE_CURVE('',#3907,#3883,#3931,.T.);
#3931 = CIRCLE('',#3932,2.33747);
#3932 = AXIS2_PLACEMENT_3D('',#3933,#3934,#3935);
#3933 = CARTESIAN_POINT('',(113.770642,-78.898751,9.769962616701E-15));
#3934 = DIRECTION('',(-0.,1.2E-16,1.));
#3935 = DIRECTION('',(1.,0.,0.));
#3936 = ORIENTED_EDGE('',*,*,#3914,.T.);
#3937 = ORIENTED_EDGE('',*,*,#1474,.T.);
#3938 = ORIENTED_EDGE('',*,*,#3890,.F.);
#3939 = CYLINDRICAL_SURFACE('',#3940,2.33747);
#3940 = AXIS2_PLACEMENT_3D('',#3941,#3942,#3943);
#3941 = CARTESIAN_POINT('',(113.770642,-78.898751,0.));
#3942 = DIRECTION('',(0.,0.,1.));
#3943 = DIRECTION('',(1.,0.,0.));
#3944 = ADVANCED_FACE('',(#3945),#3964,.T.);
#3945 = FACE_BOUND('',#3946,.T.);
#3946 = EDGE_LOOP('',(#3947,#3955,#3962,#3963));
#3947 = ORIENTED_EDGE('',*,*,#3948,.F.);
#3948 = EDGE_CURVE('',#3949,#1492,#3951,.T.);
#3949 = VERTEX_POINT('',#3950);
#3950 = CARTESIAN_POINT('',(170.878125,-42.8625,4.884981308351E-15));
#3951 = LINE('',#3952,#3953);
#3952 = CARTESIAN_POINT('',(170.878125,-42.8625,0.));
#3953 = VECTOR('',#3954,1.);
#3954 = DIRECTION('',(0.,0.,-1.));
#3955 = ORIENTED_EDGE('',*,*,#3956,.F.);
#3956 = EDGE_CURVE('',#3949,#3949,#3957,.T.);
#3957 = CIRCLE('',#3958,3.);
#3958 = AXIS2_PLACEMENT_3D('',#3959,#3960,#3961);
#3959 = CARTESIAN_POINT('',(167.878125,-42.8625,5.329070518201E-15));
#3960 = DIRECTION('',(-0.,1.2E-16,1.));
#3961 = DIRECTION('',(1.,0.,0.));
#3962 = ORIENTED_EDGE('',*,*,#3948,.T.);
#3963 = ORIENTED_EDGE('',*,*,#1491,.T.);
#3964 = CYLINDRICAL_SURFACE('',#3965,3.);
#3965 = AXIS2_PLACEMENT_3D('',#3966,#3967,#3968);
#3966 = CARTESIAN_POINT('',(167.878125,-42.8625,0.));
#3967 = DIRECTION('',(0.,0.,1.));
#3968 = DIRECTION('',(1.,0.,0.));
#3969 = ADVANCED_FACE('',(#3970),#3990,.T.);
#3970 = FACE_BOUND('',#3971,.T.);
#3971 = EDGE_LOOP('',(#3972,#3973,#3982,#3989));
#3972 = ORIENTED_EDGE('',*,*,#3097,.F.);
#3973 = ORIENTED_EDGE('',*,*,#3974,.T.);
#3974 = EDGE_CURVE('',#3098,#3975,#3977,.T.);
#3975 = VERTEX_POINT('',#3976);
#3976 = CARTESIAN_POINT('',(186.34344533,-32.12129799999,1.197997156984)
  );
#3977 = CIRCLE('',#3978,2.159294842016);
#3978 = AXIS2_PLACEMENT_3D('',#3979,#3980,#3981);
#3979 = CARTESIAN_POINT('',(186.34344533,-32.12129799999,3.357291999));
#3980 = DIRECTION('',(6.2E-16,1.,0.));
#3981 = DIRECTION('',(1.,-6.2E-16,-4.E-17));
#3982 = ORIENTED_EDGE('',*,*,#3983,.T.);
#3983 = EDGE_CURVE('',#3975,#1509,#3984,.T.);
#3984 = CIRCLE('',#3985,0.5);
#3985 = AXIS2_PLACEMENT_3D('',#3986,#3987,#3988);
#3986 = CARTESIAN_POINT('',(186.34344533,-32.62129799999,1.197997156984)
  );
#3987 = DIRECTION('',(1.,-6.2E-16,2.E-17));
#3988 = DIRECTION('',(2.E-17,-1.346662967806E-48,-1.));
#3989 = ORIENTED_EDGE('',*,*,#1516,.F.);
#3990 = TOROIDAL_SURFACE('',#3991,2.159294842016,0.5);
#3991 = AXIS2_PLACEMENT_3D('',#3992,#3993,#3994);
#3992 = CARTESIAN_POINT('',(186.34344533,-32.62129799999,3.357291999));
#3993 = DIRECTION('',(6.2E-16,1.,0.));
#3994 = DIRECTION('',(1.,-6.2E-16,-4.E-17));
#3995 = ADVANCED_FACE('',(#3996),#4015,.T.);
#3996 = FACE_BOUND('',#3997,.F.);
#3997 = EDGE_LOOP('',(#3998,#3999,#4000,#4009));
#3998 = ORIENTED_EDGE('',*,*,#3983,.T.);
#3999 = ORIENTED_EDGE('',*,*,#1565,.T.);
#4000 = ORIENTED_EDGE('',*,*,#4001,.F.);
#4001 = EDGE_CURVE('',#4002,#1558,#4004,.T.);
#4002 = VERTEX_POINT('',#4003);
#4003 = CARTESIAN_POINT('',(179.404015301,-32.12129799999,1.197997156984
    ));
#4004 = CIRCLE('',#4005,0.5);
#4005 = AXIS2_PLACEMENT_3D('',#4006,#4007,#4008);
#4006 = CARTESIAN_POINT('',(179.404015301,-32.62129799999,1.197997156984
    ));
#4007 = DIRECTION('',(1.,-6.2E-16,0.));
#4008 = DIRECTION('',(6.2E-16,1.,0.));
#4009 = ORIENTED_EDGE('',*,*,#4010,.F.);
#4010 = EDGE_CURVE('',#3975,#4002,#4011,.T.);
#4011 = LINE('',#4012,#4013);
#4012 = CARTESIAN_POINT('',(186.34344533,-32.12129799999,1.197997156984)
  );
#4013 = VECTOR('',#4014,1.);
#4014 = DIRECTION('',(-1.,6.2E-16,0.));
#4015 = CYLINDRICAL_SURFACE('',#4016,0.5);
#4016 = AXIS2_PLACEMENT_3D('',#4017,#4018,#4019);
#4017 = CARTESIAN_POINT('',(186.34344533,-32.62129799999,1.197997156984)
  );
#4018 = DIRECTION('',(-1.,6.2E-16,0.));
#4019 = DIRECTION('',(6.2E-16,1.,0.));
#4020 = ADVANCED_FACE('',(#4021),#4041,.T.);
#4021 = FACE_BOUND('',#4022,.T.);
#4022 = EDGE_LOOP('',(#4023,#4024,#4033,#4040));
#4023 = ORIENTED_EDGE('',*,*,#4001,.F.);
#4024 = ORIENTED_EDGE('',*,*,#4025,.T.);
#4025 = EDGE_CURVE('',#4002,#4026,#4028,.T.);
#4026 = VERTEX_POINT('',#4027);
#4027 = CARTESIAN_POINT('',(177.24472045898,-32.12129799999,3.357291999)
  );
#4028 = CIRCLE('',#4029,2.159294842016);
#4029 = AXIS2_PLACEMENT_3D('',#4030,#4031,#4032);
#4030 = CARTESIAN_POINT('',(179.404015301,-32.12129799999,3.357291999));
#4031 = DIRECTION('',(6.2E-16,1.,6.051340435671E-46));
#4032 = DIRECTION('',(-1.732E-14,1.07384E-29,-1.));
#4033 = ORIENTED_EDGE('',*,*,#4034,.T.);
#4034 = EDGE_CURVE('',#4026,#1606,#4035,.T.);
#4035 = CIRCLE('',#4036,0.5);
#4036 = AXIS2_PLACEMENT_3D('',#4037,#4038,#4039);
#4037 = CARTESIAN_POINT('',(177.24472045898,-32.62129799999,3.357291999)
  );
#4038 = DIRECTION('',(-1.725E-14,3.61805207562E-46,-1.));
#4039 = DIRECTION('',(-1.,6.2E-16,1.725E-14));
#4040 = ORIENTED_EDGE('',*,*,#1613,.F.);
#4041 = TOROIDAL_SURFACE('',#4042,2.159294842016,0.5);
#4042 = AXIS2_PLACEMENT_3D('',#4043,#4044,#4045);
#4043 = CARTESIAN_POINT('',(179.404015301,-32.62129799999,3.357291999));
#4044 = DIRECTION('',(6.2E-16,1.,0.));
#4045 = DIRECTION('',(-1.732E-14,1.07384E-29,-1.));
#4046 = ADVANCED_FACE('',(#4047),#4064,.T.);
#4047 = FACE_BOUND('',#4048,.F.);
#4048 = EDGE_LOOP('',(#4049,#4050,#4051,#4058));
#4049 = ORIENTED_EDGE('',*,*,#4034,.T.);
#4050 = ORIENTED_EDGE('',*,*,#1654,.T.);
#4051 = ORIENTED_EDGE('',*,*,#4052,.T.);
#4052 = EDGE_CURVE('',#1655,#1892,#4053,.T.);
#4053 = CIRCLE('',#4054,0.5);
#4054 = AXIS2_PLACEMENT_3D('',#4055,#4056,#4057);
#4055 = CARTESIAN_POINT('',(177.24472045898,-32.62129799999,7.));
#4056 = DIRECTION('',(0.,-3.43E-15,1.));
#4057 = DIRECTION('',(0.,1.,3.43E-15));
#4058 = ORIENTED_EDGE('',*,*,#4059,.F.);
#4059 = EDGE_CURVE('',#4026,#1892,#4060,.T.);
#4060 = LINE('',#4061,#4062);
#4061 = CARTESIAN_POINT('',(177.24472045898,-32.12129799999,3.357291999)
  );
#4062 = VECTOR('',#4063,1.);
#4063 = DIRECTION('',(0.,0.,1.));
#4064 = CYLINDRICAL_SURFACE('',#4065,0.5);
#4065 = AXIS2_PLACEMENT_3D('',#4066,#4067,#4068);
#4066 = CARTESIAN_POINT('',(177.24472045898,-32.62129799999,3.357291999)
  );
#4067 = DIRECTION('',(0.,0.,1.));
#4068 = DIRECTION('',(6.2E-16,1.,0.));
#4069 = ADVANCED_FACE('',(#4070),#4075,.T.);
#4070 = FACE_BOUND('',#4071,.F.);
#4071 = EDGE_LOOP('',(#4072,#4073,#4074));
#4072 = ORIENTED_EDGE('',*,*,#4052,.F.);
#4073 = ORIENTED_EDGE('',*,*,#1679,.T.);
#4074 = ORIENTED_EDGE('',*,*,#1901,.F.);
#4075 = SPHERICAL_SURFACE('',#4076,0.5);
#4076 = AXIS2_PLACEMENT_3D('',#4077,#4078,#4079);
#4077 = CARTESIAN_POINT('',(177.24472045898,-32.62129799999,7.));
#4078 = DIRECTION('',(-1.,0.,0.));
#4079 = DIRECTION('',(0.,1.,3.43E-15));
#4080 = ADVANCED_FACE('',(#4081),#4106,.F.);
#4081 = FACE_BOUND('',#4082,.T.);
#4082 = EDGE_LOOP('',(#4083,#4091,#4099,#4105));
#4083 = ORIENTED_EDGE('',*,*,#4084,.F.);
#4084 = EDGE_CURVE('',#4085,#1704,#4087,.T.);
#4085 = VERTEX_POINT('',#4086);
#4086 = CARTESIAN_POINT('',(154.8,-32.12129799999,3.525));
#4087 = LINE('',#4088,#4089);
#4088 = CARTESIAN_POINT('',(154.8,-32.24629799999,3.4));
#4089 = VECTOR('',#4090,1.);
#4090 = DIRECTION('',(-4.4E-16,-0.707106781187,-0.707106781187));
#4091 = ORIENTED_EDGE('',*,*,#4092,.T.);
#4092 = EDGE_CURVE('',#4085,#4093,#4095,.T.);
#4093 = VERTEX_POINT('',#4094);
#4094 = CARTESIAN_POINT('',(161.3,-32.12129799999,3.525));
#4095 = LINE('',#4096,#4097);
#4096 = CARTESIAN_POINT('',(154.8,-32.12129799999,3.525));
#4097 = VECTOR('',#4098,1.);
#4098 = DIRECTION('',(1.,-6.2E-16,0.));
#4099 = ORIENTED_EDGE('',*,*,#4100,.T.);
#4100 = EDGE_CURVE('',#4093,#1696,#4101,.T.);
#4101 = LINE('',#4102,#4103);
#4102 = CARTESIAN_POINT('',(161.3,-32.24629799999,3.4));
#4103 = VECTOR('',#4104,1.);
#4104 = DIRECTION('',(-4.4E-16,-0.707106781187,-0.707106781187));
#4105 = ORIENTED_EDGE('',*,*,#1703,.F.);
#4106 = PLANE('',#4107);
#4107 = AXIS2_PLACEMENT_3D('',#4108,#4109,#4110);
#4108 = CARTESIAN_POINT('',(154.8,-32.24629799999,3.4));
#4109 = DIRECTION('',(-5.E-16,-0.707106781187,0.707106781187));
#4110 = DIRECTION('',(-1.,6.635533905933E-16,-4.355339059327E-17));
#4111 = ADVANCED_FACE('',(#4112),#4131,.F.);
#4112 = FACE_BOUND('',#4113,.T.);
#4113 = EDGE_LOOP('',(#4114,#4122,#4129,#4130));
#4114 = ORIENTED_EDGE('',*,*,#4115,.F.);
#4115 = EDGE_CURVE('',#4116,#1728,#4118,.T.);
#4116 = VERTEX_POINT('',#4117);
#4117 = CARTESIAN_POINT('',(154.15,-32.12129799999,2.875));
#4118 = LINE('',#4119,#4120);
#4119 = CARTESIAN_POINT('',(154.275,-32.24629799999,2.875));
#4120 = VECTOR('',#4121,1.);
#4121 = DIRECTION('',(0.707106781187,-0.707106781187,0.));
#4122 = ORIENTED_EDGE('',*,*,#4123,.T.);
#4123 = EDGE_CURVE('',#4116,#4085,#4124,.T.);
#4124 = CIRCLE('',#4125,0.65);
#4125 = AXIS2_PLACEMENT_3D('',#4126,#4127,#4128);
#4126 = CARTESIAN_POINT('',(154.8,-32.12129799999,2.875));
#4127 = DIRECTION('',(6.2E-16,1.,0.));
#4128 = DIRECTION('',(-1.,6.2E-16,-2.22E-15));
#4129 = ORIENTED_EDGE('',*,*,#4084,.T.);
#4130 = ORIENTED_EDGE('',*,*,#1727,.F.);
#4131 = CONICAL_SURFACE('',#4132,0.4,0.785398163397);
#4132 = AXIS2_PLACEMENT_3D('',#4133,#4134,#4135);
#4133 = CARTESIAN_POINT('',(154.8,-32.37129799999,2.875));
#4134 = DIRECTION('',(6.2E-16,1.,-0.));
#4135 = DIRECTION('',(-1.,6.2E-16,-2.22E-15));
#4136 = ADVANCED_FACE('',(#4137),#4156,.F.);
#4137 = FACE_BOUND('',#4138,.T.);
#4138 = EDGE_LOOP('',(#4139,#4140,#4149,#4155));
#4139 = ORIENTED_EDGE('',*,*,#4100,.F.);
#4140 = ORIENTED_EDGE('',*,*,#4141,.T.);
#4141 = EDGE_CURVE('',#4093,#4142,#4144,.T.);
#4142 = VERTEX_POINT('',#4143);
#4143 = CARTESIAN_POINT('',(161.95,-32.12129799999,2.875));
#4144 = CIRCLE('',#4145,0.65);
#4145 = AXIS2_PLACEMENT_3D('',#4146,#4147,#4148);
#4146 = CARTESIAN_POINT('',(161.3,-32.12129799999,2.875));
#4147 = DIRECTION('',(6.2E-16,1.,0.));
#4148 = DIRECTION('',(-0.,0.,1.));
#4149 = ORIENTED_EDGE('',*,*,#4150,.T.);
#4150 = EDGE_CURVE('',#4142,#1752,#4151,.T.);
#4151 = LINE('',#4152,#4153);
#4152 = CARTESIAN_POINT('',(161.7,-32.37129799999,2.875));
#4153 = VECTOR('',#4154,1.);
#4154 = DIRECTION('',(-0.707106781187,-0.707106781187,-4.E-17));
#4155 = ORIENTED_EDGE('',*,*,#1759,.F.);
#4156 = CONICAL_SURFACE('',#4157,0.4,0.785398163397);
#4157 = AXIS2_PLACEMENT_3D('',#4158,#4159,#4160);
#4158 = CARTESIAN_POINT('',(161.3,-32.37129799999,2.875));
#4159 = DIRECTION('',(6.2E-16,1.,-0.));
#4160 = DIRECTION('',(0.,0.,1.));
#4161 = ADVANCED_FACE('',(#4162),#4180,.F.);
#4162 = FACE_BOUND('',#4163,.T.);
#4163 = EDGE_LOOP('',(#4164,#4172,#4178,#4179));
#4164 = ORIENTED_EDGE('',*,*,#4165,.F.);
#4165 = EDGE_CURVE('',#4166,#1778,#4168,.T.);
#4166 = VERTEX_POINT('',#4167);
#4167 = CARTESIAN_POINT('',(154.15,-32.12129799999,1.645));
#4168 = LINE('',#4169,#4170);
#4169 = CARTESIAN_POINT('',(154.4,-32.37129799999,1.645));
#4170 = VECTOR('',#4171,1.);
#4171 = DIRECTION('',(0.707106781187,-0.707106781187,4.E-17));
#4172 = ORIENTED_EDGE('',*,*,#4173,.T.);
#4173 = EDGE_CURVE('',#4166,#4116,#4174,.T.);
#4174 = LINE('',#4175,#4176);
#4175 = CARTESIAN_POINT('',(154.15,-32.12129799999,1.645));
#4176 = VECTOR('',#4177,1.);
#4177 = DIRECTION('',(0.,0.,1.));
#4178 = ORIENTED_EDGE('',*,*,#4115,.T.);
#4179 = ORIENTED_EDGE('',*,*,#1777,.F.);
#4180 = PLANE('',#4181);
#4181 = AXIS2_PLACEMENT_3D('',#4182,#4183,#4184);
#4182 = CARTESIAN_POINT('',(154.275,-32.24629799999,1.645));
#4183 = DIRECTION('',(-0.707106781187,-0.707106781187,9.E-17));
#4184 = DIRECTION('',(-6.363961030679E-17,-6.363961030679E-17,-1.));
#4185 = ADVANCED_FACE('',(#4186),#4204,.F.);
#4186 = FACE_BOUND('',#4187,.T.);
#4187 = EDGE_LOOP('',(#4188,#4189,#4197,#4203));
#4188 = ORIENTED_EDGE('',*,*,#4150,.F.);
#4189 = ORIENTED_EDGE('',*,*,#4190,.T.);
#4190 = EDGE_CURVE('',#4142,#4191,#4193,.T.);
#4191 = VERTEX_POINT('',#4192);
#4192 = CARTESIAN_POINT('',(161.95,-32.12129799999,1.645));
#4193 = LINE('',#4194,#4195);
#4194 = CARTESIAN_POINT('',(161.95,-32.12129799999,2.875));
#4195 = VECTOR('',#4196,1.);
#4196 = DIRECTION('',(0.,0.,-1.));
#4197 = ORIENTED_EDGE('',*,*,#4198,.T.);
#4198 = EDGE_CURVE('',#4191,#1801,#4199,.T.);
#4199 = LINE('',#4200,#4201);
#4200 = CARTESIAN_POINT('',(161.825,-32.24629799999,1.645));
#4201 = VECTOR('',#4202,1.);
#4202 = DIRECTION('',(-0.707106781187,-0.707106781187,0.));
#4203 = ORIENTED_EDGE('',*,*,#1808,.F.);
#4204 = PLANE('',#4205);
#4205 = AXIS2_PLACEMENT_3D('',#4206,#4207,#4208);
#4206 = CARTESIAN_POINT('',(161.825,-32.24629799999,2.875));
#4207 = DIRECTION('',(0.707106781187,-0.707106781187,9.E-17));
#4208 = DIRECTION('',(-6.363961030679E-17,6.363961030679E-17,1.));
#4209 = ADVANCED_FACE('',(#4210),#4229,.F.);
#4210 = FACE_BOUND('',#4211,.T.);
#4211 = EDGE_LOOP('',(#4212,#4220,#4227,#4228));
#4212 = ORIENTED_EDGE('',*,*,#4213,.F.);
#4213 = EDGE_CURVE('',#4214,#1826,#4216,.T.);
#4214 = VERTEX_POINT('',#4215);
#4215 = CARTESIAN_POINT('',(154.8,-32.12129799999,0.995));
#4216 = LINE('',#4217,#4218);
#4217 = CARTESIAN_POINT('',(154.8,-32.24629799999,1.12));
#4218 = VECTOR('',#4219,1.);
#4219 = DIRECTION('',(-4.4E-16,-0.707106781187,0.707106781187));
#4220 = ORIENTED_EDGE('',*,*,#4221,.T.);
#4221 = EDGE_CURVE('',#4214,#4166,#4222,.T.);
#4222 = CIRCLE('',#4223,0.65);
#4223 = AXIS2_PLACEMENT_3D('',#4224,#4225,#4226);
#4224 = CARTESIAN_POINT('',(154.8,-32.12129799999,1.645));
#4225 = DIRECTION('',(6.2E-16,1.,0.));
#4226 = DIRECTION('',(0.,0.,-1.));
#4227 = ORIENTED_EDGE('',*,*,#4165,.T.);
#4228 = ORIENTED_EDGE('',*,*,#1825,.F.);
#4229 = CONICAL_SURFACE('',#4230,0.4,0.785398163397);
#4230 = AXIS2_PLACEMENT_3D('',#4231,#4232,#4233);
#4231 = CARTESIAN_POINT('',(154.8,-32.37129799999,1.645));
#4232 = DIRECTION('',(6.2E-16,1.,-0.));
#4233 = DIRECTION('',(-0.,0.,-1.));
#4234 = ADVANCED_FACE('',(#4235),#4254,.F.);
#4235 = FACE_BOUND('',#4236,.T.);
#4236 = EDGE_LOOP('',(#4237,#4238,#4247,#4253));
#4237 = ORIENTED_EDGE('',*,*,#4198,.F.);
#4238 = ORIENTED_EDGE('',*,*,#4239,.T.);
#4239 = EDGE_CURVE('',#4191,#4240,#4242,.T.);
#4240 = VERTEX_POINT('',#4241);
#4241 = CARTESIAN_POINT('',(161.3,-32.12129799999,0.995));
#4242 = CIRCLE('',#4243,0.65);
#4243 = AXIS2_PLACEMENT_3D('',#4244,#4245,#4246);
#4244 = CARTESIAN_POINT('',(161.3,-32.12129799999,1.645));
#4245 = DIRECTION('',(6.2E-16,1.,0.));
#4246 = DIRECTION('',(1.,-6.2E-16,-2.22E-15));
#4247 = ORIENTED_EDGE('',*,*,#4248,.T.);
#4248 = EDGE_CURVE('',#4240,#1850,#4249,.T.);
#4249 = LINE('',#4250,#4251);
#4250 = CARTESIAN_POINT('',(161.3,-32.37129799999,1.245));
#4251 = VECTOR('',#4252,1.);
#4252 = DIRECTION('',(3.29E-15,-0.707106781187,0.707106781187));
#4253 = ORIENTED_EDGE('',*,*,#1857,.F.);
#4254 = CONICAL_SURFACE('',#4255,0.4,0.785398163397);
#4255 = AXIS2_PLACEMENT_3D('',#4256,#4257,#4258);
#4256 = CARTESIAN_POINT('',(161.3,-32.37129799999,1.645));
#4257 = DIRECTION('',(6.2E-16,1.,-0.));
#4258 = DIRECTION('',(1.,-6.2E-16,-2.22E-15));
#4259 = ADVANCED_FACE('',(#4260),#4271,.F.);
#4260 = FACE_BOUND('',#4261,.T.);
#4261 = EDGE_LOOP('',(#4262,#4263,#4269,#4270));
#4262 = ORIENTED_EDGE('',*,*,#4248,.F.);
#4263 = ORIENTED_EDGE('',*,*,#4264,.T.);
#4264 = EDGE_CURVE('',#4240,#4214,#4265,.T.);
#4265 = LINE('',#4266,#4267);
#4266 = CARTESIAN_POINT('',(161.3,-32.12129799999,0.995));
#4267 = VECTOR('',#4268,1.);
#4268 = DIRECTION('',(-1.,6.2E-16,0.));
#4269 = ORIENTED_EDGE('',*,*,#4213,.T.);
#4270 = ORIENTED_EDGE('',*,*,#1875,.F.);
#4271 = PLANE('',#4272);
#4272 = AXIS2_PLACEMENT_3D('',#4273,#4274,#4275);
#4273 = CARTESIAN_POINT('',(161.3,-32.24629799999,1.12));
#4274 = DIRECTION('',(-5.E-16,-0.707106781187,-0.707106781187));
#4275 = DIRECTION('',(1.,-6.635533905933E-16,-4.355339059327E-17));
#4276 = ADVANCED_FACE('',(#4277,#4287),#4318,.T.);
#4277 = FACE_BOUND('',#4278,.T.);
#4278 = EDGE_LOOP('',(#4279,#4280,#4281,#4282,#4283,#4284,#4285,#4286));
#4279 = ORIENTED_EDGE('',*,*,#4092,.F.);
#4280 = ORIENTED_EDGE('',*,*,#4123,.F.);
#4281 = ORIENTED_EDGE('',*,*,#4173,.F.);
#4282 = ORIENTED_EDGE('',*,*,#4221,.F.);
#4283 = ORIENTED_EDGE('',*,*,#4264,.F.);
#4284 = ORIENTED_EDGE('',*,*,#4239,.F.);
#4285 = ORIENTED_EDGE('',*,*,#4190,.F.);
#4286 = ORIENTED_EDGE('',*,*,#4141,.F.);
#4287 = FACE_BOUND('',#4288,.T.);
#4288 = EDGE_LOOP('',(#4289,#4297,#4305,#4311,#4312,#4313,#4314,#4315,
    #4316,#4317));
#4289 = ORIENTED_EDGE('',*,*,#4290,.F.);
#4290 = EDGE_CURVE('',#4291,#2935,#4293,.T.);
#4291 = VERTEX_POINT('',#4292);
#4292 = CARTESIAN_POINT('',(209.49999992249,-32.12129799999,-3.25));
#4293 = LINE('',#4294,#4295);
#4294 = CARTESIAN_POINT('',(209.49999992249,-32.12129799999,-4.));
#4295 = VECTOR('',#4296,1.);
#4296 = DIRECTION('',(0.,0.,1.));
#4297 = ORIENTED_EDGE('',*,*,#4298,.F.);
#4298 = EDGE_CURVE('',#4299,#4291,#4301,.T.);
#4299 = VERTEX_POINT('',#4300);
#4300 = CARTESIAN_POINT('',(94.078044370398,-32.12129799999,-3.25));
#4301 = LINE('',#4302,#4303);
#4302 = CARTESIAN_POINT('',(94.078044370398,-32.12129799999,-3.25));
#4303 = VECTOR('',#4304,1.);
#4304 = DIRECTION('',(1.,-6.2E-16,0.));
#4305 = ORIENTED_EDGE('',*,*,#4306,.T.);
#4306 = EDGE_CURVE('',#4299,#1894,#4307,.T.);
#4307 = LINE('',#4308,#4309);
#4308 = CARTESIAN_POINT('',(94.078044370398,-32.12129799999,-4.));
#4309 = VECTOR('',#4310,1.);
#4310 = DIRECTION('',(0.,0.,1.));
#4311 = ORIENTED_EDGE('',*,*,#1891,.F.);
#4312 = ORIENTED_EDGE('',*,*,#4059,.F.);
#4313 = ORIENTED_EDGE('',*,*,#4025,.F.);
#4314 = ORIENTED_EDGE('',*,*,#4010,.F.);
#4315 = ORIENTED_EDGE('',*,*,#3974,.F.);
#4316 = ORIENTED_EDGE('',*,*,#3106,.F.);
#4317 = ORIENTED_EDGE('',*,*,#2987,.F.);
#4318 = PLANE('',#4319);
#4319 = AXIS2_PLACEMENT_3D('',#4320,#4321,#4322);
#4320 = CARTESIAN_POINT('',(94.078044370398,-32.12129799999,-4.));
#4321 = DIRECTION('',(6.2E-16,1.,0.));
#4322 = DIRECTION('',(1.,-6.2E-16,0.));
#4323 = ADVANCED_FACE('',(#4324),#4343,.T.);
#4324 = FACE_BOUND('',#4325,.T.);
#4325 = EDGE_LOOP('',(#4326,#4334,#4335,#4336));
#4326 = ORIENTED_EDGE('',*,*,#4327,.T.);
#4327 = EDGE_CURVE('',#4328,#1943,#4330,.T.);
#4328 = VERTEX_POINT('',#4329);
#4329 = CARTESIAN_POINT('',(88.796799329856,-37.39661580683,-3.25));
#4330 = LINE('',#4331,#4332);
#4331 = CARTESIAN_POINT('',(88.796799329856,-37.39661580683,-4.));
#4332 = VECTOR('',#4333,1.);
#4333 = DIRECTION('',(0.,0.,1.));
#4334 = ORIENTED_EDGE('',*,*,#1942,.F.);
#4335 = ORIENTED_EDGE('',*,*,#4306,.F.);
#4336 = ORIENTED_EDGE('',*,*,#4337,.F.);
#4337 = EDGE_CURVE('',#4328,#4299,#4338,.T.);
#4338 = CIRCLE('',#4339,5.281248370398);
#4339 = AXIS2_PLACEMENT_3D('',#4340,#4341,#4342);
#4340 = CARTESIAN_POINT('',(94.078044370398,-37.40254637039,-3.25));
#4341 = DIRECTION('',(2.467017166311E-35,-1.2E-16,-1.));
#4342 = DIRECTION('',(-0.999999369494,1.122947291399E-03,
    -1.347536749679E-19));
#4343 = CYLINDRICAL_SURFACE('',#4344,5.281248370398);
#4344 = AXIS2_PLACEMENT_3D('',#4345,#4346,#4347);
#4345 = CARTESIAN_POINT('',(94.078044370398,-37.40254637039,-4.));
#4346 = DIRECTION('',(0.,0.,-1.));
#4347 = DIRECTION('',(-1.,-6.8434768886E-07,-0.));
#4348 = ADVANCED_FACE('',(#4349),#4367,.T.);
#4349 = FACE_BOUND('',#4350,.T.);
#4350 = EDGE_LOOP('',(#4351,#4359,#4360,#4361));
#4351 = ORIENTED_EDGE('',*,*,#4352,.T.);
#4352 = EDGE_CURVE('',#4353,#1987,#4355,.T.);
#4353 = VERTEX_POINT('',#4354);
#4354 = CARTESIAN_POINT('',(88.783289908893,-41.34716960713,-3.25));
#4355 = LINE('',#4356,#4357);
#4356 = CARTESIAN_POINT('',(88.783289908893,-41.34716960713,-4.));
#4357 = VECTOR('',#4358,1.);
#4358 = DIRECTION('',(0.,0.,1.));
#4359 = ORIENTED_EDGE('',*,*,#1995,.F.);
#4360 = ORIENTED_EDGE('',*,*,#4327,.F.);
#4361 = ORIENTED_EDGE('',*,*,#4362,.F.);
#4362 = EDGE_CURVE('',#4353,#4328,#4363,.T.);
#4363 = LINE('',#4364,#4365);
#4364 = CARTESIAN_POINT('',(88.783289908893,-41.34716960713,-3.25));
#4365 = VECTOR('',#4366,1.);
#4366 = DIRECTION('',(3.419607138129E-03,0.999994153126,0.));
#4367 = PLANE('',#4368);
#4368 = AXIS2_PLACEMENT_3D('',#4369,#4370,#4371);
#4369 = CARTESIAN_POINT('',(88.779881975542,-42.34374999999,-4.));
#4370 = DIRECTION('',(-0.999994153126,3.419607138129E-03,0.));
#4371 = DIRECTION('',(3.419607138129E-03,0.999994153126,0.));
#4372 = ADVANCED_FACE('',(#4373,#4564,#4570,#4581,#4592,#4603,#4614,
    #4620,#4631,#4637,#4648,#4654,#4665),#4676,.T.);
#4373 = FACE_BOUND('',#4374,.T.);
#4374 = EDGE_LOOP('',(#4375,#4385,#4394,#4402,#4411,#4419,#4427,#4436,
    #4445,#4454,#4463,#4472,#4481,#4489,#4498,#4506,#4515,#4523,#4532,
    #4540,#4549,#4557));
#4375 = ORIENTED_EDGE('',*,*,#4376,.T.);
#4376 = EDGE_CURVE('',#4377,#4379,#4381,.T.);
#4377 = VERTEX_POINT('',#4378);
#4378 = CARTESIAN_POINT('',(94.078044370398,-32.87129799999,-4.));
#4379 = VERTEX_POINT('',#4380);
#4380 = CARTESIAN_POINT('',(209.49999992249,-32.87129799999,-4.));
#4381 = LINE('',#4382,#4383);
#4382 = CARTESIAN_POINT('',(94.078044370398,-32.87129799999,-4.));
#4383 = VECTOR('',#4384,1.);
#4384 = DIRECTION('',(1.,-6.2E-16,0.));
#4385 = ORIENTED_EDGE('',*,*,#4386,.T.);
#4386 = EDGE_CURVE('',#4379,#4387,#4389,.T.);
#4387 = VERTEX_POINT('',#4388);
#4388 = CARTESIAN_POINT('',(214.03125,-37.40254807749,-4.));
#4389 = CIRCLE('',#4390,4.531250077504);
#4390 = AXIS2_PLACEMENT_3D('',#4391,#4392,#4393);
#4391 = CARTESIAN_POINT('',(209.49999992249,-37.40254807749,-4.));
#4392 = DIRECTION('',(0.,-1.2E-16,-1.));
#4393 = DIRECTION('',(0.,1.,-1.2E-16));
#4394 = ORIENTED_EDGE('',*,*,#4395,.T.);
#4395 = EDGE_CURVE('',#4387,#4396,#4398,.T.);
#4396 = VERTEX_POINT('',#4397);
#4397 = CARTESIAN_POINT('',(214.03125,-113.7382995285,-4.));
#4398 = LINE('',#4399,#4400);
#4399 = CARTESIAN_POINT('',(214.03125,-37.40254807749,-4.));
#4400 = VECTOR('',#4401,1.);
#4401 = DIRECTION('',(0.,-1.,0.));
#4402 = ORIENTED_EDGE('',*,*,#4403,.T.);
#4403 = EDGE_CURVE('',#4396,#4404,#4406,.T.);
#4404 = VERTEX_POINT('',#4405);
#4405 = CARTESIAN_POINT('',(213.4241772786,-116.0039251735,-4.));
#4406 = CIRCLE('',#4407,4.531250259068);
#4407 = AXIS2_PLACEMENT_3D('',#4408,#4409,#4410);
#4408 = CARTESIAN_POINT('',(209.49999974093,-113.7382995285,-4.));
#4409 = DIRECTION('',(0.,-1.2E-16,-1.));
#4410 = DIRECTION('',(1.,0.,0.));
#4411 = ORIENTED_EDGE('',*,*,#4412,.T.);
#4412 = EDGE_CURVE('',#4404,#4413,#4415,.T.);
#4413 = VERTEX_POINT('',#4414);
#4414 = CARTESIAN_POINT('',(206.61988747694,-127.7892972445,
    -3.999999999993));
#4415 = LINE('',#4416,#4417);
#4416 = CARTESIAN_POINT('',(213.42417727861,-116.0039251735,-4.));
#4417 = VECTOR('',#4418,1.);
#4418 = DIRECTION('',(-0.500000113749,-0.866025338112,0.));
#4419 = ORIENTED_EDGE('',*,*,#4420,.T.);
#4420 = EDGE_CURVE('',#4413,#4421,#4423,.T.);
#4421 = VERTEX_POINT('',#4422);
#4422 = CARTESIAN_POINT('',(187.56987821309,-160.7848711655,
    -4.000000000003));
#4423 = LINE('',#4424,#4425);
#4424 = CARTESIAN_POINT('',(206.61988747693,-127.7892972445,-4.));
#4425 = VECTOR('',#4426,1.);
#4426 = DIRECTION('',(-0.50000011375,-0.866025338111,0.));
#4427 = ORIENTED_EDGE('',*,*,#4428,.T.);
#4428 = EDGE_CURVE('',#4421,#4429,#4431,.T.);
#4429 = VERTEX_POINT('',#4430);
#4430 = CARTESIAN_POINT('',(181.36603814898,-162.4352853155,-4.));
#4431 = CIRCLE('',#4432,4.531250259068);
#4432 = AXIS2_PLACEMENT_3D('',#4433,#4434,#4435);
#4433 = CARTESIAN_POINT('',(183.64570067542,-158.5192455206,-4.));
#4434 = DIRECTION('',(-2.423384581604E-34,-1.2E-16,-1.));
#4435 = DIRECTION('',(0.866025338111,-0.50000011375,6.000001364997E-17)
  );
#4436 = ORIENTED_EDGE('',*,*,#4437,.T.);
#4437 = EDGE_CURVE('',#4429,#4438,#4440,.T.);
#4438 = VERTEX_POINT('',#4439);
#4439 = CARTESIAN_POINT('',(181.2997910929,-162.394725852,-4.));
#4440 = CIRCLE('',#4441,1.75);
#4441 = AXIS2_PLACEMENT_3D('',#4442,#4443,#4444);
#4442 = CARTESIAN_POINT('',(182.24645948816,-160.922883826,-4.));
#4443 = DIRECTION('',(-1.674509665468E-33,-1.2E-16,-1.));
#4444 = DIRECTION('',(-0.503097908104,-0.864229422585,1.037075307102E-16
    ));
#4445 = ORIENTED_EDGE('',*,*,#4446,.T.);
#4446 = EDGE_CURVE('',#4438,#4447,#4449,.T.);
#4447 = VERTEX_POINT('',#4448);
#4448 = CARTESIAN_POINT('',(154.51753443842,-149.808089552,-4.));
#4449 = CIRCLE('',#4450,112.21535512408);
#4450 = AXIS2_PLACEMENT_3D('',#4451,#4452,#4453);
#4451 = CARTESIAN_POINT('',(120.59651671616,-256.7737404981,-4.));
#4452 = DIRECTION('',(1.318452196812E-34,1.2E-16,1.));
#4453 = DIRECTION('',(0.540953368722,0.841052586268,-1.009263103522E-16)
  );
#4454 = ORIENTED_EDGE('',*,*,#4455,.T.);
#4455 = EDGE_CURVE('',#4447,#4456,#4458,.T.);
#4456 = VERTEX_POINT('',#4457);
#4457 = CARTESIAN_POINT('',(129.79562941302,-146.2155544132,-4.));
#4458 = CIRCLE('',#4459,81.826597415396);
#4459 = AXIS2_PLACEMENT_3D('',#4460,#4461,#4462);
#4460 = CARTESIAN_POINT('',(130.52733232647,-228.0388802771,-4.));
#4461 = DIRECTION('',(2.975223966538E-33,1.2E-16,1.));
#4462 = DIRECTION('',(0.293099231166,0.956082026131,-1.147298431357E-16)
  );
#4463 = ORIENTED_EDGE('',*,*,#4464,.T.);
#4464 = EDGE_CURVE('',#4456,#4465,#4467,.T.);
#4465 = VERTEX_POINT('',#4466);
#4466 = CARTESIAN_POINT('',(129.78114829943,-146.2156239913,-4.));
#4467 = CIRCLE('',#4468,1.75);
#4468 = AXIS2_PLACEMENT_3D('',#4469,#4470,#4471);
#4469 = CARTESIAN_POINT('',(129.77998071029,-144.4656243808,-4.));
#4470 = DIRECTION('',(6.450403805051E-35,-1.2E-16,-1.));
#4471 = DIRECTION('',(8.942115846946E-03,-0.999960018483,
    1.199952022179E-16));
#4472 = ORIENTED_EDGE('',*,*,#4473,.T.);
#4473 = EDGE_CURVE('',#4465,#4474,#4476,.T.);
#4474 = VERTEX_POINT('',#4475);
#4475 = CARTESIAN_POINT('',(125.24687499999,-141.6843749224,-4.));
#4476 = CIRCLE('',#4477,4.531250077504);
#4477 = AXIS2_PLACEMENT_3D('',#4478,#4479,#4480);
#4478 = CARTESIAN_POINT('',(129.7781250775,-141.6843749224,-4.));
#4479 = DIRECTION('',(7.278928807615E-37,-1.2E-16,-1.));
#4480 = DIRECTION('',(6.671937940053E-04,-0.999999777426,
    1.199999732911E-16));
#4481 = ORIENTED_EDGE('',*,*,#4482,.T.);
#4482 = EDGE_CURVE('',#4474,#4483,#4485,.T.);
#4483 = VERTEX_POINT('',#4484);
#4484 = CARTESIAN_POINT('',(125.24687499999,-133.6781249999,-4.));
#4485 = LINE('',#4486,#4487);
#4486 = CARTESIAN_POINT('',(125.24687499999,-141.6843749224,-4.));
#4487 = VECTOR('',#4488,1.);
#4488 = DIRECTION('',(-2.0986E-13,1.,0.));
#4489 = ORIENTED_EDGE('',*,*,#4490,.T.);
#4490 = EDGE_CURVE('',#4483,#4491,#4493,.T.);
#4491 = VERTEX_POINT('',#4492);
#4492 = CARTESIAN_POINT('',(123.49687499999,-131.9281249999,-4.));
#4493 = CIRCLE('',#4494,1.75);
#4494 = AXIS2_PLACEMENT_3D('',#4495,#4496,#4497);
#4495 = CARTESIAN_POINT('',(123.49687499999,-133.6781249999,-4.));
#4496 = DIRECTION('',(7.248494420154E-46,1.2E-16,1.));
#4497 = DIRECTION('',(1.,1.9895E-13,-2.3874E-29));
#4498 = ORIENTED_EDGE('',*,*,#4499,.T.);
#4499 = EDGE_CURVE('',#4491,#4500,#4502,.T.);
#4500 = VERTEX_POINT('',#4501);
#4501 = CARTESIAN_POINT('',(57.150000077498,-131.9281249999,-4.));
#4502 = LINE('',#4503,#4504);
#4503 = CARTESIAN_POINT('',(123.49687499999,-131.9281249999,-4.));
#4504 = VECTOR('',#4505,1.);
#4505 = DIRECTION('',(-1.,1.35553E-12,0.));
#4506 = ORIENTED_EDGE('',*,*,#4507,.T.);
#4507 = EDGE_CURVE('',#4500,#4508,#4510,.T.);
#4508 = VERTEX_POINT('',#4509);
#4509 = CARTESIAN_POINT('',(52.61875,-127.3968749224,-4.));
#4510 = CIRCLE('',#4511,4.531250077504);
#4511 = AXIS2_PLACEMENT_3D('',#4512,#4513,#4514);
#4512 = CARTESIAN_POINT('',(57.150000077504,-127.3968749224,-4.));
#4513 = DIRECTION('',(0.,-1.2E-16,-1.));
#4514 = DIRECTION('',(-1.35482E-12,-1.,1.2E-16));
#4515 = ORIENTED_EDGE('',*,*,#4516,.T.);
#4516 = EDGE_CURVE('',#4508,#4517,#4519,.T.);
#4517 = VERTEX_POINT('',#4518);
#4518 = CARTESIAN_POINT('',(52.61875,-47.6250000775,-4.));
#4519 = LINE('',#4520,#4521);
#4520 = CARTESIAN_POINT('',(52.61875,-127.3968749224,-4.));
#4521 = VECTOR('',#4522,1.);
#4522 = DIRECTION('',(9.E-17,1.,0.));
#4523 = ORIENTED_EDGE('',*,*,#4524,.T.);
#4524 = EDGE_CURVE('',#4517,#4525,#4527,.T.);
#4525 = VERTEX_POINT('',#4526);
#4526 = CARTESIAN_POINT('',(57.150000077504,-43.09374999999,-4.));
#4527 = CIRCLE('',#4528,4.531250077504);
#4528 = AXIS2_PLACEMENT_3D('',#4529,#4530,#4531);
#4529 = CARTESIAN_POINT('',(57.150000077504,-47.6250000775,-4.));
#4530 = DIRECTION('',(-0.,-1.2E-16,-1.));
#4531 = DIRECTION('',(-1.,0.,0.));
#4532 = ORIENTED_EDGE('',*,*,#4533,.T.);
#4533 = EDGE_CURVE('',#4525,#4534,#4536,.T.);
#4534 = VERTEX_POINT('',#4535);
#4535 = CARTESIAN_POINT('',(87.783295755767,-43.09374999999,-4.));
#4536 = LINE('',#4537,#4538);
#4537 = CARTESIAN_POINT('',(57.150000077504,-43.09374999999,-4.));
#4538 = VECTOR('',#4539,1.);
#4539 = DIRECTION('',(1.,6.223E-14,0.));
#4540 = ORIENTED_EDGE('',*,*,#4541,.T.);
#4541 = EDGE_CURVE('',#4534,#4542,#4544,.T.);
#4542 = VERTEX_POINT('',#4543);
#4543 = CARTESIAN_POINT('',(89.533285523738,-41.34973431248,-4.));
#4544 = CIRCLE('',#4545,1.75);
#4545 = AXIS2_PLACEMENT_3D('',#4546,#4547,#4548);
#4546 = CARTESIAN_POINT('',(87.783295755767,-41.34374999999,-4.));
#4547 = DIRECTION('',(0.,1.2E-16,1.));
#4548 = DIRECTION('',(5.684E-14,-1.,1.2E-16));
#4549 = ORIENTED_EDGE('',*,*,#4550,.T.);
#4550 = EDGE_CURVE('',#4542,#4551,#4553,.T.);
#4551 = VERTEX_POINT('',#4552);
#4552 = CARTESIAN_POINT('',(89.546794944701,-37.39918051219,-4.));
#4553 = LINE('',#4554,#4555);
#4554 = CARTESIAN_POINT('',(89.533285523738,-41.34973431248,-4.));
#4555 = VECTOR('',#4556,1.);
#4556 = DIRECTION('',(3.419607138129E-03,0.999994153126,0.));
#4557 = ORIENTED_EDGE('',*,*,#4558,.T.);
#4558 = EDGE_CURVE('',#4551,#4377,#4559,.T.);
#4559 = CIRCLE('',#4560,4.531248370398);
#4560 = AXIS2_PLACEMENT_3D('',#4561,#4562,#4563);
#4561 = CARTESIAN_POINT('',(94.078044370398,-37.40254637039,-4.));
#4562 = DIRECTION('',(2.467017166311E-35,-1.2E-16,-1.));
#4563 = DIRECTION('',(-0.999999369494,1.122947291399E-03,
    -1.347536749679E-19));
#4564 = FACE_BOUND('',#4565,.T.);
#4565 = EDGE_LOOP('',(#4566,#4567,#4568,#4569));
#4566 = ORIENTED_EDGE('',*,*,#3317,.F.);
#4567 = ORIENTED_EDGE('',*,*,#3341,.F.);
#4568 = ORIENTED_EDGE('',*,*,#3365,.F.);
#4569 = ORIENTED_EDGE('',*,*,#2026,.F.);
#4570 = FACE_BOUND('',#4571,.T.);
#4571 = EDGE_LOOP('',(#4572));
#4572 = ORIENTED_EDGE('',*,*,#4573,.T.);
#4573 = EDGE_CURVE('',#4574,#4574,#4576,.T.);
#4574 = VERTEX_POINT('',#4575);
#4575 = CARTESIAN_POINT('',(77.7,-69.259375,-4.));
#4576 = CIRCLE('',#4577,1.5);
#4577 = AXIS2_PLACEMENT_3D('',#4578,#4579,#4580);
#4578 = CARTESIAN_POINT('',(76.2,-69.259375,-4.));
#4579 = DIRECTION('',(0.,0.,1.));
#4580 = DIRECTION('',(1.,0.,0.));
#4581 = FACE_BOUND('',#4582,.T.);
#4582 = EDGE_LOOP('',(#4583));
#4583 = ORIENTED_EDGE('',*,*,#4584,.T.);
#4584 = EDGE_CURVE('',#4585,#4585,#4587,.T.);
#4585 = VERTEX_POINT('',#4586);
#4586 = CARTESIAN_POINT('',(115.270642,-78.898751,-4.));
#4587 = CIRCLE('',#4588,1.5);
#4588 = AXIS2_PLACEMENT_3D('',#4589,#4590,#4591);
#4589 = CARTESIAN_POINT('',(113.770642,-78.898751,-4.));
#4590 = DIRECTION('',(0.,0.,1.));
#4591 = DIRECTION('',(1.,0.,0.));
#4592 = FACE_BOUND('',#4593,.T.);
#4593 = EDGE_LOOP('',(#4594));
#4594 = ORIENTED_EDGE('',*,*,#4595,.T.);
#4595 = EDGE_CURVE('',#4596,#4596,#4598,.T.);
#4596 = VERTEX_POINT('',#4597);
#4597 = CARTESIAN_POINT('',(169.378125,-42.8625,-4.));
#4598 = CIRCLE('',#4599,1.5);
#4599 = AXIS2_PLACEMENT_3D('',#4600,#4601,#4602);
#4600 = CARTESIAN_POINT('',(167.878125,-42.8625,-4.));
#4601 = DIRECTION('',(0.,0.,1.));
#4602 = DIRECTION('',(1.,0.,0.));
#4603 = FACE_BOUND('',#4604,.T.);
#4604 = EDGE_LOOP('',(#4605));
#4605 = ORIENTED_EDGE('',*,*,#4606,.F.);
#4606 = EDGE_CURVE('',#4607,#4607,#4609,.T.);
#4607 = VERTEX_POINT('',#4608);
#4608 = CARTESIAN_POINT('',(205.28125,-41.62129799999,-4.));
#4609 = CIRCLE('',#4610,3.);
#4610 = AXIS2_PLACEMENT_3D('',#4611,#4612,#4613);
#4611 = CARTESIAN_POINT('',(202.28125,-41.62129799999,-4.));
#4612 = DIRECTION('',(0.,0.,-1.));
#4613 = DIRECTION('',(1.,0.,0.));
#4614 = FACE_BOUND('',#4615,.T.);
#4615 = EDGE_LOOP('',(#4616,#4617,#4618,#4619));
#4616 = ORIENTED_EDGE('',*,*,#3411,.F.);
#4617 = ORIENTED_EDGE('',*,*,#3435,.F.);
#4618 = ORIENTED_EDGE('',*,*,#3459,.F.);
#4619 = ORIENTED_EDGE('',*,*,#2869,.F.);
#4620 = FACE_BOUND('',#4621,.T.);
#4621 = EDGE_LOOP('',(#4622));
#4622 = ORIENTED_EDGE('',*,*,#4623,.T.);
#4623 = EDGE_CURVE('',#4624,#4624,#4626,.T.);
#4624 = VERTEX_POINT('',#4625);
#4625 = CARTESIAN_POINT('',(77.7,-107.359375,-4.));
#4626 = CIRCLE('',#4627,1.5);
#4627 = AXIS2_PLACEMENT_3D('',#4628,#4629,#4630);
#4628 = CARTESIAN_POINT('',(76.2,-107.359375,-4.));
#4629 = DIRECTION('',(0.,0.,1.));
#4630 = DIRECTION('',(1.,0.,0.));
#4631 = FACE_BOUND('',#4632,.T.);
#4632 = EDGE_LOOP('',(#4633,#4634,#4635,#4636));
#4633 = ORIENTED_EDGE('',*,*,#2254,.F.);
#4634 = ORIENTED_EDGE('',*,*,#3122,.F.);
#4635 = ORIENTED_EDGE('',*,*,#3146,.F.);
#4636 = ORIENTED_EDGE('',*,*,#3170,.F.);
#4637 = FACE_BOUND('',#4638,.T.);
#4638 = EDGE_LOOP('',(#4639));
#4639 = ORIENTED_EDGE('',*,*,#4640,.T.);
#4640 = EDGE_CURVE('',#4641,#4641,#4643,.T.);
#4641 = VERTEX_POINT('',#4642);
#4642 = CARTESIAN_POINT('',(130.0875,-121.44375,-4.));
#4643 = CIRCLE('',#4644,1.5);
#4644 = AXIS2_PLACEMENT_3D('',#4645,#4646,#4647);
#4645 = CARTESIAN_POINT('',(128.5875,-121.44375,-4.));
#4646 = DIRECTION('',(0.,0.,1.));
#4647 = DIRECTION('',(1.,0.,0.));
#4648 = FACE_BOUND('',#4649,.T.);
#4649 = EDGE_LOOP('',(#4650,#4651,#4652,#4653));
#4650 = ORIENTED_EDGE('',*,*,#2839,.F.);
#4651 = ORIENTED_EDGE('',*,*,#3476,.F.);
#4652 = ORIENTED_EDGE('',*,*,#3500,.F.);
#4653 = ORIENTED_EDGE('',*,*,#3524,.F.);
#4654 = FACE_BOUND('',#4655,.T.);
#4655 = EDGE_LOOP('',(#4656));
#4656 = ORIENTED_EDGE('',*,*,#4657,.F.);
#4657 = EDGE_CURVE('',#4658,#4658,#4660,.T.);
#4658 = VERTEX_POINT('',#4659);
#4659 = CARTESIAN_POINT('',(205.28125,-116.2155837673,-4.));
#4660 = CIRCLE('',#4661,3.);
#4661 = AXIS2_PLACEMENT_3D('',#4662,#4663,#4664);
#4662 = CARTESIAN_POINT('',(202.28125,-116.2155837673,-4.));
#4663 = DIRECTION('',(0.,0.,-1.));
#4664 = DIRECTION('',(1.,0.,0.));
#4665 = FACE_BOUND('',#4666,.T.);
#4666 = EDGE_LOOP('',(#4667));
#4667 = ORIENTED_EDGE('',*,*,#4668,.T.);
#4668 = EDGE_CURVE('',#4669,#4669,#4671,.T.);
#4669 = VERTEX_POINT('',#4670);
#4670 = CARTESIAN_POINT('',(177.7125,-123.825,-4.));
#4671 = CIRCLE('',#4672,1.5);
#4672 = AXIS2_PLACEMENT_3D('',#4673,#4674,#4675);
#4673 = CARTESIAN_POINT('',(176.2125,-123.825,-4.));
#4674 = DIRECTION('',(0.,0.,1.));
#4675 = DIRECTION('',(1.,0.,0.));
#4676 = PLANE('',#4677);
#4677 = AXIS2_PLACEMENT_3D('',#4678,#4679,#4680);
#4678 = CARTESIAN_POINT('',(135.38766089019,-89.36418425879,-4.));
#4679 = DIRECTION('',(0.,-1.2E-16,-1.));
#4680 = DIRECTION('',(1.,0.,0.));
#4681 = ADVANCED_FACE('',(#4682),#4701,.F.);
#4682 = FACE_BOUND('',#4683,.F.);
#4683 = EDGE_LOOP('',(#4684,#4692,#4699,#4700));
#4684 = ORIENTED_EDGE('',*,*,#4685,.F.);
#4685 = EDGE_CURVE('',#4686,#2050,#4688,.T.);
#4686 = VERTEX_POINT('',#4687);
#4687 = CARTESIAN_POINT('',(87.783295755767,-42.34374999999,-3.25));
#4688 = LINE('',#4689,#4690);
#4689 = CARTESIAN_POINT('',(87.783295755767,-42.34374999999,-4.));
#4690 = VECTOR('',#4691,1.);
#4691 = DIRECTION('',(0.,0.,1.));
#4692 = ORIENTED_EDGE('',*,*,#4693,.T.);
#4693 = EDGE_CURVE('',#4686,#4353,#4694,.T.);
#4694 = CIRCLE('',#4695,1.);
#4695 = AXIS2_PLACEMENT_3D('',#4696,#4697,#4698);
#4696 = CARTESIAN_POINT('',(87.783295755767,-41.34374999999,-3.25));
#4697 = DIRECTION('',(0.,1.2E-16,1.));
#4698 = DIRECTION('',(5.684E-14,-1.,1.2E-16));
#4699 = ORIENTED_EDGE('',*,*,#4352,.T.);
#4700 = ORIENTED_EDGE('',*,*,#2049,.T.);
#4701 = CYLINDRICAL_SURFACE('',#4702,1.);
#4702 = AXIS2_PLACEMENT_3D('',#4703,#4704,#4705);
#4703 = CARTESIAN_POINT('',(87.783295755767,-41.34374999999,-4.));
#4704 = DIRECTION('',(0.,0.,1.));
#4705 = DIRECTION('',(6.223E-14,-1.,0.));
#4706 = ADVANCED_FACE('',(#4707),#4725,.T.);
#4707 = FACE_BOUND('',#4708,.T.);
#4708 = EDGE_LOOP('',(#4709,#4710,#4718,#4724));
#4709 = ORIENTED_EDGE('',*,*,#4685,.F.);
#4710 = ORIENTED_EDGE('',*,*,#4711,.F.);
#4711 = EDGE_CURVE('',#4712,#4686,#4714,.T.);
#4712 = VERTEX_POINT('',#4713);
#4713 = CARTESIAN_POINT('',(57.150000077504,-42.34374999999,-3.25));
#4714 = LINE('',#4715,#4716);
#4715 = CARTESIAN_POINT('',(57.150000077504,-42.34374999999,-3.25));
#4716 = VECTOR('',#4717,1.);
#4717 = DIRECTION('',(1.,6.223E-14,0.));
#4718 = ORIENTED_EDGE('',*,*,#4719,.T.);
#4719 = EDGE_CURVE('',#4712,#2102,#4720,.T.);
#4720 = LINE('',#4721,#4722);
#4721 = CARTESIAN_POINT('',(57.150000077504,-42.34374999999,-4.));
#4722 = VECTOR('',#4723,1.);
#4723 = DIRECTION('',(0.,0.,1.));
#4724 = ORIENTED_EDGE('',*,*,#2110,.F.);
#4725 = PLANE('',#4726);
#4726 = AXIS2_PLACEMENT_3D('',#4727,#4728,#4729);
#4727 = CARTESIAN_POINT('',(57.150000077504,-42.34374999999,-4.));
#4728 = DIRECTION('',(-6.223E-14,1.,0.));
#4729 = DIRECTION('',(1.,6.223E-14,0.));
#4730 = ADVANCED_FACE('',(#4731),#4737,.T.);
#4731 = FACE_BOUND('',#4732,.T.);
#4732 = EDGE_LOOP('',(#4733,#4734,#4735,#4736));
#4733 = ORIENTED_EDGE('',*,*,#2149,.T.);
#4734 = ORIENTED_EDGE('',*,*,#3251,.T.);
#4735 = ORIENTED_EDGE('',*,*,#3275,.T.);
#4736 = ORIENTED_EDGE('',*,*,#3299,.T.);
#4737 = PLANE('',#4738);
#4738 = AXIS2_PLACEMENT_3D('',#4739,#4740,#4741);
#4739 = CARTESIAN_POINT('',(100.48421681974,-89.20316595946,
    1.06581410364E-14));
#4740 = DIRECTION('',(0.,1.2E-16,1.));
#4741 = DIRECTION('',(1.,0.,0.));
#4742 = ADVANCED_FACE('',(#4743),#4749,.T.);
#4743 = FACE_BOUND('',#4744,.T.);
#4744 = EDGE_LOOP('',(#4745,#4746,#4747,#4748));
#4745 = ORIENTED_EDGE('',*,*,#3186,.T.);
#4746 = ORIENTED_EDGE('',*,*,#3210,.T.);
#4747 = ORIENTED_EDGE('',*,*,#3234,.T.);
#4748 = ORIENTED_EDGE('',*,*,#2133,.T.);
#4749 = PLANE('',#4750);
#4750 = AXIS2_PLACEMENT_3D('',#4751,#4752,#4753);
#4751 = CARTESIAN_POINT('',(100.48421681974,-89.20316595946,
    1.06581410364E-14));
#4752 = DIRECTION('',(0.,1.2E-16,1.));
#4753 = DIRECTION('',(1.,0.,0.));
#4754 = ADVANCED_FACE('',(#4755),#4774,.T.);
#4755 = FACE_BOUND('',#4756,.T.);
#4756 = EDGE_LOOP('',(#4757,#4765,#4766,#4767));
#4757 = ORIENTED_EDGE('',*,*,#4758,.T.);
#4758 = EDGE_CURVE('',#4759,#2173,#4761,.T.);
#4759 = VERTEX_POINT('',#4760);
#4760 = CARTESIAN_POINT('',(51.86875,-47.6250000775,-3.25));
#4761 = LINE('',#4762,#4763);
#4762 = CARTESIAN_POINT('',(51.86875,-47.6250000775,-4.));
#4763 = VECTOR('',#4764,1.);
#4764 = DIRECTION('',(0.,0.,1.));
#4765 = ORIENTED_EDGE('',*,*,#2172,.F.);
#4766 = ORIENTED_EDGE('',*,*,#4719,.F.);
#4767 = ORIENTED_EDGE('',*,*,#4768,.F.);
#4768 = EDGE_CURVE('',#4759,#4712,#4769,.T.);
#4769 = CIRCLE('',#4770,5.281250077504);
#4770 = AXIS2_PLACEMENT_3D('',#4771,#4772,#4773);
#4771 = CARTESIAN_POINT('',(57.150000077504,-47.6250000775,-3.25));
#4772 = DIRECTION('',(-0.,-1.2E-16,-1.));
#4773 = DIRECTION('',(-1.,0.,0.));
#4774 = CYLINDRICAL_SURFACE('',#4775,5.281250077504);
#4775 = AXIS2_PLACEMENT_3D('',#4776,#4777,#4778);
#4776 = CARTESIAN_POINT('',(57.150000077504,-47.6250000775,-4.));
#4777 = DIRECTION('',(0.,0.,-1.));
#4778 = DIRECTION('',(-1.,3.254771709E-08,0.));
#4779 = ADVANCED_FACE('',(#4780),#4798,.T.);
#4780 = FACE_BOUND('',#4781,.T.);
#4781 = EDGE_LOOP('',(#4782,#4790,#4791,#4792));
#4782 = ORIENTED_EDGE('',*,*,#4783,.T.);
#4783 = EDGE_CURVE('',#4784,#2223,#4786,.T.);
#4784 = VERTEX_POINT('',#4785);
#4785 = CARTESIAN_POINT('',(51.86875,-127.3968749224,-3.25));
#4786 = LINE('',#4787,#4788);
#4787 = CARTESIAN_POINT('',(51.86875,-127.3968749224,-4.));
#4788 = VECTOR('',#4789,1.);
#4789 = DIRECTION('',(0.,0.,1.));
#4790 = ORIENTED_EDGE('',*,*,#2231,.F.);
#4791 = ORIENTED_EDGE('',*,*,#4758,.F.);
#4792 = ORIENTED_EDGE('',*,*,#4793,.F.);
#4793 = EDGE_CURVE('',#4784,#4759,#4794,.T.);
#4794 = LINE('',#4795,#4796);
#4795 = CARTESIAN_POINT('',(51.86875,-127.3968749224,-3.25));
#4796 = VECTOR('',#4797,1.);
#4797 = DIRECTION('',(9.E-17,1.,0.));
#4798 = PLANE('',#4799);
#4799 = AXIS2_PLACEMENT_3D('',#4800,#4801,#4802);
#4800 = CARTESIAN_POINT('',(51.86875,-127.3968749224,-4.));
#4801 = DIRECTION('',(-1.,9.E-17,0.));
#4802 = DIRECTION('',(9.E-17,1.,0.));
#4803 = ADVANCED_FACE('',(#4804),#4823,.T.);
#4804 = FACE_BOUND('',#4805,.T.);
#4805 = EDGE_LOOP('',(#4806,#4814,#4815,#4816));
#4806 = ORIENTED_EDGE('',*,*,#4807,.T.);
#4807 = EDGE_CURVE('',#4808,#2286,#4810,.T.);
#4808 = VERTEX_POINT('',#4809);
#4809 = CARTESIAN_POINT('',(57.150000077497,-132.6781249999,-3.25));
#4810 = LINE('',#4811,#4812);
#4811 = CARTESIAN_POINT('',(57.150000077497,-132.6781249999,-4.));
#4812 = VECTOR('',#4813,1.);
#4813 = DIRECTION('',(0.,0.,1.));
#4814 = ORIENTED_EDGE('',*,*,#2285,.F.);
#4815 = ORIENTED_EDGE('',*,*,#4783,.F.);
#4816 = ORIENTED_EDGE('',*,*,#4817,.F.);
#4817 = EDGE_CURVE('',#4808,#4784,#4818,.T.);
#4818 = CIRCLE('',#4819,5.281250077504);
#4819 = AXIS2_PLACEMENT_3D('',#4820,#4821,#4822);
#4820 = CARTESIAN_POINT('',(57.150000077504,-127.3968749224,-3.25));
#4821 = DIRECTION('',(0.,-1.2E-16,-1.));
#4822 = DIRECTION('',(-1.35482E-12,-1.,1.2E-16));
#4823 = CYLINDRICAL_SURFACE('',#4824,5.281250077504);
#4824 = AXIS2_PLACEMENT_3D('',#4825,#4826,#4827);
#4825 = CARTESIAN_POINT('',(57.150000077504,-127.3968749224,-4.));
#4826 = DIRECTION('',(0.,0.,-1.));
#4827 = DIRECTION('',(-3.254771697E-08,-1.,-0.));
#4828 = ADVANCED_FACE('',(#4829),#4847,.T.);
#4829 = FACE_BOUND('',#4830,.T.);
#4830 = EDGE_LOOP('',(#4831,#4839,#4840,#4841));
#4831 = ORIENTED_EDGE('',*,*,#4832,.T.);
#4832 = EDGE_CURVE('',#4833,#2330,#4835,.T.);
#4833 = VERTEX_POINT('',#4834);
#4834 = CARTESIAN_POINT('',(123.49687499999,-132.6781249999,-3.25));
#4835 = LINE('',#4836,#4837);
#4836 = CARTESIAN_POINT('',(123.49687499999,-132.6781249999,-4.));
#4837 = VECTOR('',#4838,1.);
#4838 = DIRECTION('',(0.,0.,1.));
#4839 = ORIENTED_EDGE('',*,*,#2338,.F.);
#4840 = ORIENTED_EDGE('',*,*,#4807,.F.);
#4841 = ORIENTED_EDGE('',*,*,#4842,.F.);
#4842 = EDGE_CURVE('',#4833,#4808,#4843,.T.);
#4843 = LINE('',#4844,#4845);
#4844 = CARTESIAN_POINT('',(123.49687499999,-132.6781249999,-3.25));
#4845 = VECTOR('',#4846,1.);
#4846 = DIRECTION('',(-1.,1.35553E-12,0.));
#4847 = PLANE('',#4848);
#4848 = AXIS2_PLACEMENT_3D('',#4849,#4850,#4851);
#4849 = CARTESIAN_POINT('',(124.49687499999,-132.6781249999,-4.));
#4850 = DIRECTION('',(-1.35553E-12,-1.,0.));
#4851 = DIRECTION('',(-1.,1.35553E-12,0.));
#4852 = ADVANCED_FACE('',(#4853),#4872,.F.);
#4853 = FACE_BOUND('',#4854,.F.);
#4854 = EDGE_LOOP('',(#4855,#4863,#4870,#4871));
#4855 = ORIENTED_EDGE('',*,*,#4856,.F.);
#4856 = EDGE_CURVE('',#4857,#2371,#4859,.T.);
#4857 = VERTEX_POINT('',#4858);
#4858 = CARTESIAN_POINT('',(124.49687499999,-133.6781249999,-3.25));
#4859 = LINE('',#4860,#4861);
#4860 = CARTESIAN_POINT('',(124.49687499999,-133.6781249999,-4.));
#4861 = VECTOR('',#4862,1.);
#4862 = DIRECTION('',(0.,0.,1.));
#4863 = ORIENTED_EDGE('',*,*,#4864,.T.);
#4864 = EDGE_CURVE('',#4857,#4833,#4865,.T.);
#4865 = CIRCLE('',#4866,1.);
#4866 = AXIS2_PLACEMENT_3D('',#4867,#4868,#4869);
#4867 = CARTESIAN_POINT('',(123.49687499999,-133.6781249999,-3.25));
#4868 = DIRECTION('',(7.248494420154E-46,1.2E-16,1.));
#4869 = DIRECTION('',(1.,1.9895E-13,-2.3874E-29));
#4870 = ORIENTED_EDGE('',*,*,#4832,.T.);
#4871 = ORIENTED_EDGE('',*,*,#2370,.T.);
#4872 = CYLINDRICAL_SURFACE('',#4873,1.);
#4873 = AXIS2_PLACEMENT_3D('',#4874,#4875,#4876);
#4874 = CARTESIAN_POINT('',(123.49687499999,-133.6781249999,-4.));
#4875 = DIRECTION('',(0.,0.,1.));
#4876 = DIRECTION('',(1.,2.0986E-13,0.));
#4877 = ADVANCED_FACE('',(#4878),#4896,.T.);
#4878 = FACE_BOUND('',#4879,.T.);
#4879 = EDGE_LOOP('',(#4880,#4881,#4889,#4895));
#4880 = ORIENTED_EDGE('',*,*,#4856,.F.);
#4881 = ORIENTED_EDGE('',*,*,#4882,.F.);
#4882 = EDGE_CURVE('',#4883,#4857,#4885,.T.);
#4883 = VERTEX_POINT('',#4884);
#4884 = CARTESIAN_POINT('',(124.49687499999,-141.6843749224,-3.25));
#4885 = LINE('',#4886,#4887);
#4886 = CARTESIAN_POINT('',(124.49687499999,-141.6843749224,-3.25));
#4887 = VECTOR('',#4888,1.);
#4888 = DIRECTION('',(-2.0986E-13,1.,0.));
#4889 = ORIENTED_EDGE('',*,*,#4890,.T.);
#4890 = EDGE_CURVE('',#4883,#2415,#4891,.T.);
#4891 = LINE('',#4892,#4893);
#4892 = CARTESIAN_POINT('',(124.49687499999,-141.6843749224,-4.));
#4893 = VECTOR('',#4894,1.);
#4894 = DIRECTION('',(0.,0.,1.));
#4895 = ORIENTED_EDGE('',*,*,#2423,.F.);
#4896 = PLANE('',#4897);
#4897 = AXIS2_PLACEMENT_3D('',#4898,#4899,#4900);
#4898 = CARTESIAN_POINT('',(124.49687499999,-141.6843749224,-4.));
#4899 = DIRECTION('',(-1.,-2.0986E-13,0.));
#4900 = DIRECTION('',(-2.0986E-13,1.,0.));
#4901 = ADVANCED_FACE('',(#4902),#4921,.T.);
#4902 = FACE_BOUND('',#4903,.T.);
#4903 = EDGE_LOOP('',(#4904,#4912,#4913,#4914));
#4904 = ORIENTED_EDGE('',*,*,#4905,.T.);
#4905 = EDGE_CURVE('',#4906,#2456,#4908,.T.);
#4906 = VERTEX_POINT('',#4907);
#4907 = CARTESIAN_POINT('',(129.78164869477,-146.9656238244,-3.25));
#4908 = LINE('',#4909,#4910);
#4909 = CARTESIAN_POINT('',(129.78164869477,-146.9656238244,-4.));
#4910 = VECTOR('',#4911,1.);
#4911 = DIRECTION('',(0.,0.,1.));
#4912 = ORIENTED_EDGE('',*,*,#2455,.F.);
#4913 = ORIENTED_EDGE('',*,*,#4890,.F.);
#4914 = ORIENTED_EDGE('',*,*,#4915,.F.);
#4915 = EDGE_CURVE('',#4906,#4883,#4916,.T.);
#4916 = CIRCLE('',#4917,5.281250077504);
#4917 = AXIS2_PLACEMENT_3D('',#4918,#4919,#4920);
#4918 = CARTESIAN_POINT('',(129.7781250775,-141.6843749224,-3.25));
#4919 = DIRECTION('',(7.278928807615E-37,-1.2E-16,-1.));
#4920 = DIRECTION('',(6.671937940053E-04,-0.999999777426,
    1.199999732911E-16));
#4921 = CYLINDRICAL_SURFACE('',#4922,5.281250077504);
#4922 = AXIS2_PLACEMENT_3D('',#4923,#4924,#4925);
#4923 = CARTESIAN_POINT('',(129.7781250775,-141.6843749224,-4.));
#4924 = DIRECTION('',(0.,0.,-1.));
#4925 = DIRECTION('',(-3.254771097E-08,-1.,-0.));
#4926 = ADVANCED_FACE('',(#4927),#4946,.T.);
#4927 = FACE_BOUND('',#4928,.T.);
#4928 = EDGE_LOOP('',(#4929,#4937,#4938,#4939));
#4929 = ORIENTED_EDGE('',*,*,#4930,.T.);
#4930 = EDGE_CURVE('',#4931,#2499,#4933,.T.);
#4931 = VERTEX_POINT('',#4932);
#4932 = CARTESIAN_POINT('',(129.8023359999,-146.965524427,-3.25));
#4933 = LINE('',#4934,#4935);
#4934 = CARTESIAN_POINT('',(129.8023359999,-146.965524427,-4.));
#4935 = VECTOR('',#4936,1.);
#4936 = DIRECTION('',(0.,0.,1.));
#4937 = ORIENTED_EDGE('',*,*,#2498,.F.);
#4938 = ORIENTED_EDGE('',*,*,#4905,.F.);
#4939 = ORIENTED_EDGE('',*,*,#4940,.F.);
#4940 = EDGE_CURVE('',#4931,#4906,#4941,.T.);
#4941 = CIRCLE('',#4942,2.5);
#4942 = AXIS2_PLACEMENT_3D('',#4943,#4944,#4945);
#4943 = CARTESIAN_POINT('',(129.77998071029,-144.4656243808,-3.25));
#4944 = DIRECTION('',(6.450403805051E-35,-1.2E-16,-1.));
#4945 = DIRECTION('',(8.942115846946E-03,-0.999960018483,
    1.199952022179E-16));
#4946 = CYLINDRICAL_SURFACE('',#4947,2.5);
#4947 = AXIS2_PLACEMENT_3D('',#4948,#4949,#4950);
#4948 = CARTESIAN_POINT('',(129.77998071029,-144.4656243808,-4.));
#4949 = DIRECTION('',(0.,0.,-1.));
#4950 = DIRECTION('',(-0.999999777426,-6.671937940169E-04,0.));
#4951 = ADVANCED_FACE('',(#4952),#4971,.F.);
#4952 = FACE_BOUND('',#4953,.F.);
#4953 = EDGE_LOOP('',(#4954,#4955,#4956,#4964));
#4954 = ORIENTED_EDGE('',*,*,#4930,.T.);
#4955 = ORIENTED_EDGE('',*,*,#2541,.T.);
#4956 = ORIENTED_EDGE('',*,*,#4957,.F.);
#4957 = EDGE_CURVE('',#4958,#2542,#4960,.T.);
#4958 = VERTEX_POINT('',#4959);
#4959 = CARTESIAN_POINT('',(154.29082069444,-150.5230027484,-3.25));
#4960 = LINE('',#4961,#4962);
#4961 = CARTESIAN_POINT('',(154.29082069444,-150.5230027484,-4.));
#4962 = VECTOR('',#4963,1.);
#4963 = DIRECTION('',(0.,0.,1.));
#4964 = ORIENTED_EDGE('',*,*,#4965,.T.);
#4965 = EDGE_CURVE('',#4958,#4931,#4966,.T.);
#4966 = CIRCLE('',#4967,81.076597415396);
#4967 = AXIS2_PLACEMENT_3D('',#4968,#4969,#4970);
#4968 = CARTESIAN_POINT('',(130.52733232647,-228.0388802771,-3.25));
#4969 = DIRECTION('',(2.975223966538E-33,1.2E-16,1.));
#4970 = DIRECTION('',(0.293099231166,0.956082026131,-1.147298431357E-16)
  );
#4971 = CYLINDRICAL_SURFACE('',#4972,81.076597415396);
#4972 = AXIS2_PLACEMENT_3D('',#4973,#4974,#4975);
#4973 = CARTESIAN_POINT('',(130.52733232647,-228.0388802771,-4.));
#4974 = DIRECTION('',(0.,0.,-1.));
#4975 = DIRECTION('',(1.,0.,0.));
#4976 = ADVANCED_FACE('',(#4977),#4983,.T.);
#4977 = FACE_BOUND('',#4978,.F.);
#4978 = EDGE_LOOP('',(#4979,#4980,#4981,#4982));
#4979 = ORIENTED_EDGE('',*,*,#3571,.T.);
#4980 = ORIENTED_EDGE('',*,*,#3547,.T.);
#4981 = ORIENTED_EDGE('',*,*,#2576,.F.);
#4982 = ORIENTED_EDGE('',*,*,#3588,.F.);
#4983 = PLANE('',#4984);
#4984 = AXIS2_PLACEMENT_3D('',#4985,#4986,#4987);
#4985 = CARTESIAN_POINT('',(100.48421681974,-89.20316595946,
    1.06581410364E-14));
#4986 = DIRECTION('',(0.,1.2E-16,1.));
#4987 = DIRECTION('',(1.,0.,0.));
#4988 = ADVANCED_FACE('',(#4989),#5008,.F.);
#4989 = FACE_BOUND('',#4990,.F.);
#4990 = EDGE_LOOP('',(#4991,#4992,#4993,#5001));
#4991 = ORIENTED_EDGE('',*,*,#4957,.T.);
#4992 = ORIENTED_EDGE('',*,*,#2609,.T.);
#4993 = ORIENTED_EDGE('',*,*,#4994,.F.);
#4994 = EDGE_CURVE('',#4995,#2610,#4997,.T.);
#4995 = VERTEX_POINT('',#4996);
#4996 = CARTESIAN_POINT('',(180.89407606636,-163.0255152917,-3.25));
#4997 = LINE('',#4998,#4999);
#4998 = CARTESIAN_POINT('',(180.89407606636,-163.0255152917,-4.));
#4999 = VECTOR('',#5000,1.);
#5000 = DIRECTION('',(0.,0.,1.));
#5001 = ORIENTED_EDGE('',*,*,#5002,.T.);
#5002 = EDGE_CURVE('',#4995,#4958,#5003,.T.);
#5003 = CIRCLE('',#5004,111.46535512408);
#5004 = AXIS2_PLACEMENT_3D('',#5005,#5006,#5007);
#5005 = CARTESIAN_POINT('',(120.59651671616,-256.7737404981,-3.25));
#5006 = DIRECTION('',(1.318452196812E-34,1.2E-16,1.));
#5007 = DIRECTION('',(0.540953368722,0.841052586268,-1.009263103522E-16)
  );
#5008 = CYLINDRICAL_SURFACE('',#5009,111.46535512408);
#5009 = AXIS2_PLACEMENT_3D('',#5010,#5011,#5012);
#5010 = CARTESIAN_POINT('',(120.59651671616,-256.7737404981,-4.));
#5011 = DIRECTION('',(0.,0.,-1.));
#5012 = DIRECTION('',(1.,0.,0.));
#5013 = ADVANCED_FACE('',(#5014),#5033,.T.);
#5014 = FACE_BOUND('',#5015,.T.);
#5015 = EDGE_LOOP('',(#5016,#5024,#5025,#5026));
#5016 = ORIENTED_EDGE('',*,*,#5017,.T.);
#5017 = EDGE_CURVE('',#5018,#2636,#5020,.T.);
#5018 = VERTEX_POINT('',#5019);
#5019 = CARTESIAN_POINT('',(180.9887147179,-163.0834573825,-3.25));
#5020 = LINE('',#5021,#5022);
#5021 = CARTESIAN_POINT('',(180.9887147179,-163.0834573825,-4.));
#5022 = VECTOR('',#5023,1.);
#5023 = DIRECTION('',(0.,0.,1.));
#5024 = ORIENTED_EDGE('',*,*,#2635,.F.);
#5025 = ORIENTED_EDGE('',*,*,#4994,.F.);
#5026 = ORIENTED_EDGE('',*,*,#5027,.F.);
#5027 = EDGE_CURVE('',#5018,#4995,#5028,.T.);
#5028 = CIRCLE('',#5029,2.5);
#5029 = AXIS2_PLACEMENT_3D('',#5030,#5031,#5032);
#5030 = CARTESIAN_POINT('',(182.24645948816,-160.922883826,-3.25));
#5031 = DIRECTION('',(-1.674509665468E-33,-1.2E-16,-1.));
#5032 = DIRECTION('',(-0.503097908104,-0.864229422585,1.037075307102E-16
    ));
#5033 = CYLINDRICAL_SURFACE('',#5034,2.5);
#5034 = AXIS2_PLACEMENT_3D('',#5035,#5036,#5037);
#5035 = CARTESIAN_POINT('',(182.24645948816,-160.922883826,-4.));
#5036 = DIRECTION('',(0.,0.,-1.));
#5037 = DIRECTION('',(-0.841052586268,0.540953368722,0.));
#5038 = ADVANCED_FACE('',(#5039),#5058,.T.);
#5039 = FACE_BOUND('',#5040,.T.);
#5040 = EDGE_LOOP('',(#5041,#5049,#5050,#5051));
#5041 = ORIENTED_EDGE('',*,*,#5042,.T.);
#5042 = EDGE_CURVE('',#5043,#2679,#5045,.T.);
#5043 = VERTEX_POINT('',#5044);
#5044 = CARTESIAN_POINT('',(188.21939721667,-161.1598712508,
    -3.250000000003));
#5045 = LINE('',#5046,#5047);
#5046 = CARTESIAN_POINT('',(188.21939721667,-161.1598712508,-4.));
#5047 = VECTOR('',#5048,1.);
#5048 = DIRECTION('',(0.,0.,1.));
#5049 = ORIENTED_EDGE('',*,*,#2678,.F.);
#5050 = ORIENTED_EDGE('',*,*,#5017,.F.);
#5051 = ORIENTED_EDGE('',*,*,#5052,.F.);
#5052 = EDGE_CURVE('',#5043,#5018,#5053,.T.);
#5053 = CIRCLE('',#5054,5.281250259068);
#5054 = AXIS2_PLACEMENT_3D('',#5055,#5056,#5057);
#5055 = CARTESIAN_POINT('',(183.64570067542,-158.5192455206,-3.25));
#5056 = DIRECTION('',(-2.423384581604E-34,-1.2E-16,-1.));
#5057 = DIRECTION('',(0.866025338111,-0.50000011375,6.000001364997E-17)
  );
#5058 = CYLINDRICAL_SURFACE('',#5059,5.281250259068);
#5059 = AXIS2_PLACEMENT_3D('',#5060,#5061,#5062);
#5060 = CARTESIAN_POINT('',(183.64570067542,-158.5192455206,-4.));
#5061 = DIRECTION('',(0.,0.,-1.));
#5062 = DIRECTION('',(0.866026288806,-0.499998467095,0.));
#5063 = ADVANCED_FACE('',(#5064),#5091,.T.);
#5064 = FACE_BOUND('',#5065,.T.);
#5065 = EDGE_LOOP('',(#5066,#5067,#5075,#5083,#5089,#5090));
#5066 = ORIENTED_EDGE('',*,*,#5042,.F.);
#5067 = ORIENTED_EDGE('',*,*,#5068,.F.);
#5068 = EDGE_CURVE('',#5069,#5043,#5071,.T.);
#5069 = VERTEX_POINT('',#5070);
#5070 = CARTESIAN_POINT('',(207.26940648052,-128.1642973298,
    -3.249999999993));
#5071 = LINE('',#5072,#5073);
#5072 = CARTESIAN_POINT('',(207.26940648051,-128.1642973298,-3.25));
#5073 = VECTOR('',#5074,1.);
#5074 = DIRECTION('',(-0.50000011375,-0.866025338111,0.));
#5075 = ORIENTED_EDGE('',*,*,#5076,.F.);
#5076 = EDGE_CURVE('',#5077,#5069,#5079,.T.);
#5077 = VERTEX_POINT('',#5078);
#5078 = CARTESIAN_POINT('',(214.07369628219,-116.3789252588,-3.25));
#5079 = LINE('',#5080,#5081);
#5080 = CARTESIAN_POINT('',(214.0736962822,-116.3789252588,-3.25));
#5081 = VECTOR('',#5082,1.);
#5082 = DIRECTION('',(-0.500000113749,-0.866025338112,0.));
#5083 = ORIENTED_EDGE('',*,*,#5084,.T.);
#5084 = EDGE_CURVE('',#5077,#2765,#5085,.T.);
#5085 = LINE('',#5086,#5087);
#5086 = CARTESIAN_POINT('',(214.07369628219,-116.3789252588,-4.));
#5087 = VECTOR('',#5088,1.);
#5088 = DIRECTION('',(0.,0.,1.));
#5089 = ORIENTED_EDGE('',*,*,#2773,.F.);
#5090 = ORIENTED_EDGE('',*,*,#2731,.F.);
#5091 = PLANE('',#5092);
#5092 = AXIS2_PLACEMENT_3D('',#5093,#5094,#5095);
#5093 = CARTESIAN_POINT('',(201.14654674944,-138.7693982548,1.75));
#5094 = DIRECTION('',(0.866025338111,-0.50000011375,6.E-17));
#5095 = DIRECTION('',(-0.50000011375,-0.866025338111,1.1E-16));
#5096 = ADVANCED_FACE('',(#5097),#5116,.T.);
#5097 = FACE_BOUND('',#5098,.T.);
#5098 = EDGE_LOOP('',(#5099,#5107,#5108,#5109));
#5099 = ORIENTED_EDGE('',*,*,#5100,.T.);
#5100 = EDGE_CURVE('',#5101,#2806,#5103,.T.);
#5101 = VERTEX_POINT('',#5102);
#5102 = CARTESIAN_POINT('',(214.78125,-113.7382995285,-3.25));
#5103 = LINE('',#5104,#5105);
#5104 = CARTESIAN_POINT('',(214.78125,-113.7382995285,-4.));
#5105 = VECTOR('',#5106,1.);
#5106 = DIRECTION('',(0.,0.,1.));
#5107 = ORIENTED_EDGE('',*,*,#2805,.F.);
#5108 = ORIENTED_EDGE('',*,*,#5084,.F.);
#5109 = ORIENTED_EDGE('',*,*,#5110,.F.);
#5110 = EDGE_CURVE('',#5101,#5077,#5111,.T.);
#5111 = CIRCLE('',#5112,5.281250259068);
#5112 = AXIS2_PLACEMENT_3D('',#5113,#5114,#5115);
#5113 = CARTESIAN_POINT('',(209.49999974093,-113.7382995285,-3.25));
#5114 = DIRECTION('',(0.,-1.2E-16,-1.));
#5115 = DIRECTION('',(1.,0.,0.));
#5116 = CYLINDRICAL_SURFACE('',#5117,5.281250259068);
#5117 = AXIS2_PLACEMENT_3D('',#5118,#5119,#5120);
#5118 = CARTESIAN_POINT('',(209.49999974093,-113.7382995285,-4.));
#5119 = DIRECTION('',(0.,0.,-1.));
#5120 = DIRECTION('',(1.,0.,0.));
#5121 = ADVANCED_FACE('',(#5122),#5140,.T.);
#5122 = FACE_BOUND('',#5123,.T.);
#5123 = EDGE_LOOP('',(#5124,#5132,#5133,#5134));
#5124 = ORIENTED_EDGE('',*,*,#5125,.T.);
#5125 = EDGE_CURVE('',#5126,#2894,#5128,.T.);
#5126 = VERTEX_POINT('',#5127);
#5127 = CARTESIAN_POINT('',(214.78125,-37.40254807749,-3.25));
#5128 = LINE('',#5129,#5130);
#5129 = CARTESIAN_POINT('',(214.78125,-37.40254807749,-4.));
#5130 = VECTOR('',#5131,1.);
#5131 = DIRECTION('',(0.,0.,1.));
#5132 = ORIENTED_EDGE('',*,*,#2902,.F.);
#5133 = ORIENTED_EDGE('',*,*,#5100,.F.);
#5134 = ORIENTED_EDGE('',*,*,#5135,.F.);
#5135 = EDGE_CURVE('',#5126,#5101,#5136,.T.);
#5136 = LINE('',#5137,#5138);
#5137 = CARTESIAN_POINT('',(214.78125,-37.40254807749,-3.25));
#5138 = VECTOR('',#5139,1.);
#5139 = DIRECTION('',(0.,-1.,0.));
#5140 = PLANE('',#5141);
#5141 = AXIS2_PLACEMENT_3D('',#5142,#5143,#5144);
#5142 = CARTESIAN_POINT('',(214.78125,-37.40254807749,-4.));
#5143 = DIRECTION('',(1.,0.,0.));
#5144 = DIRECTION('',(0.,-1.,0.));
#5145 = ADVANCED_FACE('',(#5146),#5158,.T.);
#5146 = FACE_BOUND('',#5147,.T.);
#5147 = EDGE_LOOP('',(#5148,#5149,#5150,#5151));
#5148 = ORIENTED_EDGE('',*,*,#4290,.T.);
#5149 = ORIENTED_EDGE('',*,*,#2934,.F.);
#5150 = ORIENTED_EDGE('',*,*,#5125,.F.);
#5151 = ORIENTED_EDGE('',*,*,#5152,.F.);
#5152 = EDGE_CURVE('',#4291,#5126,#5153,.T.);
#5153 = CIRCLE('',#5154,5.281250077504);
#5154 = AXIS2_PLACEMENT_3D('',#5155,#5156,#5157);
#5155 = CARTESIAN_POINT('',(209.49999992249,-37.40254807749,-3.25));
#5156 = DIRECTION('',(0.,-1.2E-16,-1.));
#5157 = DIRECTION('',(0.,1.,-1.2E-16));
#5158 = CYLINDRICAL_SURFACE('',#5159,5.281250077504);
#5159 = AXIS2_PLACEMENT_3D('',#5160,#5161,#5162);
#5160 = CARTESIAN_POINT('',(209.49999992249,-37.40254807749,-4.));
#5161 = DIRECTION('',(0.,0.,-1.));
#5162 = DIRECTION('',(1.,0.,0.));
#5163 = ADVANCED_FACE('',(#5164,#5175),#5178,.T.);
#5164 = FACE_BOUND('',#5165,.T.);
#5165 = EDGE_LOOP('',(#5166));
#5166 = ORIENTED_EDGE('',*,*,#5167,.T.);
#5167 = EDGE_CURVE('',#5168,#5168,#5170,.T.);
#5168 = VERTEX_POINT('',#5169);
#5169 = CARTESIAN_POINT('',(205.28125,-41.62129799999,6.));
#5170 = CIRCLE('',#5171,3.);
#5171 = AXIS2_PLACEMENT_3D('',#5172,#5173,#5174);
#5172 = CARTESIAN_POINT('',(202.28125,-41.62129799999,6.));
#5173 = DIRECTION('',(0.,0.,-1.));
#5174 = DIRECTION('',(1.,0.,0.));
#5175 = FACE_BOUND('',#5176,.T.);
#5176 = EDGE_LOOP('',(#5177));
#5177 = ORIENTED_EDGE('',*,*,#3030,.F.);
#5178 = PLANE('',#5179);
#5179 = AXIS2_PLACEMENT_3D('',#5180,#5181,#5182);
#5180 = CARTESIAN_POINT('',(202.28125,-41.62129799999,6.));
#5181 = DIRECTION('',(0.,0.,-1.));
#5182 = DIRECTION('',(1.,0.,0.));
#5183 = ADVANCED_FACE('',(#5184,#5195),#5198,.T.);
#5184 = FACE_BOUND('',#5185,.T.);
#5185 = EDGE_LOOP('',(#5186));
#5186 = ORIENTED_EDGE('',*,*,#5187,.T.);
#5187 = EDGE_CURVE('',#5188,#5188,#5190,.T.);
#5188 = VERTEX_POINT('',#5189);
#5189 = CARTESIAN_POINT('',(205.28125,-116.2155837673,6.));
#5190 = CIRCLE('',#5191,3.);
#5191 = AXIS2_PLACEMENT_3D('',#5192,#5193,#5194);
#5192 = CARTESIAN_POINT('',(202.28125,-116.2155837673,6.));
#5193 = DIRECTION('',(0.,0.,-1.));
#5194 = DIRECTION('',(1.,0.,0.));
#5195 = FACE_BOUND('',#5196,.T.);
#5196 = EDGE_LOOP('',(#5197));
#5197 = ORIENTED_EDGE('',*,*,#3054,.F.);
#5198 = PLANE('',#5199);
#5199 = AXIS2_PLACEMENT_3D('',#5200,#5201,#5202);
#5200 = CARTESIAN_POINT('',(202.28125,-116.2155837673,6.));
#5201 = DIRECTION('',(0.,0.,-1.));
#5202 = DIRECTION('',(1.,0.,0.));
#5203 = ADVANCED_FACE('',(#5204,#5210),#5221,.T.);
#5204 = FACE_BOUND('',#5205,.T.);
#5205 = EDGE_LOOP('',(#5206,#5207,#5208,#5209));
#5206 = ORIENTED_EDGE('',*,*,#3604,.T.);
#5207 = ORIENTED_EDGE('',*,*,#3660,.F.);
#5208 = ORIENTED_EDGE('',*,*,#3684,.T.);
#5209 = ORIENTED_EDGE('',*,*,#3636,.T.);
#5210 = FACE_BOUND('',#5211,.F.);
#5211 = EDGE_LOOP('',(#5212));
#5212 = ORIENTED_EDGE('',*,*,#5213,.T.);
#5213 = EDGE_CURVE('',#5214,#5214,#5216,.T.);
#5214 = VERTEX_POINT('',#5215);
#5215 = CARTESIAN_POINT('',(77.7,-107.359375,1.287858708565E-14));
#5216 = CIRCLE('',#5217,1.5);
#5217 = AXIS2_PLACEMENT_3D('',#5218,#5219,#5220);
#5218 = CARTESIAN_POINT('',(76.2,-107.359375,0.));
#5219 = DIRECTION('',(0.,0.,1.));
#5220 = DIRECTION('',(1.,0.,0.));
#5221 = PLANE('',#5222);
#5222 = AXIS2_PLACEMENT_3D('',#5223,#5224,#5225);
#5223 = CARTESIAN_POINT('',(121.67286871364,-90.37224318257,
    1.110223024625E-14));
#5224 = DIRECTION('',(0.,1.2E-16,1.));
#5225 = DIRECTION('',(1.,0.,0.));
#5226 = ADVANCED_FACE('',(#5227,#5230),#5241,.T.);
#5227 = FACE_BOUND('',#5228,.T.);
#5228 = EDGE_LOOP('',(#5229));
#5229 = ORIENTED_EDGE('',*,*,#3710,.T.);
#5230 = FACE_BOUND('',#5231,.F.);
#5231 = EDGE_LOOP('',(#5232));
#5232 = ORIENTED_EDGE('',*,*,#5233,.T.);
#5233 = EDGE_CURVE('',#5234,#5234,#5236,.T.);
#5234 = VERTEX_POINT('',#5235);
#5235 = CARTESIAN_POINT('',(130.0875,-121.44375,1.50990331349E-14));
#5236 = CIRCLE('',#5237,1.5);
#5237 = AXIS2_PLACEMENT_3D('',#5238,#5239,#5240);
#5238 = CARTESIAN_POINT('',(128.5875,-121.44375,0.));
#5239 = DIRECTION('',(0.,0.,1.));
#5240 = DIRECTION('',(1.,0.,0.));
#5241 = PLANE('',#5242);
#5242 = AXIS2_PLACEMENT_3D('',#5243,#5244,#5245);
#5243 = CARTESIAN_POINT('',(121.67286871364,-90.37224318257,
    1.110223024625E-14));
#5244 = DIRECTION('',(0.,1.2E-16,1.));
#5245 = DIRECTION('',(1.,0.,0.));
#5246 = ADVANCED_FACE('',(#5247,#5250),#5261,.T.);
#5247 = FACE_BOUND('',#5248,.T.);
#5248 = EDGE_LOOP('',(#5249));
#5249 = ORIENTED_EDGE('',*,*,#3735,.T.);
#5250 = FACE_BOUND('',#5251,.F.);
#5251 = EDGE_LOOP('',(#5252));
#5252 = ORIENTED_EDGE('',*,*,#5253,.T.);
#5253 = EDGE_CURVE('',#5254,#5254,#5256,.T.);
#5254 = VERTEX_POINT('',#5255);
#5255 = CARTESIAN_POINT('',(177.7125,-123.825,1.50990331349E-14));
#5256 = CIRCLE('',#5257,1.5);
#5257 = AXIS2_PLACEMENT_3D('',#5258,#5259,#5260);
#5258 = CARTESIAN_POINT('',(176.2125,-123.825,0.));
#5259 = DIRECTION('',(0.,0.,1.));
#5260 = DIRECTION('',(1.,0.,0.));
#5261 = PLANE('',#5262);
#5262 = AXIS2_PLACEMENT_3D('',#5263,#5264,#5265);
#5263 = CARTESIAN_POINT('',(121.67286871364,-90.37224318257,
    1.110223024625E-14));
#5264 = DIRECTION('',(0.,1.2E-16,1.));
#5265 = DIRECTION('',(1.,0.,0.));
#5266 = ADVANCED_FACE('',(#5267,#5273),#5284,.T.);
#5267 = FACE_BOUND('',#5268,.T.);
#5268 = EDGE_LOOP('',(#5269,#5270,#5271,#5272));
#5269 = ORIENTED_EDGE('',*,*,#3752,.T.);
#5270 = ORIENTED_EDGE('',*,*,#3808,.F.);
#5271 = ORIENTED_EDGE('',*,*,#3832,.T.);
#5272 = ORIENTED_EDGE('',*,*,#3784,.T.);
#5273 = FACE_BOUND('',#5274,.F.);
#5274 = EDGE_LOOP('',(#5275));
#5275 = ORIENTED_EDGE('',*,*,#5276,.T.);
#5276 = EDGE_CURVE('',#5277,#5277,#5279,.T.);
#5277 = VERTEX_POINT('',#5278);
#5278 = CARTESIAN_POINT('',(77.7,-69.259375,7.993605777301E-15));
#5279 = CIRCLE('',#5280,1.5);
#5280 = AXIS2_PLACEMENT_3D('',#5281,#5282,#5283);
#5281 = CARTESIAN_POINT('',(76.2,-69.259375,0.));
#5282 = DIRECTION('',(0.,0.,1.));
#5283 = DIRECTION('',(1.,0.,0.));
#5284 = PLANE('',#5285);
#5285 = AXIS2_PLACEMENT_3D('',#5286,#5287,#5288);
#5286 = CARTESIAN_POINT('',(121.67286871364,-90.37224318257,
    1.110223024625E-14));
#5287 = DIRECTION('',(0.,1.2E-16,1.));
#5288 = DIRECTION('',(1.,0.,0.));
#5289 = ADVANCED_FACE('',(#5290,#5296),#5307,.T.);
#5290 = FACE_BOUND('',#5291,.T.);
#5291 = EDGE_LOOP('',(#5292,#5293,#5294,#5295));
#5292 = ORIENTED_EDGE('',*,*,#3850,.T.);
#5293 = ORIENTED_EDGE('',*,*,#3906,.F.);
#5294 = ORIENTED_EDGE('',*,*,#3930,.T.);
#5295 = ORIENTED_EDGE('',*,*,#3882,.T.);
#5296 = FACE_BOUND('',#5297,.F.);
#5297 = EDGE_LOOP('',(#5298));
#5298 = ORIENTED_EDGE('',*,*,#5299,.T.);
#5299 = EDGE_CURVE('',#5300,#5300,#5302,.T.);
#5300 = VERTEX_POINT('',#5301);
#5301 = CARTESIAN_POINT('',(115.270642,-78.898751,1.021405182655E-14));
#5302 = CIRCLE('',#5303,1.5);
#5303 = AXIS2_PLACEMENT_3D('',#5304,#5305,#5306);
#5304 = CARTESIAN_POINT('',(113.770642,-78.898751,0.));
#5305 = DIRECTION('',(0.,0.,1.));
#5306 = DIRECTION('',(1.,0.,0.));
#5307 = PLANE('',#5308);
#5308 = AXIS2_PLACEMENT_3D('',#5309,#5310,#5311);
#5309 = CARTESIAN_POINT('',(121.67286871364,-90.37224318257,
    1.110223024625E-14));
#5310 = DIRECTION('',(0.,1.2E-16,1.));
#5311 = DIRECTION('',(1.,0.,0.));
#5312 = ADVANCED_FACE('',(#5313,#5316),#5327,.T.);
#5313 = FACE_BOUND('',#5314,.T.);
#5314 = EDGE_LOOP('',(#5315));
#5315 = ORIENTED_EDGE('',*,*,#3956,.T.);
#5316 = FACE_BOUND('',#5317,.F.);
#5317 = EDGE_LOOP('',(#5318));
#5318 = ORIENTED_EDGE('',*,*,#5319,.T.);
#5319 = EDGE_CURVE('',#5320,#5320,#5322,.T.);
#5320 = VERTEX_POINT('',#5321);
#5321 = CARTESIAN_POINT('',(169.378125,-42.8625,4.884981308351E-15));
#5322 = CIRCLE('',#5323,1.5);
#5323 = AXIS2_PLACEMENT_3D('',#5324,#5325,#5326);
#5324 = CARTESIAN_POINT('',(167.878125,-42.8625,0.));
#5325 = DIRECTION('',(0.,0.,1.));
#5326 = DIRECTION('',(1.,0.,0.));
#5327 = PLANE('',#5328);
#5328 = AXIS2_PLACEMENT_3D('',#5329,#5330,#5331);
#5329 = CARTESIAN_POINT('',(121.67286871364,-90.37224318257,
    1.110223024625E-14));
#5330 = DIRECTION('',(0.,1.2E-16,1.));
#5331 = DIRECTION('',(1.,0.,0.));
#5332 = ADVANCED_FACE('',(#5333),#5349,.T.);
#5333 = FACE_BOUND('',#5334,.F.);
#5334 = EDGE_LOOP('',(#5335,#5341,#5342,#5348));
#5335 = ORIENTED_EDGE('',*,*,#5336,.F.);
#5336 = EDGE_CURVE('',#4377,#4299,#5337,.T.);
#5337 = LINE('',#5338,#5339);
#5338 = CARTESIAN_POINT('',(94.078044370398,-32.49629799999,-3.625));
#5339 = VECTOR('',#5340,1.);
#5340 = DIRECTION('',(4.4E-16,0.707106781187,0.707106781187));
#5341 = ORIENTED_EDGE('',*,*,#4376,.T.);
#5342 = ORIENTED_EDGE('',*,*,#5343,.T.);
#5343 = EDGE_CURVE('',#4379,#4291,#5344,.T.);
#5344 = LINE('',#5345,#5346);
#5345 = CARTESIAN_POINT('',(209.49999992249,-32.49629799999,-3.625));
#5346 = VECTOR('',#5347,1.);
#5347 = DIRECTION('',(4.4E-16,0.707106781187,0.707106781187));
#5348 = ORIENTED_EDGE('',*,*,#4298,.F.);
#5349 = PLANE('',#5350);
#5350 = AXIS2_PLACEMENT_3D('',#5351,#5352,#5353);
#5351 = CARTESIAN_POINT('',(94.078044370398,-32.49629799999,-3.625));
#5352 = DIRECTION('',(5.E-16,0.707106781187,-0.707106781187));
#5353 = DIRECTION('',(-1.,6.635533905933E-16,-4.355339059327E-17));
#5354 = ADVANCED_FACE('',(#5355),#5366,.T.);
#5355 = FACE_BOUND('',#5356,.F.);
#5356 = EDGE_LOOP('',(#5357,#5363,#5364,#5365));
#5357 = ORIENTED_EDGE('',*,*,#5358,.F.);
#5358 = EDGE_CURVE('',#4551,#4328,#5359,.T.);
#5359 = LINE('',#5360,#5361);
#5360 = CARTESIAN_POINT('',(89.171797137279,-37.39789815951,-3.625));
#5361 = VECTOR('',#5362,1.);
#5362 = DIRECTION('',(-0.707102646823,2.418027396365E-03,0.707106781187)
  );
#5363 = ORIENTED_EDGE('',*,*,#4558,.T.);
#5364 = ORIENTED_EDGE('',*,*,#5336,.T.);
#5365 = ORIENTED_EDGE('',*,*,#4337,.F.);
#5366 = CONICAL_SURFACE('',#5367,5.281248370398,0.785398163397);
#5367 = AXIS2_PLACEMENT_3D('',#5368,#5369,#5370);
#5368 = CARTESIAN_POINT('',(94.078044370398,-37.40254637039,-3.25));
#5369 = DIRECTION('',(0.,1.2E-16,1.));
#5370 = DIRECTION('',(-0.999999369494,1.122947291399E-03,
    -1.347536749679E-19));
#5371 = ADVANCED_FACE('',(#5372),#5383,.T.);
#5372 = FACE_BOUND('',#5373,.F.);
#5373 = EDGE_LOOP('',(#5374,#5380,#5381,#5382));
#5374 = ORIENTED_EDGE('',*,*,#5375,.F.);
#5375 = EDGE_CURVE('',#4542,#4353,#5376,.T.);
#5376 = LINE('',#5377,#5378);
#5377 = CARTESIAN_POINT('',(88.783289908893,-41.34716960713,-3.25));
#5378 = VECTOR('',#5379,1.);
#5379 = DIRECTION('',(-0.707102646823,2.418027396369E-03,0.707106781187)
  );
#5380 = ORIENTED_EDGE('',*,*,#4550,.T.);
#5381 = ORIENTED_EDGE('',*,*,#5358,.T.);
#5382 = ORIENTED_EDGE('',*,*,#4362,.F.);
#5383 = PLANE('',#5384);
#5384 = AXIS2_PLACEMENT_3D('',#5385,#5386,#5387);
#5385 = CARTESIAN_POINT('',(89.158287716316,-41.3484519598,-3.625));
#5386 = DIRECTION('',(-0.707102646823,2.418027396365E-03,-0.707106781187
    ));
#5387 = DIRECTION('',(-3.419607138129E-03,-0.999994153126,
    1.301647487352E-16));
#5388 = ADVANCED_FACE('',(#5389),#5400,.T.);
#5389 = FACE_BOUND('',#5390,.F.);
#5390 = EDGE_LOOP('',(#5391,#5392,#5393,#5399));
#5391 = ORIENTED_EDGE('',*,*,#5343,.F.);
#5392 = ORIENTED_EDGE('',*,*,#4386,.T.);
#5393 = ORIENTED_EDGE('',*,*,#5394,.T.);
#5394 = EDGE_CURVE('',#4387,#5126,#5395,.T.);
#5395 = LINE('',#5396,#5397);
#5396 = CARTESIAN_POINT('',(214.78125,-37.40254807749,-3.25));
#5397 = VECTOR('',#5398,1.);
#5398 = DIRECTION('',(0.707106781187,7.6E-16,0.707106781187));
#5399 = ORIENTED_EDGE('',*,*,#5152,.F.);
#5400 = CONICAL_SURFACE('',#5401,5.281250077504,0.785398163397);
#5401 = AXIS2_PLACEMENT_3D('',#5402,#5403,#5404);
#5402 = CARTESIAN_POINT('',(209.49999992249,-37.40254807749,-3.25));
#5403 = DIRECTION('',(0.,1.2E-16,1.));
#5404 = DIRECTION('',(0.,1.,-1.2E-16));
#5405 = ADVANCED_FACE('',(#5406),#5417,.T.);
#5406 = FACE_BOUND('',#5407,.F.);
#5407 = EDGE_LOOP('',(#5408,#5409,#5410,#5416));
#5408 = ORIENTED_EDGE('',*,*,#5394,.F.);
#5409 = ORIENTED_EDGE('',*,*,#4395,.T.);
#5410 = ORIENTED_EDGE('',*,*,#5411,.T.);
#5411 = EDGE_CURVE('',#4396,#5101,#5412,.T.);
#5412 = LINE('',#5413,#5414);
#5413 = CARTESIAN_POINT('',(214.40625,-113.7382995285,-3.625));
#5414 = VECTOR('',#5415,1.);
#5415 = DIRECTION('',(0.707106781187,0.,0.707106781187));
#5416 = ORIENTED_EDGE('',*,*,#5135,.F.);
#5417 = PLANE('',#5418);
#5418 = AXIS2_PLACEMENT_3D('',#5419,#5420,#5421);
#5419 = CARTESIAN_POINT('',(214.40625,-37.40254807749,-3.625));
#5420 = DIRECTION('',(0.707106781187,-9.E-17,-0.707106781187));
#5421 = DIRECTION('',(6.363961030679E-17,1.,-6.363961030679E-17));
#5422 = ADVANCED_FACE('',(#5423),#5434,.F.);
#5423 = FACE_BOUND('',#5424,.F.);
#5424 = EDGE_LOOP('',(#5425,#5431,#5432,#5433));
#5425 = ORIENTED_EDGE('',*,*,#5426,.F.);
#5426 = EDGE_CURVE('',#4534,#4686,#5427,.T.);
#5427 = LINE('',#5428,#5429);
#5428 = CARTESIAN_POINT('',(87.783295755767,-42.71874999999,-3.625));
#5429 = VECTOR('',#5430,1.);
#5430 = DIRECTION('',(-4.4E-14,0.707106781187,0.707106781187));
#5431 = ORIENTED_EDGE('',*,*,#4541,.T.);
#5432 = ORIENTED_EDGE('',*,*,#5375,.T.);
#5433 = ORIENTED_EDGE('',*,*,#4693,.F.);
#5434 = CONICAL_SURFACE('',#5435,1.,0.785398163397);
#5435 = AXIS2_PLACEMENT_3D('',#5436,#5437,#5438);
#5436 = CARTESIAN_POINT('',(87.783295755767,-41.34374999999,-3.25));
#5437 = DIRECTION('',(0.,-1.2E-16,-1.));
#5438 = DIRECTION('',(5.684E-14,-1.,1.2E-16));
#5439 = ADVANCED_FACE('',(#5440),#5451,.T.);
#5440 = FACE_BOUND('',#5441,.F.);
#5441 = EDGE_LOOP('',(#5442,#5443,#5444,#5450));
#5442 = ORIENTED_EDGE('',*,*,#5411,.F.);
#5443 = ORIENTED_EDGE('',*,*,#4403,.T.);
#5444 = ORIENTED_EDGE('',*,*,#5445,.T.);
#5445 = EDGE_CURVE('',#4404,#5077,#5446,.T.);
#5446 = LINE('',#5447,#5448);
#5447 = CARTESIAN_POINT('',(214.07369628219,-116.3789252588,-3.25));
#5448 = VECTOR('',#5449,1.);
#5449 = DIRECTION('',(0.612372389258,-0.353553471026,0.707106781187));
#5450 = ORIENTED_EDGE('',*,*,#5110,.F.);
#5451 = CONICAL_SURFACE('',#5452,5.281250259068,0.785398163397);
#5452 = AXIS2_PLACEMENT_3D('',#5453,#5454,#5455);
#5453 = CARTESIAN_POINT('',(209.49999974093,-113.7382995285,-3.25));
#5454 = DIRECTION('',(0.,1.2E-16,1.));
#5455 = DIRECTION('',(1.,0.,0.));
#5456 = ADVANCED_FACE('',(#5457),#5468,.T.);
#5457 = FACE_BOUND('',#5458,.F.);
#5458 = EDGE_LOOP('',(#5459,#5465,#5466,#5467));
#5459 = ORIENTED_EDGE('',*,*,#5460,.F.);
#5460 = EDGE_CURVE('',#4525,#4712,#5461,.T.);
#5461 = LINE('',#5462,#5463);
#5462 = CARTESIAN_POINT('',(57.150000077504,-42.34374999999,-3.25));
#5463 = VECTOR('',#5464,1.);
#5464 = DIRECTION('',(-4.463E-14,0.707106781187,0.707106781187));
#5465 = ORIENTED_EDGE('',*,*,#4533,.T.);
#5466 = ORIENTED_EDGE('',*,*,#5426,.T.);
#5467 = ORIENTED_EDGE('',*,*,#4711,.F.);
#5468 = PLANE('',#5469);
#5469 = AXIS2_PLACEMENT_3D('',#5470,#5471,#5472);
#5470 = CARTESIAN_POINT('',(57.150000077504,-42.71874999999,-3.625));
#5471 = DIRECTION('',(-4.421E-14,0.707106781187,-0.707106781187));
#5472 = DIRECTION('',(-1.,-6.237619079626E-14,1.461907962573E-16));
#5473 = ADVANCED_FACE('',(#5474),#5487,.T.);
#5474 = FACE_BOUND('',#5475,.T.);
#5475 = EDGE_LOOP('',(#5476,#5477,#5478,#5479,#5485,#5486));
#5476 = ORIENTED_EDGE('',*,*,#5445,.T.);
#5477 = ORIENTED_EDGE('',*,*,#5076,.T.);
#5478 = ORIENTED_EDGE('',*,*,#5068,.T.);
#5479 = ORIENTED_EDGE('',*,*,#5480,.F.);
#5480 = EDGE_CURVE('',#4421,#5043,#5481,.T.);
#5481 = LINE('',#5482,#5483);
#5482 = CARTESIAN_POINT('',(187.89463771488,-160.9723712082,
    -3.625000000003));
#5483 = VECTOR('',#5484,1.);
#5484 = DIRECTION('',(0.612372389258,-0.353553471026,0.707106781187));
#5485 = ORIENTED_EDGE('',*,*,#4420,.F.);
#5486 = ORIENTED_EDGE('',*,*,#4412,.F.);
#5487 = PLANE('',#5488);
#5488 = AXIS2_PLACEMENT_3D('',#5489,#5490,#5491);
#5489 = CARTESIAN_POINT('',(200.82178724764,-138.5818982121,-3.625));
#5490 = DIRECTION('',(0.612372389258,-0.353553471026,-0.707106781187));
#5491 = DIRECTION('',(0.755928970586,9.24221748525E-17,0.65465364234));
#5492 = ADVANCED_FACE('',(#5493),#5504,.T.);
#5493 = FACE_BOUND('',#5494,.F.);
#5494 = EDGE_LOOP('',(#5495,#5501,#5502,#5503));
#5495 = ORIENTED_EDGE('',*,*,#5496,.F.);
#5496 = EDGE_CURVE('',#4517,#4759,#5497,.T.);
#5497 = LINE('',#5498,#5499);
#5498 = CARTESIAN_POINT('',(52.24375,-47.6250000775,-3.625));
#5499 = VECTOR('',#5500,1.);
#5500 = DIRECTION('',(-0.707106781187,6.E-17,0.707106781187));
#5501 = ORIENTED_EDGE('',*,*,#4524,.T.);
#5502 = ORIENTED_EDGE('',*,*,#5460,.T.);
#5503 = ORIENTED_EDGE('',*,*,#4768,.F.);
#5504 = CONICAL_SURFACE('',#5505,5.281250077504,0.785398163397);
#5505 = AXIS2_PLACEMENT_3D('',#5506,#5507,#5508);
#5506 = CARTESIAN_POINT('',(57.150000077504,-47.6250000775,-3.25));
#5507 = DIRECTION('',(0.,1.2E-16,1.));
#5508 = DIRECTION('',(-1.,0.,0.));
#5509 = ADVANCED_FACE('',(#5510),#5521,.T.);
#5510 = FACE_BOUND('',#5511,.F.);
#5511 = EDGE_LOOP('',(#5512,#5518,#5519,#5520));
#5512 = ORIENTED_EDGE('',*,*,#5513,.F.);
#5513 = EDGE_CURVE('',#4508,#4784,#5514,.T.);
#5514 = LINE('',#5515,#5516);
#5515 = CARTESIAN_POINT('',(51.86875,-127.3968749224,-3.25));
#5516 = VECTOR('',#5517,1.);
#5517 = DIRECTION('',(-0.707106781187,-3.4E-16,0.707106781187));
#5518 = ORIENTED_EDGE('',*,*,#4516,.T.);
#5519 = ORIENTED_EDGE('',*,*,#5496,.T.);
#5520 = ORIENTED_EDGE('',*,*,#4793,.F.);
#5521 = PLANE('',#5522);
#5522 = AXIS2_PLACEMENT_3D('',#5523,#5524,#5525);
#5523 = CARTESIAN_POINT('',(52.24375,-127.3968749224,-3.625));
#5524 = DIRECTION('',(-0.707106781187,-9.E-17,-0.707106781187));
#5525 = DIRECTION('',(1.863961030679E-17,-1.,1.086396103068E-16));
#5526 = ADVANCED_FACE('',(#5527),#5538,.T.);
#5527 = FACE_BOUND('',#5528,.F.);
#5528 = EDGE_LOOP('',(#5529,#5530,#5531,#5537));
#5529 = ORIENTED_EDGE('',*,*,#5480,.F.);
#5530 = ORIENTED_EDGE('',*,*,#4428,.T.);
#5531 = ORIENTED_EDGE('',*,*,#5532,.T.);
#5532 = EDGE_CURVE('',#4429,#5018,#5533,.T.);
#5533 = LINE('',#5534,#5535);
#5534 = CARTESIAN_POINT('',(180.9887147179,-163.0834573825,-3.25));
#5535 = VECTOR('',#5536,1.);
#5536 = DIRECTION('',(-0.355743942421,-0.611102485211,0.707106781187));
#5537 = ORIENTED_EDGE('',*,*,#5052,.F.);
#5538 = CONICAL_SURFACE('',#5539,5.281250259068,0.785398163397);
#5539 = AXIS2_PLACEMENT_3D('',#5540,#5541,#5542);
#5540 = CARTESIAN_POINT('',(183.64570067542,-158.5192455206,-3.25));
#5541 = DIRECTION('',(0.,1.2E-16,1.));
#5542 = DIRECTION('',(0.866025338111,-0.50000011375,6.000001364997E-17)
  );
#5543 = ADVANCED_FACE('',(#5544),#5555,.T.);
#5544 = FACE_BOUND('',#5545,.F.);
#5545 = EDGE_LOOP('',(#5546,#5552,#5553,#5554));
#5546 = ORIENTED_EDGE('',*,*,#5547,.F.);
#5547 = EDGE_CURVE('',#4500,#4808,#5548,.T.);
#5548 = LINE('',#5549,#5550);
#5549 = CARTESIAN_POINT('',(57.150000077497,-132.3031249999,-3.625));
#5550 = VECTOR('',#5551,1.);
#5551 = DIRECTION('',(-9.585E-13,-0.707106781187,0.707106781187));
#5552 = ORIENTED_EDGE('',*,*,#4507,.T.);
#5553 = ORIENTED_EDGE('',*,*,#5513,.T.);
#5554 = ORIENTED_EDGE('',*,*,#4817,.F.);
#5555 = CONICAL_SURFACE('',#5556,5.281250077504,0.785398163397);
#5556 = AXIS2_PLACEMENT_3D('',#5557,#5558,#5559);
#5557 = CARTESIAN_POINT('',(57.150000077504,-127.3968749224,-3.25));
#5558 = DIRECTION('',(0.,1.2E-16,1.));
#5559 = DIRECTION('',(-1.35482E-12,-1.,1.2E-16));
#5560 = ADVANCED_FACE('',(#5561),#5572,.T.);
#5561 = FACE_BOUND('',#5562,.F.);
#5562 = EDGE_LOOP('',(#5563,#5564,#5565,#5571));
#5563 = ORIENTED_EDGE('',*,*,#5532,.F.);
#5564 = ORIENTED_EDGE('',*,*,#4437,.T.);
#5565 = ORIENTED_EDGE('',*,*,#5566,.T.);
#5566 = EDGE_CURVE('',#4438,#4995,#5567,.T.);
#5567 = LINE('',#5568,#5569);
#5568 = CARTESIAN_POINT('',(180.89407606636,-163.0255152917,-3.25));
#5569 = VECTOR('',#5570,1.);
#5570 = DIRECTION('',(-0.382511795329,-0.594713987085,0.707106781187));
#5571 = ORIENTED_EDGE('',*,*,#5027,.F.);
#5572 = CONICAL_SURFACE('',#5573,2.5,0.785398163397);
#5573 = AXIS2_PLACEMENT_3D('',#5574,#5575,#5576);
#5574 = CARTESIAN_POINT('',(182.24645948816,-160.922883826,-3.25));
#5575 = DIRECTION('',(0.,1.2E-16,1.));
#5576 = DIRECTION('',(-0.503097908104,-0.864229422585,1.037075307102E-16
    ));
#5577 = ADVANCED_FACE('',(#5578),#5589,.T.);
#5578 = FACE_BOUND('',#5579,.F.);
#5579 = EDGE_LOOP('',(#5580,#5586,#5587,#5588));
#5580 = ORIENTED_EDGE('',*,*,#5581,.F.);
#5581 = EDGE_CURVE('',#4491,#4833,#5582,.T.);
#5582 = LINE('',#5583,#5584);
#5583 = CARTESIAN_POINT('',(123.49687499999,-132.6781249999,-3.25));
#5584 = VECTOR('',#5585,1.);
#5585 = DIRECTION('',(-9.6628E-13,-0.707106781187,0.707106781187));
#5586 = ORIENTED_EDGE('',*,*,#4499,.T.);
#5587 = ORIENTED_EDGE('',*,*,#5547,.T.);
#5588 = ORIENTED_EDGE('',*,*,#4842,.F.);
#5589 = PLANE('',#5590);
#5590 = AXIS2_PLACEMENT_3D('',#5591,#5592,#5593);
#5591 = CARTESIAN_POINT('',(123.49687499999,-132.3031249999,-3.625));
#5592 = DIRECTION('',(-9.5863E-13,-0.707106781187,-0.707106781187));
#5593 = DIRECTION('',(1.,-1.355618773649E-12,-8.877364885975E-17));
#5594 = ADVANCED_FACE('',(#5595),#5606,.F.);
#5595 = FACE_BOUND('',#5596,.F.);
#5596 = EDGE_LOOP('',(#5597,#5598,#5599,#5605));
#5597 = ORIENTED_EDGE('',*,*,#5566,.F.);
#5598 = ORIENTED_EDGE('',*,*,#4446,.T.);
#5599 = ORIENTED_EDGE('',*,*,#5600,.T.);
#5600 = EDGE_CURVE('',#4447,#4958,#5601,.T.);
#5601 = LINE('',#5602,#5603);
#5602 = CARTESIAN_POINT('',(154.29082069444,-150.5230027484,-3.25));
#5603 = VECTOR('',#5604,1.);
#5604 = DIRECTION('',(-0.213747767671,-0.67402662545,0.707106781187));
#5605 = ORIENTED_EDGE('',*,*,#5002,.F.);
#5606 = CONICAL_SURFACE('',#5607,111.46535512408,0.785398163397);
#5607 = AXIS2_PLACEMENT_3D('',#5608,#5609,#5610);
#5608 = CARTESIAN_POINT('',(120.59651671616,-256.7737404981,-3.25));
#5609 = DIRECTION('',(0.,-1.2E-16,-1.));
#5610 = DIRECTION('',(0.540953368722,0.841052586268,-1.009263103522E-16)
  );
#5611 = ADVANCED_FACE('',(#5612),#5623,.F.);
#5612 = FACE_BOUND('',#5613,.F.);
#5613 = EDGE_LOOP('',(#5614,#5620,#5621,#5622));
#5614 = ORIENTED_EDGE('',*,*,#5615,.F.);
#5615 = EDGE_CURVE('',#4483,#4857,#5616,.T.);
#5616 = LINE('',#5617,#5618);
#5617 = CARTESIAN_POINT('',(124.87187499999,-133.6781249999,-3.625));
#5618 = VECTOR('',#5619,1.);
#5619 = DIRECTION('',(-0.707106781187,-1.4839E-13,0.707106781187));
#5620 = ORIENTED_EDGE('',*,*,#4490,.T.);
#5621 = ORIENTED_EDGE('',*,*,#5581,.T.);
#5622 = ORIENTED_EDGE('',*,*,#4864,.F.);
#5623 = CONICAL_SURFACE('',#5624,1.,0.785398163397);
#5624 = AXIS2_PLACEMENT_3D('',#5625,#5626,#5627);
#5625 = CARTESIAN_POINT('',(123.49687499999,-133.6781249999,-3.25));
#5626 = DIRECTION('',(0.,-1.2E-16,-1.));
#5627 = DIRECTION('',(1.,1.9895E-13,-2.3874E-29));
#5628 = ADVANCED_FACE('',(#5629),#5640,.F.);
#5629 = FACE_BOUND('',#5630,.F.);
#5630 = EDGE_LOOP('',(#5631,#5632,#5633,#5639));
#5631 = ORIENTED_EDGE('',*,*,#5600,.F.);
#5632 = ORIENTED_EDGE('',*,*,#4455,.T.);
#5633 = ORIENTED_EDGE('',*,*,#5634,.T.);
#5634 = EDGE_CURVE('',#4456,#4931,#5635,.T.);
#5635 = LINE('',#5636,#5637);
#5636 = CARTESIAN_POINT('',(129.8023359999,-146.965524427,-3.25));
#5637 = VECTOR('',#5638,1.);
#5638 = DIRECTION('',(6.323030753539E-03,-0.707078509985,0.707106781187)
  );
#5639 = ORIENTED_EDGE('',*,*,#4965,.F.);
#5640 = CONICAL_SURFACE('',#5641,81.076597415396,0.785398163397);
#5641 = AXIS2_PLACEMENT_3D('',#5642,#5643,#5644);
#5642 = CARTESIAN_POINT('',(130.52733232647,-228.0388802771,-3.25));
#5643 = DIRECTION('',(0.,-1.2E-16,-1.));
#5644 = DIRECTION('',(0.293099231166,0.956082026131,-1.147298431357E-16)
  );
#5645 = ADVANCED_FACE('',(#5646),#5657,.T.);
#5646 = FACE_BOUND('',#5647,.F.);
#5647 = EDGE_LOOP('',(#5648,#5654,#5655,#5656));
#5648 = ORIENTED_EDGE('',*,*,#5649,.F.);
#5649 = EDGE_CURVE('',#4474,#4883,#5650,.T.);
#5650 = LINE('',#5651,#5652);
#5651 = CARTESIAN_POINT('',(124.49687499999,-141.6843749224,-3.25));
#5652 = VECTOR('',#5653,1.);
#5653 = DIRECTION('',(-0.707106781187,-1.504E-13,0.707106781187));
#5654 = ORIENTED_EDGE('',*,*,#4482,.T.);
#5655 = ORIENTED_EDGE('',*,*,#5615,.T.);
#5656 = ORIENTED_EDGE('',*,*,#4882,.F.);
#5657 = PLANE('',#5658);
#5658 = AXIS2_PLACEMENT_3D('',#5659,#5660,#5661);
#5659 = CARTESIAN_POINT('',(124.87187499999,-141.6843749224,-3.625));
#5660 = DIRECTION('',(-0.707106781187,-1.478E-13,-0.707106781187));
#5661 = DIRECTION('',(2.094403822594E-13,-1.,-4.196177406283E-16));
#5662 = ADVANCED_FACE('',(#5663),#5674,.T.);
#5663 = FACE_BOUND('',#5664,.F.);
#5664 = EDGE_LOOP('',(#5665,#5666,#5667,#5673));
#5665 = ORIENTED_EDGE('',*,*,#5634,.F.);
#5666 = ORIENTED_EDGE('',*,*,#4464,.T.);
#5667 = ORIENTED_EDGE('',*,*,#5668,.T.);
#5668 = EDGE_CURVE('',#4465,#4906,#5669,.T.);
#5669 = LINE('',#5670,#5671);
#5670 = CARTESIAN_POINT('',(129.78164869477,-146.9656238244,-3.25));
#5671 = VECTOR('',#5672,1.);
#5672 = DIRECTION('',(4.717772560968E-04,-0.707106623803,0.707106781187)
  );
#5673 = ORIENTED_EDGE('',*,*,#4940,.F.);
#5674 = CONICAL_SURFACE('',#5675,2.5,0.785398163397);
#5675 = AXIS2_PLACEMENT_3D('',#5676,#5677,#5678);
#5676 = CARTESIAN_POINT('',(129.77998071029,-144.4656243808,-3.25));
#5677 = DIRECTION('',(0.,1.2E-16,1.));
#5678 = DIRECTION('',(8.942115846946E-03,-0.999960018483,
    1.199952022179E-16));
#5679 = ADVANCED_FACE('',(#5680),#5686,.T.);
#5680 = FACE_BOUND('',#5681,.F.);
#5681 = EDGE_LOOP('',(#5682,#5683,#5684,#5685));
#5682 = ORIENTED_EDGE('',*,*,#5668,.F.);
#5683 = ORIENTED_EDGE('',*,*,#4473,.T.);
#5684 = ORIENTED_EDGE('',*,*,#5649,.T.);
#5685 = ORIENTED_EDGE('',*,*,#4915,.F.);
#5686 = CONICAL_SURFACE('',#5687,5.281250077504,0.785398163397);
#5687 = AXIS2_PLACEMENT_3D('',#5688,#5689,#5690);
#5688 = CARTESIAN_POINT('',(129.7781250775,-141.6843749224,-3.25));
#5689 = DIRECTION('',(0.,1.2E-16,1.));
#5690 = DIRECTION('',(6.671937940053E-04,-0.999999777426,
    1.199999732911E-16));
#5691 = ADVANCED_FACE('',(#5692),#5702,.F.);
#5692 = FACE_BOUND('',#5693,.F.);
#5693 = EDGE_LOOP('',(#5694,#5695,#5700,#5701));
#5694 = ORIENTED_EDGE('',*,*,#4573,.T.);
#5695 = ORIENTED_EDGE('',*,*,#5696,.T.);
#5696 = EDGE_CURVE('',#4574,#5277,#5697,.T.);
#5697 = B_SPLINE_CURVE_WITH_KNOTS('',1,(#5698,#5699),.UNSPECIFIED.,.F.,
  .F.,(2,2),(-4.,0.),.PIECEWISE_BEZIER_KNOTS.);
#5698 = CARTESIAN_POINT('',(77.7,-69.259375,-4.));
#5699 = CARTESIAN_POINT('',(77.7,-69.259375,0.));
#5700 = ORIENTED_EDGE('',*,*,#5276,.F.);
#5701 = ORIENTED_EDGE('',*,*,#5696,.F.);
#5702 = CYLINDRICAL_SURFACE('',#5703,1.5);
#5703 = AXIS2_PLACEMENT_3D('',#5704,#5705,#5706);
#5704 = CARTESIAN_POINT('',(76.2,-69.259375,0.));
#5705 = DIRECTION('',(0.,0.,1.));
#5706 = DIRECTION('',(1.,0.,0.));
#5707 = ADVANCED_FACE('',(#5708),#5718,.F.);
#5708 = FACE_BOUND('',#5709,.F.);
#5709 = EDGE_LOOP('',(#5710,#5711,#5716,#5717));
#5710 = ORIENTED_EDGE('',*,*,#4584,.T.);
#5711 = ORIENTED_EDGE('',*,*,#5712,.T.);
#5712 = EDGE_CURVE('',#4585,#5300,#5713,.T.);
#5713 = B_SPLINE_CURVE_WITH_KNOTS('',1,(#5714,#5715),.UNSPECIFIED.,.F.,
  .F.,(2,2),(-4.,0.),.PIECEWISE_BEZIER_KNOTS.);
#5714 = CARTESIAN_POINT('',(115.270642,-78.898751,-4.));
#5715 = CARTESIAN_POINT('',(115.270642,-78.898751,0.));
#5716 = ORIENTED_EDGE('',*,*,#5299,.F.);
#5717 = ORIENTED_EDGE('',*,*,#5712,.F.);
#5718 = CYLINDRICAL_SURFACE('',#5719,1.5);
#5719 = AXIS2_PLACEMENT_3D('',#5720,#5721,#5722);
#5720 = CARTESIAN_POINT('',(113.770642,-78.898751,0.));
#5721 = DIRECTION('',(0.,0.,1.));
#5722 = DIRECTION('',(1.,0.,0.));
#5723 = ADVANCED_FACE('',(#5724),#5734,.F.);
#5724 = FACE_BOUND('',#5725,.F.);
#5725 = EDGE_LOOP('',(#5726,#5727,#5732,#5733));
#5726 = ORIENTED_EDGE('',*,*,#4595,.T.);
#5727 = ORIENTED_EDGE('',*,*,#5728,.T.);
#5728 = EDGE_CURVE('',#4596,#5320,#5729,.T.);
#5729 = B_SPLINE_CURVE_WITH_KNOTS('',1,(#5730,#5731),.UNSPECIFIED.,.F.,
  .F.,(2,2),(-4.,0.),.PIECEWISE_BEZIER_KNOTS.);
#5730 = CARTESIAN_POINT('',(169.378125,-42.8625,-4.));
#5731 = CARTESIAN_POINT('',(169.378125,-42.8625,0.));
#5732 = ORIENTED_EDGE('',*,*,#5319,.F.);
#5733 = ORIENTED_EDGE('',*,*,#5728,.F.);
#5734 = CYLINDRICAL_SURFACE('',#5735,1.5);
#5735 = AXIS2_PLACEMENT_3D('',#5736,#5737,#5738);
#5736 = CARTESIAN_POINT('',(167.878125,-42.8625,0.));
#5737 = DIRECTION('',(0.,0.,1.));
#5738 = DIRECTION('',(1.,0.,0.));
#5739 = ADVANCED_FACE('',(#5740),#5751,.F.);
#5740 = FACE_BOUND('',#5741,.T.);
#5741 = EDGE_LOOP('',(#5742,#5748,#5749,#5750));
#5742 = ORIENTED_EDGE('',*,*,#5743,.F.);
#5743 = EDGE_CURVE('',#4607,#5168,#5744,.T.);
#5744 = LINE('',#5745,#5746);
#5745 = CARTESIAN_POINT('',(205.28125,-41.62129799999,-4.));
#5746 = VECTOR('',#5747,1.);
#5747 = DIRECTION('',(-4.E-17,0.,1.));
#5748 = ORIENTED_EDGE('',*,*,#4606,.T.);
#5749 = ORIENTED_EDGE('',*,*,#5743,.T.);
#5750 = ORIENTED_EDGE('',*,*,#5167,.F.);
#5751 = CYLINDRICAL_SURFACE('',#5752,3.);
#5752 = AXIS2_PLACEMENT_3D('',#5753,#5754,#5755);
#5753 = CARTESIAN_POINT('',(202.28125,-41.62129799999,-4.));
#5754 = DIRECTION('',(0.,0.,1.));
#5755 = DIRECTION('',(1.,0.,0.));
#5756 = ADVANCED_FACE('',(#5757),#5767,.F.);
#5757 = FACE_BOUND('',#5758,.F.);
#5758 = EDGE_LOOP('',(#5759,#5760,#5765,#5766));
#5759 = ORIENTED_EDGE('',*,*,#4623,.T.);
#5760 = ORIENTED_EDGE('',*,*,#5761,.T.);
#5761 = EDGE_CURVE('',#4624,#5214,#5762,.T.);
#5762 = B_SPLINE_CURVE_WITH_KNOTS('',1,(#5763,#5764),.UNSPECIFIED.,.F.,
  .F.,(2,2),(-4.,0.),.PIECEWISE_BEZIER_KNOTS.);
#5763 = CARTESIAN_POINT('',(77.7,-107.359375,-4.));
#5764 = CARTESIAN_POINT('',(77.7,-107.359375,0.));
#5765 = ORIENTED_EDGE('',*,*,#5213,.F.);
#5766 = ORIENTED_EDGE('',*,*,#5761,.F.);
#5767 = CYLINDRICAL_SURFACE('',#5768,1.5);
#5768 = AXIS2_PLACEMENT_3D('',#5769,#5770,#5771);
#5769 = CARTESIAN_POINT('',(76.2,-107.359375,0.));
#5770 = DIRECTION('',(0.,0.,1.));
#5771 = DIRECTION('',(1.,0.,0.));
#5772 = ADVANCED_FACE('',(#5773),#5783,.F.);
#5773 = FACE_BOUND('',#5774,.F.);
#5774 = EDGE_LOOP('',(#5775,#5776,#5781,#5782));
#5775 = ORIENTED_EDGE('',*,*,#4640,.T.);
#5776 = ORIENTED_EDGE('',*,*,#5777,.T.);
#5777 = EDGE_CURVE('',#4641,#5234,#5778,.T.);
#5778 = B_SPLINE_CURVE_WITH_KNOTS('',1,(#5779,#5780),.UNSPECIFIED.,.F.,
  .F.,(2,2),(-4.,0.),.PIECEWISE_BEZIER_KNOTS.);
#5779 = CARTESIAN_POINT('',(130.0875,-121.44375,-4.));
#5780 = CARTESIAN_POINT('',(130.0875,-121.44375,0.));
#5781 = ORIENTED_EDGE('',*,*,#5233,.F.);
#5782 = ORIENTED_EDGE('',*,*,#5777,.F.);
#5783 = CYLINDRICAL_SURFACE('',#5784,1.5);
#5784 = AXIS2_PLACEMENT_3D('',#5785,#5786,#5787);
#5785 = CARTESIAN_POINT('',(128.5875,-121.44375,0.));
#5786 = DIRECTION('',(0.,0.,1.));
#5787 = DIRECTION('',(1.,0.,0.));
#5788 = ADVANCED_FACE('',(#5789),#5800,.F.);
#5789 = FACE_BOUND('',#5790,.T.);
#5790 = EDGE_LOOP('',(#5791,#5797,#5798,#5799));
#5791 = ORIENTED_EDGE('',*,*,#5792,.F.);
#5792 = EDGE_CURVE('',#4658,#5188,#5793,.T.);
#5793 = LINE('',#5794,#5795);
#5794 = CARTESIAN_POINT('',(205.28125,-116.2155837673,-4.));
#5795 = VECTOR('',#5796,1.);
#5796 = DIRECTION('',(-4.E-17,0.,1.));
#5797 = ORIENTED_EDGE('',*,*,#4657,.T.);
#5798 = ORIENTED_EDGE('',*,*,#5792,.T.);
#5799 = ORIENTED_EDGE('',*,*,#5187,.F.);
#5800 = CYLINDRICAL_SURFACE('',#5801,3.);
#5801 = AXIS2_PLACEMENT_3D('',#5802,#5803,#5804);
#5802 = CARTESIAN_POINT('',(202.28125,-116.2155837673,-4.));
#5803 = DIRECTION('',(0.,0.,1.));
#5804 = DIRECTION('',(1.,0.,0.));
#5805 = ADVANCED_FACE('',(#5806),#5816,.F.);
#5806 = FACE_BOUND('',#5807,.F.);
#5807 = EDGE_LOOP('',(#5808,#5809,#5814,#5815));
#5808 = ORIENTED_EDGE('',*,*,#4668,.T.);
#5809 = ORIENTED_EDGE('',*,*,#5810,.T.);
#5810 = EDGE_CURVE('',#4669,#5254,#5811,.T.);
#5811 = B_SPLINE_CURVE_WITH_KNOTS('',1,(#5812,#5813),.UNSPECIFIED.,.F.,
  .F.,(2,2),(-4.,0.),.PIECEWISE_BEZIER_KNOTS.);
#5812 = CARTESIAN_POINT('',(177.7125,-123.825,-4.));
#5813 = CARTESIAN_POINT('',(177.7125,-123.825,0.));
#5814 = ORIENTED_EDGE('',*,*,#5253,.F.);
#5815 = ORIENTED_EDGE('',*,*,#5810,.F.);
#5816 = CYLINDRICAL_SURFACE('',#5817,1.5);
#5817 = AXIS2_PLACEMENT_3D('',#5818,#5819,#5820);
#5818 = CARTESIAN_POINT('',(176.2125,-123.825,0.));
#5819 = DIRECTION('',(0.,0.,1.));
#5820 = DIRECTION('',(1.,0.,0.));
#5821 = ( GEOMETRIC_REPRESENTATION_CONTEXT(3) 
GLOBAL_UNCERTAINTY_ASSIGNED_CONTEXT((#5825)) 
GLOBAL_UNIT_ASSIGNED_CONTEXT((#5822,#5823,#5824)) REPRESENTATION_CONTEXT
('Context #1','3D Context with UNIT and UNCERTAINTY') );
#5822 = ( LENGTH_UNIT() NAMED_UNIT(*) SI_UNIT(.MILLI.,.METRE.) );
#5823 = ( NAMED_UNIT(*) PLANE_ANGLE_UNIT() SI_UNIT($,.RADIAN.) );
#5824 = ( NAMED_UNIT(*) SI_UNIT($,.STERADIAN.) SOLID_ANGLE_UNIT() );
#5825 = UNCERTAINTY_MEASURE_WITH_UNIT(LENGTH_MEASURE(1.E-04),#5822,
  'distance_accuracy_value','confusion accuracy');
#5826 = PRODUCT_RELATED_PRODUCT_CATEGORY('part',$,(#7));
#5827 = MECHANICAL_DESIGN_GEOMETRIC_PRESENTATION_REPRESENTATION('',(
    #5828),#5821);
#5828 = STYLED_ITEM('color',(#5829),#15);
#5829 = PRESENTATION_STYLE_ASSIGNMENT((#5830,#5838));
#5830 = SURFACE_STYLE_USAGE(.BOTH.,#5831);
#5831 = SURFACE_SIDE_STYLE('',(#5832,#5836));
#5832 = SURFACE_STYLE_FILL_AREA(#5833);
#5833 = FILL_AREA_STYLE('',(#5834));
#5834 = FILL_AREA_STYLE_COLOUR('',#5835);
#5835 = DRAUGHTING_PRE_DEFINED_COLOUR('black');
#5836 = SURFACE_STYLE_RENDERING_WITH_PROPERTIES(.NORMAL_SHADING.,#5835,(
    #5837));
#5837 = SURFACE_STYLE_TRANSPARENT(0.180000007153);
#5838 = CURVE_STYLE('',#5839,POSITIVE_LENGTH_MEASURE(0.1),#5840);
#5839 = DRAUGHTING_PRE_DEFINED_CURVE_FONT('continuous');
#5840 = COLOUR_RGB('',9.803921802644E-02,9.803921802644E-02,
  9.803921802644E-02);
ENDSEC;
END-ISO-10303-21;
