ISO-10303-21;
HEADER;
FILE_DESCRIPTION(('FreeCAD Model'),'2;1');
FILE_NAME('Open CASCADE Shape Model','2026-06-08T16:04:29',(''),(''),
  'Open CASCADE STEP processor 7.8','FreeCAD','Unknown');
FILE_SCHEMA(('AUTOMOTIVE_DESIGN { 1 0 10303 214 1 1 1 1 }'));
ENDSEC;
DATA;
#1 = APPLICATION_PROTOCOL_DEFINITION('international standard',
  'automotive_design',2000,#2);
#2 = APPLICATION_CONTEXT(
  'core data for automotive mechanical design processes');
#3 = SHAPE_DEFINITION_REPRESENTATION(#4,#10);
#4 = PRODUCT_DEFINITION_SHAPE('','',#5);
#5 = PRODUCT_DEFINITION('design','',#6,#9);
#6 = PRODUCT_DEFINITION_FORMATION('','',#7);
#7 = PRODUCT('Plate','Plate','',(#8));
#8 = PRODUCT_CONTEXT('',#2,'mechanical');
#9 = PRODUCT_DEFINITION_CONTEXT('part definition',#2,'design');
#10 = ADVANCED_BREP_SHAPE_REPRESENTATION('',(#11,#15),#6893);
#11 = AXIS2_PLACEMENT_3D('',#12,#13,#14);
#12 = CARTESIAN_POINT('',(0.,0.,0.));
#13 = DIRECTION('',(0.,0.,1.));
#14 = DIRECTION('',(1.,0.,-0.));
#15 = MANIFOLD_SOLID_BREP('',#16);
#16 = CLOSED_SHELL('',(#17,#645,#676,#700,#724,#748,#772,#796,#820,#844,
    #868,#892,#916,#941,#965,#990,#1015,#1040,#1065,#1090,#1114,#1139,
    #1163,#1188,#1212,#1237,#1261,#1286,#1310,#1335,#1382,#1414,#1438,
    #1463,#1487,#1512,#1536,#1561,#1585,#1610,#1634,#1659,#1683,#1708,
    #1733,#1758,#1783,#1808,#1832,#1857,#1881,#1905,#1929,#1953,#1977,
    #2001,#2025,#2049,#2073,#2097,#2121,#2145,#2170,#2194,#2219,#2243,
    #2268,#2292,#2317,#2342,#2366,#2391,#2415,#2440,#2457,#3586,#3603,
    #3620,#4751,#4773,#4790,#4807,#4819,#4841,#4858,#4875,#4887,#4909,
    #4926,#4943,#4955,#4977,#4994,#5011,#5023,#5045,#5062,#5079,#5091,
    #5113,#5130,#5147,#5159,#5181,#5198,#5215,#5227,#5249,#5266,#5283,
    #5295,#5317,#5334,#5351,#5363,#5385,#5402,#5419,#5431,#5453,#5470,
    #5487,#5499,#5521,#5538,#5555,#5567,#5589,#5606,#5623,#5635,#5657,
    #5674,#5691,#5703,#5725,#5742,#5759,#5771,#5793,#5810,#5827,#5839,
    #5861,#5878,#5895,#5907,#5929,#5946,#5963,#5975,#5997,#6014,#6031,
    #6043,#6065,#6082,#6099,#6111,#6133,#6150,#6167,#6179,#6201,#6218,
    #6235,#6247,#6269,#6286,#6303,#6315,#6337,#6354,#6371,#6383,#6405,
    #6422,#6439,#6451,#6473,#6490,#6507,#6519,#6541,#6558,#6575,#6587,
    #6609,#6626,#6643,#6655,#6677,#6694,#6711,#6723,#6745,#6762,#6779,
    #6791,#6808,#6825,#6842,#6859,#6876));
#17 = ADVANCED_FACE('',(#18),#640,.F.);
#18 = FACE_BOUND('',#19,.F.);
#19 = EDGE_LOOP('',(#20,#30,#38,#47,#55,#64,#72,#81,#89,#97,#105,#114,
    #122,#131,#139,#148,#156,#164,#172,#180,#188,#196,#204,#212,#220,
    #228,#236,#244,#253,#261,#270,#279,#288,#297,#306,#314,#323,#331,
    #340,#348,#357,#365,#374,#382,#391,#399,#407,#415,#424,#432,#441,
    #449,#458,#466,#475,#483,#492,#500,#509,#518,#527,#536,#545,#553,
    #562,#570,#578,#586,#594,#602,#610,#618,#626,#634));
#20 = ORIENTED_EDGE('',*,*,#21,.F.);
#21 = EDGE_CURVE('',#22,#24,#26,.T.);
#22 = VERTEX_POINT('',#23);
#23 = CARTESIAN_POINT('',(192.88125,-114.3,-0.9));
#24 = VERTEX_POINT('',#25);
#25 = CARTESIAN_POINT('',(192.900319,-114.777376,-0.9));
#26 = LINE('',#27,#28);
#27 = CARTESIAN_POINT('',(192.88125,-114.3,-0.9));
#28 = VECTOR('',#29,1.);
#29 = DIRECTION('',(3.991362062866E-02,-0.999203133946,0.));
#30 = ORIENTED_EDGE('',*,*,#31,.T.);
#31 = EDGE_CURVE('',#22,#32,#34,.T.);
#32 = VERTEX_POINT('',#33);
#33 = CARTESIAN_POINT('',(192.88125,-96.49999937039,-0.9));
#34 = LINE('',#35,#36);
#35 = CARTESIAN_POINT('',(192.88125,-114.3,-0.9));
#36 = VECTOR('',#37,1.);
#37 = DIRECTION('',(2.23541526939E-14,1.,0.));
#38 = ORIENTED_EDGE('',*,*,#39,.T.);
#39 = EDGE_CURVE('',#32,#40,#42,.T.);
#40 = VERTEX_POINT('',#41);
#41 = CARTESIAN_POINT('',(190.5000016296,-94.118751,-0.9));
#42 = CIRCLE('',#43,2.381248370398);
#43 = AXIS2_PLACEMENT_3D('',#44,#45,#46);
#44 = CARTESIAN_POINT('',(190.5000016296,-96.49999937039,-0.9));
#45 = DIRECTION('',(0.,0.,1.));
#46 = DIRECTION('',(1.,0.,0.));
#47 = ORIENTED_EDGE('',*,*,#48,.F.);
#48 = EDGE_CURVE('',#49,#40,#51,.T.);
#49 = VERTEX_POINT('',#50);
#50 = CARTESIAN_POINT('',(176.3562483704,-94.11875099999,-0.9));
#51 = LINE('',#52,#53);
#52 = CARTESIAN_POINT('',(176.3562483704,-94.118751,-0.9));
#53 = VECTOR('',#54,1.);
#54 = DIRECTION('',(1.,0.,0.));
#55 = ORIENTED_EDGE('',*,*,#56,.F.);
#56 = EDGE_CURVE('',#57,#49,#59,.T.);
#57 = VERTEX_POINT('',#58);
#58 = CARTESIAN_POINT('',(173.975,-91.73750262959,-0.9));
#59 = CIRCLE('',#60,2.381248370398);
#60 = AXIS2_PLACEMENT_3D('',#61,#62,#63);
#61 = CARTESIAN_POINT('',(176.3562483704,-91.73750262959,-0.9));
#62 = DIRECTION('',(0.,0.,1.));
#63 = DIRECTION('',(1.,0.,0.));
#64 = ORIENTED_EDGE('',*,*,#65,.T.);
#65 = EDGE_CURVE('',#57,#66,#68,.T.);
#66 = VERTEX_POINT('',#67);
#67 = CARTESIAN_POINT('',(173.97499999999,-37.40254637039,-0.9));
#68 = LINE('',#69,#70);
#69 = CARTESIAN_POINT('',(173.975,-91.73750262959,-0.9));
#70 = VECTOR('',#71,1.);
#71 = DIRECTION('',(-2.196949953143E-13,1.,0.));
#72 = ORIENTED_EDGE('',*,*,#73,.T.);
#73 = EDGE_CURVE('',#66,#74,#76,.T.);
#74 = VERTEX_POINT('',#75);
#75 = CARTESIAN_POINT('',(171.5937516296,-35.021298,-0.9));
#76 = CIRCLE('',#77,2.381248370398);
#77 = AXIS2_PLACEMENT_3D('',#78,#79,#80);
#78 = CARTESIAN_POINT('',(171.5937516296,-37.40254637039,-0.9));
#79 = DIRECTION('',(0.,0.,1.));
#80 = DIRECTION('',(1.,0.,0.));
#81 = ORIENTED_EDGE('',*,*,#82,.T.);
#82 = EDGE_CURVE('',#74,#83,#85,.T.);
#83 = VERTEX_POINT('',#84);
#84 = CARTESIAN_POINT('',(161.93925499999,-35.02129799999,-0.9));
#85 = LINE('',#86,#87);
#86 = CARTESIAN_POINT('',(171.5937516296,-35.021298,-0.9));
#87 = VECTOR('',#88,1.);
#88 = DIRECTION('',(-1.,9.908916924758E-14,0.));
#89 = ORIENTED_EDGE('',*,*,#90,.F.);
#90 = EDGE_CURVE('',#91,#83,#93,.T.);
#91 = VERTEX_POINT('',#92);
#92 = CARTESIAN_POINT('',(161.93925499999,-36.02129799999,-0.9));
#93 = LINE('',#94,#95);
#94 = CARTESIAN_POINT('',(161.93925499999,-64.40075451967,-0.9));
#95 = VECTOR('',#96,1.);
#96 = DIRECTION('',(9.908916924758E-14,1.,0.));
#97 = ORIENTED_EDGE('',*,*,#98,.F.);
#98 = EDGE_CURVE('',#99,#91,#101,.T.);
#99 = VERTEX_POINT('',#100);
#100 = CARTESIAN_POINT('',(171.5937516296,-36.021298,-0.9));
#101 = LINE('',#102,#103);
#102 = CARTESIAN_POINT('',(171.5937516296,-36.021298,-0.9));
#103 = VECTOR('',#104,1.);
#104 = DIRECTION('',(-1.,1.000974763548E-13,0.));
#105 = ORIENTED_EDGE('',*,*,#106,.F.);
#106 = EDGE_CURVE('',#107,#99,#109,.T.);
#107 = VERTEX_POINT('',#108);
#108 = CARTESIAN_POINT('',(172.975,-37.40254637039,-0.9));
#109 = CIRCLE('',#110,1.381248370398);
#110 = AXIS2_PLACEMENT_3D('',#111,#112,#113);
#111 = CARTESIAN_POINT('',(171.5937516296,-37.40254637039,-0.9));
#112 = DIRECTION('',(0.,0.,1.));
#113 = DIRECTION('',(1.,0.,0.));
#114 = ORIENTED_EDGE('',*,*,#115,.F.);
#115 = EDGE_CURVE('',#116,#107,#118,.T.);
#116 = VERTEX_POINT('',#117);
#117 = CARTESIAN_POINT('',(172.975,-91.7375026296,-0.9));
#118 = LINE('',#119,#120);
#119 = CARTESIAN_POINT('',(172.975,-91.7375026296,-0.9));
#120 = VECTOR('',#121,1.);
#121 = DIRECTION('',(-3.452349926368E-14,1.,0.));
#122 = ORIENTED_EDGE('',*,*,#123,.T.);
#123 = EDGE_CURVE('',#116,#124,#126,.T.);
#124 = VERTEX_POINT('',#125);
#125 = CARTESIAN_POINT('',(176.3562483704,-95.11875099999,-0.9));
#126 = CIRCLE('',#127,3.381248370398);
#127 = AXIS2_PLACEMENT_3D('',#128,#129,#130);
#128 = CARTESIAN_POINT('',(176.3562483704,-91.73750262959,-0.9));
#129 = DIRECTION('',(0.,0.,1.));
#130 = DIRECTION('',(1.,0.,0.));
#131 = ORIENTED_EDGE('',*,*,#132,.T.);
#132 = EDGE_CURVE('',#124,#133,#135,.T.);
#133 = VERTEX_POINT('',#134);
#134 = CARTESIAN_POINT('',(190.5000016296,-95.118751,-0.9));
#135 = LINE('',#136,#137);
#136 = CARTESIAN_POINT('',(176.3562483704,-95.11875099999,-0.9));
#137 = VECTOR('',#138,1.);
#138 = DIRECTION('',(1.,-1.768349874351E-13,0.));
#139 = ORIENTED_EDGE('',*,*,#140,.F.);
#140 = EDGE_CURVE('',#141,#133,#143,.T.);
#141 = VERTEX_POINT('',#142);
#142 = CARTESIAN_POINT('',(191.88125,-96.49999937039,-0.9));
#143 = CIRCLE('',#144,1.381248370398);
#144 = AXIS2_PLACEMENT_3D('',#145,#146,#147);
#145 = CARTESIAN_POINT('',(190.5000016296,-96.49999937039,-0.9));
#146 = DIRECTION('',(0.,0.,1.));
#147 = DIRECTION('',(1.,0.,0.));
#148 = ORIENTED_EDGE('',*,*,#149,.F.);
#149 = EDGE_CURVE('',#150,#141,#152,.T.);
#150 = VERTEX_POINT('',#151);
#151 = CARTESIAN_POINT('',(191.88125,-114.3199647649,-0.9));
#152 = LINE('',#153,#154);
#153 = CARTESIAN_POINT('',(191.88125,-114.3199647649,-0.9));
#154 = VECTOR('',#155,1.);
#155 = DIRECTION('',(2.232910800981E-14,1.,0.));
#156 = ORIENTED_EDGE('',*,*,#157,.T.);
#157 = EDGE_CURVE('',#150,#158,#160,.T.);
#158 = VERTEX_POINT('',#159);
#159 = CARTESIAN_POINT('',(191.90278189882,-114.8589973169,-0.9));
#160 = LINE('',#161,#162);
#161 = CARTESIAN_POINT('',(191.88125,-114.3199647649,-0.9));
#162 = VECTOR('',#163,1.);
#163 = DIRECTION('',(3.991362062869E-02,-0.999203133946,0.));
#164 = ORIENTED_EDGE('',*,*,#165,.T.);
#165 = EDGE_CURVE('',#158,#166,#168,.T.);
#166 = VERTEX_POINT('',#167);
#167 = CARTESIAN_POINT('',(191.9688750098,-115.3920610522,-0.9));
#168 = LINE('',#169,#170);
#169 = CARTESIAN_POINT('',(191.90278189882,-114.8589973169,-0.9));
#170 = VECTOR('',#171,1.);
#171 = DIRECTION('',(0.123045089089,-0.992401081242,0.));
#172 = ORIENTED_EDGE('',*,*,#173,.T.);
#173 = EDGE_CURVE('',#166,#174,#176,.T.);
#174 = VERTEX_POINT('',#175);
#175 = CARTESIAN_POINT('',(192.0772806919,-115.8990015515,-0.9));
#176 = LINE('',#177,#178);
#177 = CARTESIAN_POINT('',(191.9688750098,-115.3920610522,-0.9));
#178 = VECTOR('',#179,1.);
#179 = DIRECTION('',(0.209115159183,-0.977891021638,0.));
#180 = ORIENTED_EDGE('',*,*,#181,.T.);
#181 = EDGE_CURVE('',#174,#182,#184,.T.);
#182 = VERTEX_POINT('',#183);
#183 = CARTESIAN_POINT('',(192.22638768195,-116.3786170308,-0.9));
#184 = LINE('',#185,#186);
#185 = CARTESIAN_POINT('',(192.0772806919,-115.8990015515,-0.9));
#186 = VECTOR('',#187,1.);
#187 = DIRECTION('',(0.296872827264,-0.954917024894,0.));
#188 = ORIENTED_EDGE('',*,*,#189,.T.);
#189 = EDGE_CURVE('',#182,#190,#192,.T.);
#190 = VERTEX_POINT('',#191);
#191 = CARTESIAN_POINT('',(192.4141446329,-116.8288808532,-0.9));
#192 = LINE('',#193,#194);
#193 = CARTESIAN_POINT('',(192.22638768195,-116.3786170308,-0.9));
#194 = VECTOR('',#195,1.);
#195 = DIRECTION('',(0.384872165152,-0.922969889266,0.));
#196 = ORIENTED_EDGE('',*,*,#197,.T.);
#197 = EDGE_CURVE('',#190,#198,#200,.T.);
#198 = VERTEX_POINT('',#199);
#199 = CARTESIAN_POINT('',(192.63761376911,-117.2467112304,-0.9));
#200 = LINE('',#201,#202);
#201 = CARTESIAN_POINT('',(192.4141446329,-116.8288808532,-0.9));
#202 = VECTOR('',#203,1.);
#203 = DIRECTION('',(0.47161691914,-0.881803539107,0.));
#204 = ORIENTED_EDGE('',*,*,#205,.T.);
#205 = EDGE_CURVE('',#198,#206,#208,.T.);
#206 = VERTEX_POINT('',#207);
#207 = CARTESIAN_POINT('',(192.89209640264,-117.6274344565,-0.9));
#208 = LINE('',#209,#210);
#209 = CARTESIAN_POINT('',(192.63761376911,-117.2467112304,-0.9));
#210 = VECTOR('',#211,1.);
#211 = DIRECTION('',(0.555708370418,-0.831377295244,0.));
#212 = ORIENTED_EDGE('',*,*,#213,.T.);
#213 = EDGE_CURVE('',#206,#214,#216,.T.);
#214 = VERTEX_POINT('',#215);
#215 = CARTESIAN_POINT('',(193.16901582154,-117.9634282274,-0.9));
#216 = LINE('',#217,#218);
#217 = CARTESIAN_POINT('',(192.89209640264,-117.6274344565,-0.9));
#218 = VECTOR('',#219,1.);
#219 = DIRECTION('',(0.636006463372,-0.771683729613,0.));
#220 = ORIENTED_EDGE('',*,*,#221,.T.);
#221 = EDGE_CURVE('',#214,#222,#224,.T.);
#222 = VERTEX_POINT('',#223);
#223 = CARTESIAN_POINT('',(193.4479922493,-118.2387543492,-0.9));
#224 = LINE('',#225,#226);
#225 = CARTESIAN_POINT('',(193.16901582154,-117.9634282274,-0.9));
#226 = VECTOR('',#227,1.);
#227 = DIRECTION('',(0.711747931417,-0.702434966473,0.));
#228 = ORIENTED_EDGE('',*,*,#229,.T.);
#229 = EDGE_CURVE('',#222,#230,#232,.T.);
#230 = VERTEX_POINT('',#231);
#231 = CARTESIAN_POINT('',(193.67506283431,-118.4207499623,-0.9));
#232 = LINE('',#233,#234);
#233 = CARTESIAN_POINT('',(193.4479922493,-118.2387543492,-0.9));
#234 = VECTOR('',#235,1.);
#235 = DIRECTION('',(0.780299983687,-0.625405416876,0.));
#236 = ORIENTED_EDGE('',*,*,#237,.T.);
#237 = EDGE_CURVE('',#230,#238,#240,.T.);
#238 = VERTEX_POINT('',#239);
#239 = CARTESIAN_POINT('',(203.37775253604,-124.3225610192,-0.9));
#240 = LINE('',#241,#242);
#241 = CARTESIAN_POINT('',(193.67506283431,-118.4207499623,-0.9));
#242 = VECTOR('',#243,1.);
#243 = DIRECTION('',(0.854361750204,-0.519678746716,0.));
#244 = ORIENTED_EDGE('',*,*,#245,.F.);
#245 = EDGE_CURVE('',#246,#238,#248,.T.);
#246 = VERTEX_POINT('',#247);
#247 = CARTESIAN_POINT('',(203.89190584529,-126.2143000326,-0.9));
#248 = CIRCLE('',#249,1.381252591028);
#249 = AXIS2_PLACEMENT_3D('',#250,#251,#252);
#250 = CARTESIAN_POINT('',(202.69570610313,-125.52367358,-0.9));
#251 = DIRECTION('',(0.,-0.,1.));
#252 = DIRECTION('',(0.500001932325,0.866024288153,0.));
#253 = ORIENTED_EDGE('',*,*,#254,.T.);
#254 = EDGE_CURVE('',#246,#255,#257,.T.);
#255 = VERTEX_POINT('',#256);
#256 = CARTESIAN_POINT('',(184.84189839804,-159.2098708072,-0.9));
#257 = LINE('',#258,#259);
#258 = CARTESIAN_POINT('',(203.89190584529,-126.2143000326,-0.9));
#259 = VECTOR('',#260,1.);
#260 = DIRECTION('',(-0.500000113749,-0.866025338111,0.));
#261 = ORIENTED_EDGE('',*,*,#262,.F.);
#262 = EDGE_CURVE('',#263,#255,#265,.T.);
#263 = VERTEX_POINT('',#264);
#264 = CARTESIAN_POINT('',(182.96895554509,-159.7233502945,-0.9));
#265 = CIRCLE('',#266,1.381250259068);
#266 = AXIS2_PLACEMENT_3D('',#267,#268,#269);
#267 = CARTESIAN_POINT('',(183.64570067542,-158.5192455206,-0.9));
#268 = DIRECTION('',(-0.,0.,1.));
#269 = DIRECTION('',(0.866026288806,-0.499998467095,0.));
#270 = ORIENTED_EDGE('',*,*,#271,.T.);
#271 = EDGE_CURVE('',#263,#272,#274,.T.);
#272 = VERTEX_POINT('',#273);
#273 = CARTESIAN_POINT('',(168.52390858787,-151.835104807,-0.9));
#274 = CIRCLE('',#275,135.8148020984);
#275 = AXIS2_PLACEMENT_3D('',#276,#277,#278);
#276 = CARTESIAN_POINT('',(110.77277508551,-274.7597445186,-0.9));
#277 = DIRECTION('',(0.,0.,1.));
#278 = DIRECTION('',(1.,0.,0.));
#279 = ORIENTED_EDGE('',*,*,#280,.T.);
#280 = EDGE_CURVE('',#272,#281,#283,.T.);
#281 = VERTEX_POINT('',#282);
#282 = CARTESIAN_POINT('',(151.80221618759,-145.7731523941,-0.9));
#283 = CIRCLE('',#284,97.846989070694);
#284 = AXIS2_PLACEMENT_3D('',#285,#286,#287);
#285 = CARTESIAN_POINT('',(126.95325477459,-240.4122689733,-0.9));
#286 = DIRECTION('',(0.,0.,1.));
#287 = DIRECTION('',(1.,0.,0.));
#288 = ORIENTED_EDGE('',*,*,#289,.T.);
#289 = EDGE_CURVE('',#281,#290,#292,.T.);
#290 = VERTEX_POINT('',#291);
#291 = CARTESIAN_POINT('',(129.77415737247,-143.0656193011,-0.9));
#292 = CIRCLE('',#293,84.665606478227);
#293 = AXIS2_PLACEMENT_3D('',#294,#295,#296);
#294 = CARTESIAN_POINT('',(130.54852029876,-227.727684492,-0.9));
#295 = DIRECTION('',(0.,0.,1.));
#296 = DIRECTION('',(1.,0.,0.));
#297 = ORIENTED_EDGE('',*,*,#298,.F.);
#298 = EDGE_CURVE('',#299,#290,#301,.T.);
#299 = VERTEX_POINT('',#300);
#300 = CARTESIAN_POINT('',(128.39687499999,-141.6843749224,-0.9));
#301 = CIRCLE('',#302,1.381250077504);
#302 = AXIS2_PLACEMENT_3D('',#303,#304,#305);
#303 = CARTESIAN_POINT('',(129.7781250775,-141.6843749224,-0.9));
#304 = DIRECTION('',(0.,0.,1.));
#305 = DIRECTION('',(-3.254771097083E-08,-1.,0.));
#306 = ORIENTED_EDGE('',*,*,#307,.T.);
#307 = EDGE_CURVE('',#299,#308,#310,.T.);
#308 = VERTEX_POINT('',#309);
#309 = CARTESIAN_POINT('',(128.39687499999,-132.1593750775,-0.9));
#310 = LINE('',#311,#312);
#311 = CARTESIAN_POINT('',(128.39687499999,-141.6843749224,-0.9));
#312 = VECTOR('',#313,1.);
#313 = DIRECTION('',(-2.118573650832E-13,1.,0.));
#314 = ORIENTED_EDGE('',*,*,#315,.T.);
#315 = EDGE_CURVE('',#308,#316,#318,.T.);
#316 = VERTEX_POINT('',#317);
#317 = CARTESIAN_POINT('',(125.01562492249,-128.7781249999,-0.9));
#318 = CIRCLE('',#319,3.381250077504);
#319 = AXIS2_PLACEMENT_3D('',#320,#321,#322);
#320 = CARTESIAN_POINT('',(125.01562492249,-132.1593750775,-0.9));
#321 = DIRECTION('',(0.,-0.,1.));
#322 = DIRECTION('',(1.,3.25476991E-08,0.));
#323 = ORIENTED_EDGE('',*,*,#324,.T.);
#324 = EDGE_CURVE('',#316,#325,#327,.T.);
#325 = VERTEX_POINT('',#326);
#326 = CARTESIAN_POINT('',(57.150000077504,-128.7781249999,-0.9));
#327 = LINE('',#328,#329);
#328 = CARTESIAN_POINT('',(125.01562492249,-128.7781249999,-0.9));
#329 = VECTOR('',#330,1.);
#330 = DIRECTION('',(-1.,1.355217047318E-12,0.));
#331 = ORIENTED_EDGE('',*,*,#332,.F.);
#332 = EDGE_CURVE('',#333,#325,#335,.T.);
#333 = VERTEX_POINT('',#334);
#334 = CARTESIAN_POINT('',(55.76875,-127.3968749224,-0.9));
#335 = CIRCLE('',#336,1.381250077504);
#336 = AXIS2_PLACEMENT_3D('',#337,#338,#339);
#337 = CARTESIAN_POINT('',(57.150000077504,-127.3968749224,-0.9));
#338 = DIRECTION('',(0.,0.,1.));
#339 = DIRECTION('',(-3.254771696604E-08,-1.,0.));
#340 = ORIENTED_EDGE('',*,*,#341,.T.);
#341 = EDGE_CURVE('',#333,#342,#344,.T.);
#342 = VERTEX_POINT('',#343);
#343 = CARTESIAN_POINT('',(55.76875,-47.6250000775,-0.9));
#344 = LINE('',#345,#346);
#345 = CARTESIAN_POINT('',(55.76875,-127.3968749224,-0.9));
#346 = VECTOR('',#347,1.);
#347 = DIRECTION('',(0.,1.,0.));
#348 = ORIENTED_EDGE('',*,*,#349,.F.);
#349 = EDGE_CURVE('',#350,#342,#352,.T.);
#350 = VERTEX_POINT('',#351);
#351 = CARTESIAN_POINT('',(57.150000077504,-46.24374999999,-0.9));
#352 = CIRCLE('',#353,1.381250077504);
#353 = AXIS2_PLACEMENT_3D('',#354,#355,#356);
#354 = CARTESIAN_POINT('',(57.150000077504,-47.6250000775,-0.9));
#355 = DIRECTION('',(0.,0.,1.));
#356 = DIRECTION('',(-1.,3.25477170885E-08,0.));
#357 = ORIENTED_EDGE('',*,*,#358,.T.);
#358 = EDGE_CURVE('',#350,#359,#361,.T.);
#359 = VERTEX_POINT('',#360);
#360 = CARTESIAN_POINT('',(89.296874922496,-46.24374999999,-0.9));
#361 = LINE('',#362,#363);
#362 = CARTESIAN_POINT('',(57.150000077504,-46.24374999999,-0.9));
#363 = VECTOR('',#364,1.);
#364 = DIRECTION('',(1.,6.233049167315E-14,0.));
#365 = ORIENTED_EDGE('',*,*,#366,.T.);
#366 = EDGE_CURVE('',#359,#367,#369,.T.);
#367 = VERTEX_POINT('',#368);
#368 = CARTESIAN_POINT('',(92.678124488749,-42.86435931346,-0.9));
#369 = CIRCLE('',#370,3.381250077504);
#370 = AXIS2_PLACEMENT_3D('',#371,#372,#373);
#371 = CARTESIAN_POINT('',(89.296874922496,-42.86249992249,-0.9));
#372 = DIRECTION('',(-0.,0.,1.));
#373 = DIRECTION('',(3.254771463457E-08,-1.,0.));
#374 = ORIENTED_EDGE('',*,*,#375,.T.);
#375 = EDGE_CURVE('',#367,#376,#378,.T.);
#376 = VERTEX_POINT('',#377);
#377 = CARTESIAN_POINT('',(92.696796792555,-37.40402604221,-0.9));
#378 = LINE('',#379,#380);
#379 = CARTESIAN_POINT('',(92.678124488749,-42.86435931346,-0.9));
#380 = VECTOR('',#381,1.);
#381 = DIRECTION('',(3.41960713814E-03,0.999994153126,0.));
#382 = ORIENTED_EDGE('',*,*,#383,.F.);
#383 = EDGE_CURVE('',#384,#376,#386,.T.);
#384 = VERTEX_POINT('',#385);
#385 = CARTESIAN_POINT('',(94.078044370398,-36.02129799999,-0.9));
#386 = CIRCLE('',#387,1.381248370398);
#387 = AXIS2_PLACEMENT_3D('',#388,#389,#390);
#388 = CARTESIAN_POINT('',(94.078044370398,-37.40254637039,-0.9));
#389 = DIRECTION('',(0.,0.,1.));
#390 = DIRECTION('',(-1.,-6.843476888621E-07,0.));
#391 = ORIENTED_EDGE('',*,*,#392,.F.);
#392 = EDGE_CURVE('',#393,#384,#395,.T.);
#393 = VERTEX_POINT('',#394);
#394 = CARTESIAN_POINT('',(154.17114299999,-36.02129799999,-0.9));
#395 = LINE('',#396,#397);
#396 = CARTESIAN_POINT('',(171.5937516296,-36.021298,-0.9));
#397 = VECTOR('',#398,1.);
#398 = DIRECTION('',(-1.,1.000974763548E-13,0.));
#399 = ORIENTED_EDGE('',*,*,#400,.F.);
#400 = EDGE_CURVE('',#401,#393,#403,.T.);
#401 = VERTEX_POINT('',#402);
#402 = CARTESIAN_POINT('',(154.17114299999,-35.02129799999,-0.9));
#403 = LINE('',#404,#405);
#404 = CARTESIAN_POINT('',(154.17114299999,-64.40075451966,-0.9));
#405 = VECTOR('',#406,1.);
#406 = DIRECTION('',(-9.908916924758E-14,-1.,0.));
#407 = ORIENTED_EDGE('',*,*,#408,.T.);
#408 = EDGE_CURVE('',#401,#409,#411,.T.);
#409 = VERTEX_POINT('',#410);
#410 = CARTESIAN_POINT('',(94.078045,-35.02129799999,-0.9));
#411 = LINE('',#412,#413);
#412 = CARTESIAN_POINT('',(171.5937516296,-35.021298,-0.9));
#413 = VECTOR('',#414,1.);
#414 = DIRECTION('',(-1.,9.908916924758E-14,0.));
#415 = ORIENTED_EDGE('',*,*,#416,.F.);
#416 = EDGE_CURVE('',#417,#409,#419,.T.);
#417 = VERTEX_POINT('',#418);
#418 = CARTESIAN_POINT('',(91.696796,-37.40254799999,-0.9));
#419 = CIRCLE('',#420,2.381248370398);
#420 = AXIS2_PLACEMENT_3D('',#421,#422,#423);
#421 = CARTESIAN_POINT('',(94.078044370398,-37.40254637039,-0.9));
#422 = DIRECTION('',(0.,0.,-1.));
#423 = DIRECTION('',(-1.,-6.8434768883E-07,-0.));
#424 = ORIENTED_EDGE('',*,*,#425,.F.);
#425 = EDGE_CURVE('',#426,#417,#428,.T.);
#426 = VERTEX_POINT('',#427);
#427 = CARTESIAN_POINT('',(91.678125,-42.8625,-0.9));
#428 = LINE('',#429,#430);
#429 = CARTESIAN_POINT('',(91.678125,-42.8625,-0.9));
#430 = VECTOR('',#431,1.);
#431 = DIRECTION('',(3.41960713813E-03,0.999994153126,0.));
#432 = ORIENTED_EDGE('',*,*,#433,.F.);
#433 = EDGE_CURVE('',#434,#426,#436,.T.);
#434 = VERTEX_POINT('',#435);
#435 = CARTESIAN_POINT('',(89.296875,-45.24374999999,-0.9));
#436 = CIRCLE('',#437,2.381250077504);
#437 = AXIS2_PLACEMENT_3D('',#438,#439,#440);
#438 = CARTESIAN_POINT('',(89.296874922496,-42.86249992249,-0.9));
#439 = DIRECTION('',(-0.,0.,1.));
#440 = DIRECTION('',(3.254771105E-08,-1.,0.));
#441 = ORIENTED_EDGE('',*,*,#442,.F.);
#442 = EDGE_CURVE('',#443,#434,#445,.T.);
#443 = VERTEX_POINT('',#444);
#444 = CARTESIAN_POINT('',(57.15,-45.24374999999,-0.9));
#445 = LINE('',#446,#447);
#446 = CARTESIAN_POINT('',(57.15,-45.24375,-0.9));
#447 = VECTOR('',#448,1.);
#448 = DIRECTION('',(1.,0.,0.));
#449 = ORIENTED_EDGE('',*,*,#450,.F.);
#450 = EDGE_CURVE('',#451,#443,#453,.T.);
#451 = VERTEX_POINT('',#452);
#452 = CARTESIAN_POINT('',(54.76875,-47.62499999999,-0.9));
#453 = CIRCLE('',#454,2.381250077504);
#454 = AXIS2_PLACEMENT_3D('',#455,#456,#457);
#455 = CARTESIAN_POINT('',(57.150000077504,-47.6250000775,-0.9));
#456 = DIRECTION('',(0.,0.,-1.));
#457 = DIRECTION('',(-1.,3.254771702E-08,0.));
#458 = ORIENTED_EDGE('',*,*,#459,.F.);
#459 = EDGE_CURVE('',#460,#451,#462,.T.);
#460 = VERTEX_POINT('',#461);
#461 = CARTESIAN_POINT('',(54.76875,-127.396875,-0.9));
#462 = LINE('',#463,#464);
#463 = CARTESIAN_POINT('',(54.76875,-127.396875,-0.9));
#464 = VECTOR('',#465,1.);
#465 = DIRECTION('',(0.,1.,0.));
#466 = ORIENTED_EDGE('',*,*,#467,.F.);
#467 = EDGE_CURVE('',#468,#460,#470,.T.);
#468 = VERTEX_POINT('',#469);
#469 = CARTESIAN_POINT('',(57.15,-129.7781249999,-0.9));
#470 = CIRCLE('',#471,2.381250077504);
#471 = AXIS2_PLACEMENT_3D('',#472,#473,#474);
#472 = CARTESIAN_POINT('',(57.150000077504,-127.3968749224,-0.9));
#473 = DIRECTION('',(0.,0.,-1.));
#474 = DIRECTION('',(-3.254771702E-08,-1.,-0.));
#475 = ORIENTED_EDGE('',*,*,#476,.F.);
#476 = EDGE_CURVE('',#477,#468,#479,.T.);
#477 = VERTEX_POINT('',#478);
#478 = CARTESIAN_POINT('',(125.015625,-129.7781249999,-0.9));
#479 = LINE('',#480,#481);
#480 = CARTESIAN_POINT('',(125.015625,-129.778125,-0.9));
#481 = VECTOR('',#482,1.);
#482 = DIRECTION('',(-1.,0.,0.));
#483 = ORIENTED_EDGE('',*,*,#484,.F.);
#484 = EDGE_CURVE('',#485,#477,#487,.T.);
#485 = VERTEX_POINT('',#486);
#486 = CARTESIAN_POINT('',(127.39687499999,-132.1593749999,-0.9));
#487 = CIRCLE('',#488,2.381250077504);
#488 = AXIS2_PLACEMENT_3D('',#489,#490,#491);
#489 = CARTESIAN_POINT('',(125.01562492249,-132.1593750775,-0.9));
#490 = DIRECTION('',(0.,-0.,1.));
#491 = DIRECTION('',(1.,3.254769912E-08,0.));
#492 = ORIENTED_EDGE('',*,*,#493,.F.);
#493 = EDGE_CURVE('',#494,#485,#496,.T.);
#494 = VERTEX_POINT('',#495);
#495 = CARTESIAN_POINT('',(127.39687499999,-141.684375,-0.9));
#496 = LINE('',#497,#498);
#497 = CARTESIAN_POINT('',(127.396875,-141.684375,-0.9));
#498 = VECTOR('',#499,1.);
#499 = DIRECTION('',(0.,1.,0.));
#500 = ORIENTED_EDGE('',*,*,#501,.F.);
#501 = EDGE_CURVE('',#502,#494,#504,.T.);
#502 = VERTEX_POINT('',#503);
#503 = CARTESIAN_POINT('',(129.77812499999,-144.0656249999,-0.9));
#504 = CIRCLE('',#505,2.381250077504);
#505 = AXIS2_PLACEMENT_3D('',#506,#507,#508);
#506 = CARTESIAN_POINT('',(129.7781250775,-141.6843749224,-0.9));
#507 = DIRECTION('',(0.,0.,-1.));
#508 = DIRECTION('',(-3.254771105E-08,-1.,-0.));
#509 = ORIENTED_EDGE('',*,*,#510,.F.);
#510 = EDGE_CURVE('',#511,#502,#513,.T.);
#511 = VERTEX_POINT('',#512);
#512 = CARTESIAN_POINT('',(151.549722,-146.740752,-0.9));
#513 = CIRCLE('',#514,83.665606478227);
#514 = AXIS2_PLACEMENT_3D('',#515,#516,#517);
#515 = CARTESIAN_POINT('',(130.54852029876,-227.727684492,-0.9));
#516 = DIRECTION('',(0.,0.,1.));
#517 = DIRECTION('',(1.,0.,0.));
#518 = ORIENTED_EDGE('',*,*,#519,.F.);
#519 = EDGE_CURVE('',#520,#511,#522,.T.);
#520 = VERTEX_POINT('',#521);
#521 = CARTESIAN_POINT('',(168.098872,-152.740281,-0.9));
#522 = CIRCLE('',#523,96.846989070694);
#523 = AXIS2_PLACEMENT_3D('',#524,#525,#526);
#524 = CARTESIAN_POINT('',(126.95325477459,-240.4122689733,-0.9));
#525 = DIRECTION('',(0.,0.,1.));
#526 = DIRECTION('',(1.,0.,0.));
#527 = ORIENTED_EDGE('',*,*,#528,.F.);
#528 = EDGE_CURVE('',#529,#520,#531,.T.);
#529 = VERTEX_POINT('',#530);
#530 = CARTESIAN_POINT('',(182.45507600003,-160.5814689999,-0.9));
#531 = CIRCLE('',#532,134.8148020984);
#532 = AXIS2_PLACEMENT_3D('',#533,#534,#535);
#533 = CARTESIAN_POINT('',(110.77277508551,-274.7597445186,-0.9));
#534 = DIRECTION('',(0.,0.,1.));
#535 = DIRECTION('',(1.,0.,0.));
#536 = ORIENTED_EDGE('',*,*,#537,.F.);
#537 = EDGE_CURVE('',#538,#529,#540,.T.);
#538 = VERTEX_POINT('',#539);
#539 = CARTESIAN_POINT('',(185.70792599999,-159.7098669999,-0.9));
#540 = CIRCLE('',#541,2.381250259068);
#541 = AXIS2_PLACEMENT_3D('',#542,#543,#544);
#542 = CARTESIAN_POINT('',(183.64570067542,-158.5192455206,-0.9));
#543 = DIRECTION('',(0.,-0.,-1.));
#544 = DIRECTION('',(0.866026288806,-0.499998467095,0.));
#545 = ORIENTED_EDGE('',*,*,#546,.F.);
#546 = EDGE_CURVE('',#547,#538,#549,.T.);
#547 = VERTEX_POINT('',#548);
#548 = CARTESIAN_POINT('',(204.75793299998,-126.7142969999,-0.9));
#549 = LINE('',#550,#551);
#550 = CARTESIAN_POINT('',(204.757933,-126.714297,-0.9));
#551 = VECTOR('',#552,1.);
#552 = DIRECTION('',(-0.500000113749,-0.866025338112,0.));
#553 = ORIENTED_EDGE('',*,*,#554,.F.);
#554 = EDGE_CURVE('',#555,#547,#557,.T.);
#555 = VERTEX_POINT('',#556);
#556 = CARTESIAN_POINT('',(203.88633699999,-123.4614509999,-0.9));
#557 = CIRCLE('',#558,2.381252591028);
#558 = AXIS2_PLACEMENT_3D('',#559,#560,#561);
#559 = CARTESIAN_POINT('',(202.69570610313,-125.52367358,-0.9));
#560 = DIRECTION('',(0.,0.,-1.));
#561 = DIRECTION('',(0.500001932325,0.866024288153,0.));
#562 = ORIENTED_EDGE('',*,*,#563,.F.);
#563 = EDGE_CURVE('',#564,#555,#566,.T.);
#564 = VERTEX_POINT('',#565);
#565 = CARTESIAN_POINT('',(194.25,-117.6,-0.9));
#566 = LINE('',#567,#568);
#567 = CARTESIAN_POINT('',(194.25,-117.6,-0.9));
#568 = VECTOR('',#569,1.);
#569 = DIRECTION('',(0.854361750204,-0.519678746716,0.));
#570 = ORIENTED_EDGE('',*,*,#571,.F.);
#571 = EDGE_CURVE('',#572,#564,#574,.T.);
#572 = VERTEX_POINT('',#573);
#573 = CARTESIAN_POINT('',(194.113682,-117.490742,-0.9));
#574 = LINE('',#575,#576);
#575 = CARTESIAN_POINT('',(194.113682,-117.490742,-0.9));
#576 = VECTOR('',#577,1.);
#577 = DIRECTION('',(0.780299983687,-0.625405416876,0.));
#578 = ORIENTED_EDGE('',*,*,#579,.F.);
#579 = EDGE_CURVE('',#580,#572,#582,.T.);
#580 = VERTEX_POINT('',#581);
#581 = CARTESIAN_POINT('',(193.908021,-117.287772,-0.9));
#582 = LINE('',#583,#584);
#583 = CARTESIAN_POINT('',(193.908021,-117.287772,-0.9));
#584 = VECTOR('',#585,1.);
#585 = DIRECTION('',(0.711747931417,-0.702434966473,0.));
#586 = ORIENTED_EDGE('',*,*,#587,.F.);
#587 = EDGE_CURVE('',#588,#580,#590,.T.);
#588 = VERTEX_POINT('',#589);
#589 = CARTESIAN_POINT('',(193.695638,-117.030082,-0.9));
#590 = LINE('',#591,#592);
#591 = CARTESIAN_POINT('',(193.695638,-117.030082,-0.9));
#592 = VECTOR('',#593,1.);
#593 = DIRECTION('',(0.636006463372,-0.771683729613,0.));
#594 = ORIENTED_EDGE('',*,*,#595,.F.);
#595 = EDGE_CURVE('',#596,#588,#598,.T.);
#596 = VERTEX_POINT('',#597);
#597 = CARTESIAN_POINT('',(193.496268,-116.731811,-0.9));
#598 = LINE('',#599,#600);
#599 = CARTESIAN_POINT('',(193.496268,-116.731811,-0.9));
#600 = VECTOR('',#601,1.);
#601 = DIRECTION('',(0.555708370418,-0.831377295244,0.));
#602 = ORIENTED_EDGE('',*,*,#603,.F.);
#603 = EDGE_CURVE('',#604,#596,#606,.T.);
#604 = VERTEX_POINT('',#605);
#605 = CARTESIAN_POINT('',(193.318616,-116.399647,-0.9));
#606 = LINE('',#607,#608);
#607 = CARTESIAN_POINT('',(193.318616,-116.399647,-0.9));
#608 = VECTOR('',#609,1.);
#609 = DIRECTION('',(0.47161691914,-0.881803539106,0.));
#610 = ORIENTED_EDGE('',*,*,#611,.F.);
#611 = EDGE_CURVE('',#612,#604,#614,.T.);
#612 = VERTEX_POINT('',#613);
#613 = CARTESIAN_POINT('',(193.167393,-116.036996,-0.9));
#614 = LINE('',#615,#616);
#615 = CARTESIAN_POINT('',(193.167393,-116.036996,-0.9));
#616 = VECTOR('',#617,1.);
#617 = DIRECTION('',(0.384872165152,-0.922969889266,0.));
#618 = ORIENTED_EDGE('',*,*,#619,.F.);
#619 = EDGE_CURVE('',#620,#612,#622,.T.);
#620 = VERTEX_POINT('',#621);
#621 = CARTESIAN_POINT('',(193.045677,-115.645486,-0.9));
#622 = LINE('',#623,#624);
#623 = CARTESIAN_POINT('',(193.045677,-115.645486,-0.9));
#624 = VECTOR('',#625,1.);
#625 = DIRECTION('',(0.296872827264,-0.954917024894,0.));
#626 = ORIENTED_EDGE('',*,*,#627,.F.);
#627 = EDGE_CURVE('',#628,#620,#630,.T.);
#628 = VERTEX_POINT('',#629);
#629 = CARTESIAN_POINT('',(192.955901,-115.225664,-0.9));
#630 = LINE('',#631,#632);
#631 = CARTESIAN_POINT('',(192.955901,-115.225664,-0.9));
#632 = VECTOR('',#633,1.);
#633 = DIRECTION('',(0.209115159183,-0.977891021638,0.));
#634 = ORIENTED_EDGE('',*,*,#635,.F.);
#635 = EDGE_CURVE('',#24,#628,#636,.T.);
#636 = LINE('',#637,#638);
#637 = CARTESIAN_POINT('',(192.900319,-114.777376,-0.9));
#638 = VECTOR('',#639,1.);
#639 = DIRECTION('',(0.123045089089,-0.992401081242,0.));
#640 = PLANE('',#641);
#641 = AXIS2_PLACEMENT_3D('',#642,#643,#644);
#642 = CARTESIAN_POINT('',(127.96054435707,-93.78021103933,-0.9));
#643 = DIRECTION('',(0.,0.,1.));
#644 = DIRECTION('',(1.,0.,0.));
#645 = ADVANCED_FACE('',(#646),#671,.T.);
#646 = FACE_BOUND('',#647,.T.);
#647 = EDGE_LOOP('',(#648,#658,#664,#665));
#648 = ORIENTED_EDGE('',*,*,#649,.T.);
#649 = EDGE_CURVE('',#650,#652,#654,.T.);
#650 = VERTEX_POINT('',#651);
#651 = CARTESIAN_POINT('',(192.88125,-114.3,4.1));
#652 = VERTEX_POINT('',#653);
#653 = CARTESIAN_POINT('',(192.900319,-114.777376,4.1));
#654 = LINE('',#655,#656);
#655 = CARTESIAN_POINT('',(192.88125,-114.3,4.1));
#656 = VECTOR('',#657,1.);
#657 = DIRECTION('',(3.991362062866E-02,-0.999203133946,0.));
#658 = ORIENTED_EDGE('',*,*,#659,.T.);
#659 = EDGE_CURVE('',#652,#24,#660,.T.);
#660 = LINE('',#661,#662);
#661 = CARTESIAN_POINT('',(192.900319,-114.777376,4.1));
#662 = VECTOR('',#663,1.);
#663 = DIRECTION('',(-0.,-0.,-1.));
#664 = ORIENTED_EDGE('',*,*,#21,.F.);
#665 = ORIENTED_EDGE('',*,*,#666,.F.);
#666 = EDGE_CURVE('',#650,#22,#667,.T.);
#667 = LINE('',#668,#669);
#668 = CARTESIAN_POINT('',(192.88125,-114.3,4.1));
#669 = VECTOR('',#670,1.);
#670 = DIRECTION('',(-0.,-0.,-1.));
#671 = PLANE('',#672);
#672 = AXIS2_PLACEMENT_3D('',#673,#674,#675);
#673 = CARTESIAN_POINT('',(192.8907845,-114.538688,1.6));
#674 = DIRECTION('',(0.999203133946,3.991362062866E-02,0.));
#675 = DIRECTION('',(-3.991362062866E-02,0.999203133946,0.));
#676 = ADVANCED_FACE('',(#677),#695,.T.);
#677 = FACE_BOUND('',#678,.T.);
#678 = EDGE_LOOP('',(#679,#680,#688,#694));
#679 = ORIENTED_EDGE('',*,*,#659,.F.);
#680 = ORIENTED_EDGE('',*,*,#681,.T.);
#681 = EDGE_CURVE('',#652,#682,#684,.T.);
#682 = VERTEX_POINT('',#683);
#683 = CARTESIAN_POINT('',(192.955901,-115.225664,4.1));
#684 = LINE('',#685,#686);
#685 = CARTESIAN_POINT('',(192.900319,-114.777376,4.1));
#686 = VECTOR('',#687,1.);
#687 = DIRECTION('',(0.123045089089,-0.992401081242,0.));
#688 = ORIENTED_EDGE('',*,*,#689,.T.);
#689 = EDGE_CURVE('',#682,#628,#690,.T.);
#690 = LINE('',#691,#692);
#691 = CARTESIAN_POINT('',(192.955901,-115.225664,4.1));
#692 = VECTOR('',#693,1.);
#693 = DIRECTION('',(-0.,-0.,-1.));
#694 = ORIENTED_EDGE('',*,*,#635,.F.);
#695 = PLANE('',#696);
#696 = AXIS2_PLACEMENT_3D('',#697,#698,#699);
#697 = CARTESIAN_POINT('',(192.92811,-115.00152,1.6));
#698 = DIRECTION('',(0.992401081242,0.123045089089,0.));
#699 = DIRECTION('',(-0.123045089089,0.992401081242,0.));
#700 = ADVANCED_FACE('',(#701),#719,.T.);
#701 = FACE_BOUND('',#702,.T.);
#702 = EDGE_LOOP('',(#703,#704,#712,#718));
#703 = ORIENTED_EDGE('',*,*,#689,.F.);
#704 = ORIENTED_EDGE('',*,*,#705,.T.);
#705 = EDGE_CURVE('',#682,#706,#708,.T.);
#706 = VERTEX_POINT('',#707);
#707 = CARTESIAN_POINT('',(193.045677,-115.645486,4.1));
#708 = LINE('',#709,#710);
#709 = CARTESIAN_POINT('',(192.955901,-115.225664,4.1));
#710 = VECTOR('',#711,1.);
#711 = DIRECTION('',(0.209115159183,-0.977891021638,0.));
#712 = ORIENTED_EDGE('',*,*,#713,.T.);
#713 = EDGE_CURVE('',#706,#620,#714,.T.);
#714 = LINE('',#715,#716);
#715 = CARTESIAN_POINT('',(193.045677,-115.645486,4.1));
#716 = VECTOR('',#717,1.);
#717 = DIRECTION('',(-0.,-0.,-1.));
#718 = ORIENTED_EDGE('',*,*,#627,.F.);
#719 = PLANE('',#720);
#720 = AXIS2_PLACEMENT_3D('',#721,#722,#723);
#721 = CARTESIAN_POINT('',(193.000789,-115.435575,1.6));
#722 = DIRECTION('',(0.977891021638,0.209115159183,0.));
#723 = DIRECTION('',(-0.209115159183,0.977891021638,0.));
#724 = ADVANCED_FACE('',(#725),#743,.T.);
#725 = FACE_BOUND('',#726,.T.);
#726 = EDGE_LOOP('',(#727,#728,#736,#742));
#727 = ORIENTED_EDGE('',*,*,#713,.F.);
#728 = ORIENTED_EDGE('',*,*,#729,.T.);
#729 = EDGE_CURVE('',#706,#730,#732,.T.);
#730 = VERTEX_POINT('',#731);
#731 = CARTESIAN_POINT('',(193.167393,-116.036996,4.1));
#732 = LINE('',#733,#734);
#733 = CARTESIAN_POINT('',(193.045677,-115.645486,4.1));
#734 = VECTOR('',#735,1.);
#735 = DIRECTION('',(0.296872827264,-0.954917024894,0.));
#736 = ORIENTED_EDGE('',*,*,#737,.T.);
#737 = EDGE_CURVE('',#730,#612,#738,.T.);
#738 = LINE('',#739,#740);
#739 = CARTESIAN_POINT('',(193.167393,-116.036996,4.1));
#740 = VECTOR('',#741,1.);
#741 = DIRECTION('',(-0.,-0.,-1.));
#742 = ORIENTED_EDGE('',*,*,#619,.F.);
#743 = PLANE('',#744);
#744 = AXIS2_PLACEMENT_3D('',#745,#746,#747);
#745 = CARTESIAN_POINT('',(193.106535,-115.841241,1.6));
#746 = DIRECTION('',(0.954917024894,0.296872827264,0.));
#747 = DIRECTION('',(-0.296872827264,0.954917024894,0.));
#748 = ADVANCED_FACE('',(#749),#767,.T.);
#749 = FACE_BOUND('',#750,.T.);
#750 = EDGE_LOOP('',(#751,#752,#760,#766));
#751 = ORIENTED_EDGE('',*,*,#737,.F.);
#752 = ORIENTED_EDGE('',*,*,#753,.T.);
#753 = EDGE_CURVE('',#730,#754,#756,.T.);
#754 = VERTEX_POINT('',#755);
#755 = CARTESIAN_POINT('',(193.318616,-116.399647,4.1));
#756 = LINE('',#757,#758);
#757 = CARTESIAN_POINT('',(193.167393,-116.036996,4.1));
#758 = VECTOR('',#759,1.);
#759 = DIRECTION('',(0.384872165152,-0.922969889266,0.));
#760 = ORIENTED_EDGE('',*,*,#761,.T.);
#761 = EDGE_CURVE('',#754,#604,#762,.T.);
#762 = LINE('',#763,#764);
#763 = CARTESIAN_POINT('',(193.318616,-116.399647,4.1));
#764 = VECTOR('',#765,1.);
#765 = DIRECTION('',(-0.,-0.,-1.));
#766 = ORIENTED_EDGE('',*,*,#611,.F.);
#767 = PLANE('',#768);
#768 = AXIS2_PLACEMENT_3D('',#769,#770,#771);
#769 = CARTESIAN_POINT('',(193.2430045,-116.2183215,1.6));
#770 = DIRECTION('',(0.922969889266,0.384872165152,0.));
#771 = DIRECTION('',(-0.384872165152,0.922969889266,0.));
#772 = ADVANCED_FACE('',(#773),#791,.T.);
#773 = FACE_BOUND('',#774,.T.);
#774 = EDGE_LOOP('',(#775,#776,#784,#790));
#775 = ORIENTED_EDGE('',*,*,#761,.F.);
#776 = ORIENTED_EDGE('',*,*,#777,.T.);
#777 = EDGE_CURVE('',#754,#778,#780,.T.);
#778 = VERTEX_POINT('',#779);
#779 = CARTESIAN_POINT('',(193.496268,-116.731811,4.1));
#780 = LINE('',#781,#782);
#781 = CARTESIAN_POINT('',(193.318616,-116.399647,4.1));
#782 = VECTOR('',#783,1.);
#783 = DIRECTION('',(0.47161691914,-0.881803539106,0.));
#784 = ORIENTED_EDGE('',*,*,#785,.T.);
#785 = EDGE_CURVE('',#778,#596,#786,.T.);
#786 = LINE('',#787,#788);
#787 = CARTESIAN_POINT('',(193.496268,-116.731811,4.1));
#788 = VECTOR('',#789,1.);
#789 = DIRECTION('',(-0.,-0.,-1.));
#790 = ORIENTED_EDGE('',*,*,#603,.F.);
#791 = PLANE('',#792);
#792 = AXIS2_PLACEMENT_3D('',#793,#794,#795);
#793 = CARTESIAN_POINT('',(193.407442,-116.565729,1.6));
#794 = DIRECTION('',(0.881803539106,0.47161691914,0.));
#795 = DIRECTION('',(-0.47161691914,0.881803539106,0.));
#796 = ADVANCED_FACE('',(#797),#815,.T.);
#797 = FACE_BOUND('',#798,.T.);
#798 = EDGE_LOOP('',(#799,#800,#808,#814));
#799 = ORIENTED_EDGE('',*,*,#785,.F.);
#800 = ORIENTED_EDGE('',*,*,#801,.T.);
#801 = EDGE_CURVE('',#778,#802,#804,.T.);
#802 = VERTEX_POINT('',#803);
#803 = CARTESIAN_POINT('',(193.695638,-117.030082,4.1));
#804 = LINE('',#805,#806);
#805 = CARTESIAN_POINT('',(193.496268,-116.731811,4.1));
#806 = VECTOR('',#807,1.);
#807 = DIRECTION('',(0.555708370418,-0.831377295244,0.));
#808 = ORIENTED_EDGE('',*,*,#809,.T.);
#809 = EDGE_CURVE('',#802,#588,#810,.T.);
#810 = LINE('',#811,#812);
#811 = CARTESIAN_POINT('',(193.695638,-117.030082,4.1));
#812 = VECTOR('',#813,1.);
#813 = DIRECTION('',(-0.,-0.,-1.));
#814 = ORIENTED_EDGE('',*,*,#595,.F.);
#815 = PLANE('',#816);
#816 = AXIS2_PLACEMENT_3D('',#817,#818,#819);
#817 = CARTESIAN_POINT('',(193.595953,-116.8809465,1.6));
#818 = DIRECTION('',(0.831377295244,0.555708370418,0.));
#819 = DIRECTION('',(-0.555708370418,0.831377295244,0.));
#820 = ADVANCED_FACE('',(#821),#839,.T.);
#821 = FACE_BOUND('',#822,.T.);
#822 = EDGE_LOOP('',(#823,#824,#832,#838));
#823 = ORIENTED_EDGE('',*,*,#809,.F.);
#824 = ORIENTED_EDGE('',*,*,#825,.T.);
#825 = EDGE_CURVE('',#802,#826,#828,.T.);
#826 = VERTEX_POINT('',#827);
#827 = CARTESIAN_POINT('',(193.908021,-117.287772,4.1));
#828 = LINE('',#829,#830);
#829 = CARTESIAN_POINT('',(193.695638,-117.030082,4.1));
#830 = VECTOR('',#831,1.);
#831 = DIRECTION('',(0.636006463372,-0.771683729613,0.));
#832 = ORIENTED_EDGE('',*,*,#833,.T.);
#833 = EDGE_CURVE('',#826,#580,#834,.T.);
#834 = LINE('',#835,#836);
#835 = CARTESIAN_POINT('',(193.908021,-117.287772,4.1));
#836 = VECTOR('',#837,1.);
#837 = DIRECTION('',(-0.,-0.,-1.));
#838 = ORIENTED_EDGE('',*,*,#587,.F.);
#839 = PLANE('',#840);
#840 = AXIS2_PLACEMENT_3D('',#841,#842,#843);
#841 = CARTESIAN_POINT('',(193.8018295,-117.158927,1.6));
#842 = DIRECTION('',(0.771683729613,0.636006463372,0.));
#843 = DIRECTION('',(-0.636006463372,0.771683729613,0.));
#844 = ADVANCED_FACE('',(#845),#863,.T.);
#845 = FACE_BOUND('',#846,.T.);
#846 = EDGE_LOOP('',(#847,#848,#856,#862));
#847 = ORIENTED_EDGE('',*,*,#833,.F.);
#848 = ORIENTED_EDGE('',*,*,#849,.T.);
#849 = EDGE_CURVE('',#826,#850,#852,.T.);
#850 = VERTEX_POINT('',#851);
#851 = CARTESIAN_POINT('',(194.113682,-117.490742,4.1));
#852 = LINE('',#853,#854);
#853 = CARTESIAN_POINT('',(193.908021,-117.287772,4.1));
#854 = VECTOR('',#855,1.);
#855 = DIRECTION('',(0.711747931417,-0.702434966473,0.));
#856 = ORIENTED_EDGE('',*,*,#857,.T.);
#857 = EDGE_CURVE('',#850,#572,#858,.T.);
#858 = LINE('',#859,#860);
#859 = CARTESIAN_POINT('',(194.113682,-117.490742,4.1));
#860 = VECTOR('',#861,1.);
#861 = DIRECTION('',(-0.,-0.,-1.));
#862 = ORIENTED_EDGE('',*,*,#579,.F.);
#863 = PLANE('',#864);
#864 = AXIS2_PLACEMENT_3D('',#865,#866,#867);
#865 = CARTESIAN_POINT('',(194.0108515,-117.389257,1.6));
#866 = DIRECTION('',(0.702434966473,0.711747931417,0.));
#867 = DIRECTION('',(0.711747931417,-0.702434966473,0.));
#868 = ADVANCED_FACE('',(#869),#887,.T.);
#869 = FACE_BOUND('',#870,.T.);
#870 = EDGE_LOOP('',(#871,#872,#880,#886));
#871 = ORIENTED_EDGE('',*,*,#857,.F.);
#872 = ORIENTED_EDGE('',*,*,#873,.T.);
#873 = EDGE_CURVE('',#850,#874,#876,.T.);
#874 = VERTEX_POINT('',#875);
#875 = CARTESIAN_POINT('',(194.25,-117.6,4.1));
#876 = LINE('',#877,#878);
#877 = CARTESIAN_POINT('',(194.113682,-117.490742,4.1));
#878 = VECTOR('',#879,1.);
#879 = DIRECTION('',(0.780299983687,-0.625405416876,0.));
#880 = ORIENTED_EDGE('',*,*,#881,.T.);
#881 = EDGE_CURVE('',#874,#564,#882,.T.);
#882 = LINE('',#883,#884);
#883 = CARTESIAN_POINT('',(194.25,-117.6,4.1));
#884 = VECTOR('',#885,1.);
#885 = DIRECTION('',(-0.,-0.,-1.));
#886 = ORIENTED_EDGE('',*,*,#571,.F.);
#887 = PLANE('',#888);
#888 = AXIS2_PLACEMENT_3D('',#889,#890,#891);
#889 = CARTESIAN_POINT('',(194.181841,-117.545371,1.6));
#890 = DIRECTION('',(0.625405416876,0.780299983687,0.));
#891 = DIRECTION('',(0.780299983687,-0.625405416876,0.));
#892 = ADVANCED_FACE('',(#893),#911,.T.);
#893 = FACE_BOUND('',#894,.T.);
#894 = EDGE_LOOP('',(#895,#896,#904,#910));
#895 = ORIENTED_EDGE('',*,*,#881,.F.);
#896 = ORIENTED_EDGE('',*,*,#897,.T.);
#897 = EDGE_CURVE('',#874,#898,#900,.T.);
#898 = VERTEX_POINT('',#899);
#899 = CARTESIAN_POINT('',(203.88633699999,-123.4614509999,4.1));
#900 = LINE('',#901,#902);
#901 = CARTESIAN_POINT('',(194.25,-117.6,4.1));
#902 = VECTOR('',#903,1.);
#903 = DIRECTION('',(0.854361750204,-0.519678746716,0.));
#904 = ORIENTED_EDGE('',*,*,#905,.T.);
#905 = EDGE_CURVE('',#898,#555,#906,.T.);
#906 = LINE('',#907,#908);
#907 = CARTESIAN_POINT('',(203.88633699999,-123.4614509999,4.1));
#908 = VECTOR('',#909,1.);
#909 = DIRECTION('',(-0.,-0.,-1.));
#910 = ORIENTED_EDGE('',*,*,#563,.F.);
#911 = PLANE('',#912);
#912 = AXIS2_PLACEMENT_3D('',#913,#914,#915);
#913 = CARTESIAN_POINT('',(199.0681685,-120.5307254999,1.6));
#914 = DIRECTION('',(0.519678746716,0.854361750204,0.));
#915 = DIRECTION('',(0.854361750204,-0.519678746716,0.));
#916 = ADVANCED_FACE('',(#917),#936,.T.);
#917 = FACE_BOUND('',#918,.F.);
#918 = EDGE_LOOP('',(#919,#920,#928,#935));
#919 = ORIENTED_EDGE('',*,*,#554,.T.);
#920 = ORIENTED_EDGE('',*,*,#921,.F.);
#921 = EDGE_CURVE('',#922,#547,#924,.T.);
#922 = VERTEX_POINT('',#923);
#923 = CARTESIAN_POINT('',(204.75793299998,-126.7142969999,4.1));
#924 = LINE('',#925,#926);
#925 = CARTESIAN_POINT('',(204.75793299998,-126.7142969999,4.1));
#926 = VECTOR('',#927,1.);
#927 = DIRECTION('',(-0.,-0.,-1.));
#928 = ORIENTED_EDGE('',*,*,#929,.F.);
#929 = EDGE_CURVE('',#898,#922,#930,.T.);
#930 = CIRCLE('',#931,2.381252591028);
#931 = AXIS2_PLACEMENT_3D('',#932,#933,#934);
#932 = CARTESIAN_POINT('',(202.69570610313,-125.52367358,4.1));
#933 = DIRECTION('',(0.,0.,-1.));
#934 = DIRECTION('',(0.500001932325,0.866024288153,0.));
#935 = ORIENTED_EDGE('',*,*,#905,.T.);
#936 = CYLINDRICAL_SURFACE('',#937,2.381252591028);
#937 = AXIS2_PLACEMENT_3D('',#938,#939,#940);
#938 = CARTESIAN_POINT('',(202.69570610313,-125.52367358,4.1));
#939 = DIRECTION('',(0.,0.,1.));
#940 = DIRECTION('',(0.500001932325,0.866024288153,0.));
#941 = ADVANCED_FACE('',(#942),#960,.T.);
#942 = FACE_BOUND('',#943,.T.);
#943 = EDGE_LOOP('',(#944,#952,#958,#959));
#944 = ORIENTED_EDGE('',*,*,#945,.T.);
#945 = EDGE_CURVE('',#922,#946,#948,.T.);
#946 = VERTEX_POINT('',#947);
#947 = CARTESIAN_POINT('',(185.70792599999,-159.7098669999,4.1));
#948 = LINE('',#949,#950);
#949 = CARTESIAN_POINT('',(204.757933,-126.714297,4.1));
#950 = VECTOR('',#951,1.);
#951 = DIRECTION('',(-0.500000113749,-0.866025338112,0.));
#952 = ORIENTED_EDGE('',*,*,#953,.T.);
#953 = EDGE_CURVE('',#946,#538,#954,.T.);
#954 = LINE('',#955,#956);
#955 = CARTESIAN_POINT('',(185.70792599999,-159.7098669999,4.1));
#956 = VECTOR('',#957,1.);
#957 = DIRECTION('',(-0.,-0.,-1.));
#958 = ORIENTED_EDGE('',*,*,#546,.F.);
#959 = ORIENTED_EDGE('',*,*,#921,.F.);
#960 = PLANE('',#961);
#961 = AXIS2_PLACEMENT_3D('',#962,#963,#964);
#962 = CARTESIAN_POINT('',(195.23292949999,-143.2120819999,1.6));
#963 = DIRECTION('',(0.866025338112,-0.500000113749,0.));
#964 = DIRECTION('',(0.500000113749,0.866025338112,0.));
#965 = ADVANCED_FACE('',(#966),#985,.T.);
#966 = FACE_BOUND('',#967,.F.);
#967 = EDGE_LOOP('',(#968,#969,#977,#984));
#968 = ORIENTED_EDGE('',*,*,#537,.T.);
#969 = ORIENTED_EDGE('',*,*,#970,.F.);
#970 = EDGE_CURVE('',#971,#529,#973,.T.);
#971 = VERTEX_POINT('',#972);
#972 = CARTESIAN_POINT('',(182.45507600003,-160.5814689999,4.1));
#973 = LINE('',#974,#975);
#974 = CARTESIAN_POINT('',(182.45507600003,-160.5814689999,4.1));
#975 = VECTOR('',#976,1.);
#976 = DIRECTION('',(-0.,-0.,-1.));
#977 = ORIENTED_EDGE('',*,*,#978,.F.);
#978 = EDGE_CURVE('',#946,#971,#979,.T.);
#979 = CIRCLE('',#980,2.381250259068);
#980 = AXIS2_PLACEMENT_3D('',#981,#982,#983);
#981 = CARTESIAN_POINT('',(183.64570067542,-158.5192455206,4.1));
#982 = DIRECTION('',(0.,-0.,-1.));
#983 = DIRECTION('',(0.866026288806,-0.499998467095,0.));
#984 = ORIENTED_EDGE('',*,*,#953,.T.);
#985 = CYLINDRICAL_SURFACE('',#986,2.381250259068);
#986 = AXIS2_PLACEMENT_3D('',#987,#988,#989);
#987 = CARTESIAN_POINT('',(183.64570067542,-158.5192455206,4.1));
#988 = DIRECTION('',(0.,0.,1.));
#989 = DIRECTION('',(0.866026288806,-0.499998467095,0.));
#990 = ADVANCED_FACE('',(#991),#1010,.F.);
#991 = FACE_BOUND('',#992,.F.);
#992 = EDGE_LOOP('',(#993,#994,#1002,#1009));
#993 = ORIENTED_EDGE('',*,*,#528,.T.);
#994 = ORIENTED_EDGE('',*,*,#995,.F.);
#995 = EDGE_CURVE('',#996,#520,#998,.T.);
#996 = VERTEX_POINT('',#997);
#997 = CARTESIAN_POINT('',(168.098872,-152.740281,4.1));
#998 = LINE('',#999,#1000);
#999 = CARTESIAN_POINT('',(168.098872,-152.740281,4.1));
#1000 = VECTOR('',#1001,1.);
#1001 = DIRECTION('',(-0.,-0.,-1.));
#1002 = ORIENTED_EDGE('',*,*,#1003,.F.);
#1003 = EDGE_CURVE('',#971,#996,#1004,.T.);
#1004 = CIRCLE('',#1005,134.8148020984);
#1005 = AXIS2_PLACEMENT_3D('',#1006,#1007,#1008);
#1006 = CARTESIAN_POINT('',(110.77277508551,-274.7597445186,4.1));
#1007 = DIRECTION('',(0.,0.,1.));
#1008 = DIRECTION('',(1.,0.,0.));
#1009 = ORIENTED_EDGE('',*,*,#970,.T.);
#1010 = CYLINDRICAL_SURFACE('',#1011,134.8148020984);
#1011 = AXIS2_PLACEMENT_3D('',#1012,#1013,#1014);
#1012 = CARTESIAN_POINT('',(110.77277508551,-274.7597445186,4.1));
#1013 = DIRECTION('',(0.,0.,1.));
#1014 = DIRECTION('',(1.,0.,0.));
#1015 = ADVANCED_FACE('',(#1016),#1035,.F.);
#1016 = FACE_BOUND('',#1017,.F.);
#1017 = EDGE_LOOP('',(#1018,#1019,#1027,#1034));
#1018 = ORIENTED_EDGE('',*,*,#519,.T.);
#1019 = ORIENTED_EDGE('',*,*,#1020,.F.);
#1020 = EDGE_CURVE('',#1021,#511,#1023,.T.);
#1021 = VERTEX_POINT('',#1022);
#1022 = CARTESIAN_POINT('',(151.549722,-146.740752,4.1));
#1023 = LINE('',#1024,#1025);
#1024 = CARTESIAN_POINT('',(151.549722,-146.740752,4.1));
#1025 = VECTOR('',#1026,1.);
#1026 = DIRECTION('',(-0.,-0.,-1.));
#1027 = ORIENTED_EDGE('',*,*,#1028,.F.);
#1028 = EDGE_CURVE('',#996,#1021,#1029,.T.);
#1029 = CIRCLE('',#1030,96.846989070694);
#1030 = AXIS2_PLACEMENT_3D('',#1031,#1032,#1033);
#1031 = CARTESIAN_POINT('',(126.95325477459,-240.4122689733,4.1));
#1032 = DIRECTION('',(0.,0.,1.));
#1033 = DIRECTION('',(1.,0.,0.));
#1034 = ORIENTED_EDGE('',*,*,#995,.T.);
#1035 = CYLINDRICAL_SURFACE('',#1036,96.846989070694);
#1036 = AXIS2_PLACEMENT_3D('',#1037,#1038,#1039);
#1037 = CARTESIAN_POINT('',(126.95325477459,-240.4122689733,4.1));
#1038 = DIRECTION('',(0.,0.,1.));
#1039 = DIRECTION('',(1.,0.,0.));
#1040 = ADVANCED_FACE('',(#1041),#1060,.F.);
#1041 = FACE_BOUND('',#1042,.F.);
#1042 = EDGE_LOOP('',(#1043,#1044,#1052,#1059));
#1043 = ORIENTED_EDGE('',*,*,#510,.T.);
#1044 = ORIENTED_EDGE('',*,*,#1045,.F.);
#1045 = EDGE_CURVE('',#1046,#502,#1048,.T.);
#1046 = VERTEX_POINT('',#1047);
#1047 = CARTESIAN_POINT('',(129.77812499999,-144.0656249999,4.1));
#1048 = LINE('',#1049,#1050);
#1049 = CARTESIAN_POINT('',(129.77812499999,-144.0656249999,4.1));
#1050 = VECTOR('',#1051,1.);
#1051 = DIRECTION('',(-0.,-0.,-1.));
#1052 = ORIENTED_EDGE('',*,*,#1053,.F.);
#1053 = EDGE_CURVE('',#1021,#1046,#1054,.T.);
#1054 = CIRCLE('',#1055,83.665606478227);
#1055 = AXIS2_PLACEMENT_3D('',#1056,#1057,#1058);
#1056 = CARTESIAN_POINT('',(130.54852029876,-227.727684492,4.1));
#1057 = DIRECTION('',(0.,0.,1.));
#1058 = DIRECTION('',(1.,0.,0.));
#1059 = ORIENTED_EDGE('',*,*,#1020,.T.);
#1060 = CYLINDRICAL_SURFACE('',#1061,83.665606478227);
#1061 = AXIS2_PLACEMENT_3D('',#1062,#1063,#1064);
#1062 = CARTESIAN_POINT('',(130.54852029876,-227.727684492,4.1));
#1063 = DIRECTION('',(0.,0.,1.));
#1064 = DIRECTION('',(1.,0.,0.));
#1065 = ADVANCED_FACE('',(#1066),#1085,.T.);
#1066 = FACE_BOUND('',#1067,.F.);
#1067 = EDGE_LOOP('',(#1068,#1069,#1077,#1084));
#1068 = ORIENTED_EDGE('',*,*,#501,.T.);
#1069 = ORIENTED_EDGE('',*,*,#1070,.F.);
#1070 = EDGE_CURVE('',#1071,#494,#1073,.T.);
#1071 = VERTEX_POINT('',#1072);
#1072 = CARTESIAN_POINT('',(127.39687499999,-141.684375,4.1));
#1073 = LINE('',#1074,#1075);
#1074 = CARTESIAN_POINT('',(127.39687499999,-141.684375,4.1));
#1075 = VECTOR('',#1076,1.);
#1076 = DIRECTION('',(-0.,-0.,-1.));
#1077 = ORIENTED_EDGE('',*,*,#1078,.F.);
#1078 = EDGE_CURVE('',#1046,#1071,#1079,.T.);
#1079 = CIRCLE('',#1080,2.381250077504);
#1080 = AXIS2_PLACEMENT_3D('',#1081,#1082,#1083);
#1081 = CARTESIAN_POINT('',(129.7781250775,-141.6843749224,4.1));
#1082 = DIRECTION('',(0.,0.,-1.));
#1083 = DIRECTION('',(-3.254771105E-08,-1.,-0.));
#1084 = ORIENTED_EDGE('',*,*,#1045,.T.);
#1085 = CYLINDRICAL_SURFACE('',#1086,2.381250077504);
#1086 = AXIS2_PLACEMENT_3D('',#1087,#1088,#1089);
#1087 = CARTESIAN_POINT('',(129.7781250775,-141.6843749224,4.1));
#1088 = DIRECTION('',(0.,0.,1.));
#1089 = DIRECTION('',(-3.254771105E-08,-1.,-0.));
#1090 = ADVANCED_FACE('',(#1091),#1109,.T.);
#1091 = FACE_BOUND('',#1092,.T.);
#1092 = EDGE_LOOP('',(#1093,#1101,#1107,#1108));
#1093 = ORIENTED_EDGE('',*,*,#1094,.T.);
#1094 = EDGE_CURVE('',#1071,#1095,#1097,.T.);
#1095 = VERTEX_POINT('',#1096);
#1096 = CARTESIAN_POINT('',(127.39687499999,-132.1593749999,4.1));
#1097 = LINE('',#1098,#1099);
#1098 = CARTESIAN_POINT('',(127.396875,-141.684375,4.1));
#1099 = VECTOR('',#1100,1.);
#1100 = DIRECTION('',(0.,1.,0.));
#1101 = ORIENTED_EDGE('',*,*,#1102,.T.);
#1102 = EDGE_CURVE('',#1095,#485,#1103,.T.);
#1103 = LINE('',#1104,#1105);
#1104 = CARTESIAN_POINT('',(127.39687499999,-132.1593749999,4.1));
#1105 = VECTOR('',#1106,1.);
#1106 = DIRECTION('',(-0.,-0.,-1.));
#1107 = ORIENTED_EDGE('',*,*,#493,.F.);
#1108 = ORIENTED_EDGE('',*,*,#1070,.F.);
#1109 = PLANE('',#1110);
#1110 = AXIS2_PLACEMENT_3D('',#1111,#1112,#1113);
#1111 = CARTESIAN_POINT('',(127.39687499999,-136.921875,1.6));
#1112 = DIRECTION('',(-1.,-3.595068074557E-14,-0.));
#1113 = DIRECTION('',(3.595068074557E-14,-1.,0.));
#1114 = ADVANCED_FACE('',(#1115),#1134,.F.);
#1115 = FACE_BOUND('',#1116,.F.);
#1116 = EDGE_LOOP('',(#1117,#1118,#1126,#1133));
#1117 = ORIENTED_EDGE('',*,*,#484,.T.);
#1118 = ORIENTED_EDGE('',*,*,#1119,.F.);
#1119 = EDGE_CURVE('',#1120,#477,#1122,.T.);
#1120 = VERTEX_POINT('',#1121);
#1121 = CARTESIAN_POINT('',(125.015625,-129.7781249999,4.1));
#1122 = LINE('',#1123,#1124);
#1123 = CARTESIAN_POINT('',(125.015625,-129.7781249999,4.1));
#1124 = VECTOR('',#1125,1.);
#1125 = DIRECTION('',(-0.,-0.,-1.));
#1126 = ORIENTED_EDGE('',*,*,#1127,.F.);
#1127 = EDGE_CURVE('',#1095,#1120,#1128,.T.);
#1128 = CIRCLE('',#1129,2.381250077504);
#1129 = AXIS2_PLACEMENT_3D('',#1130,#1131,#1132);
#1130 = CARTESIAN_POINT('',(125.01562492249,-132.1593750775,4.1));
#1131 = DIRECTION('',(0.,-0.,1.));
#1132 = DIRECTION('',(1.,3.254769912E-08,0.));
#1133 = ORIENTED_EDGE('',*,*,#1102,.T.);
#1134 = CYLINDRICAL_SURFACE('',#1135,2.381250077504);
#1135 = AXIS2_PLACEMENT_3D('',#1136,#1137,#1138);
#1136 = CARTESIAN_POINT('',(125.01562492249,-132.1593750775,4.1));
#1137 = DIRECTION('',(0.,0.,1.));
#1138 = DIRECTION('',(1.,3.254769912E-08,0.));
#1139 = ADVANCED_FACE('',(#1140),#1158,.T.);
#1140 = FACE_BOUND('',#1141,.T.);
#1141 = EDGE_LOOP('',(#1142,#1150,#1156,#1157));
#1142 = ORIENTED_EDGE('',*,*,#1143,.T.);
#1143 = EDGE_CURVE('',#1120,#1144,#1146,.T.);
#1144 = VERTEX_POINT('',#1145);
#1145 = CARTESIAN_POINT('',(57.15,-129.7781249999,4.1));
#1146 = LINE('',#1147,#1148);
#1147 = CARTESIAN_POINT('',(125.015625,-129.778125,4.1));
#1148 = VECTOR('',#1149,1.);
#1149 = DIRECTION('',(-1.,0.,0.));
#1150 = ORIENTED_EDGE('',*,*,#1151,.T.);
#1151 = EDGE_CURVE('',#1144,#468,#1152,.T.);
#1152 = LINE('',#1153,#1154);
#1153 = CARTESIAN_POINT('',(57.15,-129.7781249999,4.1));
#1154 = VECTOR('',#1155,1.);
#1155 = DIRECTION('',(-0.,-0.,-1.));
#1156 = ORIENTED_EDGE('',*,*,#476,.F.);
#1157 = ORIENTED_EDGE('',*,*,#1119,.F.);
#1158 = PLANE('',#1159);
#1159 = AXIS2_PLACEMENT_3D('',#1160,#1161,#1162);
#1160 = CARTESIAN_POINT('',(91.0828125,-129.7781249999,1.6));
#1161 = DIRECTION('',(-4.652586977783E-14,-1.,-0.));
#1162 = DIRECTION('',(-1.,4.652586977783E-14,0.));
#1163 = ADVANCED_FACE('',(#1164),#1183,.T.);
#1164 = FACE_BOUND('',#1165,.F.);
#1165 = EDGE_LOOP('',(#1166,#1167,#1175,#1182));
#1166 = ORIENTED_EDGE('',*,*,#467,.T.);
#1167 = ORIENTED_EDGE('',*,*,#1168,.F.);
#1168 = EDGE_CURVE('',#1169,#460,#1171,.T.);
#1169 = VERTEX_POINT('',#1170);
#1170 = CARTESIAN_POINT('',(54.76875,-127.396875,4.1));
#1171 = LINE('',#1172,#1173);
#1172 = CARTESIAN_POINT('',(54.76875,-127.396875,4.1));
#1173 = VECTOR('',#1174,1.);
#1174 = DIRECTION('',(-0.,-0.,-1.));
#1175 = ORIENTED_EDGE('',*,*,#1176,.F.);
#1176 = EDGE_CURVE('',#1144,#1169,#1177,.T.);
#1177 = CIRCLE('',#1178,2.381250077504);
#1178 = AXIS2_PLACEMENT_3D('',#1179,#1180,#1181);
#1179 = CARTESIAN_POINT('',(57.150000077504,-127.3968749224,4.1));
#1180 = DIRECTION('',(0.,0.,-1.));
#1181 = DIRECTION('',(-3.254771702E-08,-1.,-0.));
#1182 = ORIENTED_EDGE('',*,*,#1151,.T.);
#1183 = CYLINDRICAL_SURFACE('',#1184,2.381250077504);
#1184 = AXIS2_PLACEMENT_3D('',#1185,#1186,#1187);
#1185 = CARTESIAN_POINT('',(57.150000077504,-127.3968749224,4.1));
#1186 = DIRECTION('',(0.,0.,1.));
#1187 = DIRECTION('',(-3.254771702E-08,-1.,-0.));
#1188 = ADVANCED_FACE('',(#1189),#1207,.T.);
#1189 = FACE_BOUND('',#1190,.T.);
#1190 = EDGE_LOOP('',(#1191,#1199,#1205,#1206));
#1191 = ORIENTED_EDGE('',*,*,#1192,.T.);
#1192 = EDGE_CURVE('',#1169,#1193,#1195,.T.);
#1193 = VERTEX_POINT('',#1194);
#1194 = CARTESIAN_POINT('',(54.76875,-47.62499999999,4.1));
#1195 = LINE('',#1196,#1197);
#1196 = CARTESIAN_POINT('',(54.76875,-127.396875,4.1));
#1197 = VECTOR('',#1198,1.);
#1198 = DIRECTION('',(0.,1.,0.));
#1199 = ORIENTED_EDGE('',*,*,#1200,.T.);
#1200 = EDGE_CURVE('',#1193,#451,#1201,.T.);
#1201 = LINE('',#1202,#1203);
#1202 = CARTESIAN_POINT('',(54.76875,-47.62499999999,4.1));
#1203 = VECTOR('',#1204,1.);
#1204 = DIRECTION('',(-0.,-0.,-1.));
#1205 = ORIENTED_EDGE('',*,*,#459,.F.);
#1206 = ORIENTED_EDGE('',*,*,#1168,.F.);
#1207 = PLANE('',#1208);
#1208 = AXIS2_PLACEMENT_3D('',#1209,#1210,#1211);
#1209 = CARTESIAN_POINT('',(54.76875,-87.5109375,1.6));
#1210 = DIRECTION('',(-1.,-0.,-0.));
#1211 = DIRECTION('',(0.,0.,-1.));
#1212 = ADVANCED_FACE('',(#1213),#1232,.T.);
#1213 = FACE_BOUND('',#1214,.F.);
#1214 = EDGE_LOOP('',(#1215,#1216,#1224,#1231));
#1215 = ORIENTED_EDGE('',*,*,#450,.T.);
#1216 = ORIENTED_EDGE('',*,*,#1217,.F.);
#1217 = EDGE_CURVE('',#1218,#443,#1220,.T.);
#1218 = VERTEX_POINT('',#1219);
#1219 = CARTESIAN_POINT('',(57.15,-45.24374999999,4.1));
#1220 = LINE('',#1221,#1222);
#1221 = CARTESIAN_POINT('',(57.15,-45.24374999999,4.1));
#1222 = VECTOR('',#1223,1.);
#1223 = DIRECTION('',(-0.,-0.,-1.));
#1224 = ORIENTED_EDGE('',*,*,#1225,.F.);
#1225 = EDGE_CURVE('',#1193,#1218,#1226,.T.);
#1226 = CIRCLE('',#1227,2.381250077504);
#1227 = AXIS2_PLACEMENT_3D('',#1228,#1229,#1230);
#1228 = CARTESIAN_POINT('',(57.150000077504,-47.6250000775,4.1));
#1229 = DIRECTION('',(0.,0.,-1.));
#1230 = DIRECTION('',(-1.,3.254771702E-08,0.));
#1231 = ORIENTED_EDGE('',*,*,#1200,.T.);
#1232 = CYLINDRICAL_SURFACE('',#1233,2.381250077504);
#1233 = AXIS2_PLACEMENT_3D('',#1234,#1235,#1236);
#1234 = CARTESIAN_POINT('',(57.150000077504,-47.6250000775,4.1));
#1235 = DIRECTION('',(0.,0.,1.));
#1236 = DIRECTION('',(-1.,3.254771702E-08,0.));
#1237 = ADVANCED_FACE('',(#1238),#1256,.T.);
#1238 = FACE_BOUND('',#1239,.T.);
#1239 = EDGE_LOOP('',(#1240,#1248,#1254,#1255));
#1240 = ORIENTED_EDGE('',*,*,#1241,.T.);
#1241 = EDGE_CURVE('',#1218,#1242,#1244,.T.);
#1242 = VERTEX_POINT('',#1243);
#1243 = CARTESIAN_POINT('',(89.296875,-45.24374999999,4.1));
#1244 = LINE('',#1245,#1246);
#1245 = CARTESIAN_POINT('',(57.15,-45.24375,4.1));
#1246 = VECTOR('',#1247,1.);
#1247 = DIRECTION('',(1.,0.,0.));
#1248 = ORIENTED_EDGE('',*,*,#1249,.T.);
#1249 = EDGE_CURVE('',#1242,#434,#1250,.T.);
#1250 = LINE('',#1251,#1252);
#1251 = CARTESIAN_POINT('',(89.296875,-45.24374999999,4.1));
#1252 = VECTOR('',#1253,1.);
#1253 = DIRECTION('',(-0.,-0.,-1.));
#1254 = ORIENTED_EDGE('',*,*,#442,.F.);
#1255 = ORIENTED_EDGE('',*,*,#1217,.F.);
#1256 = PLANE('',#1257);
#1257 = AXIS2_PLACEMENT_3D('',#1258,#1259,#1260);
#1258 = CARTESIAN_POINT('',(73.2234375,-45.24375,1.6));
#1259 = DIRECTION('',(-4.194867762941E-15,1.,0.));
#1260 = DIRECTION('',(1.,4.194867762941E-15,0.));
#1261 = ADVANCED_FACE('',(#1262),#1281,.F.);
#1262 = FACE_BOUND('',#1263,.F.);
#1263 = EDGE_LOOP('',(#1264,#1265,#1273,#1280));
#1264 = ORIENTED_EDGE('',*,*,#433,.T.);
#1265 = ORIENTED_EDGE('',*,*,#1266,.F.);
#1266 = EDGE_CURVE('',#1267,#426,#1269,.T.);
#1267 = VERTEX_POINT('',#1268);
#1268 = CARTESIAN_POINT('',(91.678125,-42.8625,4.1));
#1269 = LINE('',#1270,#1271);
#1270 = CARTESIAN_POINT('',(91.678125,-42.8625,4.1));
#1271 = VECTOR('',#1272,1.);
#1272 = DIRECTION('',(-0.,-0.,-1.));
#1273 = ORIENTED_EDGE('',*,*,#1274,.F.);
#1274 = EDGE_CURVE('',#1242,#1267,#1275,.T.);
#1275 = CIRCLE('',#1276,2.381250077504);
#1276 = AXIS2_PLACEMENT_3D('',#1277,#1278,#1279);
#1277 = CARTESIAN_POINT('',(89.296874922496,-42.86249992249,4.1));
#1278 = DIRECTION('',(-0.,0.,1.));
#1279 = DIRECTION('',(3.254771105E-08,-1.,0.));
#1280 = ORIENTED_EDGE('',*,*,#1249,.T.);
#1281 = CYLINDRICAL_SURFACE('',#1282,2.381250077504);
#1282 = AXIS2_PLACEMENT_3D('',#1283,#1284,#1285);
#1283 = CARTESIAN_POINT('',(89.296874922496,-42.86249992249,4.1));
#1284 = DIRECTION('',(0.,0.,1.));
#1285 = DIRECTION('',(3.254771105E-08,-1.,0.));
#1286 = ADVANCED_FACE('',(#1287),#1305,.T.);
#1287 = FACE_BOUND('',#1288,.T.);
#1288 = EDGE_LOOP('',(#1289,#1297,#1303,#1304));
#1289 = ORIENTED_EDGE('',*,*,#1290,.T.);
#1290 = EDGE_CURVE('',#1267,#1291,#1293,.T.);
#1291 = VERTEX_POINT('',#1292);
#1292 = CARTESIAN_POINT('',(91.696796,-37.40254799999,4.1));
#1293 = LINE('',#1294,#1295);
#1294 = CARTESIAN_POINT('',(91.678125,-42.8625,4.1));
#1295 = VECTOR('',#1296,1.);
#1296 = DIRECTION('',(3.41960713813E-03,0.999994153126,0.));
#1297 = ORIENTED_EDGE('',*,*,#1298,.T.);
#1298 = EDGE_CURVE('',#1291,#417,#1299,.T.);
#1299 = LINE('',#1300,#1301);
#1300 = CARTESIAN_POINT('',(91.696796,-37.40254799999,4.1));
#1301 = VECTOR('',#1302,1.);
#1302 = DIRECTION('',(-0.,-0.,-1.));
#1303 = ORIENTED_EDGE('',*,*,#425,.F.);
#1304 = ORIENTED_EDGE('',*,*,#1266,.F.);
#1305 = PLANE('',#1306);
#1306 = AXIS2_PLACEMENT_3D('',#1307,#1308,#1309);
#1307 = CARTESIAN_POINT('',(91.6874605,-40.13252399999,1.6));
#1308 = DIRECTION('',(-0.999994153126,3.419607138153E-03,0.));
#1309 = DIRECTION('',(-3.419607138153E-03,-0.999994153126,0.));
#1310 = ADVANCED_FACE('',(#1311),#1330,.T.);
#1311 = FACE_BOUND('',#1312,.F.);
#1312 = EDGE_LOOP('',(#1313,#1314,#1322,#1329));
#1313 = ORIENTED_EDGE('',*,*,#416,.T.);
#1314 = ORIENTED_EDGE('',*,*,#1315,.F.);
#1315 = EDGE_CURVE('',#1316,#409,#1318,.T.);
#1316 = VERTEX_POINT('',#1317);
#1317 = CARTESIAN_POINT('',(94.078045,-35.02129799999,4.1));
#1318 = LINE('',#1319,#1320);
#1319 = CARTESIAN_POINT('',(94.078045,-35.02129799999,4.1));
#1320 = VECTOR('',#1321,1.);
#1321 = DIRECTION('',(-0.,-0.,-1.));
#1322 = ORIENTED_EDGE('',*,*,#1323,.F.);
#1323 = EDGE_CURVE('',#1291,#1316,#1324,.T.);
#1324 = CIRCLE('',#1325,2.381248370398);
#1325 = AXIS2_PLACEMENT_3D('',#1326,#1327,#1328);
#1326 = CARTESIAN_POINT('',(94.078044370398,-37.40254637039,4.1));
#1327 = DIRECTION('',(0.,0.,-1.));
#1328 = DIRECTION('',(-1.,-6.8434768883E-07,-0.));
#1329 = ORIENTED_EDGE('',*,*,#1298,.T.);
#1330 = CYLINDRICAL_SURFACE('',#1331,2.381248370398);
#1331 = AXIS2_PLACEMENT_3D('',#1332,#1333,#1334);
#1332 = CARTESIAN_POINT('',(94.078044370398,-37.40254637039,4.1));
#1333 = DIRECTION('',(0.,0.,1.));
#1334 = DIRECTION('',(-1.,-6.8434768883E-07,-0.));
#1335 = ADVANCED_FACE('',(#1336),#1377,.T.);
#1336 = FACE_BOUND('',#1337,.T.);
#1337 = EDGE_LOOP('',(#1338,#1346,#1352,#1353,#1361,#1369,#1375,#1376));
#1338 = ORIENTED_EDGE('',*,*,#1339,.F.);
#1339 = EDGE_CURVE('',#1340,#1316,#1342,.T.);
#1340 = VERTEX_POINT('',#1341);
#1341 = CARTESIAN_POINT('',(171.5937516296,-35.021298,4.1));
#1342 = LINE('',#1343,#1344);
#1343 = CARTESIAN_POINT('',(171.5937516296,-35.021298,4.1));
#1344 = VECTOR('',#1345,1.);
#1345 = DIRECTION('',(-1.,9.908916924758E-14,0.));
#1346 = ORIENTED_EDGE('',*,*,#1347,.T.);
#1347 = EDGE_CURVE('',#1340,#74,#1348,.T.);
#1348 = LINE('',#1349,#1350);
#1349 = CARTESIAN_POINT('',(171.5937516296,-35.021298,4.1));
#1350 = VECTOR('',#1351,1.);
#1351 = DIRECTION('',(-0.,-0.,-1.));
#1352 = ORIENTED_EDGE('',*,*,#82,.T.);
#1353 = ORIENTED_EDGE('',*,*,#1354,.F.);
#1354 = EDGE_CURVE('',#1355,#83,#1357,.T.);
#1355 = VERTEX_POINT('',#1356);
#1356 = CARTESIAN_POINT('',(161.93925499999,-35.02129799999,3.399095));
#1357 = LINE('',#1358,#1359);
#1358 = CARTESIAN_POINT('',(161.93925499999,-35.02129799999,3.399095));
#1359 = VECTOR('',#1360,1.);
#1360 = DIRECTION('',(-1.608456432756E-29,-2.22044604925E-16,-1.));
#1361 = ORIENTED_EDGE('',*,*,#1362,.F.);
#1362 = EDGE_CURVE('',#1363,#1355,#1365,.T.);
#1363 = VERTEX_POINT('',#1364);
#1364 = CARTESIAN_POINT('',(154.17114299999,-35.02129799999,3.399095));
#1365 = LINE('',#1366,#1367);
#1366 = CARTESIAN_POINT('',(154.17114299999,-35.02129799999,3.399095));
#1367 = VECTOR('',#1368,1.);
#1368 = DIRECTION('',(1.,-9.908916924758E-14,5.917651110367E-30));
#1369 = ORIENTED_EDGE('',*,*,#1370,.F.);
#1370 = EDGE_CURVE('',#401,#1363,#1371,.T.);
#1371 = LINE('',#1372,#1373);
#1372 = CARTESIAN_POINT('',(154.17114299999,-35.02129799999,-3.418964));
#1373 = VECTOR('',#1374,1.);
#1374 = DIRECTION('',(1.608456432756E-29,2.22044604925E-16,1.));
#1375 = ORIENTED_EDGE('',*,*,#408,.T.);
#1376 = ORIENTED_EDGE('',*,*,#1315,.F.);
#1377 = PLANE('',#1378);
#1378 = AXIS2_PLACEMENT_3D('',#1379,#1380,#1381);
#1379 = CARTESIAN_POINT('',(132.8358983148,-35.02129799999,1.6));
#1380 = DIRECTION('',(9.908916924758E-14,1.,0.));
#1381 = DIRECTION('',(1.,-9.908916924758E-14,0.));
#1382 = ADVANCED_FACE('',(#1383),#1409,.F.);
#1383 = FACE_BOUND('',#1384,.F.);
#1384 = EDGE_LOOP('',(#1385,#1386,#1387,#1395,#1403));
#1385 = ORIENTED_EDGE('',*,*,#1370,.F.);
#1386 = ORIENTED_EDGE('',*,*,#400,.T.);
#1387 = ORIENTED_EDGE('',*,*,#1388,.T.);
#1388 = EDGE_CURVE('',#393,#1389,#1391,.T.);
#1389 = VERTEX_POINT('',#1390);
#1390 = CARTESIAN_POINT('',(154.17114299999,-36.02129799999,2.6));
#1391 = LINE('',#1392,#1393);
#1392 = CARTESIAN_POINT('',(154.17114299999,-36.02129799999,-3.418964));
#1393 = VECTOR('',#1394,1.);
#1394 = DIRECTION('',(1.608456432756E-29,2.22044604925E-16,1.));
#1395 = ORIENTED_EDGE('',*,*,#1396,.T.);
#1396 = EDGE_CURVE('',#1389,#1397,#1399,.T.);
#1397 = VERTEX_POINT('',#1398);
#1398 = CARTESIAN_POINT('',(154.17114299999,-36.02129799999,3.399095));
#1399 = LINE('',#1400,#1401);
#1400 = CARTESIAN_POINT('',(154.17114299999,-36.02129799999,-3.418964));
#1401 = VECTOR('',#1402,1.);
#1402 = DIRECTION('',(1.608456432756E-29,2.22044604925E-16,1.));
#1403 = ORIENTED_EDGE('',*,*,#1404,.F.);
#1404 = EDGE_CURVE('',#1363,#1397,#1405,.T.);
#1405 = LINE('',#1406,#1407);
#1406 = CARTESIAN_POINT('',(154.17114299999,-35.02129799999,3.399095));
#1407 = VECTOR('',#1408,1.);
#1408 = DIRECTION('',(-9.908916924758E-14,-1.,2.22044604925E-16));
#1409 = PLANE('',#1410);
#1410 = AXIS2_PLACEMENT_3D('',#1411,#1412,#1413);
#1411 = CARTESIAN_POINT('',(154.17114299999,-35.02129799999,-3.418964));
#1412 = DIRECTION('',(-1.,9.908916924758E-14,-5.917651110367E-30));
#1413 = DIRECTION('',(1.608456432756E-29,2.22044604925E-16,1.));
#1414 = ADVANCED_FACE('',(#1415),#1433,.F.);
#1415 = FACE_BOUND('',#1416,.F.);
#1416 = EDGE_LOOP('',(#1417,#1425,#1426,#1427));
#1417 = ORIENTED_EDGE('',*,*,#1418,.F.);
#1418 = EDGE_CURVE('',#1389,#1419,#1421,.T.);
#1419 = VERTEX_POINT('',#1420);
#1420 = CARTESIAN_POINT('',(94.078044370398,-36.02129799999,2.6));
#1421 = LINE('',#1422,#1423);
#1422 = CARTESIAN_POINT('',(148.34687375004,-36.02129799999,2.6));
#1423 = VECTOR('',#1424,1.);
#1424 = DIRECTION('',(-1.,1.000974763548E-13,0.));
#1425 = ORIENTED_EDGE('',*,*,#1388,.F.);
#1426 = ORIENTED_EDGE('',*,*,#392,.T.);
#1427 = ORIENTED_EDGE('',*,*,#1428,.F.);
#1428 = EDGE_CURVE('',#1419,#384,#1429,.T.);
#1429 = LINE('',#1430,#1431);
#1430 = CARTESIAN_POINT('',(94.078044370398,-36.02129799999,4.1));
#1431 = VECTOR('',#1432,1.);
#1432 = DIRECTION('',(-0.,-0.,-1.));
#1433 = PLANE('',#1434);
#1434 = AXIS2_PLACEMENT_3D('',#1435,#1436,#1437);
#1435 = CARTESIAN_POINT('',(171.5937516296,-36.021298,4.1));
#1436 = DIRECTION('',(1.000974763548E-13,1.,0.));
#1437 = DIRECTION('',(-1.,1.000974763548E-13,0.));
#1438 = ADVANCED_FACE('',(#1439),#1458,.F.);
#1439 = FACE_BOUND('',#1440,.F.);
#1440 = EDGE_LOOP('',(#1441,#1450,#1451,#1452));
#1441 = ORIENTED_EDGE('',*,*,#1442,.F.);
#1442 = EDGE_CURVE('',#1419,#1443,#1445,.T.);
#1443 = VERTEX_POINT('',#1444);
#1444 = CARTESIAN_POINT('',(92.696796792555,-37.40402604221,2.6));
#1445 = CIRCLE('',#1446,1.381248370398);
#1446 = AXIS2_PLACEMENT_3D('',#1447,#1448,#1449);
#1447 = CARTESIAN_POINT('',(94.078044370398,-37.40254637039,2.6));
#1448 = DIRECTION('',(0.,0.,1.));
#1449 = DIRECTION('',(-1.,-6.843476888621E-07,0.));
#1450 = ORIENTED_EDGE('',*,*,#1428,.T.);
#1451 = ORIENTED_EDGE('',*,*,#383,.T.);
#1452 = ORIENTED_EDGE('',*,*,#1453,.F.);
#1453 = EDGE_CURVE('',#1443,#376,#1454,.T.);
#1454 = LINE('',#1455,#1456);
#1455 = CARTESIAN_POINT('',(92.696796792555,-37.40402604221,4.1));
#1456 = VECTOR('',#1457,1.);
#1457 = DIRECTION('',(-0.,-0.,-1.));
#1458 = CYLINDRICAL_SURFACE('',#1459,1.381248370398);
#1459 = AXIS2_PLACEMENT_3D('',#1460,#1461,#1462);
#1460 = CARTESIAN_POINT('',(94.078044370398,-37.40254637039,4.1));
#1461 = DIRECTION('',(0.,0.,1.));
#1462 = DIRECTION('',(-1.,-6.843476888621E-07,0.));
#1463 = ADVANCED_FACE('',(#1464),#1482,.T.);
#1464 = FACE_BOUND('',#1465,.T.);
#1465 = EDGE_LOOP('',(#1466,#1474,#1480,#1481));
#1466 = ORIENTED_EDGE('',*,*,#1467,.F.);
#1467 = EDGE_CURVE('',#1468,#1443,#1470,.T.);
#1468 = VERTEX_POINT('',#1469);
#1469 = CARTESIAN_POINT('',(92.678124488749,-42.86435931346,2.6));
#1470 = LINE('',#1471,#1472);
#1471 = CARTESIAN_POINT('',(92.59597568131,-66.88709754239,2.6));
#1472 = VECTOR('',#1473,1.);
#1473 = DIRECTION('',(3.41960713814E-03,0.999994153126,0.));
#1474 = ORIENTED_EDGE('',*,*,#1475,.T.);
#1475 = EDGE_CURVE('',#1468,#367,#1476,.T.);
#1476 = LINE('',#1477,#1478);
#1477 = CARTESIAN_POINT('',(92.678124488749,-42.86435931346,4.1));
#1478 = VECTOR('',#1479,1.);
#1479 = DIRECTION('',(-0.,-0.,-1.));
#1480 = ORIENTED_EDGE('',*,*,#375,.T.);
#1481 = ORIENTED_EDGE('',*,*,#1453,.F.);
#1482 = PLANE('',#1483);
#1483 = AXIS2_PLACEMENT_3D('',#1484,#1485,#1486);
#1484 = CARTESIAN_POINT('',(92.678124488749,-42.86435931346,4.1));
#1485 = DIRECTION('',(0.999994153126,-3.41960713814E-03,0.));
#1486 = DIRECTION('',(3.41960713814E-03,0.999994153126,0.));
#1487 = ADVANCED_FACE('',(#1488),#1507,.T.);
#1488 = FACE_BOUND('',#1489,.T.);
#1489 = EDGE_LOOP('',(#1490,#1499,#1505,#1506));
#1490 = ORIENTED_EDGE('',*,*,#1491,.F.);
#1491 = EDGE_CURVE('',#1492,#1468,#1494,.T.);
#1492 = VERTEX_POINT('',#1493);
#1493 = CARTESIAN_POINT('',(89.296874922496,-46.24374999999,2.6));
#1494 = CIRCLE('',#1495,3.381250077504);
#1495 = AXIS2_PLACEMENT_3D('',#1496,#1497,#1498);
#1496 = CARTESIAN_POINT('',(89.296874922496,-42.86249992249,2.6));
#1497 = DIRECTION('',(-0.,0.,1.));
#1498 = DIRECTION('',(3.254771463457E-08,-1.,0.));
#1499 = ORIENTED_EDGE('',*,*,#1500,.T.);
#1500 = EDGE_CURVE('',#1492,#359,#1501,.T.);
#1501 = LINE('',#1502,#1503);
#1502 = CARTESIAN_POINT('',(89.296874922496,-46.24374999999,4.1));
#1503 = VECTOR('',#1504,1.);
#1504 = DIRECTION('',(-0.,-0.,-1.));
#1505 = ORIENTED_EDGE('',*,*,#366,.T.);
#1506 = ORIENTED_EDGE('',*,*,#1475,.F.);
#1507 = CYLINDRICAL_SURFACE('',#1508,3.381250077504);
#1508 = AXIS2_PLACEMENT_3D('',#1509,#1510,#1511);
#1509 = CARTESIAN_POINT('',(89.296874922496,-42.86249992249,4.1));
#1510 = DIRECTION('',(0.,0.,1.));
#1511 = DIRECTION('',(3.254771463457E-08,-1.,0.));
#1512 = ADVANCED_FACE('',(#1513),#1531,.T.);
#1513 = FACE_BOUND('',#1514,.T.);
#1514 = EDGE_LOOP('',(#1515,#1523,#1529,#1530));
#1515 = ORIENTED_EDGE('',*,*,#1516,.F.);
#1516 = EDGE_CURVE('',#1517,#1492,#1519,.T.);
#1517 = VERTEX_POINT('',#1518);
#1518 = CARTESIAN_POINT('',(57.150000077504,-46.24374999999,2.6));
#1519 = LINE('',#1520,#1521);
#1520 = CARTESIAN_POINT('',(91.124997973989,-46.24374999999,2.6));
#1521 = VECTOR('',#1522,1.);
#1522 = DIRECTION('',(1.,6.233049167315E-14,0.));
#1523 = ORIENTED_EDGE('',*,*,#1524,.T.);
#1524 = EDGE_CURVE('',#1517,#350,#1525,.T.);
#1525 = LINE('',#1526,#1527);
#1526 = CARTESIAN_POINT('',(57.150000077504,-46.24374999999,4.1));
#1527 = VECTOR('',#1528,1.);
#1528 = DIRECTION('',(-0.,-0.,-1.));
#1529 = ORIENTED_EDGE('',*,*,#358,.T.);
#1530 = ORIENTED_EDGE('',*,*,#1500,.F.);
#1531 = PLANE('',#1532);
#1532 = AXIS2_PLACEMENT_3D('',#1533,#1534,#1535);
#1533 = CARTESIAN_POINT('',(57.150000077504,-46.24374999999,4.1));
#1534 = DIRECTION('',(6.233049167315E-14,-1.,0.));
#1535 = DIRECTION('',(1.,6.233049167315E-14,0.));
#1536 = ADVANCED_FACE('',(#1537),#1556,.F.);
#1537 = FACE_BOUND('',#1538,.F.);
#1538 = EDGE_LOOP('',(#1539,#1548,#1549,#1550));
#1539 = ORIENTED_EDGE('',*,*,#1540,.F.);
#1540 = EDGE_CURVE('',#1517,#1541,#1543,.T.);
#1541 = VERTEX_POINT('',#1542);
#1542 = CARTESIAN_POINT('',(55.76875,-47.6250000775,2.6));
#1543 = CIRCLE('',#1544,1.381250077504);
#1544 = AXIS2_PLACEMENT_3D('',#1545,#1546,#1547);
#1545 = CARTESIAN_POINT('',(57.150000077504,-47.6250000775,2.6));
#1546 = DIRECTION('',(0.,0.,1.));
#1547 = DIRECTION('',(-1.,3.25477170885E-08,0.));
#1548 = ORIENTED_EDGE('',*,*,#1524,.T.);
#1549 = ORIENTED_EDGE('',*,*,#349,.T.);
#1550 = ORIENTED_EDGE('',*,*,#1551,.F.);
#1551 = EDGE_CURVE('',#1541,#342,#1552,.T.);
#1552 = LINE('',#1553,#1554);
#1553 = CARTESIAN_POINT('',(55.76875,-47.6250000775,4.1));
#1554 = VECTOR('',#1555,1.);
#1555 = DIRECTION('',(-0.,-0.,-1.));
#1556 = CYLINDRICAL_SURFACE('',#1557,1.381250077504);
#1557 = AXIS2_PLACEMENT_3D('',#1558,#1559,#1560);
#1558 = CARTESIAN_POINT('',(57.150000077504,-47.6250000775,4.1));
#1559 = DIRECTION('',(0.,0.,1.));
#1560 = DIRECTION('',(-1.,3.25477170885E-08,0.));
#1561 = ADVANCED_FACE('',(#1562),#1580,.T.);
#1562 = FACE_BOUND('',#1563,.T.);
#1563 = EDGE_LOOP('',(#1564,#1572,#1578,#1579));
#1564 = ORIENTED_EDGE('',*,*,#1565,.F.);
#1565 = EDGE_CURVE('',#1566,#1541,#1568,.T.);
#1566 = VERTEX_POINT('',#1567);
#1567 = CARTESIAN_POINT('',(55.76875,-127.3968749224,2.6));
#1568 = LINE('',#1569,#1570);
#1569 = CARTESIAN_POINT('',(55.76875,-109.2090716206,2.6));
#1570 = VECTOR('',#1571,1.);
#1571 = DIRECTION('',(0.,1.,0.));
#1572 = ORIENTED_EDGE('',*,*,#1573,.T.);
#1573 = EDGE_CURVE('',#1566,#333,#1574,.T.);
#1574 = LINE('',#1575,#1576);
#1575 = CARTESIAN_POINT('',(55.76875,-127.3968749224,4.1));
#1576 = VECTOR('',#1577,1.);
#1577 = DIRECTION('',(-0.,-0.,-1.));
#1578 = ORIENTED_EDGE('',*,*,#341,.T.);
#1579 = ORIENTED_EDGE('',*,*,#1551,.F.);
#1580 = PLANE('',#1581);
#1581 = AXIS2_PLACEMENT_3D('',#1582,#1583,#1584);
#1582 = CARTESIAN_POINT('',(55.76875,-127.3968749224,4.1));
#1583 = DIRECTION('',(1.,0.,0.));
#1584 = DIRECTION('',(0.,1.,0.));
#1585 = ADVANCED_FACE('',(#1586),#1605,.F.);
#1586 = FACE_BOUND('',#1587,.F.);
#1587 = EDGE_LOOP('',(#1588,#1597,#1598,#1599));
#1588 = ORIENTED_EDGE('',*,*,#1589,.F.);
#1589 = EDGE_CURVE('',#1566,#1590,#1592,.T.);
#1590 = VERTEX_POINT('',#1591);
#1591 = CARTESIAN_POINT('',(57.150000077504,-128.7781249999,2.6));
#1592 = CIRCLE('',#1593,1.381250077504);
#1593 = AXIS2_PLACEMENT_3D('',#1594,#1595,#1596);
#1594 = CARTESIAN_POINT('',(57.150000077504,-127.3968749224,2.6));
#1595 = DIRECTION('',(0.,0.,1.));
#1596 = DIRECTION('',(-3.254771696604E-08,-1.,0.));
#1597 = ORIENTED_EDGE('',*,*,#1573,.T.);
#1598 = ORIENTED_EDGE('',*,*,#332,.T.);
#1599 = ORIENTED_EDGE('',*,*,#1600,.F.);
#1600 = EDGE_CURVE('',#1590,#325,#1601,.T.);
#1601 = LINE('',#1602,#1603);
#1602 = CARTESIAN_POINT('',(57.150000077504,-128.7781249999,4.1));
#1603 = VECTOR('',#1604,1.);
#1604 = DIRECTION('',(-0.,-0.,-1.));
#1605 = CYLINDRICAL_SURFACE('',#1606,1.381250077504);
#1606 = AXIS2_PLACEMENT_3D('',#1607,#1608,#1609);
#1607 = CARTESIAN_POINT('',(57.150000077504,-127.3968749224,4.1));
#1608 = DIRECTION('',(0.,0.,1.));
#1609 = DIRECTION('',(-3.254771696604E-08,-1.,0.));
#1610 = ADVANCED_FACE('',(#1611),#1629,.T.);
#1611 = FACE_BOUND('',#1612,.T.);
#1612 = EDGE_LOOP('',(#1613,#1621,#1627,#1628));
#1613 = ORIENTED_EDGE('',*,*,#1614,.F.);
#1614 = EDGE_CURVE('',#1615,#1590,#1617,.T.);
#1615 = VERTEX_POINT('',#1616);
#1616 = CARTESIAN_POINT('',(125.01562492249,-128.7781249999,2.6));
#1617 = LINE('',#1618,#1619);
#1618 = CARTESIAN_POINT('',(125.05781039645,-128.7781249999,2.6));
#1619 = VECTOR('',#1620,1.);
#1620 = DIRECTION('',(-1.,1.355217047318E-12,0.));
#1621 = ORIENTED_EDGE('',*,*,#1622,.T.);
#1622 = EDGE_CURVE('',#1615,#316,#1623,.T.);
#1623 = LINE('',#1624,#1625);
#1624 = CARTESIAN_POINT('',(125.01562492249,-128.7781249999,4.1));
#1625 = VECTOR('',#1626,1.);
#1626 = DIRECTION('',(-0.,-0.,-1.));
#1627 = ORIENTED_EDGE('',*,*,#324,.T.);
#1628 = ORIENTED_EDGE('',*,*,#1600,.F.);
#1629 = PLANE('',#1630);
#1630 = AXIS2_PLACEMENT_3D('',#1631,#1632,#1633);
#1631 = CARTESIAN_POINT('',(125.01562492249,-128.7781249999,4.1));
#1632 = DIRECTION('',(1.355217047318E-12,1.,0.));
#1633 = DIRECTION('',(-1.,1.355217047318E-12,0.));
#1634 = ADVANCED_FACE('',(#1635),#1654,.T.);
#1635 = FACE_BOUND('',#1636,.T.);
#1636 = EDGE_LOOP('',(#1637,#1646,#1652,#1653));
#1637 = ORIENTED_EDGE('',*,*,#1638,.F.);
#1638 = EDGE_CURVE('',#1639,#1615,#1641,.T.);
#1639 = VERTEX_POINT('',#1640);
#1640 = CARTESIAN_POINT('',(128.39687499999,-132.1593750775,2.6));
#1641 = CIRCLE('',#1642,3.381250077504);
#1642 = AXIS2_PLACEMENT_3D('',#1643,#1644,#1645);
#1643 = CARTESIAN_POINT('',(125.01562492249,-132.1593750775,2.6));
#1644 = DIRECTION('',(0.,-0.,1.));
#1645 = DIRECTION('',(1.,3.25476991E-08,0.));
#1646 = ORIENTED_EDGE('',*,*,#1647,.T.);
#1647 = EDGE_CURVE('',#1639,#308,#1648,.T.);
#1648 = LINE('',#1649,#1650);
#1649 = CARTESIAN_POINT('',(128.39687499999,-132.1593750775,4.1));
#1650 = VECTOR('',#1651,1.);
#1651 = DIRECTION('',(-0.,-0.,-1.));
#1652 = ORIENTED_EDGE('',*,*,#315,.T.);
#1653 = ORIENTED_EDGE('',*,*,#1622,.F.);
#1654 = CYLINDRICAL_SURFACE('',#1655,3.381250077504);
#1655 = AXIS2_PLACEMENT_3D('',#1656,#1657,#1658);
#1656 = CARTESIAN_POINT('',(125.01562492249,-132.1593750775,4.1));
#1657 = DIRECTION('',(0.,0.,1.));
#1658 = DIRECTION('',(1.,3.25476991E-08,0.));
#1659 = ADVANCED_FACE('',(#1660),#1678,.T.);
#1660 = FACE_BOUND('',#1661,.T.);
#1661 = EDGE_LOOP('',(#1662,#1670,#1676,#1677));
#1662 = ORIENTED_EDGE('',*,*,#1663,.F.);
#1663 = EDGE_CURVE('',#1664,#1639,#1666,.T.);
#1664 = VERTEX_POINT('',#1665);
#1665 = CARTESIAN_POINT('',(128.39687499999,-141.6843749224,2.6));
#1666 = LINE('',#1667,#1668);
#1667 = CARTESIAN_POINT('',(128.39687499999,-116.3528216206,2.6));
#1668 = VECTOR('',#1669,1.);
#1669 = DIRECTION('',(-2.118573650832E-13,1.,0.));
#1670 = ORIENTED_EDGE('',*,*,#1671,.T.);
#1671 = EDGE_CURVE('',#1664,#299,#1672,.T.);
#1672 = LINE('',#1673,#1674);
#1673 = CARTESIAN_POINT('',(128.39687499999,-141.6843749224,4.1));
#1674 = VECTOR('',#1675,1.);
#1675 = DIRECTION('',(-0.,-0.,-1.));
#1676 = ORIENTED_EDGE('',*,*,#307,.T.);
#1677 = ORIENTED_EDGE('',*,*,#1647,.F.);
#1678 = PLANE('',#1679);
#1679 = AXIS2_PLACEMENT_3D('',#1680,#1681,#1682);
#1680 = CARTESIAN_POINT('',(128.39687499999,-141.6843749224,4.1));
#1681 = DIRECTION('',(1.,2.118573650832E-13,0.));
#1682 = DIRECTION('',(-2.118573650832E-13,1.,0.));
#1683 = ADVANCED_FACE('',(#1684),#1703,.F.);
#1684 = FACE_BOUND('',#1685,.F.);
#1685 = EDGE_LOOP('',(#1686,#1695,#1696,#1697));
#1686 = ORIENTED_EDGE('',*,*,#1687,.F.);
#1687 = EDGE_CURVE('',#1664,#1688,#1690,.T.);
#1688 = VERTEX_POINT('',#1689);
#1689 = CARTESIAN_POINT('',(129.77415737247,-143.0656193011,2.6));
#1690 = CIRCLE('',#1691,1.381250077504);
#1691 = AXIS2_PLACEMENT_3D('',#1692,#1693,#1694);
#1692 = CARTESIAN_POINT('',(129.7781250775,-141.6843749224,2.6));
#1693 = DIRECTION('',(0.,0.,1.));
#1694 = DIRECTION('',(-3.254771097083E-08,-1.,0.));
#1695 = ORIENTED_EDGE('',*,*,#1671,.T.);
#1696 = ORIENTED_EDGE('',*,*,#298,.T.);
#1697 = ORIENTED_EDGE('',*,*,#1698,.F.);
#1698 = EDGE_CURVE('',#1688,#290,#1699,.T.);
#1699 = LINE('',#1700,#1701);
#1700 = CARTESIAN_POINT('',(129.77415737247,-143.0656193011,4.1));
#1701 = VECTOR('',#1702,1.);
#1702 = DIRECTION('',(-0.,-0.,-1.));
#1703 = CYLINDRICAL_SURFACE('',#1704,1.381250077504);
#1704 = AXIS2_PLACEMENT_3D('',#1705,#1706,#1707);
#1705 = CARTESIAN_POINT('',(129.7781250775,-141.6843749224,4.1));
#1706 = DIRECTION('',(0.,0.,1.));
#1707 = DIRECTION('',(-3.254771097083E-08,-1.,0.));
#1708 = ADVANCED_FACE('',(#1709),#1728,.T.);
#1709 = FACE_BOUND('',#1710,.T.);
#1710 = EDGE_LOOP('',(#1711,#1720,#1726,#1727));
#1711 = ORIENTED_EDGE('',*,*,#1712,.F.);
#1712 = EDGE_CURVE('',#1713,#1688,#1715,.T.);
#1713 = VERTEX_POINT('',#1714);
#1714 = CARTESIAN_POINT('',(151.80221618759,-145.7731523941,2.6));
#1715 = CIRCLE('',#1716,84.665606478227);
#1716 = AXIS2_PLACEMENT_3D('',#1717,#1718,#1719);
#1717 = CARTESIAN_POINT('',(130.54852029876,-227.727684492,2.6));
#1718 = DIRECTION('',(0.,0.,1.));
#1719 = DIRECTION('',(1.,0.,0.));
#1720 = ORIENTED_EDGE('',*,*,#1721,.T.);
#1721 = EDGE_CURVE('',#1713,#281,#1722,.T.);
#1722 = LINE('',#1723,#1724);
#1723 = CARTESIAN_POINT('',(151.80221618759,-145.7731523941,4.1));
#1724 = VECTOR('',#1725,1.);
#1725 = DIRECTION('',(-0.,-0.,-1.));
#1726 = ORIENTED_EDGE('',*,*,#289,.T.);
#1727 = ORIENTED_EDGE('',*,*,#1698,.F.);
#1728 = CYLINDRICAL_SURFACE('',#1729,84.665606478227);
#1729 = AXIS2_PLACEMENT_3D('',#1730,#1731,#1732);
#1730 = CARTESIAN_POINT('',(130.54852029876,-227.727684492,4.1));
#1731 = DIRECTION('',(0.,0.,1.));
#1732 = DIRECTION('',(1.,0.,0.));
#1733 = ADVANCED_FACE('',(#1734),#1753,.T.);
#1734 = FACE_BOUND('',#1735,.T.);
#1735 = EDGE_LOOP('',(#1736,#1745,#1751,#1752));
#1736 = ORIENTED_EDGE('',*,*,#1737,.F.);
#1737 = EDGE_CURVE('',#1738,#1713,#1740,.T.);
#1738 = VERTEX_POINT('',#1739);
#1739 = CARTESIAN_POINT('',(168.52390858787,-151.835104807,2.6));
#1740 = CIRCLE('',#1741,97.846989070694);
#1741 = AXIS2_PLACEMENT_3D('',#1742,#1743,#1744);
#1742 = CARTESIAN_POINT('',(126.95325477459,-240.4122689733,2.6));
#1743 = DIRECTION('',(0.,0.,1.));
#1744 = DIRECTION('',(1.,0.,0.));
#1745 = ORIENTED_EDGE('',*,*,#1746,.T.);
#1746 = EDGE_CURVE('',#1738,#272,#1747,.T.);
#1747 = LINE('',#1748,#1749);
#1748 = CARTESIAN_POINT('',(168.52390858787,-151.835104807,4.1));
#1749 = VECTOR('',#1750,1.);
#1750 = DIRECTION('',(-0.,-0.,-1.));
#1751 = ORIENTED_EDGE('',*,*,#280,.T.);
#1752 = ORIENTED_EDGE('',*,*,#1721,.F.);
#1753 = CYLINDRICAL_SURFACE('',#1754,97.846989070694);
#1754 = AXIS2_PLACEMENT_3D('',#1755,#1756,#1757);
#1755 = CARTESIAN_POINT('',(126.95325477459,-240.4122689733,4.1));
#1756 = DIRECTION('',(0.,0.,1.));
#1757 = DIRECTION('',(1.,0.,0.));
#1758 = ADVANCED_FACE('',(#1759),#1778,.T.);
#1759 = FACE_BOUND('',#1760,.T.);
#1760 = EDGE_LOOP('',(#1761,#1770,#1776,#1777));
#1761 = ORIENTED_EDGE('',*,*,#1762,.F.);
#1762 = EDGE_CURVE('',#1763,#1738,#1765,.T.);
#1763 = VERTEX_POINT('',#1764);
#1764 = CARTESIAN_POINT('',(182.96895554509,-159.7233502945,2.6));
#1765 = CIRCLE('',#1766,135.8148020984);
#1766 = AXIS2_PLACEMENT_3D('',#1767,#1768,#1769);
#1767 = CARTESIAN_POINT('',(110.77277508551,-274.7597445186,2.6));
#1768 = DIRECTION('',(0.,0.,1.));
#1769 = DIRECTION('',(1.,0.,0.));
#1770 = ORIENTED_EDGE('',*,*,#1771,.T.);
#1771 = EDGE_CURVE('',#1763,#263,#1772,.T.);
#1772 = LINE('',#1773,#1774);
#1773 = CARTESIAN_POINT('',(182.96895554509,-159.7233502945,4.1));
#1774 = VECTOR('',#1775,1.);
#1775 = DIRECTION('',(-0.,-0.,-1.));
#1776 = ORIENTED_EDGE('',*,*,#271,.T.);
#1777 = ORIENTED_EDGE('',*,*,#1746,.F.);
#1778 = CYLINDRICAL_SURFACE('',#1779,135.8148020984);
#1779 = AXIS2_PLACEMENT_3D('',#1780,#1781,#1782);
#1780 = CARTESIAN_POINT('',(110.77277508551,-274.7597445186,4.1));
#1781 = DIRECTION('',(0.,0.,1.));
#1782 = DIRECTION('',(1.,0.,0.));
#1783 = ADVANCED_FACE('',(#1784),#1803,.F.);
#1784 = FACE_BOUND('',#1785,.F.);
#1785 = EDGE_LOOP('',(#1786,#1795,#1796,#1797));
#1786 = ORIENTED_EDGE('',*,*,#1787,.F.);
#1787 = EDGE_CURVE('',#1763,#1788,#1790,.T.);
#1788 = VERTEX_POINT('',#1789);
#1789 = CARTESIAN_POINT('',(184.84189839804,-159.2098708072,2.6));
#1790 = CIRCLE('',#1791,1.381250259068);
#1791 = AXIS2_PLACEMENT_3D('',#1792,#1793,#1794);
#1792 = CARTESIAN_POINT('',(183.64570067542,-158.5192455206,2.6));
#1793 = DIRECTION('',(-0.,0.,1.));
#1794 = DIRECTION('',(0.866026288806,-0.499998467095,0.));
#1795 = ORIENTED_EDGE('',*,*,#1771,.T.);
#1796 = ORIENTED_EDGE('',*,*,#262,.T.);
#1797 = ORIENTED_EDGE('',*,*,#1798,.F.);
#1798 = EDGE_CURVE('',#1788,#255,#1799,.T.);
#1799 = LINE('',#1800,#1801);
#1800 = CARTESIAN_POINT('',(184.84189839804,-159.2098708072,4.1));
#1801 = VECTOR('',#1802,1.);
#1802 = DIRECTION('',(-0.,-0.,-1.));
#1803 = CYLINDRICAL_SURFACE('',#1804,1.381250259068);
#1804 = AXIS2_PLACEMENT_3D('',#1805,#1806,#1807);
#1805 = CARTESIAN_POINT('',(183.64570067542,-158.5192455206,4.1));
#1806 = DIRECTION('',(0.,0.,1.));
#1807 = DIRECTION('',(0.866026288806,-0.499998467095,0.));
#1808 = ADVANCED_FACE('',(#1809),#1827,.T.);
#1809 = FACE_BOUND('',#1810,.T.);
#1810 = EDGE_LOOP('',(#1811,#1819,#1825,#1826));
#1811 = ORIENTED_EDGE('',*,*,#1812,.F.);
#1812 = EDGE_CURVE('',#1813,#1788,#1815,.T.);
#1813 = VERTEX_POINT('',#1814);
#1814 = CARTESIAN_POINT('',(203.89190584529,-126.2143000326,2.6));
#1815 = LINE('',#1816,#1817);
#1816 = CARTESIAN_POINT('',(201.66242864786,-130.0758666415,2.6));
#1817 = VECTOR('',#1818,1.);
#1818 = DIRECTION('',(-0.500000113749,-0.866025338111,0.));
#1819 = ORIENTED_EDGE('',*,*,#1820,.T.);
#1820 = EDGE_CURVE('',#1813,#246,#1821,.T.);
#1821 = LINE('',#1822,#1823);
#1822 = CARTESIAN_POINT('',(203.89190584529,-126.2143000326,4.1));
#1823 = VECTOR('',#1824,1.);
#1824 = DIRECTION('',(-0.,-0.,-1.));
#1825 = ORIENTED_EDGE('',*,*,#254,.T.);
#1826 = ORIENTED_EDGE('',*,*,#1798,.F.);
#1827 = PLANE('',#1828);
#1828 = AXIS2_PLACEMENT_3D('',#1829,#1830,#1831);
#1829 = CARTESIAN_POINT('',(203.89190584529,-126.2143000326,4.1));
#1830 = DIRECTION('',(-0.866025338111,0.500000113749,0.));
#1831 = DIRECTION('',(-0.500000113749,-0.866025338111,0.));
#1832 = ADVANCED_FACE('',(#1833),#1852,.F.);
#1833 = FACE_BOUND('',#1834,.F.);
#1834 = EDGE_LOOP('',(#1835,#1844,#1845,#1846));
#1835 = ORIENTED_EDGE('',*,*,#1836,.F.);
#1836 = EDGE_CURVE('',#1813,#1837,#1839,.T.);
#1837 = VERTEX_POINT('',#1838);
#1838 = CARTESIAN_POINT('',(203.37775253604,-124.3225610192,2.6));
#1839 = CIRCLE('',#1840,1.381252591028);
#1840 = AXIS2_PLACEMENT_3D('',#1841,#1842,#1843);
#1841 = CARTESIAN_POINT('',(202.69570610313,-125.52367358,2.6));
#1842 = DIRECTION('',(0.,-0.,1.));
#1843 = DIRECTION('',(0.500001932325,0.866024288153,0.));
#1844 = ORIENTED_EDGE('',*,*,#1820,.T.);
#1845 = ORIENTED_EDGE('',*,*,#245,.T.);
#1846 = ORIENTED_EDGE('',*,*,#1847,.F.);
#1847 = EDGE_CURVE('',#1837,#238,#1848,.T.);
#1848 = LINE('',#1849,#1850);
#1849 = CARTESIAN_POINT('',(203.37775253604,-124.3225610192,4.1));
#1850 = VECTOR('',#1851,1.);
#1851 = DIRECTION('',(-0.,-0.,-1.));
#1852 = CYLINDRICAL_SURFACE('',#1853,1.381252591028);
#1853 = AXIS2_PLACEMENT_3D('',#1854,#1855,#1856);
#1854 = CARTESIAN_POINT('',(202.69570610313,-125.52367358,4.1));
#1855 = DIRECTION('',(0.,0.,1.));
#1856 = DIRECTION('',(0.500001932325,0.866024288153,0.));
#1857 = ADVANCED_FACE('',(#1858),#1876,.T.);
#1858 = FACE_BOUND('',#1859,.T.);
#1859 = EDGE_LOOP('',(#1860,#1868,#1874,#1875));
#1860 = ORIENTED_EDGE('',*,*,#1861,.F.);
#1861 = EDGE_CURVE('',#1862,#1837,#1864,.T.);
#1862 = VERTEX_POINT('',#1863);
#1863 = CARTESIAN_POINT('',(193.67506283431,-118.4207499623,2.6));
#1864 = LINE('',#1865,#1866);
#1865 = CARTESIAN_POINT('',(162.56482851883,-99.49746884019,2.6));
#1866 = VECTOR('',#1867,1.);
#1867 = DIRECTION('',(0.854361750204,-0.519678746716,0.));
#1868 = ORIENTED_EDGE('',*,*,#1869,.T.);
#1869 = EDGE_CURVE('',#1862,#230,#1870,.T.);
#1870 = LINE('',#1871,#1872);
#1871 = CARTESIAN_POINT('',(193.67506283431,-118.4207499623,4.1));
#1872 = VECTOR('',#1873,1.);
#1873 = DIRECTION('',(-0.,-0.,-1.));
#1874 = ORIENTED_EDGE('',*,*,#237,.T.);
#1875 = ORIENTED_EDGE('',*,*,#1847,.F.);
#1876 = PLANE('',#1877);
#1877 = AXIS2_PLACEMENT_3D('',#1878,#1879,#1880);
#1878 = CARTESIAN_POINT('',(193.67506283431,-118.4207499623,4.1));
#1879 = DIRECTION('',(-0.519678746716,-0.854361750204,0.));
#1880 = DIRECTION('',(0.854361750204,-0.519678746716,0.));
#1881 = ADVANCED_FACE('',(#1882),#1900,.T.);
#1882 = FACE_BOUND('',#1883,.T.);
#1883 = EDGE_LOOP('',(#1884,#1892,#1898,#1899));
#1884 = ORIENTED_EDGE('',*,*,#1885,.F.);
#1885 = EDGE_CURVE('',#1886,#1862,#1888,.T.);
#1886 = VERTEX_POINT('',#1887);
#1887 = CARTESIAN_POINT('',(193.4479922493,-118.2387543492,2.6));
#1888 = LINE('',#1889,#1890);
#1889 = CARTESIAN_POINT('',(165.99941731151,-96.2388981267,2.6));
#1890 = VECTOR('',#1891,1.);
#1891 = DIRECTION('',(0.780299983687,-0.625405416876,0.));
#1892 = ORIENTED_EDGE('',*,*,#1893,.T.);
#1893 = EDGE_CURVE('',#1886,#222,#1894,.T.);
#1894 = LINE('',#1895,#1896);
#1895 = CARTESIAN_POINT('',(193.4479922493,-118.2387543492,4.1));
#1896 = VECTOR('',#1897,1.);
#1897 = DIRECTION('',(-0.,-0.,-1.));
#1898 = ORIENTED_EDGE('',*,*,#229,.T.);
#1899 = ORIENTED_EDGE('',*,*,#1869,.F.);
#1900 = PLANE('',#1901);
#1901 = AXIS2_PLACEMENT_3D('',#1902,#1903,#1904);
#1902 = CARTESIAN_POINT('',(193.4479922493,-118.2387543492,4.1));
#1903 = DIRECTION('',(-0.625405416876,-0.780299983687,0.));
#1904 = DIRECTION('',(0.780299983687,-0.625405416876,0.));
#1905 = ADVANCED_FACE('',(#1906),#1924,.T.);
#1906 = FACE_BOUND('',#1907,.T.);
#1907 = EDGE_LOOP('',(#1908,#1916,#1922,#1923));
#1908 = ORIENTED_EDGE('',*,*,#1909,.F.);
#1909 = EDGE_CURVE('',#1910,#1886,#1912,.T.);
#1910 = VERTEX_POINT('',#1911);
#1911 = CARTESIAN_POINT('',(193.16901582154,-117.9634282274,2.6));
#1912 = LINE('',#1913,#1914);
#1913 = CARTESIAN_POINT('',(169.19268377884,-94.30081784091,2.6));
#1914 = VECTOR('',#1915,1.);
#1915 = DIRECTION('',(0.711747931417,-0.702434966473,0.));
#1916 = ORIENTED_EDGE('',*,*,#1917,.T.);
#1917 = EDGE_CURVE('',#1910,#214,#1918,.T.);
#1918 = LINE('',#1919,#1920);
#1919 = CARTESIAN_POINT('',(193.16901582154,-117.9634282274,4.1));
#1920 = VECTOR('',#1921,1.);
#1921 = DIRECTION('',(-0.,-0.,-1.));
#1922 = ORIENTED_EDGE('',*,*,#221,.T.);
#1923 = ORIENTED_EDGE('',*,*,#1893,.F.);
#1924 = PLANE('',#1925);
#1925 = AXIS2_PLACEMENT_3D('',#1926,#1927,#1928);
#1926 = CARTESIAN_POINT('',(193.16901582154,-117.9634282274,4.1));
#1927 = DIRECTION('',(-0.702434966473,-0.711747931417,0.));
#1928 = DIRECTION('',(0.711747931417,-0.702434966473,0.));
#1929 = ADVANCED_FACE('',(#1930),#1948,.T.);
#1930 = FACE_BOUND('',#1931,.T.);
#1931 = EDGE_LOOP('',(#1932,#1940,#1946,#1947));
#1932 = ORIENTED_EDGE('',*,*,#1933,.F.);
#1933 = EDGE_CURVE('',#1934,#1910,#1936,.T.);
#1934 = VERTEX_POINT('',#1935);
#1935 = CARTESIAN_POINT('',(192.89209640264,-117.6274344565,2.6));
#1936 = LINE('',#1937,#1938);
#1937 = CARTESIAN_POINT('',(172.651903154,-93.06946419408,2.6));
#1938 = VECTOR('',#1939,1.);
#1939 = DIRECTION('',(0.636006463372,-0.771683729613,0.));
#1940 = ORIENTED_EDGE('',*,*,#1941,.T.);
#1941 = EDGE_CURVE('',#1934,#206,#1942,.T.);
#1942 = LINE('',#1943,#1944);
#1943 = CARTESIAN_POINT('',(192.89209640264,-117.6274344565,4.1));
#1944 = VECTOR('',#1945,1.);
#1945 = DIRECTION('',(-0.,-0.,-1.));
#1946 = ORIENTED_EDGE('',*,*,#213,.T.);
#1947 = ORIENTED_EDGE('',*,*,#1917,.F.);
#1948 = PLANE('',#1949);
#1949 = AXIS2_PLACEMENT_3D('',#1950,#1951,#1952);
#1950 = CARTESIAN_POINT('',(192.89209640264,-117.6274344565,4.1));
#1951 = DIRECTION('',(-0.771683729613,-0.636006463372,0.));
#1952 = DIRECTION('',(0.636006463372,-0.771683729613,0.));
#1953 = ADVANCED_FACE('',(#1954),#1972,.T.);
#1954 = FACE_BOUND('',#1955,.T.);
#1955 = EDGE_LOOP('',(#1956,#1964,#1970,#1971));
#1956 = ORIENTED_EDGE('',*,*,#1957,.F.);
#1957 = EDGE_CURVE('',#1958,#1934,#1960,.T.);
#1958 = VERTEX_POINT('',#1959);
#1959 = CARTESIAN_POINT('',(192.63761376911,-117.2467112304,2.6));
#1960 = LINE('',#1961,#1962);
#1961 = CARTESIAN_POINT('',(176.15128645934,-92.58205088529,2.6));
#1962 = VECTOR('',#1963,1.);
#1963 = DIRECTION('',(0.555708370418,-0.831377295244,0.));
#1964 = ORIENTED_EDGE('',*,*,#1965,.T.);
#1965 = EDGE_CURVE('',#1958,#198,#1966,.T.);
#1966 = LINE('',#1967,#1968);
#1967 = CARTESIAN_POINT('',(192.63761376911,-117.2467112304,4.1));
#1968 = VECTOR('',#1969,1.);
#1969 = DIRECTION('',(-0.,-0.,-1.));
#1970 = ORIENTED_EDGE('',*,*,#205,.T.);
#1971 = ORIENTED_EDGE('',*,*,#1941,.F.);
#1972 = PLANE('',#1973);
#1973 = AXIS2_PLACEMENT_3D('',#1974,#1975,#1976);
#1974 = CARTESIAN_POINT('',(192.63761376911,-117.2467112304,4.1));
#1975 = DIRECTION('',(-0.831377295244,-0.555708370418,0.));
#1976 = DIRECTION('',(0.555708370418,-0.831377295244,0.));
#1977 = ADVANCED_FACE('',(#1978),#1996,.T.);
#1978 = FACE_BOUND('',#1979,.T.);
#1979 = EDGE_LOOP('',(#1980,#1988,#1994,#1995));
#1980 = ORIENTED_EDGE('',*,*,#1981,.F.);
#1981 = EDGE_CURVE('',#1982,#1958,#1984,.T.);
#1982 = VERTEX_POINT('',#1983);
#1983 = CARTESIAN_POINT('',(192.4141446329,-116.8288808532,2.6));
#1984 = LINE('',#1985,#1986);
#1985 = CARTESIAN_POINT('',(179.56170271852,-92.79808741413,2.6));
#1986 = VECTOR('',#1987,1.);
#1987 = DIRECTION('',(0.47161691914,-0.881803539107,0.));
#1988 = ORIENTED_EDGE('',*,*,#1989,.T.);
#1989 = EDGE_CURVE('',#1982,#190,#1990,.T.);
#1990 = LINE('',#1991,#1992);
#1991 = CARTESIAN_POINT('',(192.4141446329,-116.8288808532,4.1));
#1992 = VECTOR('',#1993,1.);
#1993 = DIRECTION('',(-0.,-0.,-1.));
#1994 = ORIENTED_EDGE('',*,*,#197,.T.);
#1995 = ORIENTED_EDGE('',*,*,#1965,.F.);
#1996 = PLANE('',#1997);
#1997 = AXIS2_PLACEMENT_3D('',#1998,#1999,#2000);
#1998 = CARTESIAN_POINT('',(192.4141446329,-116.8288808532,4.1));
#1999 = DIRECTION('',(-0.881803539107,-0.47161691914,0.));
#2000 = DIRECTION('',(0.47161691914,-0.881803539107,0.));
#2001 = ADVANCED_FACE('',(#2002),#2020,.T.);
#2002 = FACE_BOUND('',#2003,.T.);
#2003 = EDGE_LOOP('',(#2004,#2012,#2018,#2019));
#2004 = ORIENTED_EDGE('',*,*,#2005,.F.);
#2005 = EDGE_CURVE('',#2006,#1982,#2008,.T.);
#2006 = VERTEX_POINT('',#2007);
#2007 = CARTESIAN_POINT('',(192.22638768195,-116.3786170308,2.6));
#2008 = LINE('',#2009,#2010);
#2009 = CARTESIAN_POINT('',(182.75099872209,-93.6554910402,2.6));
#2010 = VECTOR('',#2011,1.);
#2011 = DIRECTION('',(0.384872165152,-0.922969889266,0.));
#2012 = ORIENTED_EDGE('',*,*,#2013,.T.);
#2013 = EDGE_CURVE('',#2006,#182,#2014,.T.);
#2014 = LINE('',#2015,#2016);
#2015 = CARTESIAN_POINT('',(192.22638768195,-116.3786170308,4.1));
#2016 = VECTOR('',#2017,1.);
#2017 = DIRECTION('',(-0.,-0.,-1.));
#2018 = ORIENTED_EDGE('',*,*,#189,.T.);
#2019 = ORIENTED_EDGE('',*,*,#1989,.F.);
#2020 = PLANE('',#2021);
#2021 = AXIS2_PLACEMENT_3D('',#2022,#2023,#2024);
#2022 = CARTESIAN_POINT('',(192.22638768195,-116.3786170308,4.1));
#2023 = DIRECTION('',(-0.922969889266,-0.384872165152,0.));
#2024 = DIRECTION('',(0.384872165152,-0.922969889266,0.));
#2025 = ADVANCED_FACE('',(#2026),#2044,.T.);
#2026 = FACE_BOUND('',#2027,.T.);
#2027 = EDGE_LOOP('',(#2028,#2036,#2042,#2043));
#2028 = ORIENTED_EDGE('',*,*,#2029,.F.);
#2029 = EDGE_CURVE('',#2030,#2006,#2032,.T.);
#2030 = VERTEX_POINT('',#2031);
#2031 = CARTESIAN_POINT('',(192.0772806919,-115.8990015515,2.6));
#2032 = LINE('',#2033,#2034);
#2033 = CARTESIAN_POINT('',(185.59952941864,-95.06275651405,2.6));
#2034 = VECTOR('',#2035,1.);
#2035 = DIRECTION('',(0.296872827264,-0.954917024894,0.));
#2036 = ORIENTED_EDGE('',*,*,#2037,.T.);
#2037 = EDGE_CURVE('',#2030,#174,#2038,.T.);
#2038 = LINE('',#2039,#2040);
#2039 = CARTESIAN_POINT('',(192.0772806919,-115.8990015515,4.1));
#2040 = VECTOR('',#2041,1.);
#2041 = DIRECTION('',(-0.,-0.,-1.));
#2042 = ORIENTED_EDGE('',*,*,#181,.T.);
#2043 = ORIENTED_EDGE('',*,*,#2013,.F.);
#2044 = PLANE('',#2045);
#2045 = AXIS2_PLACEMENT_3D('',#2046,#2047,#2048);
#2046 = CARTESIAN_POINT('',(192.0772806919,-115.8990015515,4.1));
#2047 = DIRECTION('',(-0.954917024894,-0.296872827264,0.));
#2048 = DIRECTION('',(0.296872827264,-0.954917024894,0.));
#2049 = ADVANCED_FACE('',(#2050),#2068,.T.);
#2050 = FACE_BOUND('',#2051,.T.);
#2051 = EDGE_LOOP('',(#2052,#2060,#2066,#2067));
#2052 = ORIENTED_EDGE('',*,*,#2053,.F.);
#2053 = EDGE_CURVE('',#2054,#2030,#2056,.T.);
#2054 = VERTEX_POINT('',#2055);
#2055 = CARTESIAN_POINT('',(191.9688750098,-115.3920610522,2.6));
#2056 = LINE('',#2057,#2058);
#2057 = CARTESIAN_POINT('',(188.01500131001,-96.9024517536,2.6));
#2058 = VECTOR('',#2059,1.);
#2059 = DIRECTION('',(0.209115159183,-0.977891021638,0.));
#2060 = ORIENTED_EDGE('',*,*,#2061,.T.);
#2061 = EDGE_CURVE('',#2054,#166,#2062,.T.);
#2062 = LINE('',#2063,#2064);
#2063 = CARTESIAN_POINT('',(191.9688750098,-115.3920610522,4.1));
#2064 = VECTOR('',#2065,1.);
#2065 = DIRECTION('',(-0.,-0.,-1.));
#2066 = ORIENTED_EDGE('',*,*,#173,.T.);
#2067 = ORIENTED_EDGE('',*,*,#2037,.F.);
#2068 = PLANE('',#2069);
#2069 = AXIS2_PLACEMENT_3D('',#2070,#2071,#2072);
#2070 = CARTESIAN_POINT('',(191.9688750098,-115.3920610522,4.1));
#2071 = DIRECTION('',(-0.977891021638,-0.209115159183,0.));
#2072 = DIRECTION('',(0.209115159183,-0.977891021638,0.));
#2073 = ADVANCED_FACE('',(#2074),#2092,.T.);
#2074 = FACE_BOUND('',#2075,.T.);
#2075 = EDGE_LOOP('',(#2076,#2084,#2090,#2091));
#2076 = ORIENTED_EDGE('',*,*,#2077,.F.);
#2077 = EDGE_CURVE('',#2078,#2054,#2080,.T.);
#2078 = VERTEX_POINT('',#2079);
#2079 = CARTESIAN_POINT('',(191.90278189882,-114.8589973169,2.6));
#2080 = LINE('',#2081,#2082);
#2081 = CARTESIAN_POINT('',(189.94166817959,-99.04193879142,2.6));
#2082 = VECTOR('',#2083,1.);
#2083 = DIRECTION('',(0.123045089089,-0.992401081242,0.));
#2084 = ORIENTED_EDGE('',*,*,#2085,.T.);
#2085 = EDGE_CURVE('',#2078,#158,#2086,.T.);
#2086 = LINE('',#2087,#2088);
#2087 = CARTESIAN_POINT('',(191.90278189882,-114.8589973169,4.1));
#2088 = VECTOR('',#2089,1.);
#2089 = DIRECTION('',(-0.,-0.,-1.));
#2090 = ORIENTED_EDGE('',*,*,#165,.T.);
#2091 = ORIENTED_EDGE('',*,*,#2061,.F.);
#2092 = PLANE('',#2093);
#2093 = AXIS2_PLACEMENT_3D('',#2094,#2095,#2096);
#2094 = CARTESIAN_POINT('',(191.90278189882,-114.8589973169,4.1));
#2095 = DIRECTION('',(-0.992401081242,-0.123045089089,0.));
#2096 = DIRECTION('',(0.123045089089,-0.992401081242,0.));
#2097 = ADVANCED_FACE('',(#2098),#2116,.T.);
#2098 = FACE_BOUND('',#2099,.T.);
#2099 = EDGE_LOOP('',(#2100,#2108,#2114,#2115));
#2100 = ORIENTED_EDGE('',*,*,#2101,.F.);
#2101 = EDGE_CURVE('',#2102,#2078,#2104,.T.);
#2102 = VERTEX_POINT('',#2103);
#2103 = CARTESIAN_POINT('',(191.88125,-114.3199647649,2.6));
#2104 = LINE('',#2105,#2106);
#2105 = CARTESIAN_POINT('',(191.36345833987,-101.3574962796,2.6));
#2106 = VECTOR('',#2107,1.);
#2107 = DIRECTION('',(3.991362062869E-02,-0.999203133946,0.));
#2108 = ORIENTED_EDGE('',*,*,#2109,.T.);
#2109 = EDGE_CURVE('',#2102,#150,#2110,.T.);
#2110 = LINE('',#2111,#2112);
#2111 = CARTESIAN_POINT('',(191.88125,-114.3199647649,4.1));
#2112 = VECTOR('',#2113,1.);
#2113 = DIRECTION('',(-0.,-0.,-1.));
#2114 = ORIENTED_EDGE('',*,*,#157,.T.);
#2115 = ORIENTED_EDGE('',*,*,#2085,.F.);
#2116 = PLANE('',#2117);
#2117 = AXIS2_PLACEMENT_3D('',#2118,#2119,#2120);
#2118 = CARTESIAN_POINT('',(191.88125,-114.3199647649,4.1));
#2119 = DIRECTION('',(-0.999203133946,-3.991362062869E-02,0.));
#2120 = DIRECTION('',(3.991362062869E-02,-0.999203133946,0.));
#2121 = ADVANCED_FACE('',(#2122),#2140,.F.);
#2122 = FACE_BOUND('',#2123,.F.);
#2123 = EDGE_LOOP('',(#2124,#2132,#2133,#2134));
#2124 = ORIENTED_EDGE('',*,*,#2125,.F.);
#2125 = EDGE_CURVE('',#2102,#2126,#2128,.T.);
#2126 = VERTEX_POINT('',#2127);
#2127 = CARTESIAN_POINT('',(191.88125,-96.49999937039,2.6));
#2128 = LINE('',#2129,#2130);
#2129 = CARTESIAN_POINT('',(191.88125,-102.6706165419,2.6));
#2130 = VECTOR('',#2131,1.);
#2131 = DIRECTION('',(2.232910800981E-14,1.,0.));
#2132 = ORIENTED_EDGE('',*,*,#2109,.T.);
#2133 = ORIENTED_EDGE('',*,*,#149,.T.);
#2134 = ORIENTED_EDGE('',*,*,#2135,.F.);
#2135 = EDGE_CURVE('',#2126,#141,#2136,.T.);
#2136 = LINE('',#2137,#2138);
#2137 = CARTESIAN_POINT('',(191.88125,-96.49999937039,4.1));
#2138 = VECTOR('',#2139,1.);
#2139 = DIRECTION('',(-0.,-0.,-1.));
#2140 = PLANE('',#2141);
#2141 = AXIS2_PLACEMENT_3D('',#2142,#2143,#2144);
#2142 = CARTESIAN_POINT('',(191.88125,-114.3199647649,4.1));
#2143 = DIRECTION('',(1.,-2.232910800981E-14,0.));
#2144 = DIRECTION('',(2.232910800981E-14,1.,0.));
#2145 = ADVANCED_FACE('',(#2146),#2165,.F.);
#2146 = FACE_BOUND('',#2147,.F.);
#2147 = EDGE_LOOP('',(#2148,#2157,#2158,#2159));
#2148 = ORIENTED_EDGE('',*,*,#2149,.F.);
#2149 = EDGE_CURVE('',#2126,#2150,#2152,.T.);
#2150 = VERTEX_POINT('',#2151);
#2151 = CARTESIAN_POINT('',(190.5000016296,-95.118751,2.6));
#2152 = CIRCLE('',#2153,1.381248370398);
#2153 = AXIS2_PLACEMENT_3D('',#2154,#2155,#2156);
#2154 = CARTESIAN_POINT('',(190.5000016296,-96.49999937039,2.6));
#2155 = DIRECTION('',(0.,0.,1.));
#2156 = DIRECTION('',(1.,0.,0.));
#2157 = ORIENTED_EDGE('',*,*,#2135,.T.);
#2158 = ORIENTED_EDGE('',*,*,#140,.T.);
#2159 = ORIENTED_EDGE('',*,*,#2160,.F.);
#2160 = EDGE_CURVE('',#2150,#133,#2161,.T.);
#2161 = LINE('',#2162,#2163);
#2162 = CARTESIAN_POINT('',(190.5000016296,-95.118751,4.1));
#2163 = VECTOR('',#2164,1.);
#2164 = DIRECTION('',(-0.,-0.,-1.));
#2165 = CYLINDRICAL_SURFACE('',#2166,1.381248370398);
#2166 = AXIS2_PLACEMENT_3D('',#2167,#2168,#2169);
#2167 = CARTESIAN_POINT('',(190.5000016296,-96.49999937039,4.1));
#2168 = DIRECTION('',(0.,0.,1.));
#2169 = DIRECTION('',(1.,0.,0.));
#2170 = ADVANCED_FACE('',(#2171),#2189,.T.);
#2171 = FACE_BOUND('',#2172,.T.);
#2172 = EDGE_LOOP('',(#2173,#2181,#2187,#2188));
#2173 = ORIENTED_EDGE('',*,*,#2174,.F.);
#2174 = EDGE_CURVE('',#2175,#2150,#2177,.T.);
#2175 = VERTEX_POINT('',#2176);
#2176 = CARTESIAN_POINT('',(176.3562483704,-95.11875099999,2.6));
#2177 = LINE('',#2178,#2179);
#2178 = CARTESIAN_POINT('',(150.72812212043,-95.11875099999,2.6));
#2179 = VECTOR('',#2180,1.);
#2180 = DIRECTION('',(1.,-1.768349874351E-13,0.));
#2181 = ORIENTED_EDGE('',*,*,#2182,.T.);
#2182 = EDGE_CURVE('',#2175,#124,#2183,.T.);
#2183 = LINE('',#2184,#2185);
#2184 = CARTESIAN_POINT('',(176.3562483704,-95.11875099999,4.1));
#2185 = VECTOR('',#2186,1.);
#2186 = DIRECTION('',(-0.,-0.,-1.));
#2187 = ORIENTED_EDGE('',*,*,#132,.T.);
#2188 = ORIENTED_EDGE('',*,*,#2160,.F.);
#2189 = PLANE('',#2190);
#2190 = AXIS2_PLACEMENT_3D('',#2191,#2192,#2193);
#2191 = CARTESIAN_POINT('',(176.3562483704,-95.11875099999,4.1));
#2192 = DIRECTION('',(-1.768349874351E-13,-1.,0.));
#2193 = DIRECTION('',(1.,-1.768349874351E-13,0.));
#2194 = ADVANCED_FACE('',(#2195),#2214,.T.);
#2195 = FACE_BOUND('',#2196,.T.);
#2196 = EDGE_LOOP('',(#2197,#2206,#2212,#2213));
#2197 = ORIENTED_EDGE('',*,*,#2198,.F.);
#2198 = EDGE_CURVE('',#2199,#2175,#2201,.T.);
#2199 = VERTEX_POINT('',#2200);
#2200 = CARTESIAN_POINT('',(172.975,-91.7375026296,2.6));
#2201 = CIRCLE('',#2202,3.381248370398);
#2202 = AXIS2_PLACEMENT_3D('',#2203,#2204,#2205);
#2203 = CARTESIAN_POINT('',(176.3562483704,-91.73750262959,2.6));
#2204 = DIRECTION('',(0.,0.,1.));
#2205 = DIRECTION('',(1.,0.,0.));
#2206 = ORIENTED_EDGE('',*,*,#2207,.T.);
#2207 = EDGE_CURVE('',#2199,#116,#2208,.T.);
#2208 = LINE('',#2209,#2210);
#2209 = CARTESIAN_POINT('',(172.975,-91.7375026296,4.1));
#2210 = VECTOR('',#2211,1.);
#2211 = DIRECTION('',(-0.,-0.,-1.));
#2212 = ORIENTED_EDGE('',*,*,#123,.T.);
#2213 = ORIENTED_EDGE('',*,*,#2182,.F.);
#2214 = CYLINDRICAL_SURFACE('',#2215,3.381248370398);
#2215 = AXIS2_PLACEMENT_3D('',#2216,#2217,#2218);
#2216 = CARTESIAN_POINT('',(176.3562483704,-91.73750262959,4.1));
#2217 = DIRECTION('',(0.,0.,1.));
#2218 = DIRECTION('',(1.,0.,0.));
#2219 = ADVANCED_FACE('',(#2220),#2238,.F.);
#2220 = FACE_BOUND('',#2221,.F.);
#2221 = EDGE_LOOP('',(#2222,#2230,#2231,#2232));
#2222 = ORIENTED_EDGE('',*,*,#2223,.F.);
#2223 = EDGE_CURVE('',#2199,#2224,#2226,.T.);
#2224 = VERTEX_POINT('',#2225);
#2225 = CARTESIAN_POINT('',(172.975,-37.40254637039,2.6));
#2226 = LINE('',#2227,#2228);
#2227 = CARTESIAN_POINT('',(172.975,-91.37938547428,2.6));
#2228 = VECTOR('',#2229,1.);
#2229 = DIRECTION('',(-3.452349926368E-14,1.,0.));
#2230 = ORIENTED_EDGE('',*,*,#2207,.T.);
#2231 = ORIENTED_EDGE('',*,*,#115,.T.);
#2232 = ORIENTED_EDGE('',*,*,#2233,.F.);
#2233 = EDGE_CURVE('',#2224,#107,#2234,.T.);
#2234 = LINE('',#2235,#2236);
#2235 = CARTESIAN_POINT('',(172.975,-37.40254637039,4.1));
#2236 = VECTOR('',#2237,1.);
#2237 = DIRECTION('',(-0.,-0.,-1.));
#2238 = PLANE('',#2239);
#2239 = AXIS2_PLACEMENT_3D('',#2240,#2241,#2242);
#2240 = CARTESIAN_POINT('',(172.975,-91.7375026296,4.1));
#2241 = DIRECTION('',(1.,3.452349926368E-14,0.));
#2242 = DIRECTION('',(-3.452349926368E-14,1.,0.));
#2243 = ADVANCED_FACE('',(#2244),#2263,.F.);
#2244 = FACE_BOUND('',#2245,.F.);
#2245 = EDGE_LOOP('',(#2246,#2255,#2256,#2257));
#2246 = ORIENTED_EDGE('',*,*,#2247,.F.);
#2247 = EDGE_CURVE('',#2224,#2248,#2250,.T.);
#2248 = VERTEX_POINT('',#2249);
#2249 = CARTESIAN_POINT('',(171.5937516296,-36.021298,2.6));
#2250 = CIRCLE('',#2251,1.381248370398);
#2251 = AXIS2_PLACEMENT_3D('',#2252,#2253,#2254);
#2252 = CARTESIAN_POINT('',(171.5937516296,-37.40254637039,2.6));
#2253 = DIRECTION('',(0.,0.,1.));
#2254 = DIRECTION('',(1.,0.,0.));
#2255 = ORIENTED_EDGE('',*,*,#2233,.T.);
#2256 = ORIENTED_EDGE('',*,*,#106,.T.);
#2257 = ORIENTED_EDGE('',*,*,#2258,.F.);
#2258 = EDGE_CURVE('',#2248,#99,#2259,.T.);
#2259 = LINE('',#2260,#2261);
#2260 = CARTESIAN_POINT('',(171.5937516296,-36.021298,4.1));
#2261 = VECTOR('',#2262,1.);
#2262 = DIRECTION('',(-0.,-0.,-1.));
#2263 = CYLINDRICAL_SURFACE('',#2264,1.381248370398);
#2264 = AXIS2_PLACEMENT_3D('',#2265,#2266,#2267);
#2265 = CARTESIAN_POINT('',(171.5937516296,-37.40254637039,4.1));
#2266 = DIRECTION('',(0.,0.,1.));
#2267 = DIRECTION('',(1.,0.,0.));
#2268 = ADVANCED_FACE('',(#2269),#2287,.F.);
#2269 = FACE_BOUND('',#2270,.F.);
#2270 = EDGE_LOOP('',(#2271,#2279,#2280,#2281));
#2271 = ORIENTED_EDGE('',*,*,#2272,.F.);
#2272 = EDGE_CURVE('',#2248,#2273,#2275,.T.);
#2273 = VERTEX_POINT('',#2274);
#2274 = CARTESIAN_POINT('',(161.93925499999,-36.02129799999,2.6));
#2275 = LINE('',#2276,#2277);
#2276 = CARTESIAN_POINT('',(148.34687375004,-36.02129799999,2.6));
#2277 = VECTOR('',#2278,1.);
#2278 = DIRECTION('',(-1.,1.000974763548E-13,0.));
#2279 = ORIENTED_EDGE('',*,*,#2258,.T.);
#2280 = ORIENTED_EDGE('',*,*,#98,.T.);
#2281 = ORIENTED_EDGE('',*,*,#2282,.F.);
#2282 = EDGE_CURVE('',#2273,#91,#2283,.T.);
#2283 = LINE('',#2284,#2285);
#2284 = CARTESIAN_POINT('',(161.93925499999,-36.02129799999,3.399095));
#2285 = VECTOR('',#2286,1.);
#2286 = DIRECTION('',(-1.608456432756E-29,-2.22044604925E-16,-1.));
#2287 = PLANE('',#2288);
#2288 = AXIS2_PLACEMENT_3D('',#2289,#2290,#2291);
#2289 = CARTESIAN_POINT('',(171.5937516296,-36.021298,4.1));
#2290 = DIRECTION('',(1.000974763548E-13,1.,0.));
#2291 = DIRECTION('',(-1.,1.000974763548E-13,0.));
#2292 = ADVANCED_FACE('',(#2293),#2312,.F.);
#2293 = FACE_BOUND('',#2294,.F.);
#2294 = EDGE_LOOP('',(#2295,#2296,#2304,#2310,#2311));
#2295 = ORIENTED_EDGE('',*,*,#1354,.F.);
#2296 = ORIENTED_EDGE('',*,*,#2297,.T.);
#2297 = EDGE_CURVE('',#1355,#2298,#2300,.T.);
#2298 = VERTEX_POINT('',#2299);
#2299 = CARTESIAN_POINT('',(161.93925499999,-36.02129799999,3.399095));
#2300 = LINE('',#2301,#2302);
#2301 = CARTESIAN_POINT('',(161.93925499999,-35.02129799999,3.399095));
#2302 = VECTOR('',#2303,1.);
#2303 = DIRECTION('',(-9.908916924758E-14,-1.,2.22044604925E-16));
#2304 = ORIENTED_EDGE('',*,*,#2305,.T.);
#2305 = EDGE_CURVE('',#2298,#2273,#2306,.T.);
#2306 = LINE('',#2307,#2308);
#2307 = CARTESIAN_POINT('',(161.93925499999,-36.02129799999,3.399095));
#2308 = VECTOR('',#2309,1.);
#2309 = DIRECTION('',(-1.608456432756E-29,-2.22044604925E-16,-1.));
#2310 = ORIENTED_EDGE('',*,*,#2282,.T.);
#2311 = ORIENTED_EDGE('',*,*,#90,.T.);
#2312 = PLANE('',#2313);
#2313 = AXIS2_PLACEMENT_3D('',#2314,#2315,#2316);
#2314 = CARTESIAN_POINT('',(161.93925499999,-35.02129799999,3.399095));
#2315 = DIRECTION('',(1.,-9.908916924758E-14,5.917651110367E-30));
#2316 = DIRECTION('',(-1.608456432756E-29,-2.22044604925E-16,-1.));
#2317 = ADVANCED_FACE('',(#2318),#2337,.T.);
#2318 = FACE_BOUND('',#2319,.T.);
#2319 = EDGE_LOOP('',(#2320,#2328,#2329,#2330));
#2320 = ORIENTED_EDGE('',*,*,#2321,.T.);
#2321 = EDGE_CURVE('',#2322,#66,#2324,.T.);
#2322 = VERTEX_POINT('',#2323);
#2323 = CARTESIAN_POINT('',(173.97499999999,-37.40254637039,4.1));
#2324 = LINE('',#2325,#2326);
#2325 = CARTESIAN_POINT('',(173.97499999999,-37.40254637039,4.1));
#2326 = VECTOR('',#2327,1.);
#2327 = DIRECTION('',(-0.,-0.,-1.));
#2328 = ORIENTED_EDGE('',*,*,#73,.T.);
#2329 = ORIENTED_EDGE('',*,*,#1347,.F.);
#2330 = ORIENTED_EDGE('',*,*,#2331,.F.);
#2331 = EDGE_CURVE('',#2322,#1340,#2332,.T.);
#2332 = CIRCLE('',#2333,2.381248370398);
#2333 = AXIS2_PLACEMENT_3D('',#2334,#2335,#2336);
#2334 = CARTESIAN_POINT('',(171.5937516296,-37.40254637039,4.1));
#2335 = DIRECTION('',(0.,0.,1.));
#2336 = DIRECTION('',(1.,0.,0.));
#2337 = CYLINDRICAL_SURFACE('',#2338,2.381248370398);
#2338 = AXIS2_PLACEMENT_3D('',#2339,#2340,#2341);
#2339 = CARTESIAN_POINT('',(171.5937516296,-37.40254637039,4.1));
#2340 = DIRECTION('',(0.,0.,1.));
#2341 = DIRECTION('',(1.,0.,0.));
#2342 = ADVANCED_FACE('',(#2343),#2361,.T.);
#2343 = FACE_BOUND('',#2344,.T.);
#2344 = EDGE_LOOP('',(#2345,#2353,#2359,#2360));
#2345 = ORIENTED_EDGE('',*,*,#2346,.F.);
#2346 = EDGE_CURVE('',#2347,#2322,#2349,.T.);
#2347 = VERTEX_POINT('',#2348);
#2348 = CARTESIAN_POINT('',(173.975,-91.73750262959,4.1));
#2349 = LINE('',#2350,#2351);
#2350 = CARTESIAN_POINT('',(173.975,-91.73750262959,4.1));
#2351 = VECTOR('',#2352,1.);
#2352 = DIRECTION('',(-2.197168075712E-13,1.,0.));
#2353 = ORIENTED_EDGE('',*,*,#2354,.T.);
#2354 = EDGE_CURVE('',#2347,#57,#2355,.T.);
#2355 = LINE('',#2356,#2357);
#2356 = CARTESIAN_POINT('',(173.975,-91.73750262959,4.1));
#2357 = VECTOR('',#2358,1.);
#2358 = DIRECTION('',(-0.,-0.,-1.));
#2359 = ORIENTED_EDGE('',*,*,#65,.T.);
#2360 = ORIENTED_EDGE('',*,*,#2321,.F.);
#2361 = PLANE('',#2362);
#2362 = AXIS2_PLACEMENT_3D('',#2363,#2364,#2365);
#2363 = CARTESIAN_POINT('',(173.97499999999,-64.57002449999,1.6));
#2364 = DIRECTION('',(1.,2.095524520295E-13,-1.845786226766E-14));
#2365 = DIRECTION('',(-2.095524520295E-13,1.,0.));
#2366 = ADVANCED_FACE('',(#2367),#2386,.F.);
#2367 = FACE_BOUND('',#2368,.F.);
#2368 = EDGE_LOOP('',(#2369,#2370,#2378,#2385));
#2369 = ORIENTED_EDGE('',*,*,#56,.T.);
#2370 = ORIENTED_EDGE('',*,*,#2371,.F.);
#2371 = EDGE_CURVE('',#2372,#49,#2374,.T.);
#2372 = VERTEX_POINT('',#2373);
#2373 = CARTESIAN_POINT('',(176.3562483704,-94.11875099999,4.1));
#2374 = LINE('',#2375,#2376);
#2375 = CARTESIAN_POINT('',(176.3562483704,-94.11875099999,4.1));
#2376 = VECTOR('',#2377,1.);
#2377 = DIRECTION('',(-0.,-0.,-1.));
#2378 = ORIENTED_EDGE('',*,*,#2379,.F.);
#2379 = EDGE_CURVE('',#2347,#2372,#2380,.T.);
#2380 = CIRCLE('',#2381,2.381248370398);
#2381 = AXIS2_PLACEMENT_3D('',#2382,#2383,#2384);
#2382 = CARTESIAN_POINT('',(176.3562483704,-91.73750262959,4.1));
#2383 = DIRECTION('',(0.,0.,1.));
#2384 = DIRECTION('',(1.,0.,0.));
#2385 = ORIENTED_EDGE('',*,*,#2354,.T.);
#2386 = CYLINDRICAL_SURFACE('',#2387,2.381248370398);
#2387 = AXIS2_PLACEMENT_3D('',#2388,#2389,#2390);
#2388 = CARTESIAN_POINT('',(176.3562483704,-91.73750262959,4.1));
#2389 = DIRECTION('',(0.,0.,1.));
#2390 = DIRECTION('',(1.,0.,0.));
#2391 = ADVANCED_FACE('',(#2392),#2410,.T.);
#2392 = FACE_BOUND('',#2393,.T.);
#2393 = EDGE_LOOP('',(#2394,#2402,#2408,#2409));
#2394 = ORIENTED_EDGE('',*,*,#2395,.T.);
#2395 = EDGE_CURVE('',#2372,#2396,#2398,.T.);
#2396 = VERTEX_POINT('',#2397);
#2397 = CARTESIAN_POINT('',(190.5000016296,-94.118751,4.1));
#2398 = LINE('',#2399,#2400);
#2399 = CARTESIAN_POINT('',(176.3562483704,-94.118751,4.1));
#2400 = VECTOR('',#2401,1.);
#2401 = DIRECTION('',(1.,0.,0.));
#2402 = ORIENTED_EDGE('',*,*,#2403,.T.);
#2403 = EDGE_CURVE('',#2396,#40,#2404,.T.);
#2404 = LINE('',#2405,#2406);
#2405 = CARTESIAN_POINT('',(190.5000016296,-94.118751,4.1));
#2406 = VECTOR('',#2407,1.);
#2407 = DIRECTION('',(-0.,-0.,-1.));
#2408 = ORIENTED_EDGE('',*,*,#48,.F.);
#2409 = ORIENTED_EDGE('',*,*,#2371,.F.);
#2410 = PLANE('',#2411);
#2411 = AXIS2_PLACEMENT_3D('',#2412,#2413,#2414);
#2412 = CARTESIAN_POINT('',(183.428125,-94.118751,1.6));
#2413 = DIRECTION('',(2.309304046087E-14,1.,0.));
#2414 = DIRECTION('',(1.,-2.309304046087E-14,0.));
#2415 = ADVANCED_FACE('',(#2416),#2435,.T.);
#2416 = FACE_BOUND('',#2417,.T.);
#2417 = EDGE_LOOP('',(#2418,#2426,#2427,#2428));
#2418 = ORIENTED_EDGE('',*,*,#2419,.T.);
#2419 = EDGE_CURVE('',#2420,#32,#2422,.T.);
#2420 = VERTEX_POINT('',#2421);
#2421 = CARTESIAN_POINT('',(192.88125,-96.49999937039,4.1));
#2422 = LINE('',#2423,#2424);
#2423 = CARTESIAN_POINT('',(192.88125,-96.49999937039,4.1));
#2424 = VECTOR('',#2425,1.);
#2425 = DIRECTION('',(-0.,-0.,-1.));
#2426 = ORIENTED_EDGE('',*,*,#39,.T.);
#2427 = ORIENTED_EDGE('',*,*,#2403,.F.);
#2428 = ORIENTED_EDGE('',*,*,#2429,.F.);
#2429 = EDGE_CURVE('',#2420,#2396,#2430,.T.);
#2430 = CIRCLE('',#2431,2.381248370398);
#2431 = AXIS2_PLACEMENT_3D('',#2432,#2433,#2434);
#2432 = CARTESIAN_POINT('',(190.5000016296,-96.49999937039,4.1));
#2433 = DIRECTION('',(0.,0.,1.));
#2434 = DIRECTION('',(1.,0.,0.));
#2435 = CYLINDRICAL_SURFACE('',#2436,2.381248370398);
#2436 = AXIS2_PLACEMENT_3D('',#2437,#2438,#2439);
#2437 = CARTESIAN_POINT('',(190.5000016296,-96.49999937039,4.1));
#2438 = DIRECTION('',(0.,0.,1.));
#2439 = DIRECTION('',(1.,0.,0.));
#2440 = ADVANCED_FACE('',(#2441),#2452,.T.);
#2441 = FACE_BOUND('',#2442,.T.);
#2442 = EDGE_LOOP('',(#2443,#2444,#2445,#2446));
#2443 = ORIENTED_EDGE('',*,*,#666,.T.);
#2444 = ORIENTED_EDGE('',*,*,#31,.T.);
#2445 = ORIENTED_EDGE('',*,*,#2419,.F.);
#2446 = ORIENTED_EDGE('',*,*,#2447,.F.);
#2447 = EDGE_CURVE('',#650,#2420,#2448,.T.);
#2448 = LINE('',#2449,#2450);
#2449 = CARTESIAN_POINT('',(192.88125,-114.3,4.1));
#2450 = VECTOR('',#2451,1.);
#2451 = DIRECTION('',(2.23541526939E-14,1.,0.));
#2452 = PLANE('',#2453);
#2453 = AXIS2_PLACEMENT_3D('',#2454,#2455,#2456);
#2454 = CARTESIAN_POINT('',(192.88125,-105.3999996851,1.6));
#2455 = DIRECTION('',(1.,-2.23541526939E-14,0.));
#2456 = DIRECTION('',(2.23541526939E-14,1.,0.));
#2457 = ADVANCED_FACE('',(#2458,#2495,#2529,#2563,#2597,#2631,#2665,
    #2699,#2733,#2767,#2801,#2835,#2869,#2903,#2937,#2971,#3005,#3039,
    #3073,#3107,#3141,#3175,#3209,#3243,#3277,#3311,#3345,#3379,#3413,
    #3447,#3481,#3515,#3526,#3537,#3548,#3559,#3570),#3581,.T.);
#2458 = FACE_BOUND('',#2459,.T.);
#2459 = EDGE_LOOP('',(#2460,#2461,#2462,#2463,#2464,#2465,#2466,#2467,
    #2468,#2469,#2470,#2471,#2472,#2473,#2474,#2475,#2476,#2477,#2478,
    #2479,#2480,#2481,#2482,#2483,#2484,#2485,#2486,#2487,#2488,#2489,
    #2490,#2491,#2492,#2493,#2494));
#2460 = ORIENTED_EDGE('',*,*,#649,.F.);
#2461 = ORIENTED_EDGE('',*,*,#2447,.T.);
#2462 = ORIENTED_EDGE('',*,*,#2429,.T.);
#2463 = ORIENTED_EDGE('',*,*,#2395,.F.);
#2464 = ORIENTED_EDGE('',*,*,#2379,.F.);
#2465 = ORIENTED_EDGE('',*,*,#2346,.T.);
#2466 = ORIENTED_EDGE('',*,*,#2331,.T.);
#2467 = ORIENTED_EDGE('',*,*,#1339,.T.);
#2468 = ORIENTED_EDGE('',*,*,#1323,.F.);
#2469 = ORIENTED_EDGE('',*,*,#1290,.F.);
#2470 = ORIENTED_EDGE('',*,*,#1274,.F.);
#2471 = ORIENTED_EDGE('',*,*,#1241,.F.);
#2472 = ORIENTED_EDGE('',*,*,#1225,.F.);
#2473 = ORIENTED_EDGE('',*,*,#1192,.F.);
#2474 = ORIENTED_EDGE('',*,*,#1176,.F.);
#2475 = ORIENTED_EDGE('',*,*,#1143,.F.);
#2476 = ORIENTED_EDGE('',*,*,#1127,.F.);
#2477 = ORIENTED_EDGE('',*,*,#1094,.F.);
#2478 = ORIENTED_EDGE('',*,*,#1078,.F.);
#2479 = ORIENTED_EDGE('',*,*,#1053,.F.);
#2480 = ORIENTED_EDGE('',*,*,#1028,.F.);
#2481 = ORIENTED_EDGE('',*,*,#1003,.F.);
#2482 = ORIENTED_EDGE('',*,*,#978,.F.);
#2483 = ORIENTED_EDGE('',*,*,#945,.F.);
#2484 = ORIENTED_EDGE('',*,*,#929,.F.);
#2485 = ORIENTED_EDGE('',*,*,#897,.F.);
#2486 = ORIENTED_EDGE('',*,*,#873,.F.);
#2487 = ORIENTED_EDGE('',*,*,#849,.F.);
#2488 = ORIENTED_EDGE('',*,*,#825,.F.);
#2489 = ORIENTED_EDGE('',*,*,#801,.F.);
#2490 = ORIENTED_EDGE('',*,*,#777,.F.);
#2491 = ORIENTED_EDGE('',*,*,#753,.F.);
#2492 = ORIENTED_EDGE('',*,*,#729,.F.);
#2493 = ORIENTED_EDGE('',*,*,#705,.F.);
#2494 = ORIENTED_EDGE('',*,*,#681,.F.);
#2495 = FACE_BOUND('',#2496,.T.);
#2496 = EDGE_LOOP('',(#2497,#2507,#2515,#2523));
#2497 = ORIENTED_EDGE('',*,*,#2498,.T.);
#2498 = EDGE_CURVE('',#2499,#2501,#2503,.T.);
#2499 = VERTEX_POINT('',#2500);
#2500 = CARTESIAN_POINT('',(170.560881,-148.119407,4.1));
#2501 = VERTEX_POINT('',#2502);
#2502 = CARTESIAN_POINT('',(177.560881,-135.995051,4.1));
#2503 = LINE('',#2504,#2505);
#2504 = CARTESIAN_POINT('',(170.560881,-148.119407,4.1));
#2505 = VECTOR('',#2506,1.);
#2506 = DIRECTION('',(0.499999989267,0.866025409981,0.));
#2507 = ORIENTED_EDGE('',*,*,#2508,.T.);
#2508 = EDGE_CURVE('',#2501,#2509,#2511,.T.);
#2509 = VERTEX_POINT('',#2510);
#2510 = CARTESIAN_POINT('',(189.685237,-142.995051,4.1));
#2511 = LINE('',#2512,#2513);
#2512 = CARTESIAN_POINT('',(177.560881,-135.995051,4.1));
#2513 = VECTOR('',#2514,1.);
#2514 = DIRECTION('',(0.866025409981,-0.499999989267,0.));
#2515 = ORIENTED_EDGE('',*,*,#2516,.T.);
#2516 = EDGE_CURVE('',#2509,#2517,#2519,.T.);
#2517 = VERTEX_POINT('',#2518);
#2518 = CARTESIAN_POINT('',(182.685237,-155.119407,4.1));
#2519 = LINE('',#2520,#2521);
#2520 = CARTESIAN_POINT('',(189.685237,-142.995051,4.1));
#2521 = VECTOR('',#2522,1.);
#2522 = DIRECTION('',(-0.499999989267,-0.866025409981,0.));
#2523 = ORIENTED_EDGE('',*,*,#2524,.T.);
#2524 = EDGE_CURVE('',#2517,#2499,#2525,.T.);
#2525 = LINE('',#2526,#2527);
#2526 = CARTESIAN_POINT('',(182.685237,-155.119407,4.1));
#2527 = VECTOR('',#2528,1.);
#2528 = DIRECTION('',(-0.866025409981,0.499999989267,0.));
#2529 = FACE_BOUND('',#2530,.T.);
#2530 = EDGE_LOOP('',(#2531,#2541,#2549,#2557));
#2531 = ORIENTED_EDGE('',*,*,#2532,.T.);
#2532 = EDGE_CURVE('',#2533,#2535,#2537,.T.);
#2533 = VERTEX_POINT('',#2534);
#2534 = CARTESIAN_POINT('',(180.076875,-131.625162,4.1));
#2535 = VERTEX_POINT('',#2536);
#2536 = CARTESIAN_POINT('',(187.076875,-119.500806,4.1));
#2537 = LINE('',#2538,#2539);
#2538 = CARTESIAN_POINT('',(180.076875,-131.625162,4.1));
#2539 = VECTOR('',#2540,1.);
#2540 = DIRECTION('',(0.499999989267,0.866025409981,0.));
#2541 = ORIENTED_EDGE('',*,*,#2542,.T.);
#2542 = EDGE_CURVE('',#2535,#2543,#2545,.T.);
#2543 = VERTEX_POINT('',#2544);
#2544 = CARTESIAN_POINT('',(199.201231,-126.500806,4.1));
#2545 = LINE('',#2546,#2547);
#2546 = CARTESIAN_POINT('',(187.076875,-119.500806,4.1));
#2547 = VECTOR('',#2548,1.);
#2548 = DIRECTION('',(0.866025409981,-0.499999989267,0.));
#2549 = ORIENTED_EDGE('',*,*,#2550,.T.);
#2550 = EDGE_CURVE('',#2543,#2551,#2553,.T.);
#2551 = VERTEX_POINT('',#2552);
#2552 = CARTESIAN_POINT('',(192.201231,-138.625162,4.1));
#2553 = LINE('',#2554,#2555);
#2554 = CARTESIAN_POINT('',(199.201231,-126.500806,4.1));
#2555 = VECTOR('',#2556,1.);
#2556 = DIRECTION('',(-0.499999989267,-0.866025409981,0.));
#2557 = ORIENTED_EDGE('',*,*,#2558,.T.);
#2558 = EDGE_CURVE('',#2551,#2533,#2559,.T.);
#2559 = LINE('',#2560,#2561);
#2560 = CARTESIAN_POINT('',(192.201231,-138.625162,4.1));
#2561 = VECTOR('',#2562,1.);
#2562 = DIRECTION('',(-0.866025409981,0.499999989267,0.));
#2563 = FACE_BOUND('',#2564,.T.);
#2564 = EDGE_LOOP('',(#2565,#2575,#2583,#2591));
#2565 = ORIENTED_EDGE('',*,*,#2566,.T.);
#2566 = EDGE_CURVE('',#2567,#2569,#2571,.T.);
#2567 = VERTEX_POINT('',#2568);
#2568 = CARTESIAN_POINT('',(152.431118,-140.995453,4.1));
#2569 = VERTEX_POINT('',#2570);
#2570 = CARTESIAN_POINT('',(157.2194,-127.839757,4.1));
#2571 = LINE('',#2572,#2573);
#2572 = CARTESIAN_POINT('',(152.431118,-140.995453,4.1));
#2573 = VECTOR('',#2574,1.);
#2574 = DIRECTION('',(0.342020158775,0.939692615163,0.));
#2575 = ORIENTED_EDGE('',*,*,#2576,.T.);
#2576 = EDGE_CURVE('',#2569,#2577,#2579,.T.);
#2577 = VERTEX_POINT('',#2578);
#2578 = CARTESIAN_POINT('',(170.375096,-132.628039,4.1));
#2579 = LINE('',#2580,#2581);
#2580 = CARTESIAN_POINT('',(157.2194,-127.839757,4.1));
#2581 = VECTOR('',#2582,1.);
#2582 = DIRECTION('',(0.939692615163,-0.342020158775,0.));
#2583 = ORIENTED_EDGE('',*,*,#2584,.T.);
#2584 = EDGE_CURVE('',#2577,#2585,#2587,.T.);
#2585 = VERTEX_POINT('',#2586);
#2586 = CARTESIAN_POINT('',(165.586814,-145.783735,4.1));
#2587 = LINE('',#2588,#2589);
#2588 = CARTESIAN_POINT('',(170.375096,-132.628039,4.1));
#2589 = VECTOR('',#2590,1.);
#2590 = DIRECTION('',(-0.342020158775,-0.939692615163,0.));
#2591 = ORIENTED_EDGE('',*,*,#2592,.T.);
#2592 = EDGE_CURVE('',#2585,#2567,#2593,.T.);
#2593 = LINE('',#2594,#2595);
#2594 = CARTESIAN_POINT('',(165.586814,-145.783735,4.1));
#2595 = VECTOR('',#2596,1.);
#2596 = DIRECTION('',(-0.939692615163,0.342020158775,0.));
#2597 = FACE_BOUND('',#2598,.T.);
#2598 = EDGE_LOOP('',(#2599,#2609,#2617,#2625));
#2599 = ORIENTED_EDGE('',*,*,#2600,.T.);
#2600 = EDGE_CURVE('',#2601,#2603,#2605,.T.);
#2601 = VERTEX_POINT('',#2602);
#2602 = CARTESIAN_POINT('',(132.910297,-138.522648,4.1));
#2603 = VERTEX_POINT('',#2604);
#2604 = CARTESIAN_POINT('',(134.130477,-124.575922,4.1));
#2605 = LINE('',#2606,#2607);
#2606 = CARTESIAN_POINT('',(132.910297,-138.522648,4.1));
#2607 = VECTOR('',#2608,1.);
#2608 = DIRECTION('',(8.715571309589E-02,0.996194700686,0.));
#2609 = ORIENTED_EDGE('',*,*,#2610,.T.);
#2610 = EDGE_CURVE('',#2603,#2611,#2613,.T.);
#2611 = VERTEX_POINT('',#2612);
#2612 = CARTESIAN_POINT('',(148.077203,-125.796102,4.1));
#2613 = LINE('',#2614,#2615);
#2614 = CARTESIAN_POINT('',(134.130477,-124.575922,4.1));
#2615 = VECTOR('',#2616,1.);
#2616 = DIRECTION('',(0.996194700686,-8.715571309589E-02,0.));
#2617 = ORIENTED_EDGE('',*,*,#2618,.T.);
#2618 = EDGE_CURVE('',#2611,#2619,#2621,.T.);
#2619 = VERTEX_POINT('',#2620);
#2620 = CARTESIAN_POINT('',(146.857023,-139.742828,4.1));
#2621 = LINE('',#2622,#2623);
#2622 = CARTESIAN_POINT('',(148.077203,-125.796102,4.1));
#2623 = VECTOR('',#2624,1.);
#2624 = DIRECTION('',(-8.715571309589E-02,-0.996194700686,0.));
#2625 = ORIENTED_EDGE('',*,*,#2626,.T.);
#2626 = EDGE_CURVE('',#2619,#2601,#2627,.T.);
#2627 = LINE('',#2628,#2629);
#2628 = CARTESIAN_POINT('',(146.857023,-139.742828,4.1));
#2629 = VECTOR('',#2630,1.);
#2630 = DIRECTION('',(-0.996194700686,8.715571309589E-02,0.));
#2631 = FACE_BOUND('',#2632,.T.);
#2632 = EDGE_LOOP('',(#2633,#2643,#2651,#2659));
#2633 = ORIENTED_EDGE('',*,*,#2634,.F.);
#2634 = EDGE_CURVE('',#2635,#2637,#2639,.T.);
#2635 = VERTEX_POINT('',#2636);
#2636 = CARTESIAN_POINT('',(78.725,-50.353125,4.1));
#2637 = VERTEX_POINT('',#2638);
#2638 = CARTESIAN_POINT('',(78.725,-64.353125,4.1));
#2639 = LINE('',#2640,#2641);
#2640 = CARTESIAN_POINT('',(78.725,-50.353125,4.1));
#2641 = VECTOR('',#2642,1.);
#2642 = DIRECTION('',(0.,-1.,0.));
#2643 = ORIENTED_EDGE('',*,*,#2644,.F.);
#2644 = EDGE_CURVE('',#2645,#2635,#2647,.T.);
#2645 = VERTEX_POINT('',#2646);
#2646 = CARTESIAN_POINT('',(92.725,-50.353125,4.1));
#2647 = LINE('',#2648,#2649);
#2648 = CARTESIAN_POINT('',(92.725,-50.353125,4.1));
#2649 = VECTOR('',#2650,1.);
#2650 = DIRECTION('',(-1.,0.,0.));
#2651 = ORIENTED_EDGE('',*,*,#2652,.F.);
#2652 = EDGE_CURVE('',#2653,#2645,#2655,.T.);
#2653 = VERTEX_POINT('',#2654);
#2654 = CARTESIAN_POINT('',(92.725,-64.353125,4.1));
#2655 = LINE('',#2656,#2657);
#2656 = CARTESIAN_POINT('',(92.725,-64.353125,4.1));
#2657 = VECTOR('',#2658,1.);
#2658 = DIRECTION('',(0.,1.,0.));
#2659 = ORIENTED_EDGE('',*,*,#2660,.F.);
#2660 = EDGE_CURVE('',#2637,#2653,#2661,.T.);
#2661 = LINE('',#2662,#2663);
#2662 = CARTESIAN_POINT('',(78.725,-64.353125,4.1));
#2663 = VECTOR('',#2664,1.);
#2664 = DIRECTION('',(1.,0.,0.));
#2665 = FACE_BOUND('',#2666,.T.);
#2666 = EDGE_LOOP('',(#2667,#2677,#2685,#2693));
#2667 = ORIENTED_EDGE('',*,*,#2668,.F.);
#2668 = EDGE_CURVE('',#2669,#2671,#2673,.T.);
#2669 = VERTEX_POINT('',#2670);
#2670 = CARTESIAN_POINT('',(78.724997,-69.403126,4.1));
#2671 = VERTEX_POINT('',#2672);
#2672 = CARTESIAN_POINT('',(78.724997,-83.403126,4.1));
#2673 = LINE('',#2674,#2675);
#2674 = CARTESIAN_POINT('',(78.724997,-69.403126,4.1));
#2675 = VECTOR('',#2676,1.);
#2676 = DIRECTION('',(0.,-1.,0.));
#2677 = ORIENTED_EDGE('',*,*,#2678,.F.);
#2678 = EDGE_CURVE('',#2679,#2669,#2681,.T.);
#2679 = VERTEX_POINT('',#2680);
#2680 = CARTESIAN_POINT('',(92.724997,-69.403126,4.1));
#2681 = LINE('',#2682,#2683);
#2682 = CARTESIAN_POINT('',(92.724997,-69.403126,4.1));
#2683 = VECTOR('',#2684,1.);
#2684 = DIRECTION('',(-1.,0.,0.));
#2685 = ORIENTED_EDGE('',*,*,#2686,.F.);
#2686 = EDGE_CURVE('',#2687,#2679,#2689,.T.);
#2687 = VERTEX_POINT('',#2688);
#2688 = CARTESIAN_POINT('',(92.724997,-83.403126,4.1));
#2689 = LINE('',#2690,#2691);
#2690 = CARTESIAN_POINT('',(92.724997,-83.403126,4.1));
#2691 = VECTOR('',#2692,1.);
#2692 = DIRECTION('',(0.,1.,0.));
#2693 = ORIENTED_EDGE('',*,*,#2694,.F.);
#2694 = EDGE_CURVE('',#2671,#2687,#2695,.T.);
#2695 = LINE('',#2696,#2697);
#2696 = CARTESIAN_POINT('',(78.724997,-83.403126,4.1));
#2697 = VECTOR('',#2698,1.);
#2698 = DIRECTION('',(1.,0.,0.));
#2699 = FACE_BOUND('',#2700,.T.);
#2700 = EDGE_LOOP('',(#2701,#2711,#2719,#2727));
#2701 = ORIENTED_EDGE('',*,*,#2702,.F.);
#2702 = EDGE_CURVE('',#2703,#2705,#2707,.T.);
#2703 = VERTEX_POINT('',#2704);
#2704 = CARTESIAN_POINT('',(97.775,-43.323752,4.1));
#2705 = VERTEX_POINT('',#2706);
#2706 = CARTESIAN_POINT('',(97.775,-57.323752,4.1));
#2707 = LINE('',#2708,#2709);
#2708 = CARTESIAN_POINT('',(97.775,-43.323752,4.1));
#2709 = VECTOR('',#2710,1.);
#2710 = DIRECTION('',(0.,-1.,0.));
#2711 = ORIENTED_EDGE('',*,*,#2712,.F.);
#2712 = EDGE_CURVE('',#2713,#2703,#2715,.T.);
#2713 = VERTEX_POINT('',#2714);
#2714 = CARTESIAN_POINT('',(111.775,-43.323752,4.1));
#2715 = LINE('',#2716,#2717);
#2716 = CARTESIAN_POINT('',(111.775,-43.323752,4.1));
#2717 = VECTOR('',#2718,1.);
#2718 = DIRECTION('',(-1.,0.,0.));
#2719 = ORIENTED_EDGE('',*,*,#2720,.F.);
#2720 = EDGE_CURVE('',#2721,#2713,#2723,.T.);
#2721 = VERTEX_POINT('',#2722);
#2722 = CARTESIAN_POINT('',(111.775,-57.323752,4.1));
#2723 = LINE('',#2724,#2725);
#2724 = CARTESIAN_POINT('',(111.775,-57.323752,4.1));
#2725 = VECTOR('',#2726,1.);
#2726 = DIRECTION('',(0.,1.,0.));
#2727 = ORIENTED_EDGE('',*,*,#2728,.F.);
#2728 = EDGE_CURVE('',#2705,#2721,#2729,.T.);
#2729 = LINE('',#2730,#2731);
#2730 = CARTESIAN_POINT('',(97.775,-57.323752,4.1));
#2731 = VECTOR('',#2732,1.);
#2732 = DIRECTION('',(1.,0.,0.));
#2733 = FACE_BOUND('',#2734,.T.);
#2734 = EDGE_LOOP('',(#2735,#2745,#2753,#2761));
#2735 = ORIENTED_EDGE('',*,*,#2736,.F.);
#2736 = EDGE_CURVE('',#2737,#2739,#2741,.T.);
#2737 = VERTEX_POINT('',#2738);
#2738 = CARTESIAN_POINT('',(97.775,-100.473752,4.1));
#2739 = VERTEX_POINT('',#2740);
#2740 = CARTESIAN_POINT('',(97.775,-114.473752,4.1));
#2741 = LINE('',#2742,#2743);
#2742 = CARTESIAN_POINT('',(97.775,-100.473752,4.1));
#2743 = VECTOR('',#2744,1.);
#2744 = DIRECTION('',(0.,-1.,0.));
#2745 = ORIENTED_EDGE('',*,*,#2746,.F.);
#2746 = EDGE_CURVE('',#2747,#2737,#2749,.T.);
#2747 = VERTEX_POINT('',#2748);
#2748 = CARTESIAN_POINT('',(111.775,-100.473752,4.1));
#2749 = LINE('',#2750,#2751);
#2750 = CARTESIAN_POINT('',(111.775,-100.473752,4.1));
#2751 = VECTOR('',#2752,1.);
#2752 = DIRECTION('',(-1.,0.,0.));
#2753 = ORIENTED_EDGE('',*,*,#2754,.F.);
#2754 = EDGE_CURVE('',#2755,#2747,#2757,.T.);
#2755 = VERTEX_POINT('',#2756);
#2756 = CARTESIAN_POINT('',(111.775,-114.473752,4.1));
#2757 = LINE('',#2758,#2759);
#2758 = CARTESIAN_POINT('',(111.775,-114.473752,4.1));
#2759 = VECTOR('',#2760,1.);
#2760 = DIRECTION('',(0.,1.,0.));
#2761 = ORIENTED_EDGE('',*,*,#2762,.F.);
#2762 = EDGE_CURVE('',#2739,#2755,#2763,.T.);
#2763 = LINE('',#2764,#2765);
#2764 = CARTESIAN_POINT('',(97.775,-114.473752,4.1));
#2765 = VECTOR('',#2766,1.);
#2766 = DIRECTION('',(1.,0.,0.));
#2767 = FACE_BOUND('',#2768,.T.);
#2768 = EDGE_LOOP('',(#2769,#2779,#2787,#2795));
#2769 = ORIENTED_EDGE('',*,*,#2770,.F.);
#2770 = EDGE_CURVE('',#2771,#2773,#2775,.T.);
#2771 = VERTEX_POINT('',#2772);
#2772 = CARTESIAN_POINT('',(135.875,-46.578125,4.1));
#2773 = VERTEX_POINT('',#2774);
#2774 = CARTESIAN_POINT('',(135.875,-60.578125,4.1));
#2775 = LINE('',#2776,#2777);
#2776 = CARTESIAN_POINT('',(135.875,-46.578125,4.1));
#2777 = VECTOR('',#2778,1.);
#2778 = DIRECTION('',(0.,-1.,0.));
#2779 = ORIENTED_EDGE('',*,*,#2780,.F.);
#2780 = EDGE_CURVE('',#2781,#2771,#2783,.T.);
#2781 = VERTEX_POINT('',#2782);
#2782 = CARTESIAN_POINT('',(149.875,-46.578125,4.1));
#2783 = LINE('',#2784,#2785);
#2784 = CARTESIAN_POINT('',(149.875,-46.578125,4.1));
#2785 = VECTOR('',#2786,1.);
#2786 = DIRECTION('',(-1.,0.,0.));
#2787 = ORIENTED_EDGE('',*,*,#2788,.F.);
#2788 = EDGE_CURVE('',#2789,#2781,#2791,.T.);
#2789 = VERTEX_POINT('',#2790);
#2790 = CARTESIAN_POINT('',(149.875,-60.578125,4.1));
#2791 = LINE('',#2792,#2793);
#2792 = CARTESIAN_POINT('',(149.875,-60.578125,4.1));
#2793 = VECTOR('',#2794,1.);
#2794 = DIRECTION('',(0.,1.,0.));
#2795 = ORIENTED_EDGE('',*,*,#2796,.F.);
#2796 = EDGE_CURVE('',#2773,#2789,#2797,.T.);
#2797 = LINE('',#2798,#2799);
#2798 = CARTESIAN_POINT('',(135.875,-60.578125,4.1));
#2799 = VECTOR('',#2800,1.);
#2800 = DIRECTION('',(1.,0.,0.));
#2801 = FACE_BOUND('',#2802,.T.);
#2802 = EDGE_LOOP('',(#2803,#2813,#2821,#2829));
#2803 = ORIENTED_EDGE('',*,*,#2804,.F.);
#2804 = EDGE_CURVE('',#2805,#2807,#2809,.T.);
#2805 = VERTEX_POINT('',#2806);
#2806 = CARTESIAN_POINT('',(154.925,-107.3,4.1));
#2807 = VERTEX_POINT('',#2808);
#2808 = CARTESIAN_POINT('',(154.925,-121.3,4.1));
#2809 = LINE('',#2810,#2811);
#2810 = CARTESIAN_POINT('',(154.925,-107.3,4.1));
#2811 = VECTOR('',#2812,1.);
#2812 = DIRECTION('',(0.,-1.,0.));
#2813 = ORIENTED_EDGE('',*,*,#2814,.F.);
#2814 = EDGE_CURVE('',#2815,#2805,#2817,.T.);
#2815 = VERTEX_POINT('',#2816);
#2816 = CARTESIAN_POINT('',(168.925,-107.3,4.1));
#2817 = LINE('',#2818,#2819);
#2818 = CARTESIAN_POINT('',(168.925,-107.3,4.1));
#2819 = VECTOR('',#2820,1.);
#2820 = DIRECTION('',(-1.,0.,0.));
#2821 = ORIENTED_EDGE('',*,*,#2822,.F.);
#2822 = EDGE_CURVE('',#2823,#2815,#2825,.T.);
#2823 = VERTEX_POINT('',#2824);
#2824 = CARTESIAN_POINT('',(168.925,-121.3,4.1));
#2825 = LINE('',#2826,#2827);
#2826 = CARTESIAN_POINT('',(168.925,-121.3,4.1));
#2827 = VECTOR('',#2828,1.);
#2828 = DIRECTION('',(0.,1.,0.));
#2829 = ORIENTED_EDGE('',*,*,#2830,.F.);
#2830 = EDGE_CURVE('',#2807,#2823,#2831,.T.);
#2831 = LINE('',#2832,#2833);
#2832 = CARTESIAN_POINT('',(154.925,-121.3,4.1));
#2833 = VECTOR('',#2834,1.);
#2834 = DIRECTION('',(1.,0.,0.));
#2835 = FACE_BOUND('',#2836,.T.);
#2836 = EDGE_LOOP('',(#2837,#2847,#2855,#2863));
#2837 = ORIENTED_EDGE('',*,*,#2838,.F.);
#2838 = EDGE_CURVE('',#2839,#2841,#2843,.T.);
#2839 = VERTEX_POINT('',#2840);
#2840 = CARTESIAN_POINT('',(135.875,-103.728125,4.1));
#2841 = VERTEX_POINT('',#2842);
#2842 = CARTESIAN_POINT('',(135.875,-117.728125,4.1));
#2843 = LINE('',#2844,#2845);
#2844 = CARTESIAN_POINT('',(135.875,-103.728125,4.1));
#2845 = VECTOR('',#2846,1.);
#2846 = DIRECTION('',(0.,-1.,0.));
#2847 = ORIENTED_EDGE('',*,*,#2848,.F.);
#2848 = EDGE_CURVE('',#2849,#2839,#2851,.T.);
#2849 = VERTEX_POINT('',#2850);
#2850 = CARTESIAN_POINT('',(149.875,-103.728125,4.1));
#2851 = LINE('',#2852,#2853);
#2852 = CARTESIAN_POINT('',(149.875,-103.728125,4.1));
#2853 = VECTOR('',#2854,1.);
#2854 = DIRECTION('',(-1.,0.,0.));
#2855 = ORIENTED_EDGE('',*,*,#2856,.F.);
#2856 = EDGE_CURVE('',#2857,#2849,#2859,.T.);
#2857 = VERTEX_POINT('',#2858);
#2858 = CARTESIAN_POINT('',(149.875,-117.728125,4.1));
#2859 = LINE('',#2860,#2861);
#2860 = CARTESIAN_POINT('',(149.875,-117.728125,4.1));
#2861 = VECTOR('',#2862,1.);
#2862 = DIRECTION('',(0.,1.,0.));
#2863 = ORIENTED_EDGE('',*,*,#2864,.F.);
#2864 = EDGE_CURVE('',#2841,#2857,#2865,.T.);
#2865 = LINE('',#2866,#2867);
#2866 = CARTESIAN_POINT('',(135.875,-117.728125,4.1));
#2867 = VECTOR('',#2868,1.);
#2868 = DIRECTION('',(1.,0.,0.));
#2869 = FACE_BOUND('',#2870,.T.);
#2870 = EDGE_LOOP('',(#2871,#2881,#2889,#2897));
#2871 = ORIENTED_EDGE('',*,*,#2872,.F.);
#2872 = EDGE_CURVE('',#2873,#2875,#2877,.T.);
#2873 = VERTEX_POINT('',#2874);
#2874 = CARTESIAN_POINT('',(154.925,-69.2,4.1));
#2875 = VERTEX_POINT('',#2876);
#2876 = CARTESIAN_POINT('',(154.925,-83.2,4.1));
#2877 = LINE('',#2878,#2879);
#2878 = CARTESIAN_POINT('',(154.925,-69.2,4.1));
#2879 = VECTOR('',#2880,1.);
#2880 = DIRECTION('',(0.,-1.,0.));
#2881 = ORIENTED_EDGE('',*,*,#2882,.F.);
#2882 = EDGE_CURVE('',#2883,#2873,#2885,.T.);
#2883 = VERTEX_POINT('',#2884);
#2884 = CARTESIAN_POINT('',(168.925,-69.2,4.1));
#2885 = LINE('',#2886,#2887);
#2886 = CARTESIAN_POINT('',(168.925,-69.2,4.1));
#2887 = VECTOR('',#2888,1.);
#2888 = DIRECTION('',(-1.,0.,0.));
#2889 = ORIENTED_EDGE('',*,*,#2890,.F.);
#2890 = EDGE_CURVE('',#2891,#2883,#2893,.T.);
#2891 = VERTEX_POINT('',#2892);
#2892 = CARTESIAN_POINT('',(168.925,-83.2,4.1));
#2893 = LINE('',#2894,#2895);
#2894 = CARTESIAN_POINT('',(168.925,-83.2,4.1));
#2895 = VECTOR('',#2896,1.);
#2896 = DIRECTION('',(0.,1.,0.));
#2897 = ORIENTED_EDGE('',*,*,#2898,.F.);
#2898 = EDGE_CURVE('',#2875,#2891,#2899,.T.);
#2899 = LINE('',#2900,#2901);
#2900 = CARTESIAN_POINT('',(154.925,-83.2,4.1));
#2901 = VECTOR('',#2902,1.);
#2902 = DIRECTION('',(1.,0.,0.));
#2903 = FACE_BOUND('',#2904,.T.);
#2904 = EDGE_LOOP('',(#2905,#2915,#2923,#2931));
#2905 = ORIENTED_EDGE('',*,*,#2906,.F.);
#2906 = EDGE_CURVE('',#2907,#2909,#2911,.T.);
#2907 = VERTEX_POINT('',#2908);
#2908 = CARTESIAN_POINT('',(173.975,-99.168751,4.1));
#2909 = VERTEX_POINT('',#2910);
#2910 = CARTESIAN_POINT('',(173.975,-113.168751,4.1));
#2911 = LINE('',#2912,#2913);
#2912 = CARTESIAN_POINT('',(173.975,-99.168751,4.1));
#2913 = VECTOR('',#2914,1.);
#2914 = DIRECTION('',(0.,-1.,0.));
#2915 = ORIENTED_EDGE('',*,*,#2916,.F.);
#2916 = EDGE_CURVE('',#2917,#2907,#2919,.T.);
#2917 = VERTEX_POINT('',#2918);
#2918 = CARTESIAN_POINT('',(187.975,-99.168751,4.1));
#2919 = LINE('',#2920,#2921);
#2920 = CARTESIAN_POINT('',(187.975,-99.168751,4.1));
#2921 = VECTOR('',#2922,1.);
#2922 = DIRECTION('',(-1.,0.,0.));
#2923 = ORIENTED_EDGE('',*,*,#2924,.F.);
#2924 = EDGE_CURVE('',#2925,#2917,#2927,.T.);
#2925 = VERTEX_POINT('',#2926);
#2926 = CARTESIAN_POINT('',(187.975,-113.168751,4.1));
#2927 = LINE('',#2928,#2929);
#2928 = CARTESIAN_POINT('',(187.975,-113.168751,4.1));
#2929 = VECTOR('',#2930,1.);
#2930 = DIRECTION('',(0.,1.,0.));
#2931 = ORIENTED_EDGE('',*,*,#2932,.F.);
#2932 = EDGE_CURVE('',#2909,#2925,#2933,.T.);
#2933 = LINE('',#2934,#2935);
#2934 = CARTESIAN_POINT('',(173.975,-113.168751,4.1));
#2935 = VECTOR('',#2936,1.);
#2936 = DIRECTION('',(1.,0.,0.));
#2937 = FACE_BOUND('',#2938,.T.);
#2938 = EDGE_LOOP('',(#2939,#2949,#2957,#2965));
#2939 = ORIENTED_EDGE('',*,*,#2940,.F.);
#2940 = EDGE_CURVE('',#2941,#2943,#2945,.T.);
#2941 = VERTEX_POINT('',#2942);
#2942 = CARTESIAN_POINT('',(59.674999,-90.834377,4.1));
#2943 = VERTEX_POINT('',#2944);
#2944 = CARTESIAN_POINT('',(59.674999,-104.834377,4.1));
#2945 = LINE('',#2946,#2947);
#2946 = CARTESIAN_POINT('',(59.674999,-90.834377,4.1));
#2947 = VECTOR('',#2948,1.);
#2948 = DIRECTION('',(0.,-1.,0.));
#2949 = ORIENTED_EDGE('',*,*,#2950,.F.);
#2950 = EDGE_CURVE('',#2951,#2941,#2953,.T.);
#2951 = VERTEX_POINT('',#2952);
#2952 = CARTESIAN_POINT('',(73.674999,-90.834377,4.1));
#2953 = LINE('',#2954,#2955);
#2954 = CARTESIAN_POINT('',(73.674999,-90.834377,4.1));
#2955 = VECTOR('',#2956,1.);
#2956 = DIRECTION('',(-1.,0.,0.));
#2957 = ORIENTED_EDGE('',*,*,#2958,.F.);
#2958 = EDGE_CURVE('',#2959,#2951,#2961,.T.);
#2959 = VERTEX_POINT('',#2960);
#2960 = CARTESIAN_POINT('',(73.674999,-104.834377,4.1));
#2961 = LINE('',#2962,#2963);
#2962 = CARTESIAN_POINT('',(73.674999,-104.834377,4.1));
#2963 = VECTOR('',#2964,1.);
#2964 = DIRECTION('',(0.,1.,0.));
#2965 = ORIENTED_EDGE('',*,*,#2966,.F.);
#2966 = EDGE_CURVE('',#2943,#2959,#2967,.T.);
#2967 = LINE('',#2968,#2969);
#2968 = CARTESIAN_POINT('',(59.674999,-104.834377,4.1));
#2969 = VECTOR('',#2970,1.);
#2970 = DIRECTION('',(1.,0.,0.));
#2971 = FACE_BOUND('',#2972,.T.);
#2972 = EDGE_LOOP('',(#2973,#2983,#2991,#2999));
#2973 = ORIENTED_EDGE('',*,*,#2974,.F.);
#2974 = EDGE_CURVE('',#2975,#2977,#2979,.T.);
#2975 = VERTEX_POINT('',#2976);
#2976 = CARTESIAN_POINT('',(78.725,-88.453124,4.1));
#2977 = VERTEX_POINT('',#2978);
#2978 = CARTESIAN_POINT('',(78.725,-102.453124,4.1));
#2979 = LINE('',#2980,#2981);
#2980 = CARTESIAN_POINT('',(78.725,-88.453124,4.1));
#2981 = VECTOR('',#2982,1.);
#2982 = DIRECTION('',(0.,-1.,0.));
#2983 = ORIENTED_EDGE('',*,*,#2984,.F.);
#2984 = EDGE_CURVE('',#2985,#2975,#2987,.T.);
#2985 = VERTEX_POINT('',#2986);
#2986 = CARTESIAN_POINT('',(92.725,-88.453124,4.1));
#2987 = LINE('',#2988,#2989);
#2988 = CARTESIAN_POINT('',(92.725,-88.453124,4.1));
#2989 = VECTOR('',#2990,1.);
#2990 = DIRECTION('',(-1.,0.,0.));
#2991 = ORIENTED_EDGE('',*,*,#2992,.F.);
#2992 = EDGE_CURVE('',#2993,#2985,#2995,.T.);
#2993 = VERTEX_POINT('',#2994);
#2994 = CARTESIAN_POINT('',(92.725,-102.453124,4.1));
#2995 = LINE('',#2996,#2997);
#2996 = CARTESIAN_POINT('',(92.725,-102.453124,4.1));
#2997 = VECTOR('',#2998,1.);
#2998 = DIRECTION('',(0.,1.,0.));
#2999 = ORIENTED_EDGE('',*,*,#3000,.F.);
#3000 = EDGE_CURVE('',#2977,#2993,#3001,.T.);
#3001 = LINE('',#3002,#3003);
#3002 = CARTESIAN_POINT('',(78.725,-102.453124,4.1));
#3003 = VECTOR('',#3004,1.);
#3004 = DIRECTION('',(1.,0.,0.));
#3005 = FACE_BOUND('',#3006,.T.);
#3006 = EDGE_LOOP('',(#3007,#3017,#3025,#3033));
#3007 = ORIENTED_EDGE('',*,*,#3008,.F.);
#3008 = EDGE_CURVE('',#3009,#3011,#3013,.T.);
#3009 = VERTEX_POINT('',#3010);
#3010 = CARTESIAN_POINT('',(59.675,-71.784376,4.1));
#3011 = VERTEX_POINT('',#3012);
#3012 = CARTESIAN_POINT('',(59.675,-85.784376,4.1));
#3013 = LINE('',#3014,#3015);
#3014 = CARTESIAN_POINT('',(59.675,-71.784376,4.1));
#3015 = VECTOR('',#3016,1.);
#3016 = DIRECTION('',(0.,-1.,0.));
#3017 = ORIENTED_EDGE('',*,*,#3018,.F.);
#3018 = EDGE_CURVE('',#3019,#3009,#3021,.T.);
#3019 = VERTEX_POINT('',#3020);
#3020 = CARTESIAN_POINT('',(73.675,-71.784376,4.1));
#3021 = LINE('',#3022,#3023);
#3022 = CARTESIAN_POINT('',(73.675,-71.784376,4.1));
#3023 = VECTOR('',#3024,1.);
#3024 = DIRECTION('',(-1.,0.,0.));
#3025 = ORIENTED_EDGE('',*,*,#3026,.F.);
#3026 = EDGE_CURVE('',#3027,#3019,#3029,.T.);
#3027 = VERTEX_POINT('',#3028);
#3028 = CARTESIAN_POINT('',(73.675,-85.784376,4.1));
#3029 = LINE('',#3030,#3031);
#3030 = CARTESIAN_POINT('',(73.675,-85.784376,4.1));
#3031 = VECTOR('',#3032,1.);
#3032 = DIRECTION('',(0.,1.,0.));
#3033 = ORIENTED_EDGE('',*,*,#3034,.F.);
#3034 = EDGE_CURVE('',#3011,#3027,#3035,.T.);
#3035 = LINE('',#3036,#3037);
#3036 = CARTESIAN_POINT('',(59.675,-85.784376,4.1));
#3037 = VECTOR('',#3038,1.);
#3038 = DIRECTION('',(1.,0.,0.));
#3039 = FACE_BOUND('',#3040,.T.);
#3040 = EDGE_LOOP('',(#3041,#3051,#3059,#3067));
#3041 = ORIENTED_EDGE('',*,*,#3042,.F.);
#3042 = EDGE_CURVE('',#3043,#3045,#3047,.T.);
#3043 = VERTEX_POINT('',#3044);
#3044 = CARTESIAN_POINT('',(92.725,-121.503126,4.1));
#3045 = VERTEX_POINT('',#3046);
#3046 = CARTESIAN_POINT('',(92.725,-107.503126,4.1));
#3047 = LINE('',#3048,#3049);
#3048 = CARTESIAN_POINT('',(92.725,-121.503126,4.1));
#3049 = VECTOR('',#3050,1.);
#3050 = DIRECTION('',(0.,1.,0.));
#3051 = ORIENTED_EDGE('',*,*,#3052,.F.);
#3052 = EDGE_CURVE('',#3053,#3043,#3055,.T.);
#3053 = VERTEX_POINT('',#3054);
#3054 = CARTESIAN_POINT('',(78.725,-121.503126,4.1));
#3055 = LINE('',#3056,#3057);
#3056 = CARTESIAN_POINT('',(78.725,-121.503126,4.1));
#3057 = VECTOR('',#3058,1.);
#3058 = DIRECTION('',(1.,0.,0.));
#3059 = ORIENTED_EDGE('',*,*,#3060,.F.);
#3060 = EDGE_CURVE('',#3061,#3053,#3063,.T.);
#3061 = VERTEX_POINT('',#3062);
#3062 = CARTESIAN_POINT('',(78.725,-107.503126,4.1));
#3063 = LINE('',#3064,#3065);
#3064 = CARTESIAN_POINT('',(78.725,-107.503126,4.1));
#3065 = VECTOR('',#3066,1.);
#3066 = DIRECTION('',(0.,-1.,0.));
#3067 = ORIENTED_EDGE('',*,*,#3068,.F.);
#3068 = EDGE_CURVE('',#3045,#3061,#3069,.T.);
#3069 = LINE('',#3070,#3071);
#3070 = CARTESIAN_POINT('',(92.725,-107.503126,4.1));
#3071 = VECTOR('',#3072,1.);
#3072 = DIRECTION('',(-1.,0.,0.));
#3073 = FACE_BOUND('',#3074,.T.);
#3074 = EDGE_LOOP('',(#3075,#3085,#3093,#3101));
#3075 = ORIENTED_EDGE('',*,*,#3076,.F.);
#3076 = EDGE_CURVE('',#3077,#3079,#3081,.T.);
#3077 = VERTEX_POINT('',#3078);
#3078 = CARTESIAN_POINT('',(135.875,-65.628125,4.1));
#3079 = VERTEX_POINT('',#3080);
#3080 = CARTESIAN_POINT('',(135.875,-79.628125,4.1));
#3081 = LINE('',#3082,#3083);
#3082 = CARTESIAN_POINT('',(135.875,-65.628125,4.1));
#3083 = VECTOR('',#3084,1.);
#3084 = DIRECTION('',(0.,-1.,0.));
#3085 = ORIENTED_EDGE('',*,*,#3086,.F.);
#3086 = EDGE_CURVE('',#3087,#3077,#3089,.T.);
#3087 = VERTEX_POINT('',#3088);
#3088 = CARTESIAN_POINT('',(149.875,-65.628125,4.1));
#3089 = LINE('',#3090,#3091);
#3090 = CARTESIAN_POINT('',(149.875,-65.628125,4.1));
#3091 = VECTOR('',#3092,1.);
#3092 = DIRECTION('',(-1.,0.,0.));
#3093 = ORIENTED_EDGE('',*,*,#3094,.F.);
#3094 = EDGE_CURVE('',#3095,#3087,#3097,.T.);
#3095 = VERTEX_POINT('',#3096);
#3096 = CARTESIAN_POINT('',(149.875,-79.628125,4.1));
#3097 = LINE('',#3098,#3099);
#3098 = CARTESIAN_POINT('',(149.875,-79.628125,4.1));
#3099 = VECTOR('',#3100,1.);
#3100 = DIRECTION('',(0.,1.,0.));
#3101 = ORIENTED_EDGE('',*,*,#3102,.F.);
#3102 = EDGE_CURVE('',#3079,#3095,#3103,.T.);
#3103 = LINE('',#3104,#3105);
#3104 = CARTESIAN_POINT('',(135.875,-79.628125,4.1));
#3105 = VECTOR('',#3106,1.);
#3106 = DIRECTION('',(1.,0.,0.));
#3107 = FACE_BOUND('',#3108,.T.);
#3108 = EDGE_LOOP('',(#3109,#3119,#3127,#3135));
#3109 = ORIENTED_EDGE('',*,*,#3110,.F.);
#3110 = EDGE_CURVE('',#3111,#3113,#3115,.T.);
#3111 = VERTEX_POINT('',#3112);
#3112 = CARTESIAN_POINT('',(97.775,-81.423751,4.1));
#3113 = VERTEX_POINT('',#3114);
#3114 = CARTESIAN_POINT('',(97.775,-95.423751,4.1));
#3115 = LINE('',#3116,#3117);
#3116 = CARTESIAN_POINT('',(97.775,-81.423751,4.1));
#3117 = VECTOR('',#3118,1.);
#3118 = DIRECTION('',(0.,-1.,0.));
#3119 = ORIENTED_EDGE('',*,*,#3120,.F.);
#3120 = EDGE_CURVE('',#3121,#3111,#3123,.T.);
#3121 = VERTEX_POINT('',#3122);
#3122 = CARTESIAN_POINT('',(111.775,-81.423751,4.1));
#3123 = LINE('',#3124,#3125);
#3124 = CARTESIAN_POINT('',(111.775,-81.423751,4.1));
#3125 = VECTOR('',#3126,1.);
#3126 = DIRECTION('',(-1.,0.,0.));
#3127 = ORIENTED_EDGE('',*,*,#3128,.F.);
#3128 = EDGE_CURVE('',#3129,#3121,#3131,.T.);
#3129 = VERTEX_POINT('',#3130);
#3130 = CARTESIAN_POINT('',(111.775,-95.423751,4.1));
#3131 = LINE('',#3132,#3133);
#3132 = CARTESIAN_POINT('',(111.775,-95.423751,4.1));
#3133 = VECTOR('',#3134,1.);
#3134 = DIRECTION('',(0.,1.,0.));
#3135 = ORIENTED_EDGE('',*,*,#3136,.F.);
#3136 = EDGE_CURVE('',#3113,#3129,#3137,.T.);
#3137 = LINE('',#3138,#3139);
#3138 = CARTESIAN_POINT('',(97.775,-95.423751,4.1));
#3139 = VECTOR('',#3140,1.);
#3140 = DIRECTION('',(1.,0.,0.));
#3141 = FACE_BOUND('',#3142,.T.);
#3142 = EDGE_LOOP('',(#3143,#3153,#3161,#3169));
#3143 = ORIENTED_EDGE('',*,*,#3144,.F.);
#3144 = EDGE_CURVE('',#3145,#3147,#3149,.T.);
#3145 = VERTEX_POINT('',#3146);
#3146 = CARTESIAN_POINT('',(154.925,-88.25,4.1));
#3147 = VERTEX_POINT('',#3148);
#3148 = CARTESIAN_POINT('',(154.925,-102.25,4.1));
#3149 = LINE('',#3150,#3151);
#3150 = CARTESIAN_POINT('',(154.925,-88.25,4.1));
#3151 = VECTOR('',#3152,1.);
#3152 = DIRECTION('',(0.,-1.,0.));
#3153 = ORIENTED_EDGE('',*,*,#3154,.F.);
#3154 = EDGE_CURVE('',#3155,#3145,#3157,.T.);
#3155 = VERTEX_POINT('',#3156);
#3156 = CARTESIAN_POINT('',(168.925,-88.25,4.1));
#3157 = LINE('',#3158,#3159);
#3158 = CARTESIAN_POINT('',(168.925,-88.25,4.1));
#3159 = VECTOR('',#3160,1.);
#3160 = DIRECTION('',(-1.,0.,0.));
#3161 = ORIENTED_EDGE('',*,*,#3162,.F.);
#3162 = EDGE_CURVE('',#3163,#3155,#3165,.T.);
#3163 = VERTEX_POINT('',#3164);
#3164 = CARTESIAN_POINT('',(168.925,-102.25,4.1));
#3165 = LINE('',#3166,#3167);
#3166 = CARTESIAN_POINT('',(168.925,-102.25,4.1));
#3167 = VECTOR('',#3168,1.);
#3168 = DIRECTION('',(0.,1.,0.));
#3169 = ORIENTED_EDGE('',*,*,#3170,.F.);
#3170 = EDGE_CURVE('',#3147,#3163,#3171,.T.);
#3171 = LINE('',#3172,#3173);
#3172 = CARTESIAN_POINT('',(154.925,-102.25,4.1));
#3173 = VECTOR('',#3174,1.);
#3174 = DIRECTION('',(1.,0.,0.));
#3175 = FACE_BOUND('',#3176,.T.);
#3176 = EDGE_LOOP('',(#3177,#3187,#3195,#3203));
#3177 = ORIENTED_EDGE('',*,*,#3178,.F.);
#3178 = EDGE_CURVE('',#3179,#3181,#3183,.T.);
#3179 = VERTEX_POINT('',#3180);
#3180 = CARTESIAN_POINT('',(135.875,-84.678125,4.1));
#3181 = VERTEX_POINT('',#3182);
#3182 = CARTESIAN_POINT('',(135.875,-98.678125,4.1));
#3183 = LINE('',#3184,#3185);
#3184 = CARTESIAN_POINT('',(135.875,-84.678125,4.1));
#3185 = VECTOR('',#3186,1.);
#3186 = DIRECTION('',(0.,-1.,0.));
#3187 = ORIENTED_EDGE('',*,*,#3188,.F.);
#3188 = EDGE_CURVE('',#3189,#3179,#3191,.T.);
#3189 = VERTEX_POINT('',#3190);
#3190 = CARTESIAN_POINT('',(149.875,-84.678125,4.1));
#3191 = LINE('',#3192,#3193);
#3192 = CARTESIAN_POINT('',(149.875,-84.678125,4.1));
#3193 = VECTOR('',#3194,1.);
#3194 = DIRECTION('',(-1.,0.,0.));
#3195 = ORIENTED_EDGE('',*,*,#3196,.F.);
#3196 = EDGE_CURVE('',#3197,#3189,#3199,.T.);
#3197 = VERTEX_POINT('',#3198);
#3198 = CARTESIAN_POINT('',(149.875,-98.678125,4.1));
#3199 = LINE('',#3200,#3201);
#3200 = CARTESIAN_POINT('',(149.875,-98.678125,4.1));
#3201 = VECTOR('',#3202,1.);
#3202 = DIRECTION('',(0.,1.,0.));
#3203 = ORIENTED_EDGE('',*,*,#3204,.F.);
#3204 = EDGE_CURVE('',#3181,#3197,#3205,.T.);
#3205 = LINE('',#3206,#3207);
#3206 = CARTESIAN_POINT('',(135.875,-98.678125,4.1));
#3207 = VECTOR('',#3208,1.);
#3208 = DIRECTION('',(1.,0.,0.));
#3209 = FACE_BOUND('',#3210,.T.);
#3210 = EDGE_LOOP('',(#3211,#3221,#3229,#3237));
#3211 = ORIENTED_EDGE('',*,*,#3212,.F.);
#3212 = EDGE_CURVE('',#3213,#3215,#3217,.T.);
#3213 = VERTEX_POINT('',#3214);
#3214 = CARTESIAN_POINT('',(59.675,-109.884376,4.1));
#3215 = VERTEX_POINT('',#3216);
#3216 = CARTESIAN_POINT('',(59.675,-123.884376,4.1));
#3217 = LINE('',#3218,#3219);
#3218 = CARTESIAN_POINT('',(59.675,-109.884376,4.1));
#3219 = VECTOR('',#3220,1.);
#3220 = DIRECTION('',(0.,-1.,0.));
#3221 = ORIENTED_EDGE('',*,*,#3222,.F.);
#3222 = EDGE_CURVE('',#3223,#3213,#3225,.T.);
#3223 = VERTEX_POINT('',#3224);
#3224 = CARTESIAN_POINT('',(73.675,-109.884376,4.1));
#3225 = LINE('',#3226,#3227);
#3226 = CARTESIAN_POINT('',(73.675,-109.884376,4.1));
#3227 = VECTOR('',#3228,1.);
#3228 = DIRECTION('',(-1.,0.,0.));
#3229 = ORIENTED_EDGE('',*,*,#3230,.F.);
#3230 = EDGE_CURVE('',#3231,#3223,#3233,.T.);
#3231 = VERTEX_POINT('',#3232);
#3232 = CARTESIAN_POINT('',(73.675,-123.884376,4.1));
#3233 = LINE('',#3234,#3235);
#3234 = CARTESIAN_POINT('',(73.675,-123.884376,4.1));
#3235 = VECTOR('',#3236,1.);
#3236 = DIRECTION('',(0.,1.,0.));
#3237 = ORIENTED_EDGE('',*,*,#3238,.F.);
#3238 = EDGE_CURVE('',#3215,#3231,#3239,.T.);
#3239 = LINE('',#3240,#3241);
#3240 = CARTESIAN_POINT('',(59.675,-123.884376,4.1));
#3241 = VECTOR('',#3242,1.);
#3242 = DIRECTION('',(1.,0.,0.));
#3243 = FACE_BOUND('',#3244,.T.);
#3244 = EDGE_LOOP('',(#3245,#3255,#3263,#3271));
#3245 = ORIENTED_EDGE('',*,*,#3246,.F.);
#3246 = EDGE_CURVE('',#3247,#3249,#3251,.T.);
#3247 = VERTEX_POINT('',#3248);
#3248 = CARTESIAN_POINT('',(154.925,-50.149999,4.1));
#3249 = VERTEX_POINT('',#3250);
#3250 = CARTESIAN_POINT('',(154.925,-64.149999,4.1));
#3251 = LINE('',#3252,#3253);
#3252 = CARTESIAN_POINT('',(154.925,-50.149999,4.1));
#3253 = VECTOR('',#3254,1.);
#3254 = DIRECTION('',(0.,-1.,0.));
#3255 = ORIENTED_EDGE('',*,*,#3256,.F.);
#3256 = EDGE_CURVE('',#3257,#3247,#3259,.T.);
#3257 = VERTEX_POINT('',#3258);
#3258 = CARTESIAN_POINT('',(168.925,-50.149999,4.1));
#3259 = LINE('',#3260,#3261);
#3260 = CARTESIAN_POINT('',(168.925,-50.149999,4.1));
#3261 = VECTOR('',#3262,1.);
#3262 = DIRECTION('',(-1.,0.,0.));
#3263 = ORIENTED_EDGE('',*,*,#3264,.F.);
#3264 = EDGE_CURVE('',#3265,#3257,#3267,.T.);
#3265 = VERTEX_POINT('',#3266);
#3266 = CARTESIAN_POINT('',(168.925,-64.149999,4.1));
#3267 = LINE('',#3268,#3269);
#3268 = CARTESIAN_POINT('',(168.925,-64.149999,4.1));
#3269 = VECTOR('',#3270,1.);
#3270 = DIRECTION('',(0.,1.,0.));
#3271 = ORIENTED_EDGE('',*,*,#3272,.F.);
#3272 = EDGE_CURVE('',#3249,#3265,#3273,.T.);
#3273 = LINE('',#3274,#3275);
#3274 = CARTESIAN_POINT('',(154.925,-64.149999,4.1));
#3275 = VECTOR('',#3276,1.);
#3276 = DIRECTION('',(1.,0.,0.));
#3277 = FACE_BOUND('',#3278,.T.);
#3278 = EDGE_LOOP('',(#3279,#3289,#3297,#3305));
#3279 = ORIENTED_EDGE('',*,*,#3280,.F.);
#3280 = EDGE_CURVE('',#3281,#3283,#3285,.T.);
#3281 = VERTEX_POINT('',#3282);
#3282 = CARTESIAN_POINT('',(97.775,-62.373752,4.1));
#3283 = VERTEX_POINT('',#3284);
#3284 = CARTESIAN_POINT('',(97.775,-76.373752,4.1));
#3285 = LINE('',#3286,#3287);
#3286 = CARTESIAN_POINT('',(97.775,-62.373752,4.1));
#3287 = VECTOR('',#3288,1.);
#3288 = DIRECTION('',(0.,-1.,0.));
#3289 = ORIENTED_EDGE('',*,*,#3290,.F.);
#3290 = EDGE_CURVE('',#3291,#3281,#3293,.T.);
#3291 = VERTEX_POINT('',#3292);
#3292 = CARTESIAN_POINT('',(111.775,-62.373752,4.1));
#3293 = LINE('',#3294,#3295);
#3294 = CARTESIAN_POINT('',(111.775,-62.373752,4.1));
#3295 = VECTOR('',#3296,1.);
#3296 = DIRECTION('',(-1.,0.,0.));
#3297 = ORIENTED_EDGE('',*,*,#3298,.F.);
#3298 = EDGE_CURVE('',#3299,#3291,#3301,.T.);
#3299 = VERTEX_POINT('',#3300);
#3300 = CARTESIAN_POINT('',(111.775,-76.373752,4.1));
#3301 = LINE('',#3302,#3303);
#3302 = CARTESIAN_POINT('',(111.775,-76.373752,4.1));
#3303 = VECTOR('',#3304,1.);
#3304 = DIRECTION('',(0.,1.,0.));
#3305 = ORIENTED_EDGE('',*,*,#3306,.F.);
#3306 = EDGE_CURVE('',#3283,#3299,#3307,.T.);
#3307 = LINE('',#3308,#3309);
#3308 = CARTESIAN_POINT('',(97.775,-76.373752,4.1));
#3309 = VECTOR('',#3310,1.);
#3310 = DIRECTION('',(1.,0.,0.));
#3311 = FACE_BOUND('',#3312,.T.);
#3312 = EDGE_LOOP('',(#3313,#3323,#3331,#3339));
#3313 = ORIENTED_EDGE('',*,*,#3314,.F.);
#3314 = EDGE_CURVE('',#3315,#3317,#3319,.T.);
#3315 = VERTEX_POINT('',#3316);
#3316 = CARTESIAN_POINT('',(59.675,-52.734377,4.1));
#3317 = VERTEX_POINT('',#3318);
#3318 = CARTESIAN_POINT('',(59.675,-66.734377,4.1));
#3319 = LINE('',#3320,#3321);
#3320 = CARTESIAN_POINT('',(59.675,-52.734377,4.1));
#3321 = VECTOR('',#3322,1.);
#3322 = DIRECTION('',(0.,-1.,0.));
#3323 = ORIENTED_EDGE('',*,*,#3324,.F.);
#3324 = EDGE_CURVE('',#3325,#3315,#3327,.T.);
#3325 = VERTEX_POINT('',#3326);
#3326 = CARTESIAN_POINT('',(73.675,-52.734377,4.1));
#3327 = LINE('',#3328,#3329);
#3328 = CARTESIAN_POINT('',(73.675,-52.734377,4.1));
#3329 = VECTOR('',#3330,1.);
#3330 = DIRECTION('',(-1.,0.,0.));
#3331 = ORIENTED_EDGE('',*,*,#3332,.F.);
#3332 = EDGE_CURVE('',#3333,#3325,#3335,.T.);
#3333 = VERTEX_POINT('',#3334);
#3334 = CARTESIAN_POINT('',(73.675,-66.734377,4.1));
#3335 = LINE('',#3336,#3337);
#3336 = CARTESIAN_POINT('',(73.675,-66.734377,4.1));
#3337 = VECTOR('',#3338,1.);
#3338 = DIRECTION('',(0.,1.,0.));
#3339 = ORIENTED_EDGE('',*,*,#3340,.F.);
#3340 = EDGE_CURVE('',#3317,#3333,#3341,.T.);
#3341 = LINE('',#3342,#3343);
#3342 = CARTESIAN_POINT('',(59.675,-66.734377,4.1));
#3343 = VECTOR('',#3344,1.);
#3344 = DIRECTION('',(1.,0.,0.));
#3345 = FACE_BOUND('',#3346,.T.);
#3346 = EDGE_LOOP('',(#3347,#3357,#3365,#3373));
#3347 = ORIENTED_EDGE('',*,*,#3348,.F.);
#3348 = EDGE_CURVE('',#3349,#3351,#3353,.T.);
#3349 = VERTEX_POINT('',#3350);
#3350 = CARTESIAN_POINT('',(116.825,-97.775,4.1));
#3351 = VERTEX_POINT('',#3352);
#3352 = CARTESIAN_POINT('',(116.825,-111.775,4.1));
#3353 = LINE('',#3354,#3355);
#3354 = CARTESIAN_POINT('',(116.825,-97.775,4.1));
#3355 = VECTOR('',#3356,1.);
#3356 = DIRECTION('',(0.,-1.,0.));
#3357 = ORIENTED_EDGE('',*,*,#3358,.F.);
#3358 = EDGE_CURVE('',#3359,#3349,#3361,.T.);
#3359 = VERTEX_POINT('',#3360);
#3360 = CARTESIAN_POINT('',(130.825,-97.775,4.1));
#3361 = LINE('',#3362,#3363);
#3362 = CARTESIAN_POINT('',(130.825,-97.775,4.1));
#3363 = VECTOR('',#3364,1.);
#3364 = DIRECTION('',(-1.,0.,0.));
#3365 = ORIENTED_EDGE('',*,*,#3366,.F.);
#3366 = EDGE_CURVE('',#3367,#3359,#3369,.T.);
#3367 = VERTEX_POINT('',#3368);
#3368 = CARTESIAN_POINT('',(130.825,-111.775,4.1));
#3369 = LINE('',#3370,#3371);
#3370 = CARTESIAN_POINT('',(130.825,-111.775,4.1));
#3371 = VECTOR('',#3372,1.);
#3372 = DIRECTION('',(0.,1.,0.));
#3373 = ORIENTED_EDGE('',*,*,#3374,.F.);
#3374 = EDGE_CURVE('',#3351,#3367,#3375,.T.);
#3375 = LINE('',#3376,#3377);
#3376 = CARTESIAN_POINT('',(116.825,-111.775,4.1));
#3377 = VECTOR('',#3378,1.);
#3378 = DIRECTION('',(1.,0.,0.));
#3379 = FACE_BOUND('',#3380,.T.);
#3380 = EDGE_LOOP('',(#3381,#3391,#3399,#3407));
#3381 = ORIENTED_EDGE('',*,*,#3382,.F.);
#3382 = EDGE_CURVE('',#3383,#3385,#3387,.T.);
#3383 = VERTEX_POINT('',#3384);
#3384 = CARTESIAN_POINT('',(116.825,-59.675,4.1));
#3385 = VERTEX_POINT('',#3386);
#3386 = CARTESIAN_POINT('',(116.825,-73.675,4.1));
#3387 = LINE('',#3388,#3389);
#3388 = CARTESIAN_POINT('',(116.825,-59.675,4.1));
#3389 = VECTOR('',#3390,1.);
#3390 = DIRECTION('',(0.,-1.,0.));
#3391 = ORIENTED_EDGE('',*,*,#3392,.F.);
#3392 = EDGE_CURVE('',#3393,#3383,#3395,.T.);
#3393 = VERTEX_POINT('',#3394);
#3394 = CARTESIAN_POINT('',(130.825,-59.675,4.1));
#3395 = LINE('',#3396,#3397);
#3396 = CARTESIAN_POINT('',(130.825,-59.675,4.1));
#3397 = VECTOR('',#3398,1.);
#3398 = DIRECTION('',(-1.,0.,0.));
#3399 = ORIENTED_EDGE('',*,*,#3400,.F.);
#3400 = EDGE_CURVE('',#3401,#3393,#3403,.T.);
#3401 = VERTEX_POINT('',#3402);
#3402 = CARTESIAN_POINT('',(130.825,-73.675,4.1));
#3403 = LINE('',#3404,#3405);
#3404 = CARTESIAN_POINT('',(130.825,-73.675,4.1));
#3405 = VECTOR('',#3406,1.);
#3406 = DIRECTION('',(0.,1.,0.));
#3407 = ORIENTED_EDGE('',*,*,#3408,.F.);
#3408 = EDGE_CURVE('',#3385,#3401,#3409,.T.);
#3409 = LINE('',#3410,#3411);
#3410 = CARTESIAN_POINT('',(116.825,-73.675,4.1));
#3411 = VECTOR('',#3412,1.);
#3412 = DIRECTION('',(1.,0.,0.));
#3413 = FACE_BOUND('',#3414,.T.);
#3414 = EDGE_LOOP('',(#3415,#3425,#3433,#3441));
#3415 = ORIENTED_EDGE('',*,*,#3416,.F.);
#3416 = EDGE_CURVE('',#3417,#3419,#3421,.T.);
#3417 = VERTEX_POINT('',#3418);
#3418 = CARTESIAN_POINT('',(116.825,-40.625,4.1));
#3419 = VERTEX_POINT('',#3420);
#3420 = CARTESIAN_POINT('',(116.825,-54.625,4.1));
#3421 = LINE('',#3422,#3423);
#3422 = CARTESIAN_POINT('',(116.825,-40.625,4.1));
#3423 = VECTOR('',#3424,1.);
#3424 = DIRECTION('',(0.,-1.,0.));
#3425 = ORIENTED_EDGE('',*,*,#3426,.F.);
#3426 = EDGE_CURVE('',#3427,#3417,#3429,.T.);
#3427 = VERTEX_POINT('',#3428);
#3428 = CARTESIAN_POINT('',(130.825,-40.625,4.1));
#3429 = LINE('',#3430,#3431);
#3430 = CARTESIAN_POINT('',(130.825,-40.625,4.1));
#3431 = VECTOR('',#3432,1.);
#3432 = DIRECTION('',(-1.,0.,0.));
#3433 = ORIENTED_EDGE('',*,*,#3434,.F.);
#3434 = EDGE_CURVE('',#3435,#3427,#3437,.T.);
#3435 = VERTEX_POINT('',#3436);
#3436 = CARTESIAN_POINT('',(130.825,-54.625,4.1));
#3437 = LINE('',#3438,#3439);
#3438 = CARTESIAN_POINT('',(130.825,-54.625,4.1));
#3439 = VECTOR('',#3440,1.);
#3440 = DIRECTION('',(0.,1.,0.));
#3441 = ORIENTED_EDGE('',*,*,#3442,.F.);
#3442 = EDGE_CURVE('',#3419,#3435,#3443,.T.);
#3443 = LINE('',#3444,#3445);
#3444 = CARTESIAN_POINT('',(116.825,-54.625,4.1));
#3445 = VECTOR('',#3446,1.);
#3446 = DIRECTION('',(1.,0.,0.));
#3447 = FACE_BOUND('',#3448,.T.);
#3448 = EDGE_LOOP('',(#3449,#3459,#3467,#3475));
#3449 = ORIENTED_EDGE('',*,*,#3450,.F.);
#3450 = EDGE_CURVE('',#3451,#3453,#3455,.T.);
#3451 = VERTEX_POINT('',#3452);
#3452 = CARTESIAN_POINT('',(116.825,-78.725,4.1));
#3453 = VERTEX_POINT('',#3454);
#3454 = CARTESIAN_POINT('',(116.825,-92.725,4.1));
#3455 = LINE('',#3456,#3457);
#3456 = CARTESIAN_POINT('',(116.825,-78.725,4.1));
#3457 = VECTOR('',#3458,1.);
#3458 = DIRECTION('',(0.,-1.,0.));
#3459 = ORIENTED_EDGE('',*,*,#3460,.F.);
#3460 = EDGE_CURVE('',#3461,#3451,#3463,.T.);
#3461 = VERTEX_POINT('',#3462);
#3462 = CARTESIAN_POINT('',(130.825,-78.725,4.1));
#3463 = LINE('',#3464,#3465);
#3464 = CARTESIAN_POINT('',(130.825,-78.725,4.1));
#3465 = VECTOR('',#3466,1.);
#3466 = DIRECTION('',(-1.,0.,0.));
#3467 = ORIENTED_EDGE('',*,*,#3468,.F.);
#3468 = EDGE_CURVE('',#3469,#3461,#3471,.T.);
#3469 = VERTEX_POINT('',#3470);
#3470 = CARTESIAN_POINT('',(130.825,-92.725,4.1));
#3471 = LINE('',#3472,#3473);
#3472 = CARTESIAN_POINT('',(130.825,-92.725,4.1));
#3473 = VECTOR('',#3474,1.);
#3474 = DIRECTION('',(0.,1.,0.));
#3475 = ORIENTED_EDGE('',*,*,#3476,.F.);
#3476 = EDGE_CURVE('',#3453,#3469,#3477,.T.);
#3477 = LINE('',#3478,#3479);
#3478 = CARTESIAN_POINT('',(116.825,-92.725,4.1));
#3479 = VECTOR('',#3480,1.);
#3480 = DIRECTION('',(1.,0.,0.));
#3481 = FACE_BOUND('',#3482,.T.);
#3482 = EDGE_LOOP('',(#3483,#3493,#3501,#3509));
#3483 = ORIENTED_EDGE('',*,*,#3484,.F.);
#3484 = EDGE_CURVE('',#3485,#3487,#3489,.T.);
#3485 = VERTEX_POINT('',#3486);
#3486 = CARTESIAN_POINT('',(140.815625,-43.73125,4.1));
#3487 = VERTEX_POINT('',#3488);
#3488 = CARTESIAN_POINT('',(147.315625,-43.73125,4.1));
#3489 = LINE('',#3490,#3491);
#3490 = CARTESIAN_POINT('',(140.815625,-43.73125,4.1));
#3491 = VECTOR('',#3492,1.);
#3492 = DIRECTION('',(1.,0.,0.));
#3493 = ORIENTED_EDGE('',*,*,#3494,.F.);
#3494 = EDGE_CURVE('',#3495,#3485,#3497,.T.);
#3495 = VERTEX_POINT('',#3496);
#3496 = CARTESIAN_POINT('',(140.815625,-37.23125,4.1));
#3497 = LINE('',#3498,#3499);
#3498 = CARTESIAN_POINT('',(140.815625,-37.23125,4.1));
#3499 = VECTOR('',#3500,1.);
#3500 = DIRECTION('',(0.,-1.,0.));
#3501 = ORIENTED_EDGE('',*,*,#3502,.F.);
#3502 = EDGE_CURVE('',#3503,#3495,#3505,.T.);
#3503 = VERTEX_POINT('',#3504);
#3504 = CARTESIAN_POINT('',(147.315625,-37.23125,4.1));
#3505 = LINE('',#3506,#3507);
#3506 = CARTESIAN_POINT('',(147.315625,-37.23125,4.1));
#3507 = VECTOR('',#3508,1.);
#3508 = DIRECTION('',(-1.,0.,0.));
#3509 = ORIENTED_EDGE('',*,*,#3510,.F.);
#3510 = EDGE_CURVE('',#3487,#3503,#3511,.T.);
#3511 = LINE('',#3512,#3513);
#3512 = CARTESIAN_POINT('',(147.315625,-43.73125,4.1));
#3513 = VECTOR('',#3514,1.);
#3514 = DIRECTION('',(0.,1.,0.));
#3515 = FACE_BOUND('',#3516,.T.);
#3516 = EDGE_LOOP('',(#3517));
#3517 = ORIENTED_EDGE('',*,*,#3518,.F.);
#3518 = EDGE_CURVE('',#3519,#3519,#3521,.T.);
#3519 = VERTEX_POINT('',#3520);
#3520 = CARTESIAN_POINT('',(116.270642,-78.898751,4.1));
#3521 = CIRCLE('',#3522,2.5);
#3522 = AXIS2_PLACEMENT_3D('',#3523,#3524,#3525);
#3523 = CARTESIAN_POINT('',(113.770642,-78.898751,4.1));
#3524 = DIRECTION('',(0.,0.,1.));
#3525 = DIRECTION('',(1.,0.,0.));
#3526 = FACE_BOUND('',#3527,.T.);
#3527 = EDGE_LOOP('',(#3528));
#3528 = ORIENTED_EDGE('',*,*,#3529,.F.);
#3529 = EDGE_CURVE('',#3530,#3530,#3532,.T.);
#3530 = VERTEX_POINT('',#3531);
#3531 = CARTESIAN_POINT('',(78.7,-69.259375,4.1));
#3532 = CIRCLE('',#3533,2.5);
#3533 = AXIS2_PLACEMENT_3D('',#3534,#3535,#3536);
#3534 = CARTESIAN_POINT('',(76.2,-69.259375,4.1));
#3535 = DIRECTION('',(0.,0.,1.));
#3536 = DIRECTION('',(1.,0.,0.));
#3537 = FACE_BOUND('',#3538,.T.);
#3538 = EDGE_LOOP('',(#3539));
#3539 = ORIENTED_EDGE('',*,*,#3540,.F.);
#3540 = EDGE_CURVE('',#3541,#3541,#3543,.T.);
#3541 = VERTEX_POINT('',#3542);
#3542 = CARTESIAN_POINT('',(178.7125,-123.825,4.1));
#3543 = CIRCLE('',#3544,2.5);
#3544 = AXIS2_PLACEMENT_3D('',#3545,#3546,#3547);
#3545 = CARTESIAN_POINT('',(176.2125,-123.825,4.1));
#3546 = DIRECTION('',(0.,0.,1.));
#3547 = DIRECTION('',(1.,0.,0.));
#3548 = FACE_BOUND('',#3549,.T.);
#3549 = EDGE_LOOP('',(#3550));
#3550 = ORIENTED_EDGE('',*,*,#3551,.F.);
#3551 = EDGE_CURVE('',#3552,#3552,#3554,.T.);
#3552 = VERTEX_POINT('',#3553);
#3553 = CARTESIAN_POINT('',(78.7,-107.359375,4.1));
#3554 = CIRCLE('',#3555,2.5);
#3555 = AXIS2_PLACEMENT_3D('',#3556,#3557,#3558);
#3556 = CARTESIAN_POINT('',(76.2,-107.359375,4.1));
#3557 = DIRECTION('',(0.,0.,1.));
#3558 = DIRECTION('',(1.,0.,0.));
#3559 = FACE_BOUND('',#3560,.T.);
#3560 = EDGE_LOOP('',(#3561));
#3561 = ORIENTED_EDGE('',*,*,#3562,.F.);
#3562 = EDGE_CURVE('',#3563,#3563,#3565,.T.);
#3563 = VERTEX_POINT('',#3564);
#3564 = CARTESIAN_POINT('',(131.0875,-121.44375,4.1));
#3565 = CIRCLE('',#3566,2.5);
#3566 = AXIS2_PLACEMENT_3D('',#3567,#3568,#3569);
#3567 = CARTESIAN_POINT('',(128.5875,-121.44375,4.1));
#3568 = DIRECTION('',(0.,0.,1.));
#3569 = DIRECTION('',(1.,0.,0.));
#3570 = FACE_BOUND('',#3571,.T.);
#3571 = EDGE_LOOP('',(#3572));
#3572 = ORIENTED_EDGE('',*,*,#3573,.F.);
#3573 = EDGE_CURVE('',#3574,#3574,#3576,.T.);
#3574 = VERTEX_POINT('',#3575);
#3575 = CARTESIAN_POINT('',(170.378125,-42.8625,4.1));
#3576 = CIRCLE('',#3577,2.5);
#3577 = AXIS2_PLACEMENT_3D('',#3578,#3579,#3580);
#3578 = CARTESIAN_POINT('',(167.878125,-42.8625,4.1));
#3579 = DIRECTION('',(0.,0.,1.));
#3580 = DIRECTION('',(1.,0.,0.));
#3581 = PLANE('',#3582);
#3582 = AXIS2_PLACEMENT_3D('',#3583,#3584,#3585);
#3583 = CARTESIAN_POINT('',(127.96296046318,-93.77988166074,4.1));
#3584 = DIRECTION('',(0.,0.,1.));
#3585 = DIRECTION('',(1.,0.,0.));
#3586 = ADVANCED_FACE('',(#3587),#3598,.F.);
#3587 = FACE_BOUND('',#3588,.F.);
#3588 = EDGE_LOOP('',(#3589,#3590,#3596,#3597));
#3589 = ORIENTED_EDGE('',*,*,#1404,.T.);
#3590 = ORIENTED_EDGE('',*,*,#3591,.T.);
#3591 = EDGE_CURVE('',#1397,#2298,#3592,.T.);
#3592 = LINE('',#3593,#3594);
#3593 = CARTESIAN_POINT('',(154.17114299999,-36.02129799999,3.399095));
#3594 = VECTOR('',#3595,1.);
#3595 = DIRECTION('',(1.,-9.908916924758E-14,5.917651110367E-30));
#3596 = ORIENTED_EDGE('',*,*,#2297,.F.);
#3597 = ORIENTED_EDGE('',*,*,#1362,.F.);
#3598 = PLANE('',#3599);
#3599 = AXIS2_PLACEMENT_3D('',#3600,#3601,#3602);
#3600 = CARTESIAN_POINT('',(154.17114299999,-35.02129799999,3.399095));
#3601 = DIRECTION('',(1.608456432756E-29,2.22044604925E-16,1.));
#3602 = DIRECTION('',(1.,-9.908916924758E-14,5.917651110367E-30));
#3603 = ADVANCED_FACE('',(#3604),#3615,.T.);
#3604 = FACE_BOUND('',#3605,.T.);
#3605 = EDGE_LOOP('',(#3606,#3607,#3608,#3614));
#3606 = ORIENTED_EDGE('',*,*,#3591,.T.);
#3607 = ORIENTED_EDGE('',*,*,#2305,.T.);
#3608 = ORIENTED_EDGE('',*,*,#3609,.T.);
#3609 = EDGE_CURVE('',#2273,#1389,#3610,.T.);
#3610 = LINE('',#3611,#3612);
#3611 = CARTESIAN_POINT('',(148.34687375004,-36.02129799999,2.6));
#3612 = VECTOR('',#3613,1.);
#3613 = DIRECTION('',(-1.,1.000974763548E-13,0.));
#3614 = ORIENTED_EDGE('',*,*,#1396,.T.);
#3615 = PLANE('',#3616);
#3616 = AXIS2_PLACEMENT_3D('',#3617,#3618,#3619);
#3617 = CARTESIAN_POINT('',(158.05519899999,-36.02129799999,-9.9345E-03)
  );
#3618 = DIRECTION('',(9.878670063214E-14,1.,0.));
#3619 = DIRECTION('',(1.,-9.878670063214E-14,0.));
#3620 = ADVANCED_FACE('',(#3621,#3660,#3694,#3728,#3739,#3750,#3784,
    #3818,#3852,#3886,#3920,#3954,#3988,#4022,#4033,#4067,#4101,#4135,
    #4169,#4203,#4214,#4248,#4282,#4316,#4327,#4361,#4395,#4429,#4463,
    #4497,#4531,#4565,#4599,#4633,#4667,#4701,#4735),#4746,.F.);
#3621 = FACE_BOUND('',#3622,.F.);
#3622 = EDGE_LOOP('',(#3623,#3624,#3625,#3626,#3627,#3628,#3629,#3630,
    #3631,#3632,#3633,#3634,#3635,#3636,#3637,#3638,#3639,#3640,#3641,
    #3642,#3643,#3644,#3645,#3646,#3647,#3648,#3649,#3650,#3651,#3652,
    #3653,#3654,#3655,#3656,#3657,#3658,#3659));
#3623 = ORIENTED_EDGE('',*,*,#1516,.F.);
#3624 = ORIENTED_EDGE('',*,*,#1540,.T.);
#3625 = ORIENTED_EDGE('',*,*,#1565,.F.);
#3626 = ORIENTED_EDGE('',*,*,#1589,.T.);
#3627 = ORIENTED_EDGE('',*,*,#1614,.F.);
#3628 = ORIENTED_EDGE('',*,*,#1638,.F.);
#3629 = ORIENTED_EDGE('',*,*,#1663,.F.);
#3630 = ORIENTED_EDGE('',*,*,#1687,.T.);
#3631 = ORIENTED_EDGE('',*,*,#1712,.F.);
#3632 = ORIENTED_EDGE('',*,*,#1737,.F.);
#3633 = ORIENTED_EDGE('',*,*,#1762,.F.);
#3634 = ORIENTED_EDGE('',*,*,#1787,.T.);
#3635 = ORIENTED_EDGE('',*,*,#1812,.F.);
#3636 = ORIENTED_EDGE('',*,*,#1836,.T.);
#3637 = ORIENTED_EDGE('',*,*,#1861,.F.);
#3638 = ORIENTED_EDGE('',*,*,#1885,.F.);
#3639 = ORIENTED_EDGE('',*,*,#1909,.F.);
#3640 = ORIENTED_EDGE('',*,*,#1933,.F.);
#3641 = ORIENTED_EDGE('',*,*,#1957,.F.);
#3642 = ORIENTED_EDGE('',*,*,#1981,.F.);
#3643 = ORIENTED_EDGE('',*,*,#2005,.F.);
#3644 = ORIENTED_EDGE('',*,*,#2029,.F.);
#3645 = ORIENTED_EDGE('',*,*,#2053,.F.);
#3646 = ORIENTED_EDGE('',*,*,#2077,.F.);
#3647 = ORIENTED_EDGE('',*,*,#2101,.F.);
#3648 = ORIENTED_EDGE('',*,*,#2125,.T.);
#3649 = ORIENTED_EDGE('',*,*,#2149,.T.);
#3650 = ORIENTED_EDGE('',*,*,#2174,.F.);
#3651 = ORIENTED_EDGE('',*,*,#2198,.F.);
#3652 = ORIENTED_EDGE('',*,*,#2223,.T.);
#3653 = ORIENTED_EDGE('',*,*,#2247,.T.);
#3654 = ORIENTED_EDGE('',*,*,#2272,.T.);
#3655 = ORIENTED_EDGE('',*,*,#3609,.T.);
#3656 = ORIENTED_EDGE('',*,*,#1418,.T.);
#3657 = ORIENTED_EDGE('',*,*,#1442,.T.);
#3658 = ORIENTED_EDGE('',*,*,#1467,.F.);
#3659 = ORIENTED_EDGE('',*,*,#1491,.F.);
#3660 = FACE_BOUND('',#3661,.F.);
#3661 = EDGE_LOOP('',(#3662,#3672,#3680,#3688));
#3662 = ORIENTED_EDGE('',*,*,#3663,.F.);
#3663 = EDGE_CURVE('',#3664,#3666,#3668,.T.);
#3664 = VERTEX_POINT('',#3665);
#3665 = CARTESIAN_POINT('',(59.675,-109.884376,2.6));
#3666 = VERTEX_POINT('',#3667);
#3667 = CARTESIAN_POINT('',(59.675,-123.884376,2.6));
#3668 = LINE('',#3669,#3670);
#3669 = CARTESIAN_POINT('',(59.675,-109.884376,2.6));
#3670 = VECTOR('',#3671,1.);
#3671 = DIRECTION('',(0.,-1.,0.));
#3672 = ORIENTED_EDGE('',*,*,#3673,.F.);
#3673 = EDGE_CURVE('',#3674,#3664,#3676,.T.);
#3674 = VERTEX_POINT('',#3675);
#3675 = CARTESIAN_POINT('',(73.675,-109.884376,2.6));
#3676 = LINE('',#3677,#3678);
#3677 = CARTESIAN_POINT('',(73.675,-109.884376,2.6));
#3678 = VECTOR('',#3679,1.);
#3679 = DIRECTION('',(-1.,0.,0.));
#3680 = ORIENTED_EDGE('',*,*,#3681,.F.);
#3681 = EDGE_CURVE('',#3682,#3674,#3684,.T.);
#3682 = VERTEX_POINT('',#3683);
#3683 = CARTESIAN_POINT('',(73.675,-123.884376,2.6));
#3684 = LINE('',#3685,#3686);
#3685 = CARTESIAN_POINT('',(73.675,-123.884376,2.6));
#3686 = VECTOR('',#3687,1.);
#3687 = DIRECTION('',(0.,1.,0.));
#3688 = ORIENTED_EDGE('',*,*,#3689,.F.);
#3689 = EDGE_CURVE('',#3666,#3682,#3690,.T.);
#3690 = LINE('',#3691,#3692);
#3691 = CARTESIAN_POINT('',(59.675,-123.884376,2.6));
#3692 = VECTOR('',#3693,1.);
#3693 = DIRECTION('',(1.,0.,0.));
#3694 = FACE_BOUND('',#3695,.F.);
#3695 = EDGE_LOOP('',(#3696,#3706,#3714,#3722));
#3696 = ORIENTED_EDGE('',*,*,#3697,.F.);
#3697 = EDGE_CURVE('',#3698,#3700,#3702,.T.);
#3698 = VERTEX_POINT('',#3699);
#3699 = CARTESIAN_POINT('',(92.725,-121.503126,2.6));
#3700 = VERTEX_POINT('',#3701);
#3701 = CARTESIAN_POINT('',(92.725,-107.503126,2.6));
#3702 = LINE('',#3703,#3704);
#3703 = CARTESIAN_POINT('',(92.725,-121.503126,2.6));
#3704 = VECTOR('',#3705,1.);
#3705 = DIRECTION('',(0.,1.,0.));
#3706 = ORIENTED_EDGE('',*,*,#3707,.F.);
#3707 = EDGE_CURVE('',#3708,#3698,#3710,.T.);
#3708 = VERTEX_POINT('',#3709);
#3709 = CARTESIAN_POINT('',(78.725,-121.503126,2.6));
#3710 = LINE('',#3711,#3712);
#3711 = CARTESIAN_POINT('',(78.725,-121.503126,2.6));
#3712 = VECTOR('',#3713,1.);
#3713 = DIRECTION('',(1.,0.,0.));
#3714 = ORIENTED_EDGE('',*,*,#3715,.F.);
#3715 = EDGE_CURVE('',#3716,#3708,#3718,.T.);
#3716 = VERTEX_POINT('',#3717);
#3717 = CARTESIAN_POINT('',(78.725,-107.503126,2.6));
#3718 = LINE('',#3719,#3720);
#3719 = CARTESIAN_POINT('',(78.725,-107.503126,2.6));
#3720 = VECTOR('',#3721,1.);
#3721 = DIRECTION('',(0.,-1.,0.));
#3722 = ORIENTED_EDGE('',*,*,#3723,.F.);
#3723 = EDGE_CURVE('',#3700,#3716,#3724,.T.);
#3724 = LINE('',#3725,#3726);
#3725 = CARTESIAN_POINT('',(92.725,-107.503126,2.6));
#3726 = VECTOR('',#3727,1.);
#3727 = DIRECTION('',(-1.,0.,0.));
#3728 = FACE_BOUND('',#3729,.F.);
#3729 = EDGE_LOOP('',(#3730));
#3730 = ORIENTED_EDGE('',*,*,#3731,.F.);
#3731 = EDGE_CURVE('',#3732,#3732,#3734,.T.);
#3732 = VERTEX_POINT('',#3733);
#3733 = CARTESIAN_POINT('',(78.7,-107.359375,2.6));
#3734 = CIRCLE('',#3735,2.5);
#3735 = AXIS2_PLACEMENT_3D('',#3736,#3737,#3738);
#3736 = CARTESIAN_POINT('',(76.2,-107.359375,2.6));
#3737 = DIRECTION('',(0.,0.,1.));
#3738 = DIRECTION('',(1.,0.,0.));
#3739 = FACE_BOUND('',#3740,.F.);
#3740 = EDGE_LOOP('',(#3741));
#3741 = ORIENTED_EDGE('',*,*,#3742,.F.);
#3742 = EDGE_CURVE('',#3743,#3743,#3745,.T.);
#3743 = VERTEX_POINT('',#3744);
#3744 = CARTESIAN_POINT('',(131.0875,-121.44375,2.6));
#3745 = CIRCLE('',#3746,2.5);
#3746 = AXIS2_PLACEMENT_3D('',#3747,#3748,#3749);
#3747 = CARTESIAN_POINT('',(128.5875,-121.44375,2.6));
#3748 = DIRECTION('',(0.,0.,1.));
#3749 = DIRECTION('',(1.,0.,0.));
#3750 = FACE_BOUND('',#3751,.F.);
#3751 = EDGE_LOOP('',(#3752,#3762,#3770,#3778));
#3752 = ORIENTED_EDGE('',*,*,#3753,.F.);
#3753 = EDGE_CURVE('',#3754,#3756,#3758,.T.);
#3754 = VERTEX_POINT('',#3755);
#3755 = CARTESIAN_POINT('',(97.775,-100.473752,2.6));
#3756 = VERTEX_POINT('',#3757);
#3757 = CARTESIAN_POINT('',(97.775,-114.473752,2.6));
#3758 = LINE('',#3759,#3760);
#3759 = CARTESIAN_POINT('',(97.775,-100.473752,2.6));
#3760 = VECTOR('',#3761,1.);
#3761 = DIRECTION('',(0.,-1.,0.));
#3762 = ORIENTED_EDGE('',*,*,#3763,.F.);
#3763 = EDGE_CURVE('',#3764,#3754,#3766,.T.);
#3764 = VERTEX_POINT('',#3765);
#3765 = CARTESIAN_POINT('',(111.775,-100.473752,2.6));
#3766 = LINE('',#3767,#3768);
#3767 = CARTESIAN_POINT('',(111.775,-100.473752,2.6));
#3768 = VECTOR('',#3769,1.);
#3769 = DIRECTION('',(-1.,0.,0.));
#3770 = ORIENTED_EDGE('',*,*,#3771,.F.);
#3771 = EDGE_CURVE('',#3772,#3764,#3774,.T.);
#3772 = VERTEX_POINT('',#3773);
#3773 = CARTESIAN_POINT('',(111.775,-114.473752,2.6));
#3774 = LINE('',#3775,#3776);
#3775 = CARTESIAN_POINT('',(111.775,-114.473752,2.6));
#3776 = VECTOR('',#3777,1.);
#3777 = DIRECTION('',(0.,1.,0.));
#3778 = ORIENTED_EDGE('',*,*,#3779,.F.);
#3779 = EDGE_CURVE('',#3756,#3772,#3780,.T.);
#3780 = LINE('',#3781,#3782);
#3781 = CARTESIAN_POINT('',(97.775,-114.473752,2.6));
#3782 = VECTOR('',#3783,1.);
#3783 = DIRECTION('',(1.,0.,0.));
#3784 = FACE_BOUND('',#3785,.F.);
#3785 = EDGE_LOOP('',(#3786,#3796,#3804,#3812));
#3786 = ORIENTED_EDGE('',*,*,#3787,.F.);
#3787 = EDGE_CURVE('',#3788,#3790,#3792,.T.);
#3788 = VERTEX_POINT('',#3789);
#3789 = CARTESIAN_POINT('',(116.825,-97.775,2.6));
#3790 = VERTEX_POINT('',#3791);
#3791 = CARTESIAN_POINT('',(116.825,-111.775,2.6));
#3792 = LINE('',#3793,#3794);
#3793 = CARTESIAN_POINT('',(116.825,-97.775,2.6));
#3794 = VECTOR('',#3795,1.);
#3795 = DIRECTION('',(0.,-1.,0.));
#3796 = ORIENTED_EDGE('',*,*,#3797,.F.);
#3797 = EDGE_CURVE('',#3798,#3788,#3800,.T.);
#3798 = VERTEX_POINT('',#3799);
#3799 = CARTESIAN_POINT('',(130.825,-97.775,2.6));
#3800 = LINE('',#3801,#3802);
#3801 = CARTESIAN_POINT('',(130.825,-97.775,2.6));
#3802 = VECTOR('',#3803,1.);
#3803 = DIRECTION('',(-1.,0.,0.));
#3804 = ORIENTED_EDGE('',*,*,#3805,.F.);
#3805 = EDGE_CURVE('',#3806,#3798,#3808,.T.);
#3806 = VERTEX_POINT('',#3807);
#3807 = CARTESIAN_POINT('',(130.825,-111.775,2.6));
#3808 = LINE('',#3809,#3810);
#3809 = CARTESIAN_POINT('',(130.825,-111.775,2.6));
#3810 = VECTOR('',#3811,1.);
#3811 = DIRECTION('',(0.,1.,0.));
#3812 = ORIENTED_EDGE('',*,*,#3813,.F.);
#3813 = EDGE_CURVE('',#3790,#3806,#3814,.T.);
#3814 = LINE('',#3815,#3816);
#3815 = CARTESIAN_POINT('',(116.825,-111.775,2.6));
#3816 = VECTOR('',#3817,1.);
#3817 = DIRECTION('',(1.,0.,0.));
#3818 = FACE_BOUND('',#3819,.F.);
#3819 = EDGE_LOOP('',(#3820,#3830,#3838,#3846));
#3820 = ORIENTED_EDGE('',*,*,#3821,.T.);
#3821 = EDGE_CURVE('',#3822,#3824,#3826,.T.);
#3822 = VERTEX_POINT('',#3823);
#3823 = CARTESIAN_POINT('',(132.910297,-138.522648,2.6));
#3824 = VERTEX_POINT('',#3825);
#3825 = CARTESIAN_POINT('',(134.130477,-124.575922,2.6));
#3826 = LINE('',#3827,#3828);
#3827 = CARTESIAN_POINT('',(132.910297,-138.522648,2.6));
#3828 = VECTOR('',#3829,1.);
#3829 = DIRECTION('',(8.715571309589E-02,0.996194700686,0.));
#3830 = ORIENTED_EDGE('',*,*,#3831,.T.);
#3831 = EDGE_CURVE('',#3824,#3832,#3834,.T.);
#3832 = VERTEX_POINT('',#3833);
#3833 = CARTESIAN_POINT('',(148.077203,-125.796102,2.6));
#3834 = LINE('',#3835,#3836);
#3835 = CARTESIAN_POINT('',(134.130477,-124.575922,2.6));
#3836 = VECTOR('',#3837,1.);
#3837 = DIRECTION('',(0.996194700686,-8.715571309589E-02,0.));
#3838 = ORIENTED_EDGE('',*,*,#3839,.T.);
#3839 = EDGE_CURVE('',#3832,#3840,#3842,.T.);
#3840 = VERTEX_POINT('',#3841);
#3841 = CARTESIAN_POINT('',(146.857023,-139.742828,2.6));
#3842 = LINE('',#3843,#3844);
#3843 = CARTESIAN_POINT('',(148.077203,-125.796102,2.6));
#3844 = VECTOR('',#3845,1.);
#3845 = DIRECTION('',(-8.715571309589E-02,-0.996194700686,0.));
#3846 = ORIENTED_EDGE('',*,*,#3847,.T.);
#3847 = EDGE_CURVE('',#3840,#3822,#3848,.T.);
#3848 = LINE('',#3849,#3850);
#3849 = CARTESIAN_POINT('',(146.857023,-139.742828,2.6));
#3850 = VECTOR('',#3851,1.);
#3851 = DIRECTION('',(-0.996194700686,8.715571309589E-02,0.));
#3852 = FACE_BOUND('',#3853,.F.);
#3853 = EDGE_LOOP('',(#3854,#3864,#3872,#3880));
#3854 = ORIENTED_EDGE('',*,*,#3855,.T.);
#3855 = EDGE_CURVE('',#3856,#3858,#3860,.T.);
#3856 = VERTEX_POINT('',#3857);
#3857 = CARTESIAN_POINT('',(152.431118,-140.995453,2.6));
#3858 = VERTEX_POINT('',#3859);
#3859 = CARTESIAN_POINT('',(157.2194,-127.839757,2.6));
#3860 = LINE('',#3861,#3862);
#3861 = CARTESIAN_POINT('',(152.431118,-140.995453,2.6));
#3862 = VECTOR('',#3863,1.);
#3863 = DIRECTION('',(0.342020158775,0.939692615163,0.));
#3864 = ORIENTED_EDGE('',*,*,#3865,.T.);
#3865 = EDGE_CURVE('',#3858,#3866,#3868,.T.);
#3866 = VERTEX_POINT('',#3867);
#3867 = CARTESIAN_POINT('',(170.375096,-132.628039,2.6));
#3868 = LINE('',#3869,#3870);
#3869 = CARTESIAN_POINT('',(157.2194,-127.839757,2.6));
#3870 = VECTOR('',#3871,1.);
#3871 = DIRECTION('',(0.939692615163,-0.342020158775,0.));
#3872 = ORIENTED_EDGE('',*,*,#3873,.T.);
#3873 = EDGE_CURVE('',#3866,#3874,#3876,.T.);
#3874 = VERTEX_POINT('',#3875);
#3875 = CARTESIAN_POINT('',(165.586814,-145.783735,2.6));
#3876 = LINE('',#3877,#3878);
#3877 = CARTESIAN_POINT('',(170.375096,-132.628039,2.6));
#3878 = VECTOR('',#3879,1.);
#3879 = DIRECTION('',(-0.342020158775,-0.939692615163,0.));
#3880 = ORIENTED_EDGE('',*,*,#3881,.T.);
#3881 = EDGE_CURVE('',#3874,#3856,#3882,.T.);
#3882 = LINE('',#3883,#3884);
#3883 = CARTESIAN_POINT('',(165.586814,-145.783735,2.6));
#3884 = VECTOR('',#3885,1.);
#3885 = DIRECTION('',(-0.939692615163,0.342020158775,0.));
#3886 = FACE_BOUND('',#3887,.F.);
#3887 = EDGE_LOOP('',(#3888,#3898,#3906,#3914));
#3888 = ORIENTED_EDGE('',*,*,#3889,.T.);
#3889 = EDGE_CURVE('',#3890,#3892,#3894,.T.);
#3890 = VERTEX_POINT('',#3891);
#3891 = CARTESIAN_POINT('',(170.560881,-148.119407,2.6));
#3892 = VERTEX_POINT('',#3893);
#3893 = CARTESIAN_POINT('',(177.560881,-135.995051,2.6));
#3894 = LINE('',#3895,#3896);
#3895 = CARTESIAN_POINT('',(170.560881,-148.119407,2.6));
#3896 = VECTOR('',#3897,1.);
#3897 = DIRECTION('',(0.499999989267,0.866025409981,0.));
#3898 = ORIENTED_EDGE('',*,*,#3899,.T.);
#3899 = EDGE_CURVE('',#3892,#3900,#3902,.T.);
#3900 = VERTEX_POINT('',#3901);
#3901 = CARTESIAN_POINT('',(189.685237,-142.995051,2.6));
#3902 = LINE('',#3903,#3904);
#3903 = CARTESIAN_POINT('',(177.560881,-135.995051,2.6));
#3904 = VECTOR('',#3905,1.);
#3905 = DIRECTION('',(0.866025409981,-0.499999989267,0.));
#3906 = ORIENTED_EDGE('',*,*,#3907,.T.);
#3907 = EDGE_CURVE('',#3900,#3908,#3910,.T.);
#3908 = VERTEX_POINT('',#3909);
#3909 = CARTESIAN_POINT('',(182.685237,-155.119407,2.6));
#3910 = LINE('',#3911,#3912);
#3911 = CARTESIAN_POINT('',(189.685237,-142.995051,2.6));
#3912 = VECTOR('',#3913,1.);
#3913 = DIRECTION('',(-0.499999989267,-0.866025409981,0.));
#3914 = ORIENTED_EDGE('',*,*,#3915,.T.);
#3915 = EDGE_CURVE('',#3908,#3890,#3916,.T.);
#3916 = LINE('',#3917,#3918);
#3917 = CARTESIAN_POINT('',(182.685237,-155.119407,2.6));
#3918 = VECTOR('',#3919,1.);
#3919 = DIRECTION('',(-0.866025409981,0.499999989267,0.));
#3920 = FACE_BOUND('',#3921,.F.);
#3921 = EDGE_LOOP('',(#3922,#3932,#3940,#3948));
#3922 = ORIENTED_EDGE('',*,*,#3923,.T.);
#3923 = EDGE_CURVE('',#3924,#3926,#3928,.T.);
#3924 = VERTEX_POINT('',#3925);
#3925 = CARTESIAN_POINT('',(180.076875,-131.625162,2.6));
#3926 = VERTEX_POINT('',#3927);
#3927 = CARTESIAN_POINT('',(187.076875,-119.500806,2.6));
#3928 = LINE('',#3929,#3930);
#3929 = CARTESIAN_POINT('',(180.076875,-131.625162,2.6));
#3930 = VECTOR('',#3931,1.);
#3931 = DIRECTION('',(0.499999989267,0.866025409981,0.));
#3932 = ORIENTED_EDGE('',*,*,#3933,.T.);
#3933 = EDGE_CURVE('',#3926,#3934,#3936,.T.);
#3934 = VERTEX_POINT('',#3935);
#3935 = CARTESIAN_POINT('',(199.201231,-126.500806,2.6));
#3936 = LINE('',#3937,#3938);
#3937 = CARTESIAN_POINT('',(187.076875,-119.500806,2.6));
#3938 = VECTOR('',#3939,1.);
#3939 = DIRECTION('',(0.866025409981,-0.499999989267,0.));
#3940 = ORIENTED_EDGE('',*,*,#3941,.T.);
#3941 = EDGE_CURVE('',#3934,#3942,#3944,.T.);
#3942 = VERTEX_POINT('',#3943);
#3943 = CARTESIAN_POINT('',(192.201231,-138.625162,2.6));
#3944 = LINE('',#3945,#3946);
#3945 = CARTESIAN_POINT('',(199.201231,-126.500806,2.6));
#3946 = VECTOR('',#3947,1.);
#3947 = DIRECTION('',(-0.499999989267,-0.866025409981,0.));
#3948 = ORIENTED_EDGE('',*,*,#3949,.T.);
#3949 = EDGE_CURVE('',#3942,#3924,#3950,.T.);
#3950 = LINE('',#3951,#3952);
#3951 = CARTESIAN_POINT('',(192.201231,-138.625162,2.6));
#3952 = VECTOR('',#3953,1.);
#3953 = DIRECTION('',(-0.866025409981,0.499999989267,0.));
#3954 = FACE_BOUND('',#3955,.F.);
#3955 = EDGE_LOOP('',(#3956,#3966,#3974,#3982));
#3956 = ORIENTED_EDGE('',*,*,#3957,.F.);
#3957 = EDGE_CURVE('',#3958,#3960,#3962,.T.);
#3958 = VERTEX_POINT('',#3959);
#3959 = CARTESIAN_POINT('',(154.925,-107.3,2.6));
#3960 = VERTEX_POINT('',#3961);
#3961 = CARTESIAN_POINT('',(154.925,-121.3,2.6));
#3962 = LINE('',#3963,#3964);
#3963 = CARTESIAN_POINT('',(154.925,-107.3,2.6));
#3964 = VECTOR('',#3965,1.);
#3965 = DIRECTION('',(0.,-1.,0.));
#3966 = ORIENTED_EDGE('',*,*,#3967,.F.);
#3967 = EDGE_CURVE('',#3968,#3958,#3970,.T.);
#3968 = VERTEX_POINT('',#3969);
#3969 = CARTESIAN_POINT('',(168.925,-107.3,2.6));
#3970 = LINE('',#3971,#3972);
#3971 = CARTESIAN_POINT('',(168.925,-107.3,2.6));
#3972 = VECTOR('',#3973,1.);
#3973 = DIRECTION('',(-1.,0.,0.));
#3974 = ORIENTED_EDGE('',*,*,#3975,.F.);
#3975 = EDGE_CURVE('',#3976,#3968,#3978,.T.);
#3976 = VERTEX_POINT('',#3977);
#3977 = CARTESIAN_POINT('',(168.925,-121.3,2.6));
#3978 = LINE('',#3979,#3980);
#3979 = CARTESIAN_POINT('',(168.925,-121.3,2.6));
#3980 = VECTOR('',#3981,1.);
#3981 = DIRECTION('',(0.,1.,0.));
#3982 = ORIENTED_EDGE('',*,*,#3983,.F.);
#3983 = EDGE_CURVE('',#3960,#3976,#3984,.T.);
#3984 = LINE('',#3985,#3986);
#3985 = CARTESIAN_POINT('',(154.925,-121.3,2.6));
#3986 = VECTOR('',#3987,1.);
#3987 = DIRECTION('',(1.,0.,0.));
#3988 = FACE_BOUND('',#3989,.F.);
#3989 = EDGE_LOOP('',(#3990,#4000,#4008,#4016));
#3990 = ORIENTED_EDGE('',*,*,#3991,.F.);
#3991 = EDGE_CURVE('',#3992,#3994,#3996,.T.);
#3992 = VERTEX_POINT('',#3993);
#3993 = CARTESIAN_POINT('',(135.875,-103.728125,2.6));
#3994 = VERTEX_POINT('',#3995);
#3995 = CARTESIAN_POINT('',(135.875,-117.728125,2.6));
#3996 = LINE('',#3997,#3998);
#3997 = CARTESIAN_POINT('',(135.875,-103.728125,2.6));
#3998 = VECTOR('',#3999,1.);
#3999 = DIRECTION('',(0.,-1.,0.));
#4000 = ORIENTED_EDGE('',*,*,#4001,.F.);
#4001 = EDGE_CURVE('',#4002,#3992,#4004,.T.);
#4002 = VERTEX_POINT('',#4003);
#4003 = CARTESIAN_POINT('',(149.875,-103.728125,2.6));
#4004 = LINE('',#4005,#4006);
#4005 = CARTESIAN_POINT('',(149.875,-103.728125,2.6));
#4006 = VECTOR('',#4007,1.);
#4007 = DIRECTION('',(-1.,0.,0.));
#4008 = ORIENTED_EDGE('',*,*,#4009,.F.);
#4009 = EDGE_CURVE('',#4010,#4002,#4012,.T.);
#4010 = VERTEX_POINT('',#4011);
#4011 = CARTESIAN_POINT('',(149.875,-117.728125,2.6));
#4012 = LINE('',#4013,#4014);
#4013 = CARTESIAN_POINT('',(149.875,-117.728125,2.6));
#4014 = VECTOR('',#4015,1.);
#4015 = DIRECTION('',(0.,1.,0.));
#4016 = ORIENTED_EDGE('',*,*,#4017,.F.);
#4017 = EDGE_CURVE('',#3994,#4010,#4018,.T.);
#4018 = LINE('',#4019,#4020);
#4019 = CARTESIAN_POINT('',(135.875,-117.728125,2.6));
#4020 = VECTOR('',#4021,1.);
#4021 = DIRECTION('',(1.,0.,0.));
#4022 = FACE_BOUND('',#4023,.F.);
#4023 = EDGE_LOOP('',(#4024));
#4024 = ORIENTED_EDGE('',*,*,#4025,.F.);
#4025 = EDGE_CURVE('',#4026,#4026,#4028,.T.);
#4026 = VERTEX_POINT('',#4027);
#4027 = CARTESIAN_POINT('',(178.7125,-123.825,2.6));
#4028 = CIRCLE('',#4029,2.5);
#4029 = AXIS2_PLACEMENT_3D('',#4030,#4031,#4032);
#4030 = CARTESIAN_POINT('',(176.2125,-123.825,2.6));
#4031 = DIRECTION('',(0.,0.,1.));
#4032 = DIRECTION('',(1.,0.,0.));
#4033 = FACE_BOUND('',#4034,.F.);
#4034 = EDGE_LOOP('',(#4035,#4045,#4053,#4061));
#4035 = ORIENTED_EDGE('',*,*,#4036,.F.);
#4036 = EDGE_CURVE('',#4037,#4039,#4041,.T.);
#4037 = VERTEX_POINT('',#4038);
#4038 = CARTESIAN_POINT('',(173.975,-99.168751,2.6));
#4039 = VERTEX_POINT('',#4040);
#4040 = CARTESIAN_POINT('',(173.975,-113.168751,2.6));
#4041 = LINE('',#4042,#4043);
#4042 = CARTESIAN_POINT('',(173.975,-99.168751,2.6));
#4043 = VECTOR('',#4044,1.);
#4044 = DIRECTION('',(0.,-1.,0.));
#4045 = ORIENTED_EDGE('',*,*,#4046,.F.);
#4046 = EDGE_CURVE('',#4047,#4037,#4049,.T.);
#4047 = VERTEX_POINT('',#4048);
#4048 = CARTESIAN_POINT('',(187.975,-99.168751,2.6));
#4049 = LINE('',#4050,#4051);
#4050 = CARTESIAN_POINT('',(187.975,-99.168751,2.6));
#4051 = VECTOR('',#4052,1.);
#4052 = DIRECTION('',(-1.,0.,0.));
#4053 = ORIENTED_EDGE('',*,*,#4054,.F.);
#4054 = EDGE_CURVE('',#4055,#4047,#4057,.T.);
#4055 = VERTEX_POINT('',#4056);
#4056 = CARTESIAN_POINT('',(187.975,-113.168751,2.6));
#4057 = LINE('',#4058,#4059);
#4058 = CARTESIAN_POINT('',(187.975,-113.168751,2.6));
#4059 = VECTOR('',#4060,1.);
#4060 = DIRECTION('',(0.,1.,0.));
#4061 = ORIENTED_EDGE('',*,*,#4062,.F.);
#4062 = EDGE_CURVE('',#4039,#4055,#4063,.T.);
#4063 = LINE('',#4064,#4065);
#4064 = CARTESIAN_POINT('',(173.975,-113.168751,2.6));
#4065 = VECTOR('',#4066,1.);
#4066 = DIRECTION('',(1.,0.,0.));
#4067 = FACE_BOUND('',#4068,.F.);
#4068 = EDGE_LOOP('',(#4069,#4079,#4087,#4095));
#4069 = ORIENTED_EDGE('',*,*,#4070,.F.);
#4070 = EDGE_CURVE('',#4071,#4073,#4075,.T.);
#4071 = VERTEX_POINT('',#4072);
#4072 = CARTESIAN_POINT('',(59.674999,-90.834377,2.6));
#4073 = VERTEX_POINT('',#4074);
#4074 = CARTESIAN_POINT('',(59.674999,-104.834377,2.6));
#4075 = LINE('',#4076,#4077);
#4076 = CARTESIAN_POINT('',(59.674999,-90.834377,2.6));
#4077 = VECTOR('',#4078,1.);
#4078 = DIRECTION('',(0.,-1.,0.));
#4079 = ORIENTED_EDGE('',*,*,#4080,.F.);
#4080 = EDGE_CURVE('',#4081,#4071,#4083,.T.);
#4081 = VERTEX_POINT('',#4082);
#4082 = CARTESIAN_POINT('',(73.674999,-90.834377,2.6));
#4083 = LINE('',#4084,#4085);
#4084 = CARTESIAN_POINT('',(73.674999,-90.834377,2.6));
#4085 = VECTOR('',#4086,1.);
#4086 = DIRECTION('',(-1.,0.,0.));
#4087 = ORIENTED_EDGE('',*,*,#4088,.F.);
#4088 = EDGE_CURVE('',#4089,#4081,#4091,.T.);
#4089 = VERTEX_POINT('',#4090);
#4090 = CARTESIAN_POINT('',(73.674999,-104.834377,2.6));
#4091 = LINE('',#4092,#4093);
#4092 = CARTESIAN_POINT('',(73.674999,-104.834377,2.6));
#4093 = VECTOR('',#4094,1.);
#4094 = DIRECTION('',(0.,1.,0.));
#4095 = ORIENTED_EDGE('',*,*,#4096,.F.);
#4096 = EDGE_CURVE('',#4073,#4089,#4097,.T.);
#4097 = LINE('',#4098,#4099);
#4098 = CARTESIAN_POINT('',(59.674999,-104.834377,2.6));
#4099 = VECTOR('',#4100,1.);
#4100 = DIRECTION('',(1.,0.,0.));
#4101 = FACE_BOUND('',#4102,.F.);
#4102 = EDGE_LOOP('',(#4103,#4113,#4121,#4129));
#4103 = ORIENTED_EDGE('',*,*,#4104,.F.);
#4104 = EDGE_CURVE('',#4105,#4107,#4109,.T.);
#4105 = VERTEX_POINT('',#4106);
#4106 = CARTESIAN_POINT('',(78.725,-88.453124,2.6));
#4107 = VERTEX_POINT('',#4108);
#4108 = CARTESIAN_POINT('',(78.725,-102.453124,2.6));
#4109 = LINE('',#4110,#4111);
#4110 = CARTESIAN_POINT('',(78.725,-88.453124,2.6));
#4111 = VECTOR('',#4112,1.);
#4112 = DIRECTION('',(0.,-1.,0.));
#4113 = ORIENTED_EDGE('',*,*,#4114,.F.);
#4114 = EDGE_CURVE('',#4115,#4105,#4117,.T.);
#4115 = VERTEX_POINT('',#4116);
#4116 = CARTESIAN_POINT('',(92.725,-88.453124,2.6));
#4117 = LINE('',#4118,#4119);
#4118 = CARTESIAN_POINT('',(92.725,-88.453124,2.6));
#4119 = VECTOR('',#4120,1.);
#4120 = DIRECTION('',(-1.,0.,0.));
#4121 = ORIENTED_EDGE('',*,*,#4122,.F.);
#4122 = EDGE_CURVE('',#4123,#4115,#4125,.T.);
#4123 = VERTEX_POINT('',#4124);
#4124 = CARTESIAN_POINT('',(92.725,-102.453124,2.6));
#4125 = LINE('',#4126,#4127);
#4126 = CARTESIAN_POINT('',(92.725,-102.453124,2.6));
#4127 = VECTOR('',#4128,1.);
#4128 = DIRECTION('',(0.,1.,0.));
#4129 = ORIENTED_EDGE('',*,*,#4130,.F.);
#4130 = EDGE_CURVE('',#4107,#4123,#4131,.T.);
#4131 = LINE('',#4132,#4133);
#4132 = CARTESIAN_POINT('',(78.725,-102.453124,2.6));
#4133 = VECTOR('',#4134,1.);
#4134 = DIRECTION('',(1.,0.,0.));
#4135 = FACE_BOUND('',#4136,.F.);
#4136 = EDGE_LOOP('',(#4137,#4147,#4155,#4163));
#4137 = ORIENTED_EDGE('',*,*,#4138,.F.);
#4138 = EDGE_CURVE('',#4139,#4141,#4143,.T.);
#4139 = VERTEX_POINT('',#4140);
#4140 = CARTESIAN_POINT('',(59.675,-71.784376,2.6));
#4141 = VERTEX_POINT('',#4142);
#4142 = CARTESIAN_POINT('',(59.675,-85.784376,2.6));
#4143 = LINE('',#4144,#4145);
#4144 = CARTESIAN_POINT('',(59.675,-71.784376,2.6));
#4145 = VECTOR('',#4146,1.);
#4146 = DIRECTION('',(0.,-1.,0.));
#4147 = ORIENTED_EDGE('',*,*,#4148,.F.);
#4148 = EDGE_CURVE('',#4149,#4139,#4151,.T.);
#4149 = VERTEX_POINT('',#4150);
#4150 = CARTESIAN_POINT('',(73.675,-71.784376,2.6));
#4151 = LINE('',#4152,#4153);
#4152 = CARTESIAN_POINT('',(73.675,-71.784376,2.6));
#4153 = VECTOR('',#4154,1.);
#4154 = DIRECTION('',(-1.,0.,0.));
#4155 = ORIENTED_EDGE('',*,*,#4156,.F.);
#4156 = EDGE_CURVE('',#4157,#4149,#4159,.T.);
#4157 = VERTEX_POINT('',#4158);
#4158 = CARTESIAN_POINT('',(73.675,-85.784376,2.6));
#4159 = LINE('',#4160,#4161);
#4160 = CARTESIAN_POINT('',(73.675,-85.784376,2.6));
#4161 = VECTOR('',#4162,1.);
#4162 = DIRECTION('',(0.,1.,0.));
#4163 = ORIENTED_EDGE('',*,*,#4164,.F.);
#4164 = EDGE_CURVE('',#4141,#4157,#4165,.T.);
#4165 = LINE('',#4166,#4167);
#4166 = CARTESIAN_POINT('',(59.675,-85.784376,2.6));
#4167 = VECTOR('',#4168,1.);
#4168 = DIRECTION('',(1.,0.,0.));
#4169 = FACE_BOUND('',#4170,.F.);
#4170 = EDGE_LOOP('',(#4171,#4181,#4189,#4197));
#4171 = ORIENTED_EDGE('',*,*,#4172,.F.);
#4172 = EDGE_CURVE('',#4173,#4175,#4177,.T.);
#4173 = VERTEX_POINT('',#4174);
#4174 = CARTESIAN_POINT('',(78.724997,-69.403126,2.6));
#4175 = VERTEX_POINT('',#4176);
#4176 = CARTESIAN_POINT('',(78.724997,-83.403126,2.6));
#4177 = LINE('',#4178,#4179);
#4178 = CARTESIAN_POINT('',(78.724997,-69.403126,2.6));
#4179 = VECTOR('',#4180,1.);
#4180 = DIRECTION('',(0.,-1.,0.));
#4181 = ORIENTED_EDGE('',*,*,#4182,.F.);
#4182 = EDGE_CURVE('',#4183,#4173,#4185,.T.);
#4183 = VERTEX_POINT('',#4184);
#4184 = CARTESIAN_POINT('',(92.724997,-69.403126,2.6));
#4185 = LINE('',#4186,#4187);
#4186 = CARTESIAN_POINT('',(92.724997,-69.403126,2.6));
#4187 = VECTOR('',#4188,1.);
#4188 = DIRECTION('',(-1.,0.,0.));
#4189 = ORIENTED_EDGE('',*,*,#4190,.F.);
#4190 = EDGE_CURVE('',#4191,#4183,#4193,.T.);
#4191 = VERTEX_POINT('',#4192);
#4192 = CARTESIAN_POINT('',(92.724997,-83.403126,2.6));
#4193 = LINE('',#4194,#4195);
#4194 = CARTESIAN_POINT('',(92.724997,-83.403126,2.6));
#4195 = VECTOR('',#4196,1.);
#4196 = DIRECTION('',(0.,1.,0.));
#4197 = ORIENTED_EDGE('',*,*,#4198,.F.);
#4198 = EDGE_CURVE('',#4175,#4191,#4199,.T.);
#4199 = LINE('',#4200,#4201);
#4200 = CARTESIAN_POINT('',(78.724997,-83.403126,2.6));
#4201 = VECTOR('',#4202,1.);
#4202 = DIRECTION('',(1.,0.,0.));
#4203 = FACE_BOUND('',#4204,.F.);
#4204 = EDGE_LOOP('',(#4205));
#4205 = ORIENTED_EDGE('',*,*,#4206,.F.);
#4206 = EDGE_CURVE('',#4207,#4207,#4209,.T.);
#4207 = VERTEX_POINT('',#4208);
#4208 = CARTESIAN_POINT('',(78.7,-69.259375,2.6));
#4209 = CIRCLE('',#4210,2.5);
#4210 = AXIS2_PLACEMENT_3D('',#4211,#4212,#4213);
#4211 = CARTESIAN_POINT('',(76.2,-69.259375,2.6));
#4212 = DIRECTION('',(0.,0.,1.));
#4213 = DIRECTION('',(1.,0.,0.));
#4214 = FACE_BOUND('',#4215,.F.);
#4215 = EDGE_LOOP('',(#4216,#4226,#4234,#4242));
#4216 = ORIENTED_EDGE('',*,*,#4217,.F.);
#4217 = EDGE_CURVE('',#4218,#4220,#4222,.T.);
#4218 = VERTEX_POINT('',#4219);
#4219 = CARTESIAN_POINT('',(97.775,-81.423751,2.6));
#4220 = VERTEX_POINT('',#4221);
#4221 = CARTESIAN_POINT('',(97.775,-95.423751,2.6));
#4222 = LINE('',#4223,#4224);
#4223 = CARTESIAN_POINT('',(97.775,-81.423751,2.6));
#4224 = VECTOR('',#4225,1.);
#4225 = DIRECTION('',(0.,-1.,0.));
#4226 = ORIENTED_EDGE('',*,*,#4227,.F.);
#4227 = EDGE_CURVE('',#4228,#4218,#4230,.T.);
#4228 = VERTEX_POINT('',#4229);
#4229 = CARTESIAN_POINT('',(111.775,-81.423751,2.6));
#4230 = LINE('',#4231,#4232);
#4231 = CARTESIAN_POINT('',(111.775,-81.423751,2.6));
#4232 = VECTOR('',#4233,1.);
#4233 = DIRECTION('',(-1.,0.,0.));
#4234 = ORIENTED_EDGE('',*,*,#4235,.F.);
#4235 = EDGE_CURVE('',#4236,#4228,#4238,.T.);
#4236 = VERTEX_POINT('',#4237);
#4237 = CARTESIAN_POINT('',(111.775,-95.423751,2.6));
#4238 = LINE('',#4239,#4240);
#4239 = CARTESIAN_POINT('',(111.775,-95.423751,2.6));
#4240 = VECTOR('',#4241,1.);
#4241 = DIRECTION('',(0.,1.,0.));
#4242 = ORIENTED_EDGE('',*,*,#4243,.F.);
#4243 = EDGE_CURVE('',#4220,#4236,#4244,.T.);
#4244 = LINE('',#4245,#4246);
#4245 = CARTESIAN_POINT('',(97.775,-95.423751,2.6));
#4246 = VECTOR('',#4247,1.);
#4247 = DIRECTION('',(1.,0.,0.));
#4248 = FACE_BOUND('',#4249,.F.);
#4249 = EDGE_LOOP('',(#4250,#4260,#4268,#4276));
#4250 = ORIENTED_EDGE('',*,*,#4251,.F.);
#4251 = EDGE_CURVE('',#4252,#4254,#4256,.T.);
#4252 = VERTEX_POINT('',#4253);
#4253 = CARTESIAN_POINT('',(116.825,-78.725,2.6));
#4254 = VERTEX_POINT('',#4255);
#4255 = CARTESIAN_POINT('',(116.825,-92.725,2.6));
#4256 = LINE('',#4257,#4258);
#4257 = CARTESIAN_POINT('',(116.825,-78.725,2.6));
#4258 = VECTOR('',#4259,1.);
#4259 = DIRECTION('',(0.,-1.,0.));
#4260 = ORIENTED_EDGE('',*,*,#4261,.F.);
#4261 = EDGE_CURVE('',#4262,#4252,#4264,.T.);
#4262 = VERTEX_POINT('',#4263);
#4263 = CARTESIAN_POINT('',(130.825,-78.725,2.6));
#4264 = LINE('',#4265,#4266);
#4265 = CARTESIAN_POINT('',(130.825,-78.725,2.6));
#4266 = VECTOR('',#4267,1.);
#4267 = DIRECTION('',(-1.,0.,0.));
#4268 = ORIENTED_EDGE('',*,*,#4269,.F.);
#4269 = EDGE_CURVE('',#4270,#4262,#4272,.T.);
#4270 = VERTEX_POINT('',#4271);
#4271 = CARTESIAN_POINT('',(130.825,-92.725,2.6));
#4272 = LINE('',#4273,#4274);
#4273 = CARTESIAN_POINT('',(130.825,-92.725,2.6));
#4274 = VECTOR('',#4275,1.);
#4275 = DIRECTION('',(0.,1.,0.));
#4276 = ORIENTED_EDGE('',*,*,#4277,.F.);
#4277 = EDGE_CURVE('',#4254,#4270,#4278,.T.);
#4278 = LINE('',#4279,#4280);
#4279 = CARTESIAN_POINT('',(116.825,-92.725,2.6));
#4280 = VECTOR('',#4281,1.);
#4281 = DIRECTION('',(1.,0.,0.));
#4282 = FACE_BOUND('',#4283,.F.);
#4283 = EDGE_LOOP('',(#4284,#4294,#4302,#4310));
#4284 = ORIENTED_EDGE('',*,*,#4285,.F.);
#4285 = EDGE_CURVE('',#4286,#4288,#4290,.T.);
#4286 = VERTEX_POINT('',#4287);
#4287 = CARTESIAN_POINT('',(97.775,-62.373752,2.6));
#4288 = VERTEX_POINT('',#4289);
#4289 = CARTESIAN_POINT('',(97.775,-76.373752,2.6));
#4290 = LINE('',#4291,#4292);
#4291 = CARTESIAN_POINT('',(97.775,-62.373752,2.6));
#4292 = VECTOR('',#4293,1.);
#4293 = DIRECTION('',(0.,-1.,0.));
#4294 = ORIENTED_EDGE('',*,*,#4295,.F.);
#4295 = EDGE_CURVE('',#4296,#4286,#4298,.T.);
#4296 = VERTEX_POINT('',#4297);
#4297 = CARTESIAN_POINT('',(111.775,-62.373752,2.6));
#4298 = LINE('',#4299,#4300);
#4299 = CARTESIAN_POINT('',(111.775,-62.373752,2.6));
#4300 = VECTOR('',#4301,1.);
#4301 = DIRECTION('',(-1.,0.,0.));
#4302 = ORIENTED_EDGE('',*,*,#4303,.F.);
#4303 = EDGE_CURVE('',#4304,#4296,#4306,.T.);
#4304 = VERTEX_POINT('',#4305);
#4305 = CARTESIAN_POINT('',(111.775,-76.373752,2.6));
#4306 = LINE('',#4307,#4308);
#4307 = CARTESIAN_POINT('',(111.775,-76.373752,2.6));
#4308 = VECTOR('',#4309,1.);
#4309 = DIRECTION('',(0.,1.,0.));
#4310 = ORIENTED_EDGE('',*,*,#4311,.F.);
#4311 = EDGE_CURVE('',#4288,#4304,#4312,.T.);
#4312 = LINE('',#4313,#4314);
#4313 = CARTESIAN_POINT('',(97.775,-76.373752,2.6));
#4314 = VECTOR('',#4315,1.);
#4315 = DIRECTION('',(1.,0.,0.));
#4316 = FACE_BOUND('',#4317,.F.);
#4317 = EDGE_LOOP('',(#4318));
#4318 = ORIENTED_EDGE('',*,*,#4319,.F.);
#4319 = EDGE_CURVE('',#4320,#4320,#4322,.T.);
#4320 = VERTEX_POINT('',#4321);
#4321 = CARTESIAN_POINT('',(116.270642,-78.898751,2.6));
#4322 = CIRCLE('',#4323,2.5);
#4323 = AXIS2_PLACEMENT_3D('',#4324,#4325,#4326);
#4324 = CARTESIAN_POINT('',(113.770642,-78.898751,2.6));
#4325 = DIRECTION('',(0.,0.,1.));
#4326 = DIRECTION('',(1.,0.,0.));
#4327 = FACE_BOUND('',#4328,.F.);
#4328 = EDGE_LOOP('',(#4329,#4339,#4347,#4355));
#4329 = ORIENTED_EDGE('',*,*,#4330,.F.);
#4330 = EDGE_CURVE('',#4331,#4333,#4335,.T.);
#4331 = VERTEX_POINT('',#4332);
#4332 = CARTESIAN_POINT('',(59.675,-52.734377,2.6));
#4333 = VERTEX_POINT('',#4334);
#4334 = CARTESIAN_POINT('',(59.675,-66.734377,2.6));
#4335 = LINE('',#4336,#4337);
#4336 = CARTESIAN_POINT('',(59.675,-52.734377,2.6));
#4337 = VECTOR('',#4338,1.);
#4338 = DIRECTION('',(0.,-1.,0.));
#4339 = ORIENTED_EDGE('',*,*,#4340,.F.);
#4340 = EDGE_CURVE('',#4341,#4331,#4343,.T.);
#4341 = VERTEX_POINT('',#4342);
#4342 = CARTESIAN_POINT('',(73.675,-52.734377,2.6));
#4343 = LINE('',#4344,#4345);
#4344 = CARTESIAN_POINT('',(73.675,-52.734377,2.6));
#4345 = VECTOR('',#4346,1.);
#4346 = DIRECTION('',(-1.,0.,0.));
#4347 = ORIENTED_EDGE('',*,*,#4348,.F.);
#4348 = EDGE_CURVE('',#4349,#4341,#4351,.T.);
#4349 = VERTEX_POINT('',#4350);
#4350 = CARTESIAN_POINT('',(73.675,-66.734377,2.6));
#4351 = LINE('',#4352,#4353);
#4352 = CARTESIAN_POINT('',(73.675,-66.734377,2.6));
#4353 = VECTOR('',#4354,1.);
#4354 = DIRECTION('',(0.,1.,0.));
#4355 = ORIENTED_EDGE('',*,*,#4356,.F.);
#4356 = EDGE_CURVE('',#4333,#4349,#4357,.T.);
#4357 = LINE('',#4358,#4359);
#4358 = CARTESIAN_POINT('',(59.675,-66.734377,2.6));
#4359 = VECTOR('',#4360,1.);
#4360 = DIRECTION('',(1.,0.,0.));
#4361 = FACE_BOUND('',#4362,.F.);
#4362 = EDGE_LOOP('',(#4363,#4373,#4381,#4389));
#4363 = ORIENTED_EDGE('',*,*,#4364,.F.);
#4364 = EDGE_CURVE('',#4365,#4367,#4369,.T.);
#4365 = VERTEX_POINT('',#4366);
#4366 = CARTESIAN_POINT('',(78.725,-50.353125,2.6));
#4367 = VERTEX_POINT('',#4368);
#4368 = CARTESIAN_POINT('',(78.725,-64.353125,2.6));
#4369 = LINE('',#4370,#4371);
#4370 = CARTESIAN_POINT('',(78.725,-50.353125,2.6));
#4371 = VECTOR('',#4372,1.);
#4372 = DIRECTION('',(0.,-1.,0.));
#4373 = ORIENTED_EDGE('',*,*,#4374,.F.);
#4374 = EDGE_CURVE('',#4375,#4365,#4377,.T.);
#4375 = VERTEX_POINT('',#4376);
#4376 = CARTESIAN_POINT('',(92.725,-50.353125,2.6));
#4377 = LINE('',#4378,#4379);
#4378 = CARTESIAN_POINT('',(92.725,-50.353125,2.6));
#4379 = VECTOR('',#4380,1.);
#4380 = DIRECTION('',(-1.,0.,0.));
#4381 = ORIENTED_EDGE('',*,*,#4382,.F.);
#4382 = EDGE_CURVE('',#4383,#4375,#4385,.T.);
#4383 = VERTEX_POINT('',#4384);
#4384 = CARTESIAN_POINT('',(92.725,-64.353125,2.6));
#4385 = LINE('',#4386,#4387);
#4386 = CARTESIAN_POINT('',(92.725,-64.353125,2.6));
#4387 = VECTOR('',#4388,1.);
#4388 = DIRECTION('',(0.,1.,0.));
#4389 = ORIENTED_EDGE('',*,*,#4390,.F.);
#4390 = EDGE_CURVE('',#4367,#4383,#4391,.T.);
#4391 = LINE('',#4392,#4393);
#4392 = CARTESIAN_POINT('',(78.725,-64.353125,2.6));
#4393 = VECTOR('',#4394,1.);
#4394 = DIRECTION('',(1.,0.,0.));
#4395 = FACE_BOUND('',#4396,.F.);
#4396 = EDGE_LOOP('',(#4397,#4407,#4415,#4423));
#4397 = ORIENTED_EDGE('',*,*,#4398,.F.);
#4398 = EDGE_CURVE('',#4399,#4401,#4403,.T.);
#4399 = VERTEX_POINT('',#4400);
#4400 = CARTESIAN_POINT('',(116.825,-59.675,2.6));
#4401 = VERTEX_POINT('',#4402);
#4402 = CARTESIAN_POINT('',(116.825,-73.675,2.6));
#4403 = LINE('',#4404,#4405);
#4404 = CARTESIAN_POINT('',(116.825,-59.675,2.6));
#4405 = VECTOR('',#4406,1.);
#4406 = DIRECTION('',(0.,-1.,0.));
#4407 = ORIENTED_EDGE('',*,*,#4408,.F.);
#4408 = EDGE_CURVE('',#4409,#4399,#4411,.T.);
#4409 = VERTEX_POINT('',#4410);
#4410 = CARTESIAN_POINT('',(130.825,-59.675,2.6));
#4411 = LINE('',#4412,#4413);
#4412 = CARTESIAN_POINT('',(130.825,-59.675,2.6));
#4413 = VECTOR('',#4414,1.);
#4414 = DIRECTION('',(-1.,0.,0.));
#4415 = ORIENTED_EDGE('',*,*,#4416,.F.);
#4416 = EDGE_CURVE('',#4417,#4409,#4419,.T.);
#4417 = VERTEX_POINT('',#4418);
#4418 = CARTESIAN_POINT('',(130.825,-73.675,2.6));
#4419 = LINE('',#4420,#4421);
#4420 = CARTESIAN_POINT('',(130.825,-73.675,2.6));
#4421 = VECTOR('',#4422,1.);
#4422 = DIRECTION('',(0.,1.,0.));
#4423 = ORIENTED_EDGE('',*,*,#4424,.F.);
#4424 = EDGE_CURVE('',#4401,#4417,#4425,.T.);
#4425 = LINE('',#4426,#4427);
#4426 = CARTESIAN_POINT('',(116.825,-73.675,2.6));
#4427 = VECTOR('',#4428,1.);
#4428 = DIRECTION('',(1.,0.,0.));
#4429 = FACE_BOUND('',#4430,.F.);
#4430 = EDGE_LOOP('',(#4431,#4441,#4449,#4457));
#4431 = ORIENTED_EDGE('',*,*,#4432,.F.);
#4432 = EDGE_CURVE('',#4433,#4435,#4437,.T.);
#4433 = VERTEX_POINT('',#4434);
#4434 = CARTESIAN_POINT('',(97.775,-43.323752,2.6));
#4435 = VERTEX_POINT('',#4436);
#4436 = CARTESIAN_POINT('',(97.775,-57.323752,2.6));
#4437 = LINE('',#4438,#4439);
#4438 = CARTESIAN_POINT('',(97.775,-43.323752,2.6));
#4439 = VECTOR('',#4440,1.);
#4440 = DIRECTION('',(0.,-1.,0.));
#4441 = ORIENTED_EDGE('',*,*,#4442,.F.);
#4442 = EDGE_CURVE('',#4443,#4433,#4445,.T.);
#4443 = VERTEX_POINT('',#4444);
#4444 = CARTESIAN_POINT('',(111.775,-43.323752,2.6));
#4445 = LINE('',#4446,#4447);
#4446 = CARTESIAN_POINT('',(111.775,-43.323752,2.6));
#4447 = VECTOR('',#4448,1.);
#4448 = DIRECTION('',(-1.,0.,0.));
#4449 = ORIENTED_EDGE('',*,*,#4450,.F.);
#4450 = EDGE_CURVE('',#4451,#4443,#4453,.T.);
#4451 = VERTEX_POINT('',#4452);
#4452 = CARTESIAN_POINT('',(111.775,-57.323752,2.6));
#4453 = LINE('',#4454,#4455);
#4454 = CARTESIAN_POINT('',(111.775,-57.323752,2.6));
#4455 = VECTOR('',#4456,1.);
#4456 = DIRECTION('',(0.,1.,0.));
#4457 = ORIENTED_EDGE('',*,*,#4458,.F.);
#4458 = EDGE_CURVE('',#4435,#4451,#4459,.T.);
#4459 = LINE('',#4460,#4461);
#4460 = CARTESIAN_POINT('',(97.775,-57.323752,2.6));
#4461 = VECTOR('',#4462,1.);
#4462 = DIRECTION('',(1.,0.,0.));
#4463 = FACE_BOUND('',#4464,.F.);
#4464 = EDGE_LOOP('',(#4465,#4475,#4483,#4491));
#4465 = ORIENTED_EDGE('',*,*,#4466,.F.);
#4466 = EDGE_CURVE('',#4467,#4469,#4471,.T.);
#4467 = VERTEX_POINT('',#4468);
#4468 = CARTESIAN_POINT('',(116.825,-40.625,2.6));
#4469 = VERTEX_POINT('',#4470);
#4470 = CARTESIAN_POINT('',(116.825,-54.625,2.6));
#4471 = LINE('',#4472,#4473);
#4472 = CARTESIAN_POINT('',(116.825,-40.625,2.6));
#4473 = VECTOR('',#4474,1.);
#4474 = DIRECTION('',(0.,-1.,0.));
#4475 = ORIENTED_EDGE('',*,*,#4476,.F.);
#4476 = EDGE_CURVE('',#4477,#4467,#4479,.T.);
#4477 = VERTEX_POINT('',#4478);
#4478 = CARTESIAN_POINT('',(130.825,-40.625,2.6));
#4479 = LINE('',#4480,#4481);
#4480 = CARTESIAN_POINT('',(130.825,-40.625,2.6));
#4481 = VECTOR('',#4482,1.);
#4482 = DIRECTION('',(-1.,0.,0.));
#4483 = ORIENTED_EDGE('',*,*,#4484,.F.);
#4484 = EDGE_CURVE('',#4485,#4477,#4487,.T.);
#4485 = VERTEX_POINT('',#4486);
#4486 = CARTESIAN_POINT('',(130.825,-54.625,2.6));
#4487 = LINE('',#4488,#4489);
#4488 = CARTESIAN_POINT('',(130.825,-54.625,2.6));
#4489 = VECTOR('',#4490,1.);
#4490 = DIRECTION('',(0.,1.,0.));
#4491 = ORIENTED_EDGE('',*,*,#4492,.F.);
#4492 = EDGE_CURVE('',#4469,#4485,#4493,.T.);
#4493 = LINE('',#4494,#4495);
#4494 = CARTESIAN_POINT('',(116.825,-54.625,2.6));
#4495 = VECTOR('',#4496,1.);
#4496 = DIRECTION('',(1.,0.,0.));
#4497 = FACE_BOUND('',#4498,.F.);
#4498 = EDGE_LOOP('',(#4499,#4509,#4517,#4525));
#4499 = ORIENTED_EDGE('',*,*,#4500,.F.);
#4500 = EDGE_CURVE('',#4501,#4503,#4505,.T.);
#4501 = VERTEX_POINT('',#4502);
#4502 = CARTESIAN_POINT('',(135.875,-84.678125,2.6));
#4503 = VERTEX_POINT('',#4504);
#4504 = CARTESIAN_POINT('',(135.875,-98.678125,2.6));
#4505 = LINE('',#4506,#4507);
#4506 = CARTESIAN_POINT('',(135.875,-84.678125,2.6));
#4507 = VECTOR('',#4508,1.);
#4508 = DIRECTION('',(0.,-1.,0.));
#4509 = ORIENTED_EDGE('',*,*,#4510,.F.);
#4510 = EDGE_CURVE('',#4511,#4501,#4513,.T.);
#4511 = VERTEX_POINT('',#4512);
#4512 = CARTESIAN_POINT('',(149.875,-84.678125,2.6));
#4513 = LINE('',#4514,#4515);
#4514 = CARTESIAN_POINT('',(149.875,-84.678125,2.6));
#4515 = VECTOR('',#4516,1.);
#4516 = DIRECTION('',(-1.,0.,0.));
#4517 = ORIENTED_EDGE('',*,*,#4518,.F.);
#4518 = EDGE_CURVE('',#4519,#4511,#4521,.T.);
#4519 = VERTEX_POINT('',#4520);
#4520 = CARTESIAN_POINT('',(149.875,-98.678125,2.6));
#4521 = LINE('',#4522,#4523);
#4522 = CARTESIAN_POINT('',(149.875,-98.678125,2.6));
#4523 = VECTOR('',#4524,1.);
#4524 = DIRECTION('',(0.,1.,0.));
#4525 = ORIENTED_EDGE('',*,*,#4526,.F.);
#4526 = EDGE_CURVE('',#4503,#4519,#4527,.T.);
#4527 = LINE('',#4528,#4529);
#4528 = CARTESIAN_POINT('',(135.875,-98.678125,2.6));
#4529 = VECTOR('',#4530,1.);
#4530 = DIRECTION('',(1.,0.,0.));
#4531 = FACE_BOUND('',#4532,.F.);
#4532 = EDGE_LOOP('',(#4533,#4543,#4551,#4559));
#4533 = ORIENTED_EDGE('',*,*,#4534,.F.);
#4534 = EDGE_CURVE('',#4535,#4537,#4539,.T.);
#4535 = VERTEX_POINT('',#4536);
#4536 = CARTESIAN_POINT('',(154.925,-88.25,2.6));
#4537 = VERTEX_POINT('',#4538);
#4538 = CARTESIAN_POINT('',(154.925,-102.25,2.6));
#4539 = LINE('',#4540,#4541);
#4540 = CARTESIAN_POINT('',(154.925,-88.25,2.6));
#4541 = VECTOR('',#4542,1.);
#4542 = DIRECTION('',(0.,-1.,0.));
#4543 = ORIENTED_EDGE('',*,*,#4544,.F.);
#4544 = EDGE_CURVE('',#4545,#4535,#4547,.T.);
#4545 = VERTEX_POINT('',#4546);
#4546 = CARTESIAN_POINT('',(168.925,-88.25,2.6));
#4547 = LINE('',#4548,#4549);
#4548 = CARTESIAN_POINT('',(168.925,-88.25,2.6));
#4549 = VECTOR('',#4550,1.);
#4550 = DIRECTION('',(-1.,0.,0.));
#4551 = ORIENTED_EDGE('',*,*,#4552,.F.);
#4552 = EDGE_CURVE('',#4553,#4545,#4555,.T.);
#4553 = VERTEX_POINT('',#4554);
#4554 = CARTESIAN_POINT('',(168.925,-102.25,2.6));
#4555 = LINE('',#4556,#4557);
#4556 = CARTESIAN_POINT('',(168.925,-102.25,2.6));
#4557 = VECTOR('',#4558,1.);
#4558 = DIRECTION('',(0.,1.,0.));
#4559 = ORIENTED_EDGE('',*,*,#4560,.F.);
#4560 = EDGE_CURVE('',#4537,#4553,#4561,.T.);
#4561 = LINE('',#4562,#4563);
#4562 = CARTESIAN_POINT('',(154.925,-102.25,2.6));
#4563 = VECTOR('',#4564,1.);
#4564 = DIRECTION('',(1.,0.,0.));
#4565 = FACE_BOUND('',#4566,.F.);
#4566 = EDGE_LOOP('',(#4567,#4577,#4585,#4593));
#4567 = ORIENTED_EDGE('',*,*,#4568,.F.);
#4568 = EDGE_CURVE('',#4569,#4571,#4573,.T.);
#4569 = VERTEX_POINT('',#4570);
#4570 = CARTESIAN_POINT('',(135.875,-65.628125,2.6));
#4571 = VERTEX_POINT('',#4572);
#4572 = CARTESIAN_POINT('',(135.875,-79.628125,2.6));
#4573 = LINE('',#4574,#4575);
#4574 = CARTESIAN_POINT('',(135.875,-65.628125,2.6));
#4575 = VECTOR('',#4576,1.);
#4576 = DIRECTION('',(0.,-1.,0.));
#4577 = ORIENTED_EDGE('',*,*,#4578,.F.);
#4578 = EDGE_CURVE('',#4579,#4569,#4581,.T.);
#4579 = VERTEX_POINT('',#4580);
#4580 = CARTESIAN_POINT('',(149.875,-65.628125,2.6));
#4581 = LINE('',#4582,#4583);
#4582 = CARTESIAN_POINT('',(149.875,-65.628125,2.6));
#4583 = VECTOR('',#4584,1.);
#4584 = DIRECTION('',(-1.,0.,0.));
#4585 = ORIENTED_EDGE('',*,*,#4586,.F.);
#4586 = EDGE_CURVE('',#4587,#4579,#4589,.T.);
#4587 = VERTEX_POINT('',#4588);
#4588 = CARTESIAN_POINT('',(149.875,-79.628125,2.6));
#4589 = LINE('',#4590,#4591);
#4590 = CARTESIAN_POINT('',(149.875,-79.628125,2.6));
#4591 = VECTOR('',#4592,1.);
#4592 = DIRECTION('',(0.,1.,0.));
#4593 = ORIENTED_EDGE('',*,*,#4594,.F.);
#4594 = EDGE_CURVE('',#4571,#4587,#4595,.T.);
#4595 = LINE('',#4596,#4597);
#4596 = CARTESIAN_POINT('',(135.875,-79.628125,2.6));
#4597 = VECTOR('',#4598,1.);
#4598 = DIRECTION('',(1.,0.,0.));
#4599 = FACE_BOUND('',#4600,.F.);
#4600 = EDGE_LOOP('',(#4601,#4611,#4619,#4627));
#4601 = ORIENTED_EDGE('',*,*,#4602,.F.);
#4602 = EDGE_CURVE('',#4603,#4605,#4607,.T.);
#4603 = VERTEX_POINT('',#4604);
#4604 = CARTESIAN_POINT('',(154.925,-69.2,2.6));
#4605 = VERTEX_POINT('',#4606);
#4606 = CARTESIAN_POINT('',(154.925,-83.2,2.6));
#4607 = LINE('',#4608,#4609);
#4608 = CARTESIAN_POINT('',(154.925,-69.2,2.6));
#4609 = VECTOR('',#4610,1.);
#4610 = DIRECTION('',(0.,-1.,0.));
#4611 = ORIENTED_EDGE('',*,*,#4612,.F.);
#4612 = EDGE_CURVE('',#4613,#4603,#4615,.T.);
#4613 = VERTEX_POINT('',#4614);
#4614 = CARTESIAN_POINT('',(168.925,-69.2,2.6));
#4615 = LINE('',#4616,#4617);
#4616 = CARTESIAN_POINT('',(168.925,-69.2,2.6));
#4617 = VECTOR('',#4618,1.);
#4618 = DIRECTION('',(-1.,0.,0.));
#4619 = ORIENTED_EDGE('',*,*,#4620,.F.);
#4620 = EDGE_CURVE('',#4621,#4613,#4623,.T.);
#4621 = VERTEX_POINT('',#4622);
#4622 = CARTESIAN_POINT('',(168.925,-83.2,2.6));
#4623 = LINE('',#4624,#4625);
#4624 = CARTESIAN_POINT('',(168.925,-83.2,2.6));
#4625 = VECTOR('',#4626,1.);
#4626 = DIRECTION('',(0.,1.,0.));
#4627 = ORIENTED_EDGE('',*,*,#4628,.F.);
#4628 = EDGE_CURVE('',#4605,#4621,#4629,.T.);
#4629 = LINE('',#4630,#4631);
#4630 = CARTESIAN_POINT('',(154.925,-83.2,2.6));
#4631 = VECTOR('',#4632,1.);
#4632 = DIRECTION('',(1.,0.,0.));
#4633 = FACE_BOUND('',#4634,.F.);
#4634 = EDGE_LOOP('',(#4635,#4645,#4653,#4661));
#4635 = ORIENTED_EDGE('',*,*,#4636,.F.);
#4636 = EDGE_CURVE('',#4637,#4639,#4641,.T.);
#4637 = VERTEX_POINT('',#4638);
#4638 = CARTESIAN_POINT('',(135.875,-46.578125,2.6));
#4639 = VERTEX_POINT('',#4640);
#4640 = CARTESIAN_POINT('',(135.875,-60.578125,2.6));
#4641 = LINE('',#4642,#4643);
#4642 = CARTESIAN_POINT('',(135.875,-46.578125,2.6));
#4643 = VECTOR('',#4644,1.);
#4644 = DIRECTION('',(0.,-1.,0.));
#4645 = ORIENTED_EDGE('',*,*,#4646,.F.);
#4646 = EDGE_CURVE('',#4647,#4637,#4649,.T.);
#4647 = VERTEX_POINT('',#4648);
#4648 = CARTESIAN_POINT('',(149.875,-46.578125,2.6));
#4649 = LINE('',#4650,#4651);
#4650 = CARTESIAN_POINT('',(149.875,-46.578125,2.6));
#4651 = VECTOR('',#4652,1.);
#4652 = DIRECTION('',(-1.,0.,0.));
#4653 = ORIENTED_EDGE('',*,*,#4654,.F.);
#4654 = EDGE_CURVE('',#4655,#4647,#4657,.T.);
#4655 = VERTEX_POINT('',#4656);
#4656 = CARTESIAN_POINT('',(149.875,-60.578125,2.6));
#4657 = LINE('',#4658,#4659);
#4658 = CARTESIAN_POINT('',(149.875,-60.578125,2.6));
#4659 = VECTOR('',#4660,1.);
#4660 = DIRECTION('',(0.,1.,0.));
#4661 = ORIENTED_EDGE('',*,*,#4662,.F.);
#4662 = EDGE_CURVE('',#4639,#4655,#4663,.T.);
#4663 = LINE('',#4664,#4665);
#4664 = CARTESIAN_POINT('',(135.875,-60.578125,2.6));
#4665 = VECTOR('',#4666,1.);
#4666 = DIRECTION('',(1.,0.,0.));
#4667 = FACE_BOUND('',#4668,.F.);
#4668 = EDGE_LOOP('',(#4669,#4679,#4687,#4695));
#4669 = ORIENTED_EDGE('',*,*,#4670,.F.);
#4670 = EDGE_CURVE('',#4671,#4673,#4675,.T.);
#4671 = VERTEX_POINT('',#4672);
#4672 = CARTESIAN_POINT('',(154.925,-50.149999,2.6));
#4673 = VERTEX_POINT('',#4674);
#4674 = CARTESIAN_POINT('',(154.925,-64.149999,2.6));
#4675 = LINE('',#4676,#4677);
#4676 = CARTESIAN_POINT('',(154.925,-50.149999,2.6));
#4677 = VECTOR('',#4678,1.);
#4678 = DIRECTION('',(0.,-1.,0.));
#4679 = ORIENTED_EDGE('',*,*,#4680,.F.);
#4680 = EDGE_CURVE('',#4681,#4671,#4683,.T.);
#4681 = VERTEX_POINT('',#4682);
#4682 = CARTESIAN_POINT('',(168.925,-50.149999,2.6));
#4683 = LINE('',#4684,#4685);
#4684 = CARTESIAN_POINT('',(168.925,-50.149999,2.6));
#4685 = VECTOR('',#4686,1.);
#4686 = DIRECTION('',(-1.,0.,0.));
#4687 = ORIENTED_EDGE('',*,*,#4688,.F.);
#4688 = EDGE_CURVE('',#4689,#4681,#4691,.T.);
#4689 = VERTEX_POINT('',#4690);
#4690 = CARTESIAN_POINT('',(168.925,-64.149999,2.6));
#4691 = LINE('',#4692,#4693);
#4692 = CARTESIAN_POINT('',(168.925,-64.149999,2.6));
#4693 = VECTOR('',#4694,1.);
#4694 = DIRECTION('',(0.,1.,0.));
#4695 = ORIENTED_EDGE('',*,*,#4696,.F.);
#4696 = EDGE_CURVE('',#4673,#4689,#4697,.T.);
#4697 = LINE('',#4698,#4699);
#4698 = CARTESIAN_POINT('',(154.925,-64.149999,2.6));
#4699 = VECTOR('',#4700,1.);
#4700 = DIRECTION('',(1.,0.,0.));
#4701 = FACE_BOUND('',#4702,.F.);
#4702 = EDGE_LOOP('',(#4703,#4713,#4721,#4729));
#4703 = ORIENTED_EDGE('',*,*,#4704,.F.);
#4704 = EDGE_CURVE('',#4705,#4707,#4709,.T.);
#4705 = VERTEX_POINT('',#4706);
#4706 = CARTESIAN_POINT('',(140.815625,-43.73125,2.6));
#4707 = VERTEX_POINT('',#4708);
#4708 = CARTESIAN_POINT('',(147.315625,-43.73125,2.6));
#4709 = LINE('',#4710,#4711);
#4710 = CARTESIAN_POINT('',(140.815625,-43.73125,2.6));
#4711 = VECTOR('',#4712,1.);
#4712 = DIRECTION('',(1.,0.,0.));
#4713 = ORIENTED_EDGE('',*,*,#4714,.F.);
#4714 = EDGE_CURVE('',#4715,#4705,#4717,.T.);
#4715 = VERTEX_POINT('',#4716);
#4716 = CARTESIAN_POINT('',(140.815625,-37.23125,2.6));
#4717 = LINE('',#4718,#4719);
#4718 = CARTESIAN_POINT('',(140.815625,-37.23125,2.6));
#4719 = VECTOR('',#4720,1.);
#4720 = DIRECTION('',(0.,-1.,0.));
#4721 = ORIENTED_EDGE('',*,*,#4722,.F.);
#4722 = EDGE_CURVE('',#4723,#4715,#4725,.T.);
#4723 = VERTEX_POINT('',#4724);
#4724 = CARTESIAN_POINT('',(147.315625,-37.23125,2.6));
#4725 = LINE('',#4726,#4727);
#4726 = CARTESIAN_POINT('',(147.315625,-37.23125,2.6));
#4727 = VECTOR('',#4728,1.);
#4728 = DIRECTION('',(-1.,0.,0.));
#4729 = ORIENTED_EDGE('',*,*,#4730,.F.);
#4730 = EDGE_CURVE('',#4707,#4723,#4731,.T.);
#4731 = LINE('',#4732,#4733);
#4732 = CARTESIAN_POINT('',(147.315625,-43.73125,2.6));
#4733 = VECTOR('',#4734,1.);
#4734 = DIRECTION('',(0.,1.,0.));
#4735 = FACE_BOUND('',#4736,.F.);
#4736 = EDGE_LOOP('',(#4737));
#4737 = ORIENTED_EDGE('',*,*,#4738,.F.);
#4738 = EDGE_CURVE('',#4739,#4739,#4741,.T.);
#4739 = VERTEX_POINT('',#4740);
#4740 = CARTESIAN_POINT('',(170.378125,-42.8625,2.6));
#4741 = CIRCLE('',#4742,2.5);
#4742 = AXIS2_PLACEMENT_3D('',#4743,#4744,#4745);
#4743 = CARTESIAN_POINT('',(167.878125,-42.8625,2.6));
#4744 = DIRECTION('',(0.,0.,1.));
#4745 = DIRECTION('',(1.,0.,0.));
#4746 = PLANE('',#4747);
#4747 = AXIS2_PLACEMENT_3D('',#4748,#4749,#4750);
#4748 = CARTESIAN_POINT('',(125.09999587047,-91.02126831896,2.6));
#4749 = DIRECTION('',(0.,0.,1.));
#4750 = DIRECTION('',(1.,0.,0.));
#4751 = ADVANCED_FACE('',(#4752),#4768,.T.);
#4752 = FACE_BOUND('',#4753,.T.);
#4753 = EDGE_LOOP('',(#4754,#4760,#4761,#4767));
#4754 = ORIENTED_EDGE('',*,*,#4755,.T.);
#4755 = EDGE_CURVE('',#2499,#3890,#4756,.T.);
#4756 = LINE('',#4757,#4758);
#4757 = CARTESIAN_POINT('',(170.560881,-148.119407,4.1));
#4758 = VECTOR('',#4759,1.);
#4759 = DIRECTION('',(-0.,-0.,-1.));
#4760 = ORIENTED_EDGE('',*,*,#3889,.T.);
#4761 = ORIENTED_EDGE('',*,*,#4762,.F.);
#4762 = EDGE_CURVE('',#2501,#3892,#4763,.T.);
#4763 = LINE('',#4764,#4765);
#4764 = CARTESIAN_POINT('',(177.560881,-135.995051,4.1));
#4765 = VECTOR('',#4766,1.);
#4766 = DIRECTION('',(-0.,-0.,-1.));
#4767 = ORIENTED_EDGE('',*,*,#2498,.F.);
#4768 = PLANE('',#4769);
#4769 = AXIS2_PLACEMENT_3D('',#4770,#4771,#4772);
#4770 = CARTESIAN_POINT('',(170.560881,-148.119407,4.1));
#4771 = DIRECTION('',(0.866025409981,-0.499999989267,0.));
#4772 = DIRECTION('',(0.499999989267,0.866025409981,0.));
#4773 = ADVANCED_FACE('',(#4774),#4785,.T.);
#4774 = FACE_BOUND('',#4775,.T.);
#4775 = EDGE_LOOP('',(#4776,#4777,#4778,#4784));
#4776 = ORIENTED_EDGE('',*,*,#4762,.T.);
#4777 = ORIENTED_EDGE('',*,*,#3899,.T.);
#4778 = ORIENTED_EDGE('',*,*,#4779,.F.);
#4779 = EDGE_CURVE('',#2509,#3900,#4780,.T.);
#4780 = LINE('',#4781,#4782);
#4781 = CARTESIAN_POINT('',(189.685237,-142.995051,4.1));
#4782 = VECTOR('',#4783,1.);
#4783 = DIRECTION('',(-0.,-0.,-1.));
#4784 = ORIENTED_EDGE('',*,*,#2508,.F.);
#4785 = PLANE('',#4786);
#4786 = AXIS2_PLACEMENT_3D('',#4787,#4788,#4789);
#4787 = CARTESIAN_POINT('',(177.560881,-135.995051,4.1));
#4788 = DIRECTION('',(-0.499999989267,-0.866025409981,0.));
#4789 = DIRECTION('',(0.866025409981,-0.499999989267,0.));
#4790 = ADVANCED_FACE('',(#4791),#4802,.T.);
#4791 = FACE_BOUND('',#4792,.T.);
#4792 = EDGE_LOOP('',(#4793,#4794,#4795,#4801));
#4793 = ORIENTED_EDGE('',*,*,#4779,.T.);
#4794 = ORIENTED_EDGE('',*,*,#3907,.T.);
#4795 = ORIENTED_EDGE('',*,*,#4796,.F.);
#4796 = EDGE_CURVE('',#2517,#3908,#4797,.T.);
#4797 = LINE('',#4798,#4799);
#4798 = CARTESIAN_POINT('',(182.685237,-155.119407,4.1));
#4799 = VECTOR('',#4800,1.);
#4800 = DIRECTION('',(-0.,-0.,-1.));
#4801 = ORIENTED_EDGE('',*,*,#2516,.F.);
#4802 = PLANE('',#4803);
#4803 = AXIS2_PLACEMENT_3D('',#4804,#4805,#4806);
#4804 = CARTESIAN_POINT('',(189.685237,-142.995051,4.1));
#4805 = DIRECTION('',(-0.866025409981,0.499999989267,0.));
#4806 = DIRECTION('',(-0.499999989267,-0.866025409981,0.));
#4807 = ADVANCED_FACE('',(#4808),#4814,.T.);
#4808 = FACE_BOUND('',#4809,.T.);
#4809 = EDGE_LOOP('',(#4810,#4811,#4812,#4813));
#4810 = ORIENTED_EDGE('',*,*,#4796,.T.);
#4811 = ORIENTED_EDGE('',*,*,#3915,.T.);
#4812 = ORIENTED_EDGE('',*,*,#4755,.F.);
#4813 = ORIENTED_EDGE('',*,*,#2524,.F.);
#4814 = PLANE('',#4815);
#4815 = AXIS2_PLACEMENT_3D('',#4816,#4817,#4818);
#4816 = CARTESIAN_POINT('',(182.685237,-155.119407,4.1));
#4817 = DIRECTION('',(0.499999989267,0.866025409981,0.));
#4818 = DIRECTION('',(-0.866025409981,0.499999989267,0.));
#4819 = ADVANCED_FACE('',(#4820),#4836,.T.);
#4820 = FACE_BOUND('',#4821,.T.);
#4821 = EDGE_LOOP('',(#4822,#4828,#4829,#4835));
#4822 = ORIENTED_EDGE('',*,*,#4823,.T.);
#4823 = EDGE_CURVE('',#2533,#3924,#4824,.T.);
#4824 = LINE('',#4825,#4826);
#4825 = CARTESIAN_POINT('',(180.076875,-131.625162,4.1));
#4826 = VECTOR('',#4827,1.);
#4827 = DIRECTION('',(-0.,-0.,-1.));
#4828 = ORIENTED_EDGE('',*,*,#3923,.T.);
#4829 = ORIENTED_EDGE('',*,*,#4830,.F.);
#4830 = EDGE_CURVE('',#2535,#3926,#4831,.T.);
#4831 = LINE('',#4832,#4833);
#4832 = CARTESIAN_POINT('',(187.076875,-119.500806,4.1));
#4833 = VECTOR('',#4834,1.);
#4834 = DIRECTION('',(-0.,-0.,-1.));
#4835 = ORIENTED_EDGE('',*,*,#2532,.F.);
#4836 = PLANE('',#4837);
#4837 = AXIS2_PLACEMENT_3D('',#4838,#4839,#4840);
#4838 = CARTESIAN_POINT('',(180.076875,-131.625162,4.1));
#4839 = DIRECTION('',(0.866025409981,-0.499999989267,0.));
#4840 = DIRECTION('',(0.499999989267,0.866025409981,0.));
#4841 = ADVANCED_FACE('',(#4842),#4853,.T.);
#4842 = FACE_BOUND('',#4843,.T.);
#4843 = EDGE_LOOP('',(#4844,#4845,#4846,#4852));
#4844 = ORIENTED_EDGE('',*,*,#4830,.T.);
#4845 = ORIENTED_EDGE('',*,*,#3933,.T.);
#4846 = ORIENTED_EDGE('',*,*,#4847,.F.);
#4847 = EDGE_CURVE('',#2543,#3934,#4848,.T.);
#4848 = LINE('',#4849,#4850);
#4849 = CARTESIAN_POINT('',(199.201231,-126.500806,4.1));
#4850 = VECTOR('',#4851,1.);
#4851 = DIRECTION('',(-0.,-0.,-1.));
#4852 = ORIENTED_EDGE('',*,*,#2542,.F.);
#4853 = PLANE('',#4854);
#4854 = AXIS2_PLACEMENT_3D('',#4855,#4856,#4857);
#4855 = CARTESIAN_POINT('',(187.076875,-119.500806,4.1));
#4856 = DIRECTION('',(-0.499999989267,-0.866025409981,0.));
#4857 = DIRECTION('',(0.866025409981,-0.499999989267,0.));
#4858 = ADVANCED_FACE('',(#4859),#4870,.T.);
#4859 = FACE_BOUND('',#4860,.T.);
#4860 = EDGE_LOOP('',(#4861,#4862,#4863,#4869));
#4861 = ORIENTED_EDGE('',*,*,#4847,.T.);
#4862 = ORIENTED_EDGE('',*,*,#3941,.T.);
#4863 = ORIENTED_EDGE('',*,*,#4864,.F.);
#4864 = EDGE_CURVE('',#2551,#3942,#4865,.T.);
#4865 = LINE('',#4866,#4867);
#4866 = CARTESIAN_POINT('',(192.201231,-138.625162,4.1));
#4867 = VECTOR('',#4868,1.);
#4868 = DIRECTION('',(-0.,-0.,-1.));
#4869 = ORIENTED_EDGE('',*,*,#2550,.F.);
#4870 = PLANE('',#4871);
#4871 = AXIS2_PLACEMENT_3D('',#4872,#4873,#4874);
#4872 = CARTESIAN_POINT('',(199.201231,-126.500806,4.1));
#4873 = DIRECTION('',(-0.866025409981,0.499999989267,0.));
#4874 = DIRECTION('',(-0.499999989267,-0.866025409981,0.));
#4875 = ADVANCED_FACE('',(#4876),#4882,.T.);
#4876 = FACE_BOUND('',#4877,.T.);
#4877 = EDGE_LOOP('',(#4878,#4879,#4880,#4881));
#4878 = ORIENTED_EDGE('',*,*,#4864,.T.);
#4879 = ORIENTED_EDGE('',*,*,#3949,.T.);
#4880 = ORIENTED_EDGE('',*,*,#4823,.F.);
#4881 = ORIENTED_EDGE('',*,*,#2558,.F.);
#4882 = PLANE('',#4883);
#4883 = AXIS2_PLACEMENT_3D('',#4884,#4885,#4886);
#4884 = CARTESIAN_POINT('',(192.201231,-138.625162,4.1));
#4885 = DIRECTION('',(0.499999989267,0.866025409981,0.));
#4886 = DIRECTION('',(-0.866025409981,0.499999989267,0.));
#4887 = ADVANCED_FACE('',(#4888),#4904,.T.);
#4888 = FACE_BOUND('',#4889,.T.);
#4889 = EDGE_LOOP('',(#4890,#4896,#4897,#4903));
#4890 = ORIENTED_EDGE('',*,*,#4891,.T.);
#4891 = EDGE_CURVE('',#2567,#3856,#4892,.T.);
#4892 = LINE('',#4893,#4894);
#4893 = CARTESIAN_POINT('',(152.431118,-140.995453,4.1));
#4894 = VECTOR('',#4895,1.);
#4895 = DIRECTION('',(-0.,-0.,-1.));
#4896 = ORIENTED_EDGE('',*,*,#3855,.T.);
#4897 = ORIENTED_EDGE('',*,*,#4898,.F.);
#4898 = EDGE_CURVE('',#2569,#3858,#4899,.T.);
#4899 = LINE('',#4900,#4901);
#4900 = CARTESIAN_POINT('',(157.2194,-127.839757,4.1));
#4901 = VECTOR('',#4902,1.);
#4902 = DIRECTION('',(-0.,-0.,-1.));
#4903 = ORIENTED_EDGE('',*,*,#2566,.F.);
#4904 = PLANE('',#4905);
#4905 = AXIS2_PLACEMENT_3D('',#4906,#4907,#4908);
#4906 = CARTESIAN_POINT('',(152.431118,-140.995453,4.1));
#4907 = DIRECTION('',(0.939692615163,-0.342020158775,0.));
#4908 = DIRECTION('',(0.342020158775,0.939692615163,0.));
#4909 = ADVANCED_FACE('',(#4910),#4921,.T.);
#4910 = FACE_BOUND('',#4911,.T.);
#4911 = EDGE_LOOP('',(#4912,#4913,#4914,#4920));
#4912 = ORIENTED_EDGE('',*,*,#4898,.T.);
#4913 = ORIENTED_EDGE('',*,*,#3865,.T.);
#4914 = ORIENTED_EDGE('',*,*,#4915,.F.);
#4915 = EDGE_CURVE('',#2577,#3866,#4916,.T.);
#4916 = LINE('',#4917,#4918);
#4917 = CARTESIAN_POINT('',(170.375096,-132.628039,4.1));
#4918 = VECTOR('',#4919,1.);
#4919 = DIRECTION('',(-0.,-0.,-1.));
#4920 = ORIENTED_EDGE('',*,*,#2576,.F.);
#4921 = PLANE('',#4922);
#4922 = AXIS2_PLACEMENT_3D('',#4923,#4924,#4925);
#4923 = CARTESIAN_POINT('',(157.2194,-127.839757,4.1));
#4924 = DIRECTION('',(-0.342020158775,-0.939692615163,0.));
#4925 = DIRECTION('',(0.939692615163,-0.342020158775,0.));
#4926 = ADVANCED_FACE('',(#4927),#4938,.T.);
#4927 = FACE_BOUND('',#4928,.T.);
#4928 = EDGE_LOOP('',(#4929,#4930,#4931,#4937));
#4929 = ORIENTED_EDGE('',*,*,#4915,.T.);
#4930 = ORIENTED_EDGE('',*,*,#3873,.T.);
#4931 = ORIENTED_EDGE('',*,*,#4932,.F.);
#4932 = EDGE_CURVE('',#2585,#3874,#4933,.T.);
#4933 = LINE('',#4934,#4935);
#4934 = CARTESIAN_POINT('',(165.586814,-145.783735,4.1));
#4935 = VECTOR('',#4936,1.);
#4936 = DIRECTION('',(-0.,-0.,-1.));
#4937 = ORIENTED_EDGE('',*,*,#2584,.F.);
#4938 = PLANE('',#4939);
#4939 = AXIS2_PLACEMENT_3D('',#4940,#4941,#4942);
#4940 = CARTESIAN_POINT('',(170.375096,-132.628039,4.1));
#4941 = DIRECTION('',(-0.939692615163,0.342020158775,0.));
#4942 = DIRECTION('',(-0.342020158775,-0.939692615163,0.));
#4943 = ADVANCED_FACE('',(#4944),#4950,.T.);
#4944 = FACE_BOUND('',#4945,.T.);
#4945 = EDGE_LOOP('',(#4946,#4947,#4948,#4949));
#4946 = ORIENTED_EDGE('',*,*,#4932,.T.);
#4947 = ORIENTED_EDGE('',*,*,#3881,.T.);
#4948 = ORIENTED_EDGE('',*,*,#4891,.F.);
#4949 = ORIENTED_EDGE('',*,*,#2592,.F.);
#4950 = PLANE('',#4951);
#4951 = AXIS2_PLACEMENT_3D('',#4952,#4953,#4954);
#4952 = CARTESIAN_POINT('',(165.586814,-145.783735,4.1));
#4953 = DIRECTION('',(0.342020158775,0.939692615163,0.));
#4954 = DIRECTION('',(-0.939692615163,0.342020158775,0.));
#4955 = ADVANCED_FACE('',(#4956),#4972,.T.);
#4956 = FACE_BOUND('',#4957,.T.);
#4957 = EDGE_LOOP('',(#4958,#4964,#4965,#4971));
#4958 = ORIENTED_EDGE('',*,*,#4959,.T.);
#4959 = EDGE_CURVE('',#2601,#3822,#4960,.T.);
#4960 = LINE('',#4961,#4962);
#4961 = CARTESIAN_POINT('',(132.910297,-138.522648,4.1));
#4962 = VECTOR('',#4963,1.);
#4963 = DIRECTION('',(-0.,-0.,-1.));
#4964 = ORIENTED_EDGE('',*,*,#3821,.T.);
#4965 = ORIENTED_EDGE('',*,*,#4966,.F.);
#4966 = EDGE_CURVE('',#2603,#3824,#4967,.T.);
#4967 = LINE('',#4968,#4969);
#4968 = CARTESIAN_POINT('',(134.130477,-124.575922,4.1));
#4969 = VECTOR('',#4970,1.);
#4970 = DIRECTION('',(-0.,-0.,-1.));
#4971 = ORIENTED_EDGE('',*,*,#2600,.F.);
#4972 = PLANE('',#4973);
#4973 = AXIS2_PLACEMENT_3D('',#4974,#4975,#4976);
#4974 = CARTESIAN_POINT('',(132.910297,-138.522648,4.1));
#4975 = DIRECTION('',(0.996194700686,-8.715571309589E-02,0.));
#4976 = DIRECTION('',(8.715571309589E-02,0.996194700686,0.));
#4977 = ADVANCED_FACE('',(#4978),#4989,.T.);
#4978 = FACE_BOUND('',#4979,.T.);
#4979 = EDGE_LOOP('',(#4980,#4981,#4982,#4988));
#4980 = ORIENTED_EDGE('',*,*,#4966,.T.);
#4981 = ORIENTED_EDGE('',*,*,#3831,.T.);
#4982 = ORIENTED_EDGE('',*,*,#4983,.F.);
#4983 = EDGE_CURVE('',#2611,#3832,#4984,.T.);
#4984 = LINE('',#4985,#4986);
#4985 = CARTESIAN_POINT('',(148.077203,-125.796102,4.1));
#4986 = VECTOR('',#4987,1.);
#4987 = DIRECTION('',(-0.,-0.,-1.));
#4988 = ORIENTED_EDGE('',*,*,#2610,.F.);
#4989 = PLANE('',#4990);
#4990 = AXIS2_PLACEMENT_3D('',#4991,#4992,#4993);
#4991 = CARTESIAN_POINT('',(134.130477,-124.575922,4.1));
#4992 = DIRECTION('',(-8.715571309589E-02,-0.996194700686,0.));
#4993 = DIRECTION('',(0.996194700686,-8.715571309589E-02,0.));
#4994 = ADVANCED_FACE('',(#4995),#5006,.T.);
#4995 = FACE_BOUND('',#4996,.T.);
#4996 = EDGE_LOOP('',(#4997,#4998,#4999,#5005));
#4997 = ORIENTED_EDGE('',*,*,#4983,.T.);
#4998 = ORIENTED_EDGE('',*,*,#3839,.T.);
#4999 = ORIENTED_EDGE('',*,*,#5000,.F.);
#5000 = EDGE_CURVE('',#2619,#3840,#5001,.T.);
#5001 = LINE('',#5002,#5003);
#5002 = CARTESIAN_POINT('',(146.857023,-139.742828,4.1));
#5003 = VECTOR('',#5004,1.);
#5004 = DIRECTION('',(-0.,-0.,-1.));
#5005 = ORIENTED_EDGE('',*,*,#2618,.F.);
#5006 = PLANE('',#5007);
#5007 = AXIS2_PLACEMENT_3D('',#5008,#5009,#5010);
#5008 = CARTESIAN_POINT('',(148.077203,-125.796102,4.1));
#5009 = DIRECTION('',(-0.996194700686,8.715571309589E-02,0.));
#5010 = DIRECTION('',(-8.715571309589E-02,-0.996194700686,0.));
#5011 = ADVANCED_FACE('',(#5012),#5018,.T.);
#5012 = FACE_BOUND('',#5013,.T.);
#5013 = EDGE_LOOP('',(#5014,#5015,#5016,#5017));
#5014 = ORIENTED_EDGE('',*,*,#5000,.T.);
#5015 = ORIENTED_EDGE('',*,*,#3847,.T.);
#5016 = ORIENTED_EDGE('',*,*,#4959,.F.);
#5017 = ORIENTED_EDGE('',*,*,#2626,.F.);
#5018 = PLANE('',#5019);
#5019 = AXIS2_PLACEMENT_3D('',#5020,#5021,#5022);
#5020 = CARTESIAN_POINT('',(146.857023,-139.742828,4.1));
#5021 = DIRECTION('',(8.715571309589E-02,0.996194700686,0.));
#5022 = DIRECTION('',(-0.996194700686,8.715571309589E-02,0.));
#5023 = ADVANCED_FACE('',(#5024),#5040,.F.);
#5024 = FACE_BOUND('',#5025,.F.);
#5025 = EDGE_LOOP('',(#5026,#5032,#5033,#5039));
#5026 = ORIENTED_EDGE('',*,*,#5027,.T.);
#5027 = EDGE_CURVE('',#2635,#4365,#5028,.T.);
#5028 = LINE('',#5029,#5030);
#5029 = CARTESIAN_POINT('',(78.725,-50.353125,4.1));
#5030 = VECTOR('',#5031,1.);
#5031 = DIRECTION('',(-0.,-0.,-1.));
#5032 = ORIENTED_EDGE('',*,*,#4364,.T.);
#5033 = ORIENTED_EDGE('',*,*,#5034,.F.);
#5034 = EDGE_CURVE('',#2637,#4367,#5035,.T.);
#5035 = LINE('',#5036,#5037);
#5036 = CARTESIAN_POINT('',(78.725,-64.353125,4.1));
#5037 = VECTOR('',#5038,1.);
#5038 = DIRECTION('',(-0.,-0.,-1.));
#5039 = ORIENTED_EDGE('',*,*,#2634,.F.);
#5040 = PLANE('',#5041);
#5041 = AXIS2_PLACEMENT_3D('',#5042,#5043,#5044);
#5042 = CARTESIAN_POINT('',(78.725,-50.353125,4.1));
#5043 = DIRECTION('',(-1.,0.,0.));
#5044 = DIRECTION('',(0.,-1.,0.));
#5045 = ADVANCED_FACE('',(#5046),#5057,.F.);
#5046 = FACE_BOUND('',#5047,.F.);
#5047 = EDGE_LOOP('',(#5048,#5054,#5055,#5056));
#5048 = ORIENTED_EDGE('',*,*,#5049,.T.);
#5049 = EDGE_CURVE('',#2645,#4375,#5050,.T.);
#5050 = LINE('',#5051,#5052);
#5051 = CARTESIAN_POINT('',(92.725,-50.353125,4.1));
#5052 = VECTOR('',#5053,1.);
#5053 = DIRECTION('',(-0.,-0.,-1.));
#5054 = ORIENTED_EDGE('',*,*,#4374,.T.);
#5055 = ORIENTED_EDGE('',*,*,#5027,.F.);
#5056 = ORIENTED_EDGE('',*,*,#2644,.F.);
#5057 = PLANE('',#5058);
#5058 = AXIS2_PLACEMENT_3D('',#5059,#5060,#5061);
#5059 = CARTESIAN_POINT('',(92.725,-50.353125,4.1));
#5060 = DIRECTION('',(0.,1.,0.));
#5061 = DIRECTION('',(-1.,0.,0.));
#5062 = ADVANCED_FACE('',(#5063),#5074,.F.);
#5063 = FACE_BOUND('',#5064,.F.);
#5064 = EDGE_LOOP('',(#5065,#5071,#5072,#5073));
#5065 = ORIENTED_EDGE('',*,*,#5066,.T.);
#5066 = EDGE_CURVE('',#2653,#4383,#5067,.T.);
#5067 = LINE('',#5068,#5069);
#5068 = CARTESIAN_POINT('',(92.725,-64.353125,4.1));
#5069 = VECTOR('',#5070,1.);
#5070 = DIRECTION('',(-0.,-0.,-1.));
#5071 = ORIENTED_EDGE('',*,*,#4382,.T.);
#5072 = ORIENTED_EDGE('',*,*,#5049,.F.);
#5073 = ORIENTED_EDGE('',*,*,#2652,.F.);
#5074 = PLANE('',#5075);
#5075 = AXIS2_PLACEMENT_3D('',#5076,#5077,#5078);
#5076 = CARTESIAN_POINT('',(92.725,-64.353125,4.1));
#5077 = DIRECTION('',(1.,0.,0.));
#5078 = DIRECTION('',(0.,1.,0.));
#5079 = ADVANCED_FACE('',(#5080),#5086,.F.);
#5080 = FACE_BOUND('',#5081,.F.);
#5081 = EDGE_LOOP('',(#5082,#5083,#5084,#5085));
#5082 = ORIENTED_EDGE('',*,*,#5034,.T.);
#5083 = ORIENTED_EDGE('',*,*,#4390,.T.);
#5084 = ORIENTED_EDGE('',*,*,#5066,.F.);
#5085 = ORIENTED_EDGE('',*,*,#2660,.F.);
#5086 = PLANE('',#5087);
#5087 = AXIS2_PLACEMENT_3D('',#5088,#5089,#5090);
#5088 = CARTESIAN_POINT('',(78.725,-64.353125,4.1));
#5089 = DIRECTION('',(0.,-1.,0.));
#5090 = DIRECTION('',(1.,0.,0.));
#5091 = ADVANCED_FACE('',(#5092),#5108,.F.);
#5092 = FACE_BOUND('',#5093,.F.);
#5093 = EDGE_LOOP('',(#5094,#5100,#5101,#5107));
#5094 = ORIENTED_EDGE('',*,*,#5095,.T.);
#5095 = EDGE_CURVE('',#2669,#4173,#5096,.T.);
#5096 = LINE('',#5097,#5098);
#5097 = CARTESIAN_POINT('',(78.724997,-69.403126,4.1));
#5098 = VECTOR('',#5099,1.);
#5099 = DIRECTION('',(-0.,-0.,-1.));
#5100 = ORIENTED_EDGE('',*,*,#4172,.T.);
#5101 = ORIENTED_EDGE('',*,*,#5102,.F.);
#5102 = EDGE_CURVE('',#2671,#4175,#5103,.T.);
#5103 = LINE('',#5104,#5105);
#5104 = CARTESIAN_POINT('',(78.724997,-83.403126,4.1));
#5105 = VECTOR('',#5106,1.);
#5106 = DIRECTION('',(-0.,-0.,-1.));
#5107 = ORIENTED_EDGE('',*,*,#2668,.F.);
#5108 = PLANE('',#5109);
#5109 = AXIS2_PLACEMENT_3D('',#5110,#5111,#5112);
#5110 = CARTESIAN_POINT('',(78.724997,-69.403126,4.1));
#5111 = DIRECTION('',(-1.,0.,0.));
#5112 = DIRECTION('',(0.,-1.,0.));
#5113 = ADVANCED_FACE('',(#5114),#5125,.F.);
#5114 = FACE_BOUND('',#5115,.F.);
#5115 = EDGE_LOOP('',(#5116,#5122,#5123,#5124));
#5116 = ORIENTED_EDGE('',*,*,#5117,.T.);
#5117 = EDGE_CURVE('',#2679,#4183,#5118,.T.);
#5118 = LINE('',#5119,#5120);
#5119 = CARTESIAN_POINT('',(92.724997,-69.403126,4.1));
#5120 = VECTOR('',#5121,1.);
#5121 = DIRECTION('',(-0.,-0.,-1.));
#5122 = ORIENTED_EDGE('',*,*,#4182,.T.);
#5123 = ORIENTED_EDGE('',*,*,#5095,.F.);
#5124 = ORIENTED_EDGE('',*,*,#2678,.F.);
#5125 = PLANE('',#5126);
#5126 = AXIS2_PLACEMENT_3D('',#5127,#5128,#5129);
#5127 = CARTESIAN_POINT('',(92.724997,-69.403126,4.1));
#5128 = DIRECTION('',(0.,1.,0.));
#5129 = DIRECTION('',(-1.,0.,0.));
#5130 = ADVANCED_FACE('',(#5131),#5142,.F.);
#5131 = FACE_BOUND('',#5132,.F.);
#5132 = EDGE_LOOP('',(#5133,#5139,#5140,#5141));
#5133 = ORIENTED_EDGE('',*,*,#5134,.T.);
#5134 = EDGE_CURVE('',#2687,#4191,#5135,.T.);
#5135 = LINE('',#5136,#5137);
#5136 = CARTESIAN_POINT('',(92.724997,-83.403126,4.1));
#5137 = VECTOR('',#5138,1.);
#5138 = DIRECTION('',(-0.,-0.,-1.));
#5139 = ORIENTED_EDGE('',*,*,#4190,.T.);
#5140 = ORIENTED_EDGE('',*,*,#5117,.F.);
#5141 = ORIENTED_EDGE('',*,*,#2686,.F.);
#5142 = PLANE('',#5143);
#5143 = AXIS2_PLACEMENT_3D('',#5144,#5145,#5146);
#5144 = CARTESIAN_POINT('',(92.724997,-83.403126,4.1));
#5145 = DIRECTION('',(1.,0.,0.));
#5146 = DIRECTION('',(0.,1.,0.));
#5147 = ADVANCED_FACE('',(#5148),#5154,.F.);
#5148 = FACE_BOUND('',#5149,.F.);
#5149 = EDGE_LOOP('',(#5150,#5151,#5152,#5153));
#5150 = ORIENTED_EDGE('',*,*,#5102,.T.);
#5151 = ORIENTED_EDGE('',*,*,#4198,.T.);
#5152 = ORIENTED_EDGE('',*,*,#5134,.F.);
#5153 = ORIENTED_EDGE('',*,*,#2694,.F.);
#5154 = PLANE('',#5155);
#5155 = AXIS2_PLACEMENT_3D('',#5156,#5157,#5158);
#5156 = CARTESIAN_POINT('',(78.724997,-83.403126,4.1));
#5157 = DIRECTION('',(0.,-1.,0.));
#5158 = DIRECTION('',(1.,0.,0.));
#5159 = ADVANCED_FACE('',(#5160),#5176,.F.);
#5160 = FACE_BOUND('',#5161,.F.);
#5161 = EDGE_LOOP('',(#5162,#5168,#5169,#5175));
#5162 = ORIENTED_EDGE('',*,*,#5163,.T.);
#5163 = EDGE_CURVE('',#2703,#4433,#5164,.T.);
#5164 = LINE('',#5165,#5166);
#5165 = CARTESIAN_POINT('',(97.775,-43.323752,4.1));
#5166 = VECTOR('',#5167,1.);
#5167 = DIRECTION('',(-0.,-0.,-1.));
#5168 = ORIENTED_EDGE('',*,*,#4432,.T.);
#5169 = ORIENTED_EDGE('',*,*,#5170,.F.);
#5170 = EDGE_CURVE('',#2705,#4435,#5171,.T.);
#5171 = LINE('',#5172,#5173);
#5172 = CARTESIAN_POINT('',(97.775,-57.323752,4.1));
#5173 = VECTOR('',#5174,1.);
#5174 = DIRECTION('',(-0.,-0.,-1.));
#5175 = ORIENTED_EDGE('',*,*,#2702,.F.);
#5176 = PLANE('',#5177);
#5177 = AXIS2_PLACEMENT_3D('',#5178,#5179,#5180);
#5178 = CARTESIAN_POINT('',(97.775,-43.323752,4.1));
#5179 = DIRECTION('',(-1.,0.,0.));
#5180 = DIRECTION('',(0.,-1.,0.));
#5181 = ADVANCED_FACE('',(#5182),#5193,.F.);
#5182 = FACE_BOUND('',#5183,.F.);
#5183 = EDGE_LOOP('',(#5184,#5190,#5191,#5192));
#5184 = ORIENTED_EDGE('',*,*,#5185,.T.);
#5185 = EDGE_CURVE('',#2713,#4443,#5186,.T.);
#5186 = LINE('',#5187,#5188);
#5187 = CARTESIAN_POINT('',(111.775,-43.323752,4.1));
#5188 = VECTOR('',#5189,1.);
#5189 = DIRECTION('',(-0.,-0.,-1.));
#5190 = ORIENTED_EDGE('',*,*,#4442,.T.);
#5191 = ORIENTED_EDGE('',*,*,#5163,.F.);
#5192 = ORIENTED_EDGE('',*,*,#2712,.F.);
#5193 = PLANE('',#5194);
#5194 = AXIS2_PLACEMENT_3D('',#5195,#5196,#5197);
#5195 = CARTESIAN_POINT('',(111.775,-43.323752,4.1));
#5196 = DIRECTION('',(0.,1.,0.));
#5197 = DIRECTION('',(-1.,0.,0.));
#5198 = ADVANCED_FACE('',(#5199),#5210,.F.);
#5199 = FACE_BOUND('',#5200,.F.);
#5200 = EDGE_LOOP('',(#5201,#5207,#5208,#5209));
#5201 = ORIENTED_EDGE('',*,*,#5202,.T.);
#5202 = EDGE_CURVE('',#2721,#4451,#5203,.T.);
#5203 = LINE('',#5204,#5205);
#5204 = CARTESIAN_POINT('',(111.775,-57.323752,4.1));
#5205 = VECTOR('',#5206,1.);
#5206 = DIRECTION('',(-0.,-0.,-1.));
#5207 = ORIENTED_EDGE('',*,*,#4450,.T.);
#5208 = ORIENTED_EDGE('',*,*,#5185,.F.);
#5209 = ORIENTED_EDGE('',*,*,#2720,.F.);
#5210 = PLANE('',#5211);
#5211 = AXIS2_PLACEMENT_3D('',#5212,#5213,#5214);
#5212 = CARTESIAN_POINT('',(111.775,-57.323752,4.1));
#5213 = DIRECTION('',(1.,0.,0.));
#5214 = DIRECTION('',(0.,1.,0.));
#5215 = ADVANCED_FACE('',(#5216),#5222,.F.);
#5216 = FACE_BOUND('',#5217,.F.);
#5217 = EDGE_LOOP('',(#5218,#5219,#5220,#5221));
#5218 = ORIENTED_EDGE('',*,*,#5170,.T.);
#5219 = ORIENTED_EDGE('',*,*,#4458,.T.);
#5220 = ORIENTED_EDGE('',*,*,#5202,.F.);
#5221 = ORIENTED_EDGE('',*,*,#2728,.F.);
#5222 = PLANE('',#5223);
#5223 = AXIS2_PLACEMENT_3D('',#5224,#5225,#5226);
#5224 = CARTESIAN_POINT('',(97.775,-57.323752,4.1));
#5225 = DIRECTION('',(0.,-1.,0.));
#5226 = DIRECTION('',(1.,0.,0.));
#5227 = ADVANCED_FACE('',(#5228),#5244,.F.);
#5228 = FACE_BOUND('',#5229,.F.);
#5229 = EDGE_LOOP('',(#5230,#5236,#5237,#5243));
#5230 = ORIENTED_EDGE('',*,*,#5231,.T.);
#5231 = EDGE_CURVE('',#2737,#3754,#5232,.T.);
#5232 = LINE('',#5233,#5234);
#5233 = CARTESIAN_POINT('',(97.775,-100.473752,4.1));
#5234 = VECTOR('',#5235,1.);
#5235 = DIRECTION('',(-0.,-0.,-1.));
#5236 = ORIENTED_EDGE('',*,*,#3753,.T.);
#5237 = ORIENTED_EDGE('',*,*,#5238,.F.);
#5238 = EDGE_CURVE('',#2739,#3756,#5239,.T.);
#5239 = LINE('',#5240,#5241);
#5240 = CARTESIAN_POINT('',(97.775,-114.473752,4.1));
#5241 = VECTOR('',#5242,1.);
#5242 = DIRECTION('',(-0.,-0.,-1.));
#5243 = ORIENTED_EDGE('',*,*,#2736,.F.);
#5244 = PLANE('',#5245);
#5245 = AXIS2_PLACEMENT_3D('',#5246,#5247,#5248);
#5246 = CARTESIAN_POINT('',(97.775,-100.473752,4.1));
#5247 = DIRECTION('',(-1.,0.,0.));
#5248 = DIRECTION('',(0.,-1.,0.));
#5249 = ADVANCED_FACE('',(#5250),#5261,.F.);
#5250 = FACE_BOUND('',#5251,.F.);
#5251 = EDGE_LOOP('',(#5252,#5258,#5259,#5260));
#5252 = ORIENTED_EDGE('',*,*,#5253,.T.);
#5253 = EDGE_CURVE('',#2747,#3764,#5254,.T.);
#5254 = LINE('',#5255,#5256);
#5255 = CARTESIAN_POINT('',(111.775,-100.473752,4.1));
#5256 = VECTOR('',#5257,1.);
#5257 = DIRECTION('',(-0.,-0.,-1.));
#5258 = ORIENTED_EDGE('',*,*,#3763,.T.);
#5259 = ORIENTED_EDGE('',*,*,#5231,.F.);
#5260 = ORIENTED_EDGE('',*,*,#2746,.F.);
#5261 = PLANE('',#5262);
#5262 = AXIS2_PLACEMENT_3D('',#5263,#5264,#5265);
#5263 = CARTESIAN_POINT('',(111.775,-100.473752,4.1));
#5264 = DIRECTION('',(0.,1.,0.));
#5265 = DIRECTION('',(-1.,0.,0.));
#5266 = ADVANCED_FACE('',(#5267),#5278,.F.);
#5267 = FACE_BOUND('',#5268,.F.);
#5268 = EDGE_LOOP('',(#5269,#5275,#5276,#5277));
#5269 = ORIENTED_EDGE('',*,*,#5270,.T.);
#5270 = EDGE_CURVE('',#2755,#3772,#5271,.T.);
#5271 = LINE('',#5272,#5273);
#5272 = CARTESIAN_POINT('',(111.775,-114.473752,4.1));
#5273 = VECTOR('',#5274,1.);
#5274 = DIRECTION('',(-0.,-0.,-1.));
#5275 = ORIENTED_EDGE('',*,*,#3771,.T.);
#5276 = ORIENTED_EDGE('',*,*,#5253,.F.);
#5277 = ORIENTED_EDGE('',*,*,#2754,.F.);
#5278 = PLANE('',#5279);
#5279 = AXIS2_PLACEMENT_3D('',#5280,#5281,#5282);
#5280 = CARTESIAN_POINT('',(111.775,-114.473752,4.1));
#5281 = DIRECTION('',(1.,0.,0.));
#5282 = DIRECTION('',(0.,1.,0.));
#5283 = ADVANCED_FACE('',(#5284),#5290,.F.);
#5284 = FACE_BOUND('',#5285,.F.);
#5285 = EDGE_LOOP('',(#5286,#5287,#5288,#5289));
#5286 = ORIENTED_EDGE('',*,*,#5238,.T.);
#5287 = ORIENTED_EDGE('',*,*,#3779,.T.);
#5288 = ORIENTED_EDGE('',*,*,#5270,.F.);
#5289 = ORIENTED_EDGE('',*,*,#2762,.F.);
#5290 = PLANE('',#5291);
#5291 = AXIS2_PLACEMENT_3D('',#5292,#5293,#5294);
#5292 = CARTESIAN_POINT('',(97.775,-114.473752,4.1));
#5293 = DIRECTION('',(0.,-1.,0.));
#5294 = DIRECTION('',(1.,0.,0.));
#5295 = ADVANCED_FACE('',(#5296),#5312,.F.);
#5296 = FACE_BOUND('',#5297,.F.);
#5297 = EDGE_LOOP('',(#5298,#5304,#5305,#5311));
#5298 = ORIENTED_EDGE('',*,*,#5299,.T.);
#5299 = EDGE_CURVE('',#2771,#4637,#5300,.T.);
#5300 = LINE('',#5301,#5302);
#5301 = CARTESIAN_POINT('',(135.875,-46.578125,4.1));
#5302 = VECTOR('',#5303,1.);
#5303 = DIRECTION('',(-0.,-0.,-1.));
#5304 = ORIENTED_EDGE('',*,*,#4636,.T.);
#5305 = ORIENTED_EDGE('',*,*,#5306,.F.);
#5306 = EDGE_CURVE('',#2773,#4639,#5307,.T.);
#5307 = LINE('',#5308,#5309);
#5308 = CARTESIAN_POINT('',(135.875,-60.578125,4.1));
#5309 = VECTOR('',#5310,1.);
#5310 = DIRECTION('',(-0.,-0.,-1.));
#5311 = ORIENTED_EDGE('',*,*,#2770,.F.);
#5312 = PLANE('',#5313);
#5313 = AXIS2_PLACEMENT_3D('',#5314,#5315,#5316);
#5314 = CARTESIAN_POINT('',(135.875,-46.578125,4.1));
#5315 = DIRECTION('',(-1.,0.,0.));
#5316 = DIRECTION('',(0.,-1.,0.));
#5317 = ADVANCED_FACE('',(#5318),#5329,.F.);
#5318 = FACE_BOUND('',#5319,.F.);
#5319 = EDGE_LOOP('',(#5320,#5326,#5327,#5328));
#5320 = ORIENTED_EDGE('',*,*,#5321,.T.);
#5321 = EDGE_CURVE('',#2781,#4647,#5322,.T.);
#5322 = LINE('',#5323,#5324);
#5323 = CARTESIAN_POINT('',(149.875,-46.578125,4.1));
#5324 = VECTOR('',#5325,1.);
#5325 = DIRECTION('',(-0.,-0.,-1.));
#5326 = ORIENTED_EDGE('',*,*,#4646,.T.);
#5327 = ORIENTED_EDGE('',*,*,#5299,.F.);
#5328 = ORIENTED_EDGE('',*,*,#2780,.F.);
#5329 = PLANE('',#5330);
#5330 = AXIS2_PLACEMENT_3D('',#5331,#5332,#5333);
#5331 = CARTESIAN_POINT('',(149.875,-46.578125,4.1));
#5332 = DIRECTION('',(0.,1.,0.));
#5333 = DIRECTION('',(-1.,0.,0.));
#5334 = ADVANCED_FACE('',(#5335),#5346,.F.);
#5335 = FACE_BOUND('',#5336,.F.);
#5336 = EDGE_LOOP('',(#5337,#5343,#5344,#5345));
#5337 = ORIENTED_EDGE('',*,*,#5338,.T.);
#5338 = EDGE_CURVE('',#2789,#4655,#5339,.T.);
#5339 = LINE('',#5340,#5341);
#5340 = CARTESIAN_POINT('',(149.875,-60.578125,4.1));
#5341 = VECTOR('',#5342,1.);
#5342 = DIRECTION('',(-0.,-0.,-1.));
#5343 = ORIENTED_EDGE('',*,*,#4654,.T.);
#5344 = ORIENTED_EDGE('',*,*,#5321,.F.);
#5345 = ORIENTED_EDGE('',*,*,#2788,.F.);
#5346 = PLANE('',#5347);
#5347 = AXIS2_PLACEMENT_3D('',#5348,#5349,#5350);
#5348 = CARTESIAN_POINT('',(149.875,-60.578125,4.1));
#5349 = DIRECTION('',(1.,0.,0.));
#5350 = DIRECTION('',(0.,1.,0.));
#5351 = ADVANCED_FACE('',(#5352),#5358,.F.);
#5352 = FACE_BOUND('',#5353,.F.);
#5353 = EDGE_LOOP('',(#5354,#5355,#5356,#5357));
#5354 = ORIENTED_EDGE('',*,*,#5306,.T.);
#5355 = ORIENTED_EDGE('',*,*,#4662,.T.);
#5356 = ORIENTED_EDGE('',*,*,#5338,.F.);
#5357 = ORIENTED_EDGE('',*,*,#2796,.F.);
#5358 = PLANE('',#5359);
#5359 = AXIS2_PLACEMENT_3D('',#5360,#5361,#5362);
#5360 = CARTESIAN_POINT('',(135.875,-60.578125,4.1));
#5361 = DIRECTION('',(0.,-1.,0.));
#5362 = DIRECTION('',(1.,0.,0.));
#5363 = ADVANCED_FACE('',(#5364),#5380,.F.);
#5364 = FACE_BOUND('',#5365,.F.);
#5365 = EDGE_LOOP('',(#5366,#5372,#5373,#5379));
#5366 = ORIENTED_EDGE('',*,*,#5367,.T.);
#5367 = EDGE_CURVE('',#2805,#3958,#5368,.T.);
#5368 = LINE('',#5369,#5370);
#5369 = CARTESIAN_POINT('',(154.925,-107.3,4.1));
#5370 = VECTOR('',#5371,1.);
#5371 = DIRECTION('',(-0.,-0.,-1.));
#5372 = ORIENTED_EDGE('',*,*,#3957,.T.);
#5373 = ORIENTED_EDGE('',*,*,#5374,.F.);
#5374 = EDGE_CURVE('',#2807,#3960,#5375,.T.);
#5375 = LINE('',#5376,#5377);
#5376 = CARTESIAN_POINT('',(154.925,-121.3,4.1));
#5377 = VECTOR('',#5378,1.);
#5378 = DIRECTION('',(-0.,-0.,-1.));
#5379 = ORIENTED_EDGE('',*,*,#2804,.F.);
#5380 = PLANE('',#5381);
#5381 = AXIS2_PLACEMENT_3D('',#5382,#5383,#5384);
#5382 = CARTESIAN_POINT('',(154.925,-107.3,4.1));
#5383 = DIRECTION('',(-1.,0.,0.));
#5384 = DIRECTION('',(0.,-1.,0.));
#5385 = ADVANCED_FACE('',(#5386),#5397,.F.);
#5386 = FACE_BOUND('',#5387,.F.);
#5387 = EDGE_LOOP('',(#5388,#5394,#5395,#5396));
#5388 = ORIENTED_EDGE('',*,*,#5389,.T.);
#5389 = EDGE_CURVE('',#2815,#3968,#5390,.T.);
#5390 = LINE('',#5391,#5392);
#5391 = CARTESIAN_POINT('',(168.925,-107.3,4.1));
#5392 = VECTOR('',#5393,1.);
#5393 = DIRECTION('',(-0.,-0.,-1.));
#5394 = ORIENTED_EDGE('',*,*,#3967,.T.);
#5395 = ORIENTED_EDGE('',*,*,#5367,.F.);
#5396 = ORIENTED_EDGE('',*,*,#2814,.F.);
#5397 = PLANE('',#5398);
#5398 = AXIS2_PLACEMENT_3D('',#5399,#5400,#5401);
#5399 = CARTESIAN_POINT('',(168.925,-107.3,4.1));
#5400 = DIRECTION('',(0.,1.,0.));
#5401 = DIRECTION('',(-1.,0.,0.));
#5402 = ADVANCED_FACE('',(#5403),#5414,.F.);
#5403 = FACE_BOUND('',#5404,.F.);
#5404 = EDGE_LOOP('',(#5405,#5411,#5412,#5413));
#5405 = ORIENTED_EDGE('',*,*,#5406,.T.);
#5406 = EDGE_CURVE('',#2823,#3976,#5407,.T.);
#5407 = LINE('',#5408,#5409);
#5408 = CARTESIAN_POINT('',(168.925,-121.3,4.1));
#5409 = VECTOR('',#5410,1.);
#5410 = DIRECTION('',(-0.,-0.,-1.));
#5411 = ORIENTED_EDGE('',*,*,#3975,.T.);
#5412 = ORIENTED_EDGE('',*,*,#5389,.F.);
#5413 = ORIENTED_EDGE('',*,*,#2822,.F.);
#5414 = PLANE('',#5415);
#5415 = AXIS2_PLACEMENT_3D('',#5416,#5417,#5418);
#5416 = CARTESIAN_POINT('',(168.925,-121.3,4.1));
#5417 = DIRECTION('',(1.,0.,0.));
#5418 = DIRECTION('',(0.,1.,0.));
#5419 = ADVANCED_FACE('',(#5420),#5426,.F.);
#5420 = FACE_BOUND('',#5421,.F.);
#5421 = EDGE_LOOP('',(#5422,#5423,#5424,#5425));
#5422 = ORIENTED_EDGE('',*,*,#5374,.T.);
#5423 = ORIENTED_EDGE('',*,*,#3983,.T.);
#5424 = ORIENTED_EDGE('',*,*,#5406,.F.);
#5425 = ORIENTED_EDGE('',*,*,#2830,.F.);
#5426 = PLANE('',#5427);
#5427 = AXIS2_PLACEMENT_3D('',#5428,#5429,#5430);
#5428 = CARTESIAN_POINT('',(154.925,-121.3,4.1));
#5429 = DIRECTION('',(0.,-1.,0.));
#5430 = DIRECTION('',(1.,0.,0.));
#5431 = ADVANCED_FACE('',(#5432),#5448,.F.);
#5432 = FACE_BOUND('',#5433,.F.);
#5433 = EDGE_LOOP('',(#5434,#5440,#5441,#5447));
#5434 = ORIENTED_EDGE('',*,*,#5435,.T.);
#5435 = EDGE_CURVE('',#2839,#3992,#5436,.T.);
#5436 = LINE('',#5437,#5438);
#5437 = CARTESIAN_POINT('',(135.875,-103.728125,4.1));
#5438 = VECTOR('',#5439,1.);
#5439 = DIRECTION('',(-0.,-0.,-1.));
#5440 = ORIENTED_EDGE('',*,*,#3991,.T.);
#5441 = ORIENTED_EDGE('',*,*,#5442,.F.);
#5442 = EDGE_CURVE('',#2841,#3994,#5443,.T.);
#5443 = LINE('',#5444,#5445);
#5444 = CARTESIAN_POINT('',(135.875,-117.728125,4.1));
#5445 = VECTOR('',#5446,1.);
#5446 = DIRECTION('',(-0.,-0.,-1.));
#5447 = ORIENTED_EDGE('',*,*,#2838,.F.);
#5448 = PLANE('',#5449);
#5449 = AXIS2_PLACEMENT_3D('',#5450,#5451,#5452);
#5450 = CARTESIAN_POINT('',(135.875,-103.728125,4.1));
#5451 = DIRECTION('',(-1.,0.,0.));
#5452 = DIRECTION('',(0.,-1.,0.));
#5453 = ADVANCED_FACE('',(#5454),#5465,.F.);
#5454 = FACE_BOUND('',#5455,.F.);
#5455 = EDGE_LOOP('',(#5456,#5462,#5463,#5464));
#5456 = ORIENTED_EDGE('',*,*,#5457,.T.);
#5457 = EDGE_CURVE('',#2849,#4002,#5458,.T.);
#5458 = LINE('',#5459,#5460);
#5459 = CARTESIAN_POINT('',(149.875,-103.728125,4.1));
#5460 = VECTOR('',#5461,1.);
#5461 = DIRECTION('',(-0.,-0.,-1.));
#5462 = ORIENTED_EDGE('',*,*,#4001,.T.);
#5463 = ORIENTED_EDGE('',*,*,#5435,.F.);
#5464 = ORIENTED_EDGE('',*,*,#2848,.F.);
#5465 = PLANE('',#5466);
#5466 = AXIS2_PLACEMENT_3D('',#5467,#5468,#5469);
#5467 = CARTESIAN_POINT('',(149.875,-103.728125,4.1));
#5468 = DIRECTION('',(0.,1.,0.));
#5469 = DIRECTION('',(-1.,0.,0.));
#5470 = ADVANCED_FACE('',(#5471),#5482,.F.);
#5471 = FACE_BOUND('',#5472,.F.);
#5472 = EDGE_LOOP('',(#5473,#5479,#5480,#5481));
#5473 = ORIENTED_EDGE('',*,*,#5474,.T.);
#5474 = EDGE_CURVE('',#2857,#4010,#5475,.T.);
#5475 = LINE('',#5476,#5477);
#5476 = CARTESIAN_POINT('',(149.875,-117.728125,4.1));
#5477 = VECTOR('',#5478,1.);
#5478 = DIRECTION('',(-0.,-0.,-1.));
#5479 = ORIENTED_EDGE('',*,*,#4009,.T.);
#5480 = ORIENTED_EDGE('',*,*,#5457,.F.);
#5481 = ORIENTED_EDGE('',*,*,#2856,.F.);
#5482 = PLANE('',#5483);
#5483 = AXIS2_PLACEMENT_3D('',#5484,#5485,#5486);
#5484 = CARTESIAN_POINT('',(149.875,-117.728125,4.1));
#5485 = DIRECTION('',(1.,0.,0.));
#5486 = DIRECTION('',(0.,1.,0.));
#5487 = ADVANCED_FACE('',(#5488),#5494,.F.);
#5488 = FACE_BOUND('',#5489,.F.);
#5489 = EDGE_LOOP('',(#5490,#5491,#5492,#5493));
#5490 = ORIENTED_EDGE('',*,*,#5442,.T.);
#5491 = ORIENTED_EDGE('',*,*,#4017,.T.);
#5492 = ORIENTED_EDGE('',*,*,#5474,.F.);
#5493 = ORIENTED_EDGE('',*,*,#2864,.F.);
#5494 = PLANE('',#5495);
#5495 = AXIS2_PLACEMENT_3D('',#5496,#5497,#5498);
#5496 = CARTESIAN_POINT('',(135.875,-117.728125,4.1));
#5497 = DIRECTION('',(0.,-1.,0.));
#5498 = DIRECTION('',(1.,0.,0.));
#5499 = ADVANCED_FACE('',(#5500),#5516,.F.);
#5500 = FACE_BOUND('',#5501,.F.);
#5501 = EDGE_LOOP('',(#5502,#5508,#5509,#5515));
#5502 = ORIENTED_EDGE('',*,*,#5503,.T.);
#5503 = EDGE_CURVE('',#2873,#4603,#5504,.T.);
#5504 = LINE('',#5505,#5506);
#5505 = CARTESIAN_POINT('',(154.925,-69.2,4.1));
#5506 = VECTOR('',#5507,1.);
#5507 = DIRECTION('',(-0.,-0.,-1.));
#5508 = ORIENTED_EDGE('',*,*,#4602,.T.);
#5509 = ORIENTED_EDGE('',*,*,#5510,.F.);
#5510 = EDGE_CURVE('',#2875,#4605,#5511,.T.);
#5511 = LINE('',#5512,#5513);
#5512 = CARTESIAN_POINT('',(154.925,-83.2,4.1));
#5513 = VECTOR('',#5514,1.);
#5514 = DIRECTION('',(-0.,-0.,-1.));
#5515 = ORIENTED_EDGE('',*,*,#2872,.F.);
#5516 = PLANE('',#5517);
#5517 = AXIS2_PLACEMENT_3D('',#5518,#5519,#5520);
#5518 = CARTESIAN_POINT('',(154.925,-69.2,4.1));
#5519 = DIRECTION('',(-1.,0.,0.));
#5520 = DIRECTION('',(0.,-1.,0.));
#5521 = ADVANCED_FACE('',(#5522),#5533,.F.);
#5522 = FACE_BOUND('',#5523,.F.);
#5523 = EDGE_LOOP('',(#5524,#5530,#5531,#5532));
#5524 = ORIENTED_EDGE('',*,*,#5525,.T.);
#5525 = EDGE_CURVE('',#2883,#4613,#5526,.T.);
#5526 = LINE('',#5527,#5528);
#5527 = CARTESIAN_POINT('',(168.925,-69.2,4.1));
#5528 = VECTOR('',#5529,1.);
#5529 = DIRECTION('',(-0.,-0.,-1.));
#5530 = ORIENTED_EDGE('',*,*,#4612,.T.);
#5531 = ORIENTED_EDGE('',*,*,#5503,.F.);
#5532 = ORIENTED_EDGE('',*,*,#2882,.F.);
#5533 = PLANE('',#5534);
#5534 = AXIS2_PLACEMENT_3D('',#5535,#5536,#5537);
#5535 = CARTESIAN_POINT('',(168.925,-69.2,4.1));
#5536 = DIRECTION('',(0.,1.,0.));
#5537 = DIRECTION('',(-1.,0.,0.));
#5538 = ADVANCED_FACE('',(#5539),#5550,.F.);
#5539 = FACE_BOUND('',#5540,.F.);
#5540 = EDGE_LOOP('',(#5541,#5547,#5548,#5549));
#5541 = ORIENTED_EDGE('',*,*,#5542,.T.);
#5542 = EDGE_CURVE('',#2891,#4621,#5543,.T.);
#5543 = LINE('',#5544,#5545);
#5544 = CARTESIAN_POINT('',(168.925,-83.2,4.1));
#5545 = VECTOR('',#5546,1.);
#5546 = DIRECTION('',(-0.,-0.,-1.));
#5547 = ORIENTED_EDGE('',*,*,#4620,.T.);
#5548 = ORIENTED_EDGE('',*,*,#5525,.F.);
#5549 = ORIENTED_EDGE('',*,*,#2890,.F.);
#5550 = PLANE('',#5551);
#5551 = AXIS2_PLACEMENT_3D('',#5552,#5553,#5554);
#5552 = CARTESIAN_POINT('',(168.925,-83.2,4.1));
#5553 = DIRECTION('',(1.,0.,0.));
#5554 = DIRECTION('',(0.,1.,0.));
#5555 = ADVANCED_FACE('',(#5556),#5562,.F.);
#5556 = FACE_BOUND('',#5557,.F.);
#5557 = EDGE_LOOP('',(#5558,#5559,#5560,#5561));
#5558 = ORIENTED_EDGE('',*,*,#5510,.T.);
#5559 = ORIENTED_EDGE('',*,*,#4628,.T.);
#5560 = ORIENTED_EDGE('',*,*,#5542,.F.);
#5561 = ORIENTED_EDGE('',*,*,#2898,.F.);
#5562 = PLANE('',#5563);
#5563 = AXIS2_PLACEMENT_3D('',#5564,#5565,#5566);
#5564 = CARTESIAN_POINT('',(154.925,-83.2,4.1));
#5565 = DIRECTION('',(0.,-1.,0.));
#5566 = DIRECTION('',(1.,0.,0.));
#5567 = ADVANCED_FACE('',(#5568),#5584,.F.);
#5568 = FACE_BOUND('',#5569,.F.);
#5569 = EDGE_LOOP('',(#5570,#5576,#5577,#5583));
#5570 = ORIENTED_EDGE('',*,*,#5571,.T.);
#5571 = EDGE_CURVE('',#2907,#4037,#5572,.T.);
#5572 = LINE('',#5573,#5574);
#5573 = CARTESIAN_POINT('',(173.975,-99.168751,4.1));
#5574 = VECTOR('',#5575,1.);
#5575 = DIRECTION('',(-0.,-0.,-1.));
#5576 = ORIENTED_EDGE('',*,*,#4036,.T.);
#5577 = ORIENTED_EDGE('',*,*,#5578,.F.);
#5578 = EDGE_CURVE('',#2909,#4039,#5579,.T.);
#5579 = LINE('',#5580,#5581);
#5580 = CARTESIAN_POINT('',(173.975,-113.168751,4.1));
#5581 = VECTOR('',#5582,1.);
#5582 = DIRECTION('',(-0.,-0.,-1.));
#5583 = ORIENTED_EDGE('',*,*,#2906,.F.);
#5584 = PLANE('',#5585);
#5585 = AXIS2_PLACEMENT_3D('',#5586,#5587,#5588);
#5586 = CARTESIAN_POINT('',(173.975,-99.168751,4.1));
#5587 = DIRECTION('',(-1.,0.,0.));
#5588 = DIRECTION('',(0.,-1.,0.));
#5589 = ADVANCED_FACE('',(#5590),#5601,.F.);
#5590 = FACE_BOUND('',#5591,.F.);
#5591 = EDGE_LOOP('',(#5592,#5598,#5599,#5600));
#5592 = ORIENTED_EDGE('',*,*,#5593,.T.);
#5593 = EDGE_CURVE('',#2917,#4047,#5594,.T.);
#5594 = LINE('',#5595,#5596);
#5595 = CARTESIAN_POINT('',(187.975,-99.168751,4.1));
#5596 = VECTOR('',#5597,1.);
#5597 = DIRECTION('',(-0.,-0.,-1.));
#5598 = ORIENTED_EDGE('',*,*,#4046,.T.);
#5599 = ORIENTED_EDGE('',*,*,#5571,.F.);
#5600 = ORIENTED_EDGE('',*,*,#2916,.F.);
#5601 = PLANE('',#5602);
#5602 = AXIS2_PLACEMENT_3D('',#5603,#5604,#5605);
#5603 = CARTESIAN_POINT('',(187.975,-99.168751,4.1));
#5604 = DIRECTION('',(0.,1.,0.));
#5605 = DIRECTION('',(-1.,0.,0.));
#5606 = ADVANCED_FACE('',(#5607),#5618,.F.);
#5607 = FACE_BOUND('',#5608,.F.);
#5608 = EDGE_LOOP('',(#5609,#5615,#5616,#5617));
#5609 = ORIENTED_EDGE('',*,*,#5610,.T.);
#5610 = EDGE_CURVE('',#2925,#4055,#5611,.T.);
#5611 = LINE('',#5612,#5613);
#5612 = CARTESIAN_POINT('',(187.975,-113.168751,4.1));
#5613 = VECTOR('',#5614,1.);
#5614 = DIRECTION('',(-0.,-0.,-1.));
#5615 = ORIENTED_EDGE('',*,*,#4054,.T.);
#5616 = ORIENTED_EDGE('',*,*,#5593,.F.);
#5617 = ORIENTED_EDGE('',*,*,#2924,.F.);
#5618 = PLANE('',#5619);
#5619 = AXIS2_PLACEMENT_3D('',#5620,#5621,#5622);
#5620 = CARTESIAN_POINT('',(187.975,-113.168751,4.1));
#5621 = DIRECTION('',(1.,0.,0.));
#5622 = DIRECTION('',(0.,1.,0.));
#5623 = ADVANCED_FACE('',(#5624),#5630,.F.);
#5624 = FACE_BOUND('',#5625,.F.);
#5625 = EDGE_LOOP('',(#5626,#5627,#5628,#5629));
#5626 = ORIENTED_EDGE('',*,*,#5578,.T.);
#5627 = ORIENTED_EDGE('',*,*,#4062,.T.);
#5628 = ORIENTED_EDGE('',*,*,#5610,.F.);
#5629 = ORIENTED_EDGE('',*,*,#2932,.F.);
#5630 = PLANE('',#5631);
#5631 = AXIS2_PLACEMENT_3D('',#5632,#5633,#5634);
#5632 = CARTESIAN_POINT('',(173.975,-113.168751,4.1));
#5633 = DIRECTION('',(0.,-1.,0.));
#5634 = DIRECTION('',(1.,0.,0.));
#5635 = ADVANCED_FACE('',(#5636),#5652,.F.);
#5636 = FACE_BOUND('',#5637,.F.);
#5637 = EDGE_LOOP('',(#5638,#5644,#5645,#5651));
#5638 = ORIENTED_EDGE('',*,*,#5639,.T.);
#5639 = EDGE_CURVE('',#2941,#4071,#5640,.T.);
#5640 = LINE('',#5641,#5642);
#5641 = CARTESIAN_POINT('',(59.674999,-90.834377,4.1));
#5642 = VECTOR('',#5643,1.);
#5643 = DIRECTION('',(-0.,-0.,-1.));
#5644 = ORIENTED_EDGE('',*,*,#4070,.T.);
#5645 = ORIENTED_EDGE('',*,*,#5646,.F.);
#5646 = EDGE_CURVE('',#2943,#4073,#5647,.T.);
#5647 = LINE('',#5648,#5649);
#5648 = CARTESIAN_POINT('',(59.674999,-104.834377,4.1));
#5649 = VECTOR('',#5650,1.);
#5650 = DIRECTION('',(-0.,-0.,-1.));
#5651 = ORIENTED_EDGE('',*,*,#2940,.F.);
#5652 = PLANE('',#5653);
#5653 = AXIS2_PLACEMENT_3D('',#5654,#5655,#5656);
#5654 = CARTESIAN_POINT('',(59.674999,-90.834377,4.1));
#5655 = DIRECTION('',(-1.,0.,0.));
#5656 = DIRECTION('',(0.,-1.,0.));
#5657 = ADVANCED_FACE('',(#5658),#5669,.F.);
#5658 = FACE_BOUND('',#5659,.F.);
#5659 = EDGE_LOOP('',(#5660,#5666,#5667,#5668));
#5660 = ORIENTED_EDGE('',*,*,#5661,.T.);
#5661 = EDGE_CURVE('',#2951,#4081,#5662,.T.);
#5662 = LINE('',#5663,#5664);
#5663 = CARTESIAN_POINT('',(73.674999,-90.834377,4.1));
#5664 = VECTOR('',#5665,1.);
#5665 = DIRECTION('',(-0.,-0.,-1.));
#5666 = ORIENTED_EDGE('',*,*,#4080,.T.);
#5667 = ORIENTED_EDGE('',*,*,#5639,.F.);
#5668 = ORIENTED_EDGE('',*,*,#2950,.F.);
#5669 = PLANE('',#5670);
#5670 = AXIS2_PLACEMENT_3D('',#5671,#5672,#5673);
#5671 = CARTESIAN_POINT('',(73.674999,-90.834377,4.1));
#5672 = DIRECTION('',(0.,1.,0.));
#5673 = DIRECTION('',(-1.,0.,0.));
#5674 = ADVANCED_FACE('',(#5675),#5686,.F.);
#5675 = FACE_BOUND('',#5676,.F.);
#5676 = EDGE_LOOP('',(#5677,#5683,#5684,#5685));
#5677 = ORIENTED_EDGE('',*,*,#5678,.T.);
#5678 = EDGE_CURVE('',#2959,#4089,#5679,.T.);
#5679 = LINE('',#5680,#5681);
#5680 = CARTESIAN_POINT('',(73.674999,-104.834377,4.1));
#5681 = VECTOR('',#5682,1.);
#5682 = DIRECTION('',(-0.,-0.,-1.));
#5683 = ORIENTED_EDGE('',*,*,#4088,.T.);
#5684 = ORIENTED_EDGE('',*,*,#5661,.F.);
#5685 = ORIENTED_EDGE('',*,*,#2958,.F.);
#5686 = PLANE('',#5687);
#5687 = AXIS2_PLACEMENT_3D('',#5688,#5689,#5690);
#5688 = CARTESIAN_POINT('',(73.674999,-104.834377,4.1));
#5689 = DIRECTION('',(1.,0.,0.));
#5690 = DIRECTION('',(0.,1.,0.));
#5691 = ADVANCED_FACE('',(#5692),#5698,.F.);
#5692 = FACE_BOUND('',#5693,.F.);
#5693 = EDGE_LOOP('',(#5694,#5695,#5696,#5697));
#5694 = ORIENTED_EDGE('',*,*,#5646,.T.);
#5695 = ORIENTED_EDGE('',*,*,#4096,.T.);
#5696 = ORIENTED_EDGE('',*,*,#5678,.F.);
#5697 = ORIENTED_EDGE('',*,*,#2966,.F.);
#5698 = PLANE('',#5699);
#5699 = AXIS2_PLACEMENT_3D('',#5700,#5701,#5702);
#5700 = CARTESIAN_POINT('',(59.674999,-104.834377,4.1));
#5701 = DIRECTION('',(0.,-1.,0.));
#5702 = DIRECTION('',(1.,0.,0.));
#5703 = ADVANCED_FACE('',(#5704),#5720,.F.);
#5704 = FACE_BOUND('',#5705,.F.);
#5705 = EDGE_LOOP('',(#5706,#5712,#5713,#5719));
#5706 = ORIENTED_EDGE('',*,*,#5707,.T.);
#5707 = EDGE_CURVE('',#2975,#4105,#5708,.T.);
#5708 = LINE('',#5709,#5710);
#5709 = CARTESIAN_POINT('',(78.725,-88.453124,4.1));
#5710 = VECTOR('',#5711,1.);
#5711 = DIRECTION('',(-0.,-0.,-1.));
#5712 = ORIENTED_EDGE('',*,*,#4104,.T.);
#5713 = ORIENTED_EDGE('',*,*,#5714,.F.);
#5714 = EDGE_CURVE('',#2977,#4107,#5715,.T.);
#5715 = LINE('',#5716,#5717);
#5716 = CARTESIAN_POINT('',(78.725,-102.453124,4.1));
#5717 = VECTOR('',#5718,1.);
#5718 = DIRECTION('',(-0.,-0.,-1.));
#5719 = ORIENTED_EDGE('',*,*,#2974,.F.);
#5720 = PLANE('',#5721);
#5721 = AXIS2_PLACEMENT_3D('',#5722,#5723,#5724);
#5722 = CARTESIAN_POINT('',(78.725,-88.453124,4.1));
#5723 = DIRECTION('',(-1.,0.,0.));
#5724 = DIRECTION('',(0.,-1.,0.));
#5725 = ADVANCED_FACE('',(#5726),#5737,.F.);
#5726 = FACE_BOUND('',#5727,.F.);
#5727 = EDGE_LOOP('',(#5728,#5734,#5735,#5736));
#5728 = ORIENTED_EDGE('',*,*,#5729,.T.);
#5729 = EDGE_CURVE('',#2985,#4115,#5730,.T.);
#5730 = LINE('',#5731,#5732);
#5731 = CARTESIAN_POINT('',(92.725,-88.453124,4.1));
#5732 = VECTOR('',#5733,1.);
#5733 = DIRECTION('',(-0.,-0.,-1.));
#5734 = ORIENTED_EDGE('',*,*,#4114,.T.);
#5735 = ORIENTED_EDGE('',*,*,#5707,.F.);
#5736 = ORIENTED_EDGE('',*,*,#2984,.F.);
#5737 = PLANE('',#5738);
#5738 = AXIS2_PLACEMENT_3D('',#5739,#5740,#5741);
#5739 = CARTESIAN_POINT('',(92.725,-88.453124,4.1));
#5740 = DIRECTION('',(0.,1.,0.));
#5741 = DIRECTION('',(-1.,0.,0.));
#5742 = ADVANCED_FACE('',(#5743),#5754,.F.);
#5743 = FACE_BOUND('',#5744,.F.);
#5744 = EDGE_LOOP('',(#5745,#5751,#5752,#5753));
#5745 = ORIENTED_EDGE('',*,*,#5746,.T.);
#5746 = EDGE_CURVE('',#2993,#4123,#5747,.T.);
#5747 = LINE('',#5748,#5749);
#5748 = CARTESIAN_POINT('',(92.725,-102.453124,4.1));
#5749 = VECTOR('',#5750,1.);
#5750 = DIRECTION('',(-0.,-0.,-1.));
#5751 = ORIENTED_EDGE('',*,*,#4122,.T.);
#5752 = ORIENTED_EDGE('',*,*,#5729,.F.);
#5753 = ORIENTED_EDGE('',*,*,#2992,.F.);
#5754 = PLANE('',#5755);
#5755 = AXIS2_PLACEMENT_3D('',#5756,#5757,#5758);
#5756 = CARTESIAN_POINT('',(92.725,-102.453124,4.1));
#5757 = DIRECTION('',(1.,0.,0.));
#5758 = DIRECTION('',(0.,1.,0.));
#5759 = ADVANCED_FACE('',(#5760),#5766,.F.);
#5760 = FACE_BOUND('',#5761,.F.);
#5761 = EDGE_LOOP('',(#5762,#5763,#5764,#5765));
#5762 = ORIENTED_EDGE('',*,*,#5714,.T.);
#5763 = ORIENTED_EDGE('',*,*,#4130,.T.);
#5764 = ORIENTED_EDGE('',*,*,#5746,.F.);
#5765 = ORIENTED_EDGE('',*,*,#3000,.F.);
#5766 = PLANE('',#5767);
#5767 = AXIS2_PLACEMENT_3D('',#5768,#5769,#5770);
#5768 = CARTESIAN_POINT('',(78.725,-102.453124,4.1));
#5769 = DIRECTION('',(0.,-1.,0.));
#5770 = DIRECTION('',(1.,0.,0.));
#5771 = ADVANCED_FACE('',(#5772),#5788,.F.);
#5772 = FACE_BOUND('',#5773,.F.);
#5773 = EDGE_LOOP('',(#5774,#5780,#5781,#5787));
#5774 = ORIENTED_EDGE('',*,*,#5775,.T.);
#5775 = EDGE_CURVE('',#3009,#4139,#5776,.T.);
#5776 = LINE('',#5777,#5778);
#5777 = CARTESIAN_POINT('',(59.675,-71.784376,4.1));
#5778 = VECTOR('',#5779,1.);
#5779 = DIRECTION('',(-0.,-0.,-1.));
#5780 = ORIENTED_EDGE('',*,*,#4138,.T.);
#5781 = ORIENTED_EDGE('',*,*,#5782,.F.);
#5782 = EDGE_CURVE('',#3011,#4141,#5783,.T.);
#5783 = LINE('',#5784,#5785);
#5784 = CARTESIAN_POINT('',(59.675,-85.784376,4.1));
#5785 = VECTOR('',#5786,1.);
#5786 = DIRECTION('',(-0.,-0.,-1.));
#5787 = ORIENTED_EDGE('',*,*,#3008,.F.);
#5788 = PLANE('',#5789);
#5789 = AXIS2_PLACEMENT_3D('',#5790,#5791,#5792);
#5790 = CARTESIAN_POINT('',(59.675,-71.784376,4.1));
#5791 = DIRECTION('',(-1.,0.,0.));
#5792 = DIRECTION('',(0.,-1.,0.));
#5793 = ADVANCED_FACE('',(#5794),#5805,.F.);
#5794 = FACE_BOUND('',#5795,.F.);
#5795 = EDGE_LOOP('',(#5796,#5802,#5803,#5804));
#5796 = ORIENTED_EDGE('',*,*,#5797,.T.);
#5797 = EDGE_CURVE('',#3019,#4149,#5798,.T.);
#5798 = LINE('',#5799,#5800);
#5799 = CARTESIAN_POINT('',(73.675,-71.784376,4.1));
#5800 = VECTOR('',#5801,1.);
#5801 = DIRECTION('',(-0.,-0.,-1.));
#5802 = ORIENTED_EDGE('',*,*,#4148,.T.);
#5803 = ORIENTED_EDGE('',*,*,#5775,.F.);
#5804 = ORIENTED_EDGE('',*,*,#3018,.F.);
#5805 = PLANE('',#5806);
#5806 = AXIS2_PLACEMENT_3D('',#5807,#5808,#5809);
#5807 = CARTESIAN_POINT('',(73.675,-71.784376,4.1));
#5808 = DIRECTION('',(0.,1.,0.));
#5809 = DIRECTION('',(-1.,0.,0.));
#5810 = ADVANCED_FACE('',(#5811),#5822,.F.);
#5811 = FACE_BOUND('',#5812,.F.);
#5812 = EDGE_LOOP('',(#5813,#5819,#5820,#5821));
#5813 = ORIENTED_EDGE('',*,*,#5814,.T.);
#5814 = EDGE_CURVE('',#3027,#4157,#5815,.T.);
#5815 = LINE('',#5816,#5817);
#5816 = CARTESIAN_POINT('',(73.675,-85.784376,4.1));
#5817 = VECTOR('',#5818,1.);
#5818 = DIRECTION('',(-0.,-0.,-1.));
#5819 = ORIENTED_EDGE('',*,*,#4156,.T.);
#5820 = ORIENTED_EDGE('',*,*,#5797,.F.);
#5821 = ORIENTED_EDGE('',*,*,#3026,.F.);
#5822 = PLANE('',#5823);
#5823 = AXIS2_PLACEMENT_3D('',#5824,#5825,#5826);
#5824 = CARTESIAN_POINT('',(73.675,-85.784376,4.1));
#5825 = DIRECTION('',(1.,0.,0.));
#5826 = DIRECTION('',(0.,1.,0.));
#5827 = ADVANCED_FACE('',(#5828),#5834,.F.);
#5828 = FACE_BOUND('',#5829,.F.);
#5829 = EDGE_LOOP('',(#5830,#5831,#5832,#5833));
#5830 = ORIENTED_EDGE('',*,*,#5782,.T.);
#5831 = ORIENTED_EDGE('',*,*,#4164,.T.);
#5832 = ORIENTED_EDGE('',*,*,#5814,.F.);
#5833 = ORIENTED_EDGE('',*,*,#3034,.F.);
#5834 = PLANE('',#5835);
#5835 = AXIS2_PLACEMENT_3D('',#5836,#5837,#5838);
#5836 = CARTESIAN_POINT('',(59.675,-85.784376,4.1));
#5837 = DIRECTION('',(0.,-1.,0.));
#5838 = DIRECTION('',(1.,0.,0.));
#5839 = ADVANCED_FACE('',(#5840),#5856,.F.);
#5840 = FACE_BOUND('',#5841,.F.);
#5841 = EDGE_LOOP('',(#5842,#5848,#5849,#5855));
#5842 = ORIENTED_EDGE('',*,*,#5843,.T.);
#5843 = EDGE_CURVE('',#3043,#3698,#5844,.T.);
#5844 = LINE('',#5845,#5846);
#5845 = CARTESIAN_POINT('',(92.725,-121.503126,4.1));
#5846 = VECTOR('',#5847,1.);
#5847 = DIRECTION('',(-0.,-0.,-1.));
#5848 = ORIENTED_EDGE('',*,*,#3697,.T.);
#5849 = ORIENTED_EDGE('',*,*,#5850,.F.);
#5850 = EDGE_CURVE('',#3045,#3700,#5851,.T.);
#5851 = LINE('',#5852,#5853);
#5852 = CARTESIAN_POINT('',(92.725,-107.503126,4.1));
#5853 = VECTOR('',#5854,1.);
#5854 = DIRECTION('',(-0.,-0.,-1.));
#5855 = ORIENTED_EDGE('',*,*,#3042,.F.);
#5856 = PLANE('',#5857);
#5857 = AXIS2_PLACEMENT_3D('',#5858,#5859,#5860);
#5858 = CARTESIAN_POINT('',(92.725,-121.503126,4.1));
#5859 = DIRECTION('',(1.,0.,0.));
#5860 = DIRECTION('',(0.,1.,0.));
#5861 = ADVANCED_FACE('',(#5862),#5873,.F.);
#5862 = FACE_BOUND('',#5863,.F.);
#5863 = EDGE_LOOP('',(#5864,#5870,#5871,#5872));
#5864 = ORIENTED_EDGE('',*,*,#5865,.T.);
#5865 = EDGE_CURVE('',#3053,#3708,#5866,.T.);
#5866 = LINE('',#5867,#5868);
#5867 = CARTESIAN_POINT('',(78.725,-121.503126,4.1));
#5868 = VECTOR('',#5869,1.);
#5869 = DIRECTION('',(-0.,-0.,-1.));
#5870 = ORIENTED_EDGE('',*,*,#3707,.T.);
#5871 = ORIENTED_EDGE('',*,*,#5843,.F.);
#5872 = ORIENTED_EDGE('',*,*,#3052,.F.);
#5873 = PLANE('',#5874);
#5874 = AXIS2_PLACEMENT_3D('',#5875,#5876,#5877);
#5875 = CARTESIAN_POINT('',(78.725,-121.503126,4.1));
#5876 = DIRECTION('',(0.,-1.,0.));
#5877 = DIRECTION('',(1.,0.,0.));
#5878 = ADVANCED_FACE('',(#5879),#5890,.F.);
#5879 = FACE_BOUND('',#5880,.F.);
#5880 = EDGE_LOOP('',(#5881,#5887,#5888,#5889));
#5881 = ORIENTED_EDGE('',*,*,#5882,.T.);
#5882 = EDGE_CURVE('',#3061,#3716,#5883,.T.);
#5883 = LINE('',#5884,#5885);
#5884 = CARTESIAN_POINT('',(78.725,-107.503126,4.1));
#5885 = VECTOR('',#5886,1.);
#5886 = DIRECTION('',(-0.,-0.,-1.));
#5887 = ORIENTED_EDGE('',*,*,#3715,.T.);
#5888 = ORIENTED_EDGE('',*,*,#5865,.F.);
#5889 = ORIENTED_EDGE('',*,*,#3060,.F.);
#5890 = PLANE('',#5891);
#5891 = AXIS2_PLACEMENT_3D('',#5892,#5893,#5894);
#5892 = CARTESIAN_POINT('',(78.725,-107.503126,4.1));
#5893 = DIRECTION('',(-1.,0.,0.));
#5894 = DIRECTION('',(0.,-1.,0.));
#5895 = ADVANCED_FACE('',(#5896),#5902,.F.);
#5896 = FACE_BOUND('',#5897,.F.);
#5897 = EDGE_LOOP('',(#5898,#5899,#5900,#5901));
#5898 = ORIENTED_EDGE('',*,*,#5850,.T.);
#5899 = ORIENTED_EDGE('',*,*,#3723,.T.);
#5900 = ORIENTED_EDGE('',*,*,#5882,.F.);
#5901 = ORIENTED_EDGE('',*,*,#3068,.F.);
#5902 = PLANE('',#5903);
#5903 = AXIS2_PLACEMENT_3D('',#5904,#5905,#5906);
#5904 = CARTESIAN_POINT('',(92.725,-107.503126,4.1));
#5905 = DIRECTION('',(0.,1.,0.));
#5906 = DIRECTION('',(-1.,0.,0.));
#5907 = ADVANCED_FACE('',(#5908),#5924,.F.);
#5908 = FACE_BOUND('',#5909,.F.);
#5909 = EDGE_LOOP('',(#5910,#5916,#5917,#5923));
#5910 = ORIENTED_EDGE('',*,*,#5911,.T.);
#5911 = EDGE_CURVE('',#3077,#4569,#5912,.T.);
#5912 = LINE('',#5913,#5914);
#5913 = CARTESIAN_POINT('',(135.875,-65.628125,4.1));
#5914 = VECTOR('',#5915,1.);
#5915 = DIRECTION('',(-0.,-0.,-1.));
#5916 = ORIENTED_EDGE('',*,*,#4568,.T.);
#5917 = ORIENTED_EDGE('',*,*,#5918,.F.);
#5918 = EDGE_CURVE('',#3079,#4571,#5919,.T.);
#5919 = LINE('',#5920,#5921);
#5920 = CARTESIAN_POINT('',(135.875,-79.628125,4.1));
#5921 = VECTOR('',#5922,1.);
#5922 = DIRECTION('',(-0.,-0.,-1.));
#5923 = ORIENTED_EDGE('',*,*,#3076,.F.);
#5924 = PLANE('',#5925);
#5925 = AXIS2_PLACEMENT_3D('',#5926,#5927,#5928);
#5926 = CARTESIAN_POINT('',(135.875,-65.628125,4.1));
#5927 = DIRECTION('',(-1.,0.,0.));
#5928 = DIRECTION('',(0.,-1.,0.));
#5929 = ADVANCED_FACE('',(#5930),#5941,.F.);
#5930 = FACE_BOUND('',#5931,.F.);
#5931 = EDGE_LOOP('',(#5932,#5938,#5939,#5940));
#5932 = ORIENTED_EDGE('',*,*,#5933,.T.);
#5933 = EDGE_CURVE('',#3087,#4579,#5934,.T.);
#5934 = LINE('',#5935,#5936);
#5935 = CARTESIAN_POINT('',(149.875,-65.628125,4.1));
#5936 = VECTOR('',#5937,1.);
#5937 = DIRECTION('',(-0.,-0.,-1.));
#5938 = ORIENTED_EDGE('',*,*,#4578,.T.);
#5939 = ORIENTED_EDGE('',*,*,#5911,.F.);
#5940 = ORIENTED_EDGE('',*,*,#3086,.F.);
#5941 = PLANE('',#5942);
#5942 = AXIS2_PLACEMENT_3D('',#5943,#5944,#5945);
#5943 = CARTESIAN_POINT('',(149.875,-65.628125,4.1));
#5944 = DIRECTION('',(0.,1.,0.));
#5945 = DIRECTION('',(-1.,0.,0.));
#5946 = ADVANCED_FACE('',(#5947),#5958,.F.);
#5947 = FACE_BOUND('',#5948,.F.);
#5948 = EDGE_LOOP('',(#5949,#5955,#5956,#5957));
#5949 = ORIENTED_EDGE('',*,*,#5950,.T.);
#5950 = EDGE_CURVE('',#3095,#4587,#5951,.T.);
#5951 = LINE('',#5952,#5953);
#5952 = CARTESIAN_POINT('',(149.875,-79.628125,4.1));
#5953 = VECTOR('',#5954,1.);
#5954 = DIRECTION('',(-0.,-0.,-1.));
#5955 = ORIENTED_EDGE('',*,*,#4586,.T.);
#5956 = ORIENTED_EDGE('',*,*,#5933,.F.);
#5957 = ORIENTED_EDGE('',*,*,#3094,.F.);
#5958 = PLANE('',#5959);
#5959 = AXIS2_PLACEMENT_3D('',#5960,#5961,#5962);
#5960 = CARTESIAN_POINT('',(149.875,-79.628125,4.1));
#5961 = DIRECTION('',(1.,0.,0.));
#5962 = DIRECTION('',(0.,1.,0.));
#5963 = ADVANCED_FACE('',(#5964),#5970,.F.);
#5964 = FACE_BOUND('',#5965,.F.);
#5965 = EDGE_LOOP('',(#5966,#5967,#5968,#5969));
#5966 = ORIENTED_EDGE('',*,*,#5918,.T.);
#5967 = ORIENTED_EDGE('',*,*,#4594,.T.);
#5968 = ORIENTED_EDGE('',*,*,#5950,.F.);
#5969 = ORIENTED_EDGE('',*,*,#3102,.F.);
#5970 = PLANE('',#5971);
#5971 = AXIS2_PLACEMENT_3D('',#5972,#5973,#5974);
#5972 = CARTESIAN_POINT('',(135.875,-79.628125,4.1));
#5973 = DIRECTION('',(0.,-1.,0.));
#5974 = DIRECTION('',(1.,0.,0.));
#5975 = ADVANCED_FACE('',(#5976),#5992,.F.);
#5976 = FACE_BOUND('',#5977,.F.);
#5977 = EDGE_LOOP('',(#5978,#5984,#5985,#5991));
#5978 = ORIENTED_EDGE('',*,*,#5979,.T.);
#5979 = EDGE_CURVE('',#3111,#4218,#5980,.T.);
#5980 = LINE('',#5981,#5982);
#5981 = CARTESIAN_POINT('',(97.775,-81.423751,4.1));
#5982 = VECTOR('',#5983,1.);
#5983 = DIRECTION('',(-0.,-0.,-1.));
#5984 = ORIENTED_EDGE('',*,*,#4217,.T.);
#5985 = ORIENTED_EDGE('',*,*,#5986,.F.);
#5986 = EDGE_CURVE('',#3113,#4220,#5987,.T.);
#5987 = LINE('',#5988,#5989);
#5988 = CARTESIAN_POINT('',(97.775,-95.423751,4.1));
#5989 = VECTOR('',#5990,1.);
#5990 = DIRECTION('',(-0.,-0.,-1.));
#5991 = ORIENTED_EDGE('',*,*,#3110,.F.);
#5992 = PLANE('',#5993);
#5993 = AXIS2_PLACEMENT_3D('',#5994,#5995,#5996);
#5994 = CARTESIAN_POINT('',(97.775,-81.423751,4.1));
#5995 = DIRECTION('',(-1.,0.,0.));
#5996 = DIRECTION('',(0.,-1.,0.));
#5997 = ADVANCED_FACE('',(#5998),#6009,.F.);
#5998 = FACE_BOUND('',#5999,.F.);
#5999 = EDGE_LOOP('',(#6000,#6006,#6007,#6008));
#6000 = ORIENTED_EDGE('',*,*,#6001,.T.);
#6001 = EDGE_CURVE('',#3121,#4228,#6002,.T.);
#6002 = LINE('',#6003,#6004);
#6003 = CARTESIAN_POINT('',(111.775,-81.423751,4.1));
#6004 = VECTOR('',#6005,1.);
#6005 = DIRECTION('',(-0.,-0.,-1.));
#6006 = ORIENTED_EDGE('',*,*,#4227,.T.);
#6007 = ORIENTED_EDGE('',*,*,#5979,.F.);
#6008 = ORIENTED_EDGE('',*,*,#3120,.F.);
#6009 = PLANE('',#6010);
#6010 = AXIS2_PLACEMENT_3D('',#6011,#6012,#6013);
#6011 = CARTESIAN_POINT('',(111.775,-81.423751,4.1));
#6012 = DIRECTION('',(0.,1.,0.));
#6013 = DIRECTION('',(-1.,0.,0.));
#6014 = ADVANCED_FACE('',(#6015),#6026,.F.);
#6015 = FACE_BOUND('',#6016,.F.);
#6016 = EDGE_LOOP('',(#6017,#6023,#6024,#6025));
#6017 = ORIENTED_EDGE('',*,*,#6018,.T.);
#6018 = EDGE_CURVE('',#3129,#4236,#6019,.T.);
#6019 = LINE('',#6020,#6021);
#6020 = CARTESIAN_POINT('',(111.775,-95.423751,4.1));
#6021 = VECTOR('',#6022,1.);
#6022 = DIRECTION('',(-0.,-0.,-1.));
#6023 = ORIENTED_EDGE('',*,*,#4235,.T.);
#6024 = ORIENTED_EDGE('',*,*,#6001,.F.);
#6025 = ORIENTED_EDGE('',*,*,#3128,.F.);
#6026 = PLANE('',#6027);
#6027 = AXIS2_PLACEMENT_3D('',#6028,#6029,#6030);
#6028 = CARTESIAN_POINT('',(111.775,-95.423751,4.1));
#6029 = DIRECTION('',(1.,0.,0.));
#6030 = DIRECTION('',(0.,1.,0.));
#6031 = ADVANCED_FACE('',(#6032),#6038,.F.);
#6032 = FACE_BOUND('',#6033,.F.);
#6033 = EDGE_LOOP('',(#6034,#6035,#6036,#6037));
#6034 = ORIENTED_EDGE('',*,*,#5986,.T.);
#6035 = ORIENTED_EDGE('',*,*,#4243,.T.);
#6036 = ORIENTED_EDGE('',*,*,#6018,.F.);
#6037 = ORIENTED_EDGE('',*,*,#3136,.F.);
#6038 = PLANE('',#6039);
#6039 = AXIS2_PLACEMENT_3D('',#6040,#6041,#6042);
#6040 = CARTESIAN_POINT('',(97.775,-95.423751,4.1));
#6041 = DIRECTION('',(0.,-1.,0.));
#6042 = DIRECTION('',(1.,0.,0.));
#6043 = ADVANCED_FACE('',(#6044),#6060,.F.);
#6044 = FACE_BOUND('',#6045,.F.);
#6045 = EDGE_LOOP('',(#6046,#6052,#6053,#6059));
#6046 = ORIENTED_EDGE('',*,*,#6047,.T.);
#6047 = EDGE_CURVE('',#3145,#4535,#6048,.T.);
#6048 = LINE('',#6049,#6050);
#6049 = CARTESIAN_POINT('',(154.925,-88.25,4.1));
#6050 = VECTOR('',#6051,1.);
#6051 = DIRECTION('',(-0.,-0.,-1.));
#6052 = ORIENTED_EDGE('',*,*,#4534,.T.);
#6053 = ORIENTED_EDGE('',*,*,#6054,.F.);
#6054 = EDGE_CURVE('',#3147,#4537,#6055,.T.);
#6055 = LINE('',#6056,#6057);
#6056 = CARTESIAN_POINT('',(154.925,-102.25,4.1));
#6057 = VECTOR('',#6058,1.);
#6058 = DIRECTION('',(-0.,-0.,-1.));
#6059 = ORIENTED_EDGE('',*,*,#3144,.F.);
#6060 = PLANE('',#6061);
#6061 = AXIS2_PLACEMENT_3D('',#6062,#6063,#6064);
#6062 = CARTESIAN_POINT('',(154.925,-88.25,4.1));
#6063 = DIRECTION('',(-1.,0.,0.));
#6064 = DIRECTION('',(0.,-1.,0.));
#6065 = ADVANCED_FACE('',(#6066),#6077,.F.);
#6066 = FACE_BOUND('',#6067,.F.);
#6067 = EDGE_LOOP('',(#6068,#6074,#6075,#6076));
#6068 = ORIENTED_EDGE('',*,*,#6069,.T.);
#6069 = EDGE_CURVE('',#3155,#4545,#6070,.T.);
#6070 = LINE('',#6071,#6072);
#6071 = CARTESIAN_POINT('',(168.925,-88.25,4.1));
#6072 = VECTOR('',#6073,1.);
#6073 = DIRECTION('',(-0.,-0.,-1.));
#6074 = ORIENTED_EDGE('',*,*,#4544,.T.);
#6075 = ORIENTED_EDGE('',*,*,#6047,.F.);
#6076 = ORIENTED_EDGE('',*,*,#3154,.F.);
#6077 = PLANE('',#6078);
#6078 = AXIS2_PLACEMENT_3D('',#6079,#6080,#6081);
#6079 = CARTESIAN_POINT('',(168.925,-88.25,4.1));
#6080 = DIRECTION('',(0.,1.,0.));
#6081 = DIRECTION('',(-1.,0.,0.));
#6082 = ADVANCED_FACE('',(#6083),#6094,.F.);
#6083 = FACE_BOUND('',#6084,.F.);
#6084 = EDGE_LOOP('',(#6085,#6091,#6092,#6093));
#6085 = ORIENTED_EDGE('',*,*,#6086,.T.);
#6086 = EDGE_CURVE('',#3163,#4553,#6087,.T.);
#6087 = LINE('',#6088,#6089);
#6088 = CARTESIAN_POINT('',(168.925,-102.25,4.1));
#6089 = VECTOR('',#6090,1.);
#6090 = DIRECTION('',(-0.,-0.,-1.));
#6091 = ORIENTED_EDGE('',*,*,#4552,.T.);
#6092 = ORIENTED_EDGE('',*,*,#6069,.F.);
#6093 = ORIENTED_EDGE('',*,*,#3162,.F.);
#6094 = PLANE('',#6095);
#6095 = AXIS2_PLACEMENT_3D('',#6096,#6097,#6098);
#6096 = CARTESIAN_POINT('',(168.925,-102.25,4.1));
#6097 = DIRECTION('',(1.,0.,0.));
#6098 = DIRECTION('',(0.,1.,0.));
#6099 = ADVANCED_FACE('',(#6100),#6106,.F.);
#6100 = FACE_BOUND('',#6101,.F.);
#6101 = EDGE_LOOP('',(#6102,#6103,#6104,#6105));
#6102 = ORIENTED_EDGE('',*,*,#6054,.T.);
#6103 = ORIENTED_EDGE('',*,*,#4560,.T.);
#6104 = ORIENTED_EDGE('',*,*,#6086,.F.);
#6105 = ORIENTED_EDGE('',*,*,#3170,.F.);
#6106 = PLANE('',#6107);
#6107 = AXIS2_PLACEMENT_3D('',#6108,#6109,#6110);
#6108 = CARTESIAN_POINT('',(154.925,-102.25,4.1));
#6109 = DIRECTION('',(0.,-1.,0.));
#6110 = DIRECTION('',(1.,0.,0.));
#6111 = ADVANCED_FACE('',(#6112),#6128,.F.);
#6112 = FACE_BOUND('',#6113,.F.);
#6113 = EDGE_LOOP('',(#6114,#6120,#6121,#6127));
#6114 = ORIENTED_EDGE('',*,*,#6115,.T.);
#6115 = EDGE_CURVE('',#3179,#4501,#6116,.T.);
#6116 = LINE('',#6117,#6118);
#6117 = CARTESIAN_POINT('',(135.875,-84.678125,4.1));
#6118 = VECTOR('',#6119,1.);
#6119 = DIRECTION('',(-0.,-0.,-1.));
#6120 = ORIENTED_EDGE('',*,*,#4500,.T.);
#6121 = ORIENTED_EDGE('',*,*,#6122,.F.);
#6122 = EDGE_CURVE('',#3181,#4503,#6123,.T.);
#6123 = LINE('',#6124,#6125);
#6124 = CARTESIAN_POINT('',(135.875,-98.678125,4.1));
#6125 = VECTOR('',#6126,1.);
#6126 = DIRECTION('',(-0.,-0.,-1.));
#6127 = ORIENTED_EDGE('',*,*,#3178,.F.);
#6128 = PLANE('',#6129);
#6129 = AXIS2_PLACEMENT_3D('',#6130,#6131,#6132);
#6130 = CARTESIAN_POINT('',(135.875,-84.678125,4.1));
#6131 = DIRECTION('',(-1.,0.,0.));
#6132 = DIRECTION('',(0.,-1.,0.));
#6133 = ADVANCED_FACE('',(#6134),#6145,.F.);
#6134 = FACE_BOUND('',#6135,.F.);
#6135 = EDGE_LOOP('',(#6136,#6142,#6143,#6144));
#6136 = ORIENTED_EDGE('',*,*,#6137,.T.);
#6137 = EDGE_CURVE('',#3189,#4511,#6138,.T.);
#6138 = LINE('',#6139,#6140);
#6139 = CARTESIAN_POINT('',(149.875,-84.678125,4.1));
#6140 = VECTOR('',#6141,1.);
#6141 = DIRECTION('',(-0.,-0.,-1.));
#6142 = ORIENTED_EDGE('',*,*,#4510,.T.);
#6143 = ORIENTED_EDGE('',*,*,#6115,.F.);
#6144 = ORIENTED_EDGE('',*,*,#3188,.F.);
#6145 = PLANE('',#6146);
#6146 = AXIS2_PLACEMENT_3D('',#6147,#6148,#6149);
#6147 = CARTESIAN_POINT('',(149.875,-84.678125,4.1));
#6148 = DIRECTION('',(0.,1.,0.));
#6149 = DIRECTION('',(-1.,0.,0.));
#6150 = ADVANCED_FACE('',(#6151),#6162,.F.);
#6151 = FACE_BOUND('',#6152,.F.);
#6152 = EDGE_LOOP('',(#6153,#6159,#6160,#6161));
#6153 = ORIENTED_EDGE('',*,*,#6154,.T.);
#6154 = EDGE_CURVE('',#3197,#4519,#6155,.T.);
#6155 = LINE('',#6156,#6157);
#6156 = CARTESIAN_POINT('',(149.875,-98.678125,4.1));
#6157 = VECTOR('',#6158,1.);
#6158 = DIRECTION('',(-0.,-0.,-1.));
#6159 = ORIENTED_EDGE('',*,*,#4518,.T.);
#6160 = ORIENTED_EDGE('',*,*,#6137,.F.);
#6161 = ORIENTED_EDGE('',*,*,#3196,.F.);
#6162 = PLANE('',#6163);
#6163 = AXIS2_PLACEMENT_3D('',#6164,#6165,#6166);
#6164 = CARTESIAN_POINT('',(149.875,-98.678125,4.1));
#6165 = DIRECTION('',(1.,0.,0.));
#6166 = DIRECTION('',(0.,1.,0.));
#6167 = ADVANCED_FACE('',(#6168),#6174,.F.);
#6168 = FACE_BOUND('',#6169,.F.);
#6169 = EDGE_LOOP('',(#6170,#6171,#6172,#6173));
#6170 = ORIENTED_EDGE('',*,*,#6122,.T.);
#6171 = ORIENTED_EDGE('',*,*,#4526,.T.);
#6172 = ORIENTED_EDGE('',*,*,#6154,.F.);
#6173 = ORIENTED_EDGE('',*,*,#3204,.F.);
#6174 = PLANE('',#6175);
#6175 = AXIS2_PLACEMENT_3D('',#6176,#6177,#6178);
#6176 = CARTESIAN_POINT('',(135.875,-98.678125,4.1));
#6177 = DIRECTION('',(0.,-1.,0.));
#6178 = DIRECTION('',(1.,0.,0.));
#6179 = ADVANCED_FACE('',(#6180),#6196,.F.);
#6180 = FACE_BOUND('',#6181,.F.);
#6181 = EDGE_LOOP('',(#6182,#6188,#6189,#6195));
#6182 = ORIENTED_EDGE('',*,*,#6183,.T.);
#6183 = EDGE_CURVE('',#3213,#3664,#6184,.T.);
#6184 = LINE('',#6185,#6186);
#6185 = CARTESIAN_POINT('',(59.675,-109.884376,4.1));
#6186 = VECTOR('',#6187,1.);
#6187 = DIRECTION('',(-0.,-0.,-1.));
#6188 = ORIENTED_EDGE('',*,*,#3663,.T.);
#6189 = ORIENTED_EDGE('',*,*,#6190,.F.);
#6190 = EDGE_CURVE('',#3215,#3666,#6191,.T.);
#6191 = LINE('',#6192,#6193);
#6192 = CARTESIAN_POINT('',(59.675,-123.884376,4.1));
#6193 = VECTOR('',#6194,1.);
#6194 = DIRECTION('',(-0.,-0.,-1.));
#6195 = ORIENTED_EDGE('',*,*,#3212,.F.);
#6196 = PLANE('',#6197);
#6197 = AXIS2_PLACEMENT_3D('',#6198,#6199,#6200);
#6198 = CARTESIAN_POINT('',(59.675,-109.884376,4.1));
#6199 = DIRECTION('',(-1.,0.,0.));
#6200 = DIRECTION('',(0.,-1.,0.));
#6201 = ADVANCED_FACE('',(#6202),#6213,.F.);
#6202 = FACE_BOUND('',#6203,.F.);
#6203 = EDGE_LOOP('',(#6204,#6210,#6211,#6212));
#6204 = ORIENTED_EDGE('',*,*,#6205,.T.);
#6205 = EDGE_CURVE('',#3223,#3674,#6206,.T.);
#6206 = LINE('',#6207,#6208);
#6207 = CARTESIAN_POINT('',(73.675,-109.884376,4.1));
#6208 = VECTOR('',#6209,1.);
#6209 = DIRECTION('',(-0.,-0.,-1.));
#6210 = ORIENTED_EDGE('',*,*,#3673,.T.);
#6211 = ORIENTED_EDGE('',*,*,#6183,.F.);
#6212 = ORIENTED_EDGE('',*,*,#3222,.F.);
#6213 = PLANE('',#6214);
#6214 = AXIS2_PLACEMENT_3D('',#6215,#6216,#6217);
#6215 = CARTESIAN_POINT('',(73.675,-109.884376,4.1));
#6216 = DIRECTION('',(0.,1.,0.));
#6217 = DIRECTION('',(-1.,0.,0.));
#6218 = ADVANCED_FACE('',(#6219),#6230,.F.);
#6219 = FACE_BOUND('',#6220,.F.);
#6220 = EDGE_LOOP('',(#6221,#6227,#6228,#6229));
#6221 = ORIENTED_EDGE('',*,*,#6222,.T.);
#6222 = EDGE_CURVE('',#3231,#3682,#6223,.T.);
#6223 = LINE('',#6224,#6225);
#6224 = CARTESIAN_POINT('',(73.675,-123.884376,4.1));
#6225 = VECTOR('',#6226,1.);
#6226 = DIRECTION('',(-0.,-0.,-1.));
#6227 = ORIENTED_EDGE('',*,*,#3681,.T.);
#6228 = ORIENTED_EDGE('',*,*,#6205,.F.);
#6229 = ORIENTED_EDGE('',*,*,#3230,.F.);
#6230 = PLANE('',#6231);
#6231 = AXIS2_PLACEMENT_3D('',#6232,#6233,#6234);
#6232 = CARTESIAN_POINT('',(73.675,-123.884376,4.1));
#6233 = DIRECTION('',(1.,0.,0.));
#6234 = DIRECTION('',(0.,1.,0.));
#6235 = ADVANCED_FACE('',(#6236),#6242,.F.);
#6236 = FACE_BOUND('',#6237,.F.);
#6237 = EDGE_LOOP('',(#6238,#6239,#6240,#6241));
#6238 = ORIENTED_EDGE('',*,*,#6190,.T.);
#6239 = ORIENTED_EDGE('',*,*,#3689,.T.);
#6240 = ORIENTED_EDGE('',*,*,#6222,.F.);
#6241 = ORIENTED_EDGE('',*,*,#3238,.F.);
#6242 = PLANE('',#6243);
#6243 = AXIS2_PLACEMENT_3D('',#6244,#6245,#6246);
#6244 = CARTESIAN_POINT('',(59.675,-123.884376,4.1));
#6245 = DIRECTION('',(0.,-1.,0.));
#6246 = DIRECTION('',(1.,0.,0.));
#6247 = ADVANCED_FACE('',(#6248),#6264,.F.);
#6248 = FACE_BOUND('',#6249,.F.);
#6249 = EDGE_LOOP('',(#6250,#6256,#6257,#6263));
#6250 = ORIENTED_EDGE('',*,*,#6251,.T.);
#6251 = EDGE_CURVE('',#3247,#4671,#6252,.T.);
#6252 = LINE('',#6253,#6254);
#6253 = CARTESIAN_POINT('',(154.925,-50.149999,4.1));
#6254 = VECTOR('',#6255,1.);
#6255 = DIRECTION('',(-0.,-0.,-1.));
#6256 = ORIENTED_EDGE('',*,*,#4670,.T.);
#6257 = ORIENTED_EDGE('',*,*,#6258,.F.);
#6258 = EDGE_CURVE('',#3249,#4673,#6259,.T.);
#6259 = LINE('',#6260,#6261);
#6260 = CARTESIAN_POINT('',(154.925,-64.149999,4.1));
#6261 = VECTOR('',#6262,1.);
#6262 = DIRECTION('',(-0.,-0.,-1.));
#6263 = ORIENTED_EDGE('',*,*,#3246,.F.);
#6264 = PLANE('',#6265);
#6265 = AXIS2_PLACEMENT_3D('',#6266,#6267,#6268);
#6266 = CARTESIAN_POINT('',(154.925,-50.149999,4.1));
#6267 = DIRECTION('',(-1.,0.,0.));
#6268 = DIRECTION('',(0.,-1.,0.));
#6269 = ADVANCED_FACE('',(#6270),#6281,.F.);
#6270 = FACE_BOUND('',#6271,.F.);
#6271 = EDGE_LOOP('',(#6272,#6278,#6279,#6280));
#6272 = ORIENTED_EDGE('',*,*,#6273,.T.);
#6273 = EDGE_CURVE('',#3257,#4681,#6274,.T.);
#6274 = LINE('',#6275,#6276);
#6275 = CARTESIAN_POINT('',(168.925,-50.149999,4.1));
#6276 = VECTOR('',#6277,1.);
#6277 = DIRECTION('',(-0.,-0.,-1.));
#6278 = ORIENTED_EDGE('',*,*,#4680,.T.);
#6279 = ORIENTED_EDGE('',*,*,#6251,.F.);
#6280 = ORIENTED_EDGE('',*,*,#3256,.F.);
#6281 = PLANE('',#6282);
#6282 = AXIS2_PLACEMENT_3D('',#6283,#6284,#6285);
#6283 = CARTESIAN_POINT('',(168.925,-50.149999,4.1));
#6284 = DIRECTION('',(0.,1.,0.));
#6285 = DIRECTION('',(-1.,0.,0.));
#6286 = ADVANCED_FACE('',(#6287),#6298,.F.);
#6287 = FACE_BOUND('',#6288,.F.);
#6288 = EDGE_LOOP('',(#6289,#6295,#6296,#6297));
#6289 = ORIENTED_EDGE('',*,*,#6290,.T.);
#6290 = EDGE_CURVE('',#3265,#4689,#6291,.T.);
#6291 = LINE('',#6292,#6293);
#6292 = CARTESIAN_POINT('',(168.925,-64.149999,4.1));
#6293 = VECTOR('',#6294,1.);
#6294 = DIRECTION('',(-0.,-0.,-1.));
#6295 = ORIENTED_EDGE('',*,*,#4688,.T.);
#6296 = ORIENTED_EDGE('',*,*,#6273,.F.);
#6297 = ORIENTED_EDGE('',*,*,#3264,.F.);
#6298 = PLANE('',#6299);
#6299 = AXIS2_PLACEMENT_3D('',#6300,#6301,#6302);
#6300 = CARTESIAN_POINT('',(168.925,-64.149999,4.1));
#6301 = DIRECTION('',(1.,0.,0.));
#6302 = DIRECTION('',(0.,1.,0.));
#6303 = ADVANCED_FACE('',(#6304),#6310,.F.);
#6304 = FACE_BOUND('',#6305,.F.);
#6305 = EDGE_LOOP('',(#6306,#6307,#6308,#6309));
#6306 = ORIENTED_EDGE('',*,*,#6258,.T.);
#6307 = ORIENTED_EDGE('',*,*,#4696,.T.);
#6308 = ORIENTED_EDGE('',*,*,#6290,.F.);
#6309 = ORIENTED_EDGE('',*,*,#3272,.F.);
#6310 = PLANE('',#6311);
#6311 = AXIS2_PLACEMENT_3D('',#6312,#6313,#6314);
#6312 = CARTESIAN_POINT('',(154.925,-64.149999,4.1));
#6313 = DIRECTION('',(0.,-1.,0.));
#6314 = DIRECTION('',(1.,0.,0.));
#6315 = ADVANCED_FACE('',(#6316),#6332,.F.);
#6316 = FACE_BOUND('',#6317,.F.);
#6317 = EDGE_LOOP('',(#6318,#6324,#6325,#6331));
#6318 = ORIENTED_EDGE('',*,*,#6319,.T.);
#6319 = EDGE_CURVE('',#3281,#4286,#6320,.T.);
#6320 = LINE('',#6321,#6322);
#6321 = CARTESIAN_POINT('',(97.775,-62.373752,4.1));
#6322 = VECTOR('',#6323,1.);
#6323 = DIRECTION('',(-0.,-0.,-1.));
#6324 = ORIENTED_EDGE('',*,*,#4285,.T.);
#6325 = ORIENTED_EDGE('',*,*,#6326,.F.);
#6326 = EDGE_CURVE('',#3283,#4288,#6327,.T.);
#6327 = LINE('',#6328,#6329);
#6328 = CARTESIAN_POINT('',(97.775,-76.373752,4.1));
#6329 = VECTOR('',#6330,1.);
#6330 = DIRECTION('',(-0.,-0.,-1.));
#6331 = ORIENTED_EDGE('',*,*,#3280,.F.);
#6332 = PLANE('',#6333);
#6333 = AXIS2_PLACEMENT_3D('',#6334,#6335,#6336);
#6334 = CARTESIAN_POINT('',(97.775,-62.373752,4.1));
#6335 = DIRECTION('',(-1.,0.,0.));
#6336 = DIRECTION('',(0.,-1.,0.));
#6337 = ADVANCED_FACE('',(#6338),#6349,.F.);
#6338 = FACE_BOUND('',#6339,.F.);
#6339 = EDGE_LOOP('',(#6340,#6346,#6347,#6348));
#6340 = ORIENTED_EDGE('',*,*,#6341,.T.);
#6341 = EDGE_CURVE('',#3291,#4296,#6342,.T.);
#6342 = LINE('',#6343,#6344);
#6343 = CARTESIAN_POINT('',(111.775,-62.373752,4.1));
#6344 = VECTOR('',#6345,1.);
#6345 = DIRECTION('',(-0.,-0.,-1.));
#6346 = ORIENTED_EDGE('',*,*,#4295,.T.);
#6347 = ORIENTED_EDGE('',*,*,#6319,.F.);
#6348 = ORIENTED_EDGE('',*,*,#3290,.F.);
#6349 = PLANE('',#6350);
#6350 = AXIS2_PLACEMENT_3D('',#6351,#6352,#6353);
#6351 = CARTESIAN_POINT('',(111.775,-62.373752,4.1));
#6352 = DIRECTION('',(0.,1.,0.));
#6353 = DIRECTION('',(-1.,0.,0.));
#6354 = ADVANCED_FACE('',(#6355),#6366,.F.);
#6355 = FACE_BOUND('',#6356,.F.);
#6356 = EDGE_LOOP('',(#6357,#6363,#6364,#6365));
#6357 = ORIENTED_EDGE('',*,*,#6358,.T.);
#6358 = EDGE_CURVE('',#3299,#4304,#6359,.T.);
#6359 = LINE('',#6360,#6361);
#6360 = CARTESIAN_POINT('',(111.775,-76.373752,4.1));
#6361 = VECTOR('',#6362,1.);
#6362 = DIRECTION('',(-0.,-0.,-1.));
#6363 = ORIENTED_EDGE('',*,*,#4303,.T.);
#6364 = ORIENTED_EDGE('',*,*,#6341,.F.);
#6365 = ORIENTED_EDGE('',*,*,#3298,.F.);
#6366 = PLANE('',#6367);
#6367 = AXIS2_PLACEMENT_3D('',#6368,#6369,#6370);
#6368 = CARTESIAN_POINT('',(111.775,-76.373752,4.1));
#6369 = DIRECTION('',(1.,0.,0.));
#6370 = DIRECTION('',(0.,1.,0.));
#6371 = ADVANCED_FACE('',(#6372),#6378,.F.);
#6372 = FACE_BOUND('',#6373,.F.);
#6373 = EDGE_LOOP('',(#6374,#6375,#6376,#6377));
#6374 = ORIENTED_EDGE('',*,*,#6326,.T.);
#6375 = ORIENTED_EDGE('',*,*,#4311,.T.);
#6376 = ORIENTED_EDGE('',*,*,#6358,.F.);
#6377 = ORIENTED_EDGE('',*,*,#3306,.F.);
#6378 = PLANE('',#6379);
#6379 = AXIS2_PLACEMENT_3D('',#6380,#6381,#6382);
#6380 = CARTESIAN_POINT('',(97.775,-76.373752,4.1));
#6381 = DIRECTION('',(0.,-1.,0.));
#6382 = DIRECTION('',(1.,0.,0.));
#6383 = ADVANCED_FACE('',(#6384),#6400,.F.);
#6384 = FACE_BOUND('',#6385,.F.);
#6385 = EDGE_LOOP('',(#6386,#6392,#6393,#6399));
#6386 = ORIENTED_EDGE('',*,*,#6387,.T.);
#6387 = EDGE_CURVE('',#3315,#4331,#6388,.T.);
#6388 = LINE('',#6389,#6390);
#6389 = CARTESIAN_POINT('',(59.675,-52.734377,4.1));
#6390 = VECTOR('',#6391,1.);
#6391 = DIRECTION('',(-0.,-0.,-1.));
#6392 = ORIENTED_EDGE('',*,*,#4330,.T.);
#6393 = ORIENTED_EDGE('',*,*,#6394,.F.);
#6394 = EDGE_CURVE('',#3317,#4333,#6395,.T.);
#6395 = LINE('',#6396,#6397);
#6396 = CARTESIAN_POINT('',(59.675,-66.734377,4.1));
#6397 = VECTOR('',#6398,1.);
#6398 = DIRECTION('',(-0.,-0.,-1.));
#6399 = ORIENTED_EDGE('',*,*,#3314,.F.);
#6400 = PLANE('',#6401);
#6401 = AXIS2_PLACEMENT_3D('',#6402,#6403,#6404);
#6402 = CARTESIAN_POINT('',(59.675,-52.734377,4.1));
#6403 = DIRECTION('',(-1.,0.,0.));
#6404 = DIRECTION('',(0.,-1.,0.));
#6405 = ADVANCED_FACE('',(#6406),#6417,.F.);
#6406 = FACE_BOUND('',#6407,.F.);
#6407 = EDGE_LOOP('',(#6408,#6414,#6415,#6416));
#6408 = ORIENTED_EDGE('',*,*,#6409,.T.);
#6409 = EDGE_CURVE('',#3325,#4341,#6410,.T.);
#6410 = LINE('',#6411,#6412);
#6411 = CARTESIAN_POINT('',(73.675,-52.734377,4.1));
#6412 = VECTOR('',#6413,1.);
#6413 = DIRECTION('',(-0.,-0.,-1.));
#6414 = ORIENTED_EDGE('',*,*,#4340,.T.);
#6415 = ORIENTED_EDGE('',*,*,#6387,.F.);
#6416 = ORIENTED_EDGE('',*,*,#3324,.F.);
#6417 = PLANE('',#6418);
#6418 = AXIS2_PLACEMENT_3D('',#6419,#6420,#6421);
#6419 = CARTESIAN_POINT('',(73.675,-52.734377,4.1));
#6420 = DIRECTION('',(0.,1.,0.));
#6421 = DIRECTION('',(-1.,0.,0.));
#6422 = ADVANCED_FACE('',(#6423),#6434,.F.);
#6423 = FACE_BOUND('',#6424,.F.);
#6424 = EDGE_LOOP('',(#6425,#6431,#6432,#6433));
#6425 = ORIENTED_EDGE('',*,*,#6426,.T.);
#6426 = EDGE_CURVE('',#3333,#4349,#6427,.T.);
#6427 = LINE('',#6428,#6429);
#6428 = CARTESIAN_POINT('',(73.675,-66.734377,4.1));
#6429 = VECTOR('',#6430,1.);
#6430 = DIRECTION('',(-0.,-0.,-1.));
#6431 = ORIENTED_EDGE('',*,*,#4348,.T.);
#6432 = ORIENTED_EDGE('',*,*,#6409,.F.);
#6433 = ORIENTED_EDGE('',*,*,#3332,.F.);
#6434 = PLANE('',#6435);
#6435 = AXIS2_PLACEMENT_3D('',#6436,#6437,#6438);
#6436 = CARTESIAN_POINT('',(73.675,-66.734377,4.1));
#6437 = DIRECTION('',(1.,0.,0.));
#6438 = DIRECTION('',(0.,1.,0.));
#6439 = ADVANCED_FACE('',(#6440),#6446,.F.);
#6440 = FACE_BOUND('',#6441,.F.);
#6441 = EDGE_LOOP('',(#6442,#6443,#6444,#6445));
#6442 = ORIENTED_EDGE('',*,*,#6394,.T.);
#6443 = ORIENTED_EDGE('',*,*,#4356,.T.);
#6444 = ORIENTED_EDGE('',*,*,#6426,.F.);
#6445 = ORIENTED_EDGE('',*,*,#3340,.F.);
#6446 = PLANE('',#6447);
#6447 = AXIS2_PLACEMENT_3D('',#6448,#6449,#6450);
#6448 = CARTESIAN_POINT('',(59.675,-66.734377,4.1));
#6449 = DIRECTION('',(0.,-1.,0.));
#6450 = DIRECTION('',(1.,0.,0.));
#6451 = ADVANCED_FACE('',(#6452),#6468,.F.);
#6452 = FACE_BOUND('',#6453,.F.);
#6453 = EDGE_LOOP('',(#6454,#6460,#6461,#6467));
#6454 = ORIENTED_EDGE('',*,*,#6455,.T.);
#6455 = EDGE_CURVE('',#3349,#3788,#6456,.T.);
#6456 = LINE('',#6457,#6458);
#6457 = CARTESIAN_POINT('',(116.825,-97.775,4.1));
#6458 = VECTOR('',#6459,1.);
#6459 = DIRECTION('',(-0.,-0.,-1.));
#6460 = ORIENTED_EDGE('',*,*,#3787,.T.);
#6461 = ORIENTED_EDGE('',*,*,#6462,.F.);
#6462 = EDGE_CURVE('',#3351,#3790,#6463,.T.);
#6463 = LINE('',#6464,#6465);
#6464 = CARTESIAN_POINT('',(116.825,-111.775,4.1));
#6465 = VECTOR('',#6466,1.);
#6466 = DIRECTION('',(-0.,-0.,-1.));
#6467 = ORIENTED_EDGE('',*,*,#3348,.F.);
#6468 = PLANE('',#6469);
#6469 = AXIS2_PLACEMENT_3D('',#6470,#6471,#6472);
#6470 = CARTESIAN_POINT('',(116.825,-97.775,4.1));
#6471 = DIRECTION('',(-1.,0.,0.));
#6472 = DIRECTION('',(0.,-1.,0.));
#6473 = ADVANCED_FACE('',(#6474),#6485,.F.);
#6474 = FACE_BOUND('',#6475,.F.);
#6475 = EDGE_LOOP('',(#6476,#6482,#6483,#6484));
#6476 = ORIENTED_EDGE('',*,*,#6477,.T.);
#6477 = EDGE_CURVE('',#3359,#3798,#6478,.T.);
#6478 = LINE('',#6479,#6480);
#6479 = CARTESIAN_POINT('',(130.825,-97.775,4.1));
#6480 = VECTOR('',#6481,1.);
#6481 = DIRECTION('',(-0.,-0.,-1.));
#6482 = ORIENTED_EDGE('',*,*,#3797,.T.);
#6483 = ORIENTED_EDGE('',*,*,#6455,.F.);
#6484 = ORIENTED_EDGE('',*,*,#3358,.F.);
#6485 = PLANE('',#6486);
#6486 = AXIS2_PLACEMENT_3D('',#6487,#6488,#6489);
#6487 = CARTESIAN_POINT('',(130.825,-97.775,4.1));
#6488 = DIRECTION('',(0.,1.,0.));
#6489 = DIRECTION('',(-1.,0.,0.));
#6490 = ADVANCED_FACE('',(#6491),#6502,.F.);
#6491 = FACE_BOUND('',#6492,.F.);
#6492 = EDGE_LOOP('',(#6493,#6499,#6500,#6501));
#6493 = ORIENTED_EDGE('',*,*,#6494,.T.);
#6494 = EDGE_CURVE('',#3367,#3806,#6495,.T.);
#6495 = LINE('',#6496,#6497);
#6496 = CARTESIAN_POINT('',(130.825,-111.775,4.1));
#6497 = VECTOR('',#6498,1.);
#6498 = DIRECTION('',(-0.,-0.,-1.));
#6499 = ORIENTED_EDGE('',*,*,#3805,.T.);
#6500 = ORIENTED_EDGE('',*,*,#6477,.F.);
#6501 = ORIENTED_EDGE('',*,*,#3366,.F.);
#6502 = PLANE('',#6503);
#6503 = AXIS2_PLACEMENT_3D('',#6504,#6505,#6506);
#6504 = CARTESIAN_POINT('',(130.825,-111.775,4.1));
#6505 = DIRECTION('',(1.,0.,0.));
#6506 = DIRECTION('',(0.,1.,0.));
#6507 = ADVANCED_FACE('',(#6508),#6514,.F.);
#6508 = FACE_BOUND('',#6509,.F.);
#6509 = EDGE_LOOP('',(#6510,#6511,#6512,#6513));
#6510 = ORIENTED_EDGE('',*,*,#6462,.T.);
#6511 = ORIENTED_EDGE('',*,*,#3813,.T.);
#6512 = ORIENTED_EDGE('',*,*,#6494,.F.);
#6513 = ORIENTED_EDGE('',*,*,#3374,.F.);
#6514 = PLANE('',#6515);
#6515 = AXIS2_PLACEMENT_3D('',#6516,#6517,#6518);
#6516 = CARTESIAN_POINT('',(116.825,-111.775,4.1));
#6517 = DIRECTION('',(0.,-1.,0.));
#6518 = DIRECTION('',(1.,0.,0.));
#6519 = ADVANCED_FACE('',(#6520),#6536,.F.);
#6520 = FACE_BOUND('',#6521,.F.);
#6521 = EDGE_LOOP('',(#6522,#6528,#6529,#6535));
#6522 = ORIENTED_EDGE('',*,*,#6523,.T.);
#6523 = EDGE_CURVE('',#3383,#4399,#6524,.T.);
#6524 = LINE('',#6525,#6526);
#6525 = CARTESIAN_POINT('',(116.825,-59.675,4.1));
#6526 = VECTOR('',#6527,1.);
#6527 = DIRECTION('',(-0.,-0.,-1.));
#6528 = ORIENTED_EDGE('',*,*,#4398,.T.);
#6529 = ORIENTED_EDGE('',*,*,#6530,.F.);
#6530 = EDGE_CURVE('',#3385,#4401,#6531,.T.);
#6531 = LINE('',#6532,#6533);
#6532 = CARTESIAN_POINT('',(116.825,-73.675,4.1));
#6533 = VECTOR('',#6534,1.);
#6534 = DIRECTION('',(-0.,-0.,-1.));
#6535 = ORIENTED_EDGE('',*,*,#3382,.F.);
#6536 = PLANE('',#6537);
#6537 = AXIS2_PLACEMENT_3D('',#6538,#6539,#6540);
#6538 = CARTESIAN_POINT('',(116.825,-59.675,4.1));
#6539 = DIRECTION('',(-1.,0.,0.));
#6540 = DIRECTION('',(0.,-1.,0.));
#6541 = ADVANCED_FACE('',(#6542),#6553,.F.);
#6542 = FACE_BOUND('',#6543,.F.);
#6543 = EDGE_LOOP('',(#6544,#6550,#6551,#6552));
#6544 = ORIENTED_EDGE('',*,*,#6545,.T.);
#6545 = EDGE_CURVE('',#3393,#4409,#6546,.T.);
#6546 = LINE('',#6547,#6548);
#6547 = CARTESIAN_POINT('',(130.825,-59.675,4.1));
#6548 = VECTOR('',#6549,1.);
#6549 = DIRECTION('',(-0.,-0.,-1.));
#6550 = ORIENTED_EDGE('',*,*,#4408,.T.);
#6551 = ORIENTED_EDGE('',*,*,#6523,.F.);
#6552 = ORIENTED_EDGE('',*,*,#3392,.F.);
#6553 = PLANE('',#6554);
#6554 = AXIS2_PLACEMENT_3D('',#6555,#6556,#6557);
#6555 = CARTESIAN_POINT('',(130.825,-59.675,4.1));
#6556 = DIRECTION('',(0.,1.,0.));
#6557 = DIRECTION('',(-1.,0.,0.));
#6558 = ADVANCED_FACE('',(#6559),#6570,.F.);
#6559 = FACE_BOUND('',#6560,.F.);
#6560 = EDGE_LOOP('',(#6561,#6567,#6568,#6569));
#6561 = ORIENTED_EDGE('',*,*,#6562,.T.);
#6562 = EDGE_CURVE('',#3401,#4417,#6563,.T.);
#6563 = LINE('',#6564,#6565);
#6564 = CARTESIAN_POINT('',(130.825,-73.675,4.1));
#6565 = VECTOR('',#6566,1.);
#6566 = DIRECTION('',(-0.,-0.,-1.));
#6567 = ORIENTED_EDGE('',*,*,#4416,.T.);
#6568 = ORIENTED_EDGE('',*,*,#6545,.F.);
#6569 = ORIENTED_EDGE('',*,*,#3400,.F.);
#6570 = PLANE('',#6571);
#6571 = AXIS2_PLACEMENT_3D('',#6572,#6573,#6574);
#6572 = CARTESIAN_POINT('',(130.825,-73.675,4.1));
#6573 = DIRECTION('',(1.,0.,0.));
#6574 = DIRECTION('',(0.,1.,0.));
#6575 = ADVANCED_FACE('',(#6576),#6582,.F.);
#6576 = FACE_BOUND('',#6577,.F.);
#6577 = EDGE_LOOP('',(#6578,#6579,#6580,#6581));
#6578 = ORIENTED_EDGE('',*,*,#6530,.T.);
#6579 = ORIENTED_EDGE('',*,*,#4424,.T.);
#6580 = ORIENTED_EDGE('',*,*,#6562,.F.);
#6581 = ORIENTED_EDGE('',*,*,#3408,.F.);
#6582 = PLANE('',#6583);
#6583 = AXIS2_PLACEMENT_3D('',#6584,#6585,#6586);
#6584 = CARTESIAN_POINT('',(116.825,-73.675,4.1));
#6585 = DIRECTION('',(0.,-1.,0.));
#6586 = DIRECTION('',(1.,0.,0.));
#6587 = ADVANCED_FACE('',(#6588),#6604,.F.);
#6588 = FACE_BOUND('',#6589,.F.);
#6589 = EDGE_LOOP('',(#6590,#6596,#6597,#6603));
#6590 = ORIENTED_EDGE('',*,*,#6591,.T.);
#6591 = EDGE_CURVE('',#3417,#4467,#6592,.T.);
#6592 = LINE('',#6593,#6594);
#6593 = CARTESIAN_POINT('',(116.825,-40.625,4.1));
#6594 = VECTOR('',#6595,1.);
#6595 = DIRECTION('',(-0.,-0.,-1.));
#6596 = ORIENTED_EDGE('',*,*,#4466,.T.);
#6597 = ORIENTED_EDGE('',*,*,#6598,.F.);
#6598 = EDGE_CURVE('',#3419,#4469,#6599,.T.);
#6599 = LINE('',#6600,#6601);
#6600 = CARTESIAN_POINT('',(116.825,-54.625,4.1));
#6601 = VECTOR('',#6602,1.);
#6602 = DIRECTION('',(-0.,-0.,-1.));
#6603 = ORIENTED_EDGE('',*,*,#3416,.F.);
#6604 = PLANE('',#6605);
#6605 = AXIS2_PLACEMENT_3D('',#6606,#6607,#6608);
#6606 = CARTESIAN_POINT('',(116.825,-40.625,4.1));
#6607 = DIRECTION('',(-1.,0.,0.));
#6608 = DIRECTION('',(0.,-1.,0.));
#6609 = ADVANCED_FACE('',(#6610),#6621,.F.);
#6610 = FACE_BOUND('',#6611,.F.);
#6611 = EDGE_LOOP('',(#6612,#6618,#6619,#6620));
#6612 = ORIENTED_EDGE('',*,*,#6613,.T.);
#6613 = EDGE_CURVE('',#3427,#4477,#6614,.T.);
#6614 = LINE('',#6615,#6616);
#6615 = CARTESIAN_POINT('',(130.825,-40.625,4.1));
#6616 = VECTOR('',#6617,1.);
#6617 = DIRECTION('',(-0.,-0.,-1.));
#6618 = ORIENTED_EDGE('',*,*,#4476,.T.);
#6619 = ORIENTED_EDGE('',*,*,#6591,.F.);
#6620 = ORIENTED_EDGE('',*,*,#3426,.F.);
#6621 = PLANE('',#6622);
#6622 = AXIS2_PLACEMENT_3D('',#6623,#6624,#6625);
#6623 = CARTESIAN_POINT('',(130.825,-40.625,4.1));
#6624 = DIRECTION('',(0.,1.,0.));
#6625 = DIRECTION('',(-1.,0.,0.));
#6626 = ADVANCED_FACE('',(#6627),#6638,.F.);
#6627 = FACE_BOUND('',#6628,.F.);
#6628 = EDGE_LOOP('',(#6629,#6635,#6636,#6637));
#6629 = ORIENTED_EDGE('',*,*,#6630,.T.);
#6630 = EDGE_CURVE('',#3435,#4485,#6631,.T.);
#6631 = LINE('',#6632,#6633);
#6632 = CARTESIAN_POINT('',(130.825,-54.625,4.1));
#6633 = VECTOR('',#6634,1.);
#6634 = DIRECTION('',(-0.,-0.,-1.));
#6635 = ORIENTED_EDGE('',*,*,#4484,.T.);
#6636 = ORIENTED_EDGE('',*,*,#6613,.F.);
#6637 = ORIENTED_EDGE('',*,*,#3434,.F.);
#6638 = PLANE('',#6639);
#6639 = AXIS2_PLACEMENT_3D('',#6640,#6641,#6642);
#6640 = CARTESIAN_POINT('',(130.825,-54.625,4.1));
#6641 = DIRECTION('',(1.,0.,0.));
#6642 = DIRECTION('',(0.,1.,0.));
#6643 = ADVANCED_FACE('',(#6644),#6650,.F.);
#6644 = FACE_BOUND('',#6645,.F.);
#6645 = EDGE_LOOP('',(#6646,#6647,#6648,#6649));
#6646 = ORIENTED_EDGE('',*,*,#6598,.T.);
#6647 = ORIENTED_EDGE('',*,*,#4492,.T.);
#6648 = ORIENTED_EDGE('',*,*,#6630,.F.);
#6649 = ORIENTED_EDGE('',*,*,#3442,.F.);
#6650 = PLANE('',#6651);
#6651 = AXIS2_PLACEMENT_3D('',#6652,#6653,#6654);
#6652 = CARTESIAN_POINT('',(116.825,-54.625,4.1));
#6653 = DIRECTION('',(0.,-1.,0.));
#6654 = DIRECTION('',(1.,0.,0.));
#6655 = ADVANCED_FACE('',(#6656),#6672,.F.);
#6656 = FACE_BOUND('',#6657,.F.);
#6657 = EDGE_LOOP('',(#6658,#6664,#6665,#6671));
#6658 = ORIENTED_EDGE('',*,*,#6659,.T.);
#6659 = EDGE_CURVE('',#3451,#4252,#6660,.T.);
#6660 = LINE('',#6661,#6662);
#6661 = CARTESIAN_POINT('',(116.825,-78.725,4.1));
#6662 = VECTOR('',#6663,1.);
#6663 = DIRECTION('',(-0.,-0.,-1.));
#6664 = ORIENTED_EDGE('',*,*,#4251,.T.);
#6665 = ORIENTED_EDGE('',*,*,#6666,.F.);
#6666 = EDGE_CURVE('',#3453,#4254,#6667,.T.);
#6667 = LINE('',#6668,#6669);
#6668 = CARTESIAN_POINT('',(116.825,-92.725,4.1));
#6669 = VECTOR('',#6670,1.);
#6670 = DIRECTION('',(-0.,-0.,-1.));
#6671 = ORIENTED_EDGE('',*,*,#3450,.F.);
#6672 = PLANE('',#6673);
#6673 = AXIS2_PLACEMENT_3D('',#6674,#6675,#6676);
#6674 = CARTESIAN_POINT('',(116.825,-78.725,4.1));
#6675 = DIRECTION('',(-1.,0.,0.));
#6676 = DIRECTION('',(0.,-1.,0.));
#6677 = ADVANCED_FACE('',(#6678),#6689,.F.);
#6678 = FACE_BOUND('',#6679,.F.);
#6679 = EDGE_LOOP('',(#6680,#6686,#6687,#6688));
#6680 = ORIENTED_EDGE('',*,*,#6681,.T.);
#6681 = EDGE_CURVE('',#3461,#4262,#6682,.T.);
#6682 = LINE('',#6683,#6684);
#6683 = CARTESIAN_POINT('',(130.825,-78.725,4.1));
#6684 = VECTOR('',#6685,1.);
#6685 = DIRECTION('',(-0.,-0.,-1.));
#6686 = ORIENTED_EDGE('',*,*,#4261,.T.);
#6687 = ORIENTED_EDGE('',*,*,#6659,.F.);
#6688 = ORIENTED_EDGE('',*,*,#3460,.F.);
#6689 = PLANE('',#6690);
#6690 = AXIS2_PLACEMENT_3D('',#6691,#6692,#6693);
#6691 = CARTESIAN_POINT('',(130.825,-78.725,4.1));
#6692 = DIRECTION('',(0.,1.,0.));
#6693 = DIRECTION('',(-1.,0.,0.));
#6694 = ADVANCED_FACE('',(#6695),#6706,.F.);
#6695 = FACE_BOUND('',#6696,.F.);
#6696 = EDGE_LOOP('',(#6697,#6703,#6704,#6705));
#6697 = ORIENTED_EDGE('',*,*,#6698,.T.);
#6698 = EDGE_CURVE('',#3469,#4270,#6699,.T.);
#6699 = LINE('',#6700,#6701);
#6700 = CARTESIAN_POINT('',(130.825,-92.725,4.1));
#6701 = VECTOR('',#6702,1.);
#6702 = DIRECTION('',(-0.,-0.,-1.));
#6703 = ORIENTED_EDGE('',*,*,#4269,.T.);
#6704 = ORIENTED_EDGE('',*,*,#6681,.F.);
#6705 = ORIENTED_EDGE('',*,*,#3468,.F.);
#6706 = PLANE('',#6707);
#6707 = AXIS2_PLACEMENT_3D('',#6708,#6709,#6710);
#6708 = CARTESIAN_POINT('',(130.825,-92.725,4.1));
#6709 = DIRECTION('',(1.,0.,0.));
#6710 = DIRECTION('',(0.,1.,0.));
#6711 = ADVANCED_FACE('',(#6712),#6718,.F.);
#6712 = FACE_BOUND('',#6713,.F.);
#6713 = EDGE_LOOP('',(#6714,#6715,#6716,#6717));
#6714 = ORIENTED_EDGE('',*,*,#6666,.T.);
#6715 = ORIENTED_EDGE('',*,*,#4277,.T.);
#6716 = ORIENTED_EDGE('',*,*,#6698,.F.);
#6717 = ORIENTED_EDGE('',*,*,#3476,.F.);
#6718 = PLANE('',#6719);
#6719 = AXIS2_PLACEMENT_3D('',#6720,#6721,#6722);
#6720 = CARTESIAN_POINT('',(116.825,-92.725,4.1));
#6721 = DIRECTION('',(0.,-1.,0.));
#6722 = DIRECTION('',(1.,0.,0.));
#6723 = ADVANCED_FACE('',(#6724),#6740,.F.);
#6724 = FACE_BOUND('',#6725,.F.);
#6725 = EDGE_LOOP('',(#6726,#6732,#6733,#6739));
#6726 = ORIENTED_EDGE('',*,*,#6727,.T.);
#6727 = EDGE_CURVE('',#3485,#4705,#6728,.T.);
#6728 = LINE('',#6729,#6730);
#6729 = CARTESIAN_POINT('',(140.815625,-43.73125,4.1));
#6730 = VECTOR('',#6731,1.);
#6731 = DIRECTION('',(-0.,-0.,-1.));
#6732 = ORIENTED_EDGE('',*,*,#4704,.T.);
#6733 = ORIENTED_EDGE('',*,*,#6734,.F.);
#6734 = EDGE_CURVE('',#3487,#4707,#6735,.T.);
#6735 = LINE('',#6736,#6737);
#6736 = CARTESIAN_POINT('',(147.315625,-43.73125,4.1));
#6737 = VECTOR('',#6738,1.);
#6738 = DIRECTION('',(-0.,-0.,-1.));
#6739 = ORIENTED_EDGE('',*,*,#3484,.F.);
#6740 = PLANE('',#6741);
#6741 = AXIS2_PLACEMENT_3D('',#6742,#6743,#6744);
#6742 = CARTESIAN_POINT('',(140.815625,-43.73125,4.1));
#6743 = DIRECTION('',(0.,-1.,0.));
#6744 = DIRECTION('',(1.,0.,0.));
#6745 = ADVANCED_FACE('',(#6746),#6757,.F.);
#6746 = FACE_BOUND('',#6747,.F.);
#6747 = EDGE_LOOP('',(#6748,#6754,#6755,#6756));
#6748 = ORIENTED_EDGE('',*,*,#6749,.T.);
#6749 = EDGE_CURVE('',#3495,#4715,#6750,.T.);
#6750 = LINE('',#6751,#6752);
#6751 = CARTESIAN_POINT('',(140.815625,-37.23125,4.1));
#6752 = VECTOR('',#6753,1.);
#6753 = DIRECTION('',(-0.,-0.,-1.));
#6754 = ORIENTED_EDGE('',*,*,#4714,.T.);
#6755 = ORIENTED_EDGE('',*,*,#6727,.F.);
#6756 = ORIENTED_EDGE('',*,*,#3494,.F.);
#6757 = PLANE('',#6758);
#6758 = AXIS2_PLACEMENT_3D('',#6759,#6760,#6761);
#6759 = CARTESIAN_POINT('',(140.815625,-37.23125,4.1));
#6760 = DIRECTION('',(-1.,0.,0.));
#6761 = DIRECTION('',(0.,-1.,0.));
#6762 = ADVANCED_FACE('',(#6763),#6774,.F.);
#6763 = FACE_BOUND('',#6764,.F.);
#6764 = EDGE_LOOP('',(#6765,#6771,#6772,#6773));
#6765 = ORIENTED_EDGE('',*,*,#6766,.T.);
#6766 = EDGE_CURVE('',#3503,#4723,#6767,.T.);
#6767 = LINE('',#6768,#6769);
#6768 = CARTESIAN_POINT('',(147.315625,-37.23125,4.1));
#6769 = VECTOR('',#6770,1.);
#6770 = DIRECTION('',(-0.,-0.,-1.));
#6771 = ORIENTED_EDGE('',*,*,#4722,.T.);
#6772 = ORIENTED_EDGE('',*,*,#6749,.F.);
#6773 = ORIENTED_EDGE('',*,*,#3502,.F.);
#6774 = PLANE('',#6775);
#6775 = AXIS2_PLACEMENT_3D('',#6776,#6777,#6778);
#6776 = CARTESIAN_POINT('',(147.315625,-37.23125,4.1));
#6777 = DIRECTION('',(0.,1.,0.));
#6778 = DIRECTION('',(-1.,0.,0.));
#6779 = ADVANCED_FACE('',(#6780),#6786,.F.);
#6780 = FACE_BOUND('',#6781,.F.);
#6781 = EDGE_LOOP('',(#6782,#6783,#6784,#6785));
#6782 = ORIENTED_EDGE('',*,*,#6734,.T.);
#6783 = ORIENTED_EDGE('',*,*,#4730,.T.);
#6784 = ORIENTED_EDGE('',*,*,#6766,.F.);
#6785 = ORIENTED_EDGE('',*,*,#3510,.F.);
#6786 = PLANE('',#6787);
#6787 = AXIS2_PLACEMENT_3D('',#6788,#6789,#6790);
#6788 = CARTESIAN_POINT('',(147.315625,-43.73125,4.1));
#6789 = DIRECTION('',(1.,0.,0.));
#6790 = DIRECTION('',(0.,1.,0.));
#6791 = ADVANCED_FACE('',(#6792),#6803,.F.);
#6792 = FACE_BOUND('',#6793,.F.);
#6793 = EDGE_LOOP('',(#6794,#6800,#6801,#6802));
#6794 = ORIENTED_EDGE('',*,*,#6795,.T.);
#6795 = EDGE_CURVE('',#3519,#4320,#6796,.T.);
#6796 = LINE('',#6797,#6798);
#6797 = CARTESIAN_POINT('',(116.270642,-78.898751,4.1));
#6798 = VECTOR('',#6799,1.);
#6799 = DIRECTION('',(-0.,-0.,-1.));
#6800 = ORIENTED_EDGE('',*,*,#4319,.T.);
#6801 = ORIENTED_EDGE('',*,*,#6795,.F.);
#6802 = ORIENTED_EDGE('',*,*,#3518,.F.);
#6803 = CYLINDRICAL_SURFACE('',#6804,2.5);
#6804 = AXIS2_PLACEMENT_3D('',#6805,#6806,#6807);
#6805 = CARTESIAN_POINT('',(113.770642,-78.898751,4.1));
#6806 = DIRECTION('',(0.,0.,1.));
#6807 = DIRECTION('',(1.,0.,0.));
#6808 = ADVANCED_FACE('',(#6809),#6820,.F.);
#6809 = FACE_BOUND('',#6810,.F.);
#6810 = EDGE_LOOP('',(#6811,#6817,#6818,#6819));
#6811 = ORIENTED_EDGE('',*,*,#6812,.T.);
#6812 = EDGE_CURVE('',#3530,#4207,#6813,.T.);
#6813 = LINE('',#6814,#6815);
#6814 = CARTESIAN_POINT('',(78.7,-69.259375,4.1));
#6815 = VECTOR('',#6816,1.);
#6816 = DIRECTION('',(-0.,-0.,-1.));
#6817 = ORIENTED_EDGE('',*,*,#4206,.T.);
#6818 = ORIENTED_EDGE('',*,*,#6812,.F.);
#6819 = ORIENTED_EDGE('',*,*,#3529,.F.);
#6820 = CYLINDRICAL_SURFACE('',#6821,2.5);
#6821 = AXIS2_PLACEMENT_3D('',#6822,#6823,#6824);
#6822 = CARTESIAN_POINT('',(76.2,-69.259375,4.1));
#6823 = DIRECTION('',(0.,0.,1.));
#6824 = DIRECTION('',(1.,0.,0.));
#6825 = ADVANCED_FACE('',(#6826),#6837,.F.);
#6826 = FACE_BOUND('',#6827,.F.);
#6827 = EDGE_LOOP('',(#6828,#6834,#6835,#6836));
#6828 = ORIENTED_EDGE('',*,*,#6829,.T.);
#6829 = EDGE_CURVE('',#3541,#4026,#6830,.T.);
#6830 = LINE('',#6831,#6832);
#6831 = CARTESIAN_POINT('',(178.7125,-123.825,4.1));
#6832 = VECTOR('',#6833,1.);
#6833 = DIRECTION('',(-0.,-0.,-1.));
#6834 = ORIENTED_EDGE('',*,*,#4025,.T.);
#6835 = ORIENTED_EDGE('',*,*,#6829,.F.);
#6836 = ORIENTED_EDGE('',*,*,#3540,.F.);
#6837 = CYLINDRICAL_SURFACE('',#6838,2.5);
#6838 = AXIS2_PLACEMENT_3D('',#6839,#6840,#6841);
#6839 = CARTESIAN_POINT('',(176.2125,-123.825,4.1));
#6840 = DIRECTION('',(0.,0.,1.));
#6841 = DIRECTION('',(1.,0.,0.));
#6842 = ADVANCED_FACE('',(#6843),#6854,.F.);
#6843 = FACE_BOUND('',#6844,.F.);
#6844 = EDGE_LOOP('',(#6845,#6851,#6852,#6853));
#6845 = ORIENTED_EDGE('',*,*,#6846,.T.);
#6846 = EDGE_CURVE('',#3552,#3732,#6847,.T.);
#6847 = LINE('',#6848,#6849);
#6848 = CARTESIAN_POINT('',(78.7,-107.359375,4.1));
#6849 = VECTOR('',#6850,1.);
#6850 = DIRECTION('',(-0.,-0.,-1.));
#6851 = ORIENTED_EDGE('',*,*,#3731,.T.);
#6852 = ORIENTED_EDGE('',*,*,#6846,.F.);
#6853 = ORIENTED_EDGE('',*,*,#3551,.F.);
#6854 = CYLINDRICAL_SURFACE('',#6855,2.5);
#6855 = AXIS2_PLACEMENT_3D('',#6856,#6857,#6858);
#6856 = CARTESIAN_POINT('',(76.2,-107.359375,4.1));
#6857 = DIRECTION('',(0.,0.,1.));
#6858 = DIRECTION('',(1.,0.,0.));
#6859 = ADVANCED_FACE('',(#6860),#6871,.F.);
#6860 = FACE_BOUND('',#6861,.F.);
#6861 = EDGE_LOOP('',(#6862,#6868,#6869,#6870));
#6862 = ORIENTED_EDGE('',*,*,#6863,.T.);
#6863 = EDGE_CURVE('',#3563,#3743,#6864,.T.);
#6864 = LINE('',#6865,#6866);
#6865 = CARTESIAN_POINT('',(131.0875,-121.44375,4.1));
#6866 = VECTOR('',#6867,1.);
#6867 = DIRECTION('',(-0.,-0.,-1.));
#6868 = ORIENTED_EDGE('',*,*,#3742,.T.);
#6869 = ORIENTED_EDGE('',*,*,#6863,.F.);
#6870 = ORIENTED_EDGE('',*,*,#3562,.F.);
#6871 = CYLINDRICAL_SURFACE('',#6872,2.5);
#6872 = AXIS2_PLACEMENT_3D('',#6873,#6874,#6875);
#6873 = CARTESIAN_POINT('',(128.5875,-121.44375,4.1));
#6874 = DIRECTION('',(0.,0.,1.));
#6875 = DIRECTION('',(1.,0.,0.));
#6876 = ADVANCED_FACE('',(#6877),#6888,.F.);
#6877 = FACE_BOUND('',#6878,.F.);
#6878 = EDGE_LOOP('',(#6879,#6885,#6886,#6887));
#6879 = ORIENTED_EDGE('',*,*,#6880,.T.);
#6880 = EDGE_CURVE('',#3574,#4739,#6881,.T.);
#6881 = LINE('',#6882,#6883);
#6882 = CARTESIAN_POINT('',(170.378125,-42.8625,4.1));
#6883 = VECTOR('',#6884,1.);
#6884 = DIRECTION('',(-0.,-0.,-1.));
#6885 = ORIENTED_EDGE('',*,*,#4738,.T.);
#6886 = ORIENTED_EDGE('',*,*,#6880,.F.);
#6887 = ORIENTED_EDGE('',*,*,#3573,.F.);
#6888 = CYLINDRICAL_SURFACE('',#6889,2.5);
#6889 = AXIS2_PLACEMENT_3D('',#6890,#6891,#6892);
#6890 = CARTESIAN_POINT('',(167.878125,-42.8625,4.1));
#6891 = DIRECTION('',(0.,0.,1.));
#6892 = DIRECTION('',(1.,0.,0.));
#6893 = ( GEOMETRIC_REPRESENTATION_CONTEXT(3) 
GLOBAL_UNCERTAINTY_ASSIGNED_CONTEXT((#6897)) 
GLOBAL_UNIT_ASSIGNED_CONTEXT((#6894,#6895,#6896)) REPRESENTATION_CONTEXT
('Context #1','3D Context with UNIT and UNCERTAINTY') );
#6894 = ( LENGTH_UNIT() NAMED_UNIT(*) SI_UNIT(.MILLI.,.METRE.) );
#6895 = ( NAMED_UNIT(*) PLANE_ANGLE_UNIT() SI_UNIT($,.RADIAN.) );
#6896 = ( NAMED_UNIT(*) SI_UNIT($,.STERADIAN.) SOLID_ANGLE_UNIT() );
#6897 = UNCERTAINTY_MEASURE_WITH_UNIT(LENGTH_MEASURE(1.E-05),#6894,
  'distance_accuracy_value','confusion accuracy');
#6898 = PRODUCT_RELATED_PRODUCT_CATEGORY('part',$,(#7));
#6899 = MECHANICAL_DESIGN_GEOMETRIC_PRESENTATION_REPRESENTATION('',(
    #6900),#6893);
#6900 = STYLED_ITEM('color',(#6901),#15);
#6901 = PRESENTATION_STYLE_ASSIGNMENT((#6902,#6908));
#6902 = SURFACE_STYLE_USAGE(.BOTH.,#6903);
#6903 = SURFACE_SIDE_STYLE('',(#6904));
#6904 = SURFACE_STYLE_FILL_AREA(#6905);
#6905 = FILL_AREA_STYLE('',(#6906));
#6906 = FILL_AREA_STYLE_COLOUR('',#6907);
#6907 = DRAUGHTING_PRE_DEFINED_COLOUR('black');
#6908 = CURVE_STYLE('',#6909,POSITIVE_LENGTH_MEASURE(0.1),#6910);
#6909 = DRAUGHTING_PRE_DEFINED_CURVE_FONT('continuous');
#6910 = COLOUR_RGB('',9.803921802644E-02,9.803921802644E-02,
  9.803921802644E-02);
ENDSEC;
END-ISO-10303-21;
