ISO-10303-21;
HEADER;
FILE_DESCRIPTION(('FreeCAD Model'),'2;1');
FILE_NAME('Open CASCADE Shape Model','2026-06-08T16:27:18',(''),(''),
  'Open CASCADE STEP processor 7.8','FreeCAD','Unknown');
FILE_SCHEMA(('AUTOMOTIVE_DESIGN { 1 0 10303 214 1 1 1 1 }'));
ENDSEC;
DATA;
#1 = APPLICATION_PROTOCOL_DEFINITION('international standard',
  'automotive_design',2000,#2);
#2 = APPLICATION_CONTEXT(
  'core data for automotive mechanical design processes');
#3 = SHAPE_DEFINITION_REPRESENTATION(#4,#10);
#4 = PRODUCT_DEFINITION_SHAPE('','',#5);
#5 = PRODUCT_DEFINITION('design','',#6,#9);
#6 = PRODUCT_DEFINITION_FORMATION('','',#7);
#7 = PRODUCT('tenting','tenting','',(#8));
#8 = PRODUCT_CONTEXT('',#2,'mechanical');
#9 = PRODUCT_DEFINITION_CONTEXT('part definition',#2,'design');
#10 = ADVANCED_BREP_SHAPE_REPRESENTATION('',(#11,#15),#5114);
#11 = AXIS2_PLACEMENT_3D('',#12,#13,#14);
#12 = CARTESIAN_POINT('',(0.,0.,0.));
#13 = DIRECTION('',(0.,0.,1.));
#14 = DIRECTION('',(1.,0.,-0.));
#15 = MANIFOLD_SOLID_BREP('',#16);
#16 = CLOSED_SHELL('',(#17,#91,#170,#231,#313,#375,#437,#519,#608,#647,
    #682,#767,#1434,#1478,#1536,#1569,#1702,#1719,#1760,#1917,#1937,
    #1968,#2009,#2073,#2096,#2120,#2161,#2195,#2218,#2283,#2306,#3031,
    #3054,#3107,#3143,#3160,#3198,#3215,#3232,#3249,#3266,#3284,#3302,
    #3320,#3337,#3369,#3393,#3423,#3440,#3472,#3503,#3520,#3569,#3603,
    #3628,#3652,#3684,#3724,#3749,#3773,#3798,#3838,#3863,#3883,#3924,
    #3976,#4000,#4043,#4067,#4091,#4113,#4137,#4154,#4171,#4196,#4220,
    #4244,#4268,#4285,#4323,#4348,#4365,#4389,#4401,#4426,#4450,#4475,
    #4499,#4524,#4571,#4583,#4713,#4725,#4737,#4761,#4778,#4802,#4819,
    #4831,#4855,#4872,#4884,#4901,#4918,#4935,#4952,#4969,#4986,#5003,
    #5020,#5037,#5054,#5071,#5088,#5100));
#17 = ADVANCED_FACE('',(#18),#86,.F.);
#18 = FACE_BOUND('',#19,.T.);
#19 = EDGE_LOOP('',(#20,#30,#45,#62,#70));
#20 = ORIENTED_EDGE('',*,*,#21,.T.);
#21 = EDGE_CURVE('',#22,#24,#26,.T.);
#22 = VERTEX_POINT('',#23);
#23 = CARTESIAN_POINT('',(180.65666129494,-162.873237698,-28.20133254073
    ));
#24 = VERTEX_POINT('',#25);
#25 = CARTESIAN_POINT('',(180.65666129494,-162.873237698,-5.236664154788
    ));
#26 = LINE('',#27,#28);
#27 = CARTESIAN_POINT('',(180.65666129494,-162.873237698,-4.));
#28 = VECTOR('',#29,1.);
#29 = DIRECTION('',(0.,0.,1.));
#30 = ORIENTED_EDGE('',*,*,#31,.T.);
#31 = EDGE_CURVE('',#24,#32,#34,.T.);
#32 = VERTEX_POINT('',#33);
#33 = CARTESIAN_POINT('',(166.86238749688,-155.3637084203,-21.7057383766
    ));
#34 = B_SPLINE_CURVE_WITH_KNOTS('',9,(#35,#36,#37,#38,#39,#40,#41,#42,
    #43,#44),.UNSPECIFIED.,.F.,.F.,(10,10),(1.256745211259,
    24.881724225201),.PIECEWISE_BEZIER_KNOTS.);
#35 = CARTESIAN_POINT('',(180.65666129494,-162.873237698,-5.236664154788
    ));
#36 = CARTESIAN_POINT('',(179.12583290109,-161.8940973109,
    -7.056452265766));
#37 = CARTESIAN_POINT('',(177.58826047296,-160.9502010124,
    -8.902447211941));
#38 = CARTESIAN_POINT('',(176.02531853758,-160.0286813117,-10.7680859318
    ));
#39 = CARTESIAN_POINT('',(174.44691188157,-159.1374128967,
    -12.65157246443));
#40 = CARTESIAN_POINT('',(172.85225363014,-158.2745603332,
    -14.55628344597));
#41 = CARTESIAN_POINT('',(171.24203552942,-157.4412265438,-16.4781155088
    ));
#42 = CARTESIAN_POINT('',(169.61683224188,-156.6374087721,
    -18.41804690568));
#43 = CARTESIAN_POINT('',(167.97743606551,-155.8635837133,
    -20.37495566299));
#44 = CARTESIAN_POINT('',(166.3242993938,-155.1199393673,-22.34795288262
    ));
#45 = ORIENTED_EDGE('',*,*,#46,.T.);
#46 = EDGE_CURVE('',#32,#47,#49,.T.);
#47 = VERTEX_POINT('',#48);
#48 = CARTESIAN_POINT('',(154.29082069444,-150.5230027484,-19.4891105184
    ));
#49 = B_SPLINE_CURVE_WITH_KNOTS('',11,(#50,#51,#52,#53,#54,#55,#56,#57,
    #58,#59,#60,#61),.UNSPECIFIED.,.F.,.F.,(12,12),(-0.877536963278,
    13.385069088586),.PIECEWISE_BEZIER_KNOTS.);
#50 = CARTESIAN_POINT('',(167.40874455335,-155.614753167,-21.80204733651
    ));
#51 = CARTESIAN_POINT('',(166.2470073351,-155.0771488593,-21.59725304959
    ));
#52 = CARTESIAN_POINT('',(165.07839848936,-154.5541834949,
    -21.39131734916));
#53 = CARTESIAN_POINT('',(163.90341663731,-154.0460898463,
    -21.18406332591));
#54 = CARTESIAN_POINT('',(162.72172426373,-153.5527001328,
    -20.97600829264));
#55 = CARTESIAN_POINT('',(161.53431545676,-153.0744806205,
    -20.76636453313));
#56 = CARTESIAN_POINT('',(160.3405324823,-152.6110908079,-20.55627470432
    ));
#57 = CARTESIAN_POINT('',(159.14131199418,-152.1629792385,
    -20.34458726567));
#58 = CARTESIAN_POINT('',(157.93643550947,-151.7299884089,
    -20.13240313456));
#59 = CARTESIAN_POINT('',(156.72623469355,-151.3122891755,
    -19.91891987381));
#60 = CARTESIAN_POINT('',(155.51107698454,-150.9099712273,
    -19.70477898699));
#61 = CARTESIAN_POINT('',(154.29082069444,-150.5230027484,-19.4891105184
    ));
#62 = ORIENTED_EDGE('',*,*,#63,.T.);
#63 = EDGE_CURVE('',#47,#64,#66,.T.);
#64 = VERTEX_POINT('',#65);
#65 = CARTESIAN_POINT('',(154.29082069444,-150.5230027484,
    -23.55208628269));
#66 = LINE('',#67,#68);
#67 = CARTESIAN_POINT('',(154.29082069444,-150.5230027484,-4.));
#68 = VECTOR('',#69,1.);
#69 = DIRECTION('',(0.,0.,-1.));
#70 = ORIENTED_EDGE('',*,*,#71,.T.);
#71 = EDGE_CURVE('',#64,#22,#72,.T.);
#72 = B_SPLINE_CURVE_WITH_KNOTS('',12,(#73,#74,#75,#76,#77,#78,#79,#80,
    #81,#82,#83,#84,#85),.UNSPECIFIED.,.F.,.F.,(13,13),(657.39393939263,
    686.98615218785),.PIECEWISE_BEZIER_KNOTS.);
#73 = CARTESIAN_POINT('',(154.29082069444,-150.5230027484,
    -23.55208628269));
#74 = CARTESIAN_POINT('',(156.61713946176,-151.260726489,-23.96206016162
    ));
#75 = CARTESIAN_POINT('',(158.92406233276,-152.0534844597,
    -24.37076809469));
#76 = CARTESIAN_POINT('',(161.21223853188,-152.9009927751,
    -24.76593660177));
#77 = CARTESIAN_POINT('',(163.48006503822,-153.8045059638,
    -25.19610911934));
#78 = CARTESIAN_POINT('',(165.71987609315,-154.7557847694,
    -25.51413884293));
#79 = CARTESIAN_POINT('',(167.94714915401,-155.7723972253,
    -26.05137473981));
#80 = CARTESIAN_POINT('',(170.12572160571,-156.8189643727,
    -26.22805721017));
#81 = CARTESIAN_POINT('',(172.31027502848,-157.9474208537,
    -26.85046232403));
#82 = CARTESIAN_POINT('',(174.41629634026,-159.0860860495,
    -27.00371059802));
#83 = CARTESIAN_POINT('',(176.54534614549,-160.312784246,-27.52472624028
    ));
#84 = CARTESIAN_POINT('',(178.6001124917,-161.5578387941,-27.83370800855
    ));
#85 = CARTESIAN_POINT('',(180.65666129494,-162.873237698,-28.20133254073
    ));
#86 = CYLINDRICAL_SURFACE('',#87,111.46535512408);
#87 = AXIS2_PLACEMENT_3D('',#88,#89,#90);
#88 = CARTESIAN_POINT('',(120.59651671616,-256.7737404981,-4.));
#89 = DIRECTION('',(0.,0.,1.));
#90 = DIRECTION('',(1.,0.,0.));
#91 = ADVANCED_FACE('',(#92),#165,.T.);
#92 = FACE_BOUND('',#93,.F.);
#93 = EDGE_LOOP('',(#94,#95,#123,#132,#140));
#94 = ORIENTED_EDGE('',*,*,#21,.T.);
#95 = ORIENTED_EDGE('',*,*,#96,.F.);
#96 = EDGE_CURVE('',#97,#24,#99,.T.);
#97 = VERTEX_POINT('',#98);
#98 = CARTESIAN_POINT('',(181.28827474344,-163.2451476445,
    -4.499999999997));
#99 = B_SPLINE_CURVE_WITH_KNOTS('',8,(#100,#101,#102,#103,#104,#105,#106
    ,#107,#108,#109,#110,#111,#112,#113,#114,#115,#116,#117,#118,#119,
    #120,#121,#122),.UNSPECIFIED.,.F.,.F.,(9,7,7,9),(-1.426154591648,
    -0.458905043466,0.746189017496,1.256745211259),.UNSPECIFIED.);
#100 = CARTESIAN_POINT('',(182.36095561863,-163.6875783825,
    -3.261086100894));
#101 = CARTESIAN_POINT('',(182.28109331426,-163.6563436552,
    -3.353450338282));
#102 = CARTESIAN_POINT('',(182.20123100988,-163.6251089279,
    -3.445814575671));
#103 = CARTESIAN_POINT('',(182.12136870551,-163.5938742006,
    -3.538178813059));
#104 = CARTESIAN_POINT('',(182.04150640113,-163.5626394733,
    -3.630543050447));
#105 = CARTESIAN_POINT('',(181.96164409676,-163.531404746,
    -3.722907287835));
#106 = CARTESIAN_POINT('',(181.88178179238,-163.5001700187,
    -3.815271525224));
#107 = CARTESIAN_POINT('',(181.801919488,-163.4689352914,-3.907635762612
    ));
#108 = CARTESIAN_POINT('',(181.62255691622,-163.3987852868,
    -4.115076397948));
#109 = CARTESIAN_POINT('',(181.52378937885,-163.3574789454,
    -4.229073829577));
#110 = CARTESIAN_POINT('',(181.42652587299,-163.3142636252,
    -4.341341385768));
#111 = CARTESIAN_POINT('',(181.32818215871,-163.2674758928,
    -4.454057102792));
#112 = CARTESIAN_POINT('',(181.23469475726,-163.2207904091,
    -4.562021019042));
#113 = CARTESIAN_POINT('',(181.1372039734,-163.1688302944,
    -4.673344048272));
#114 = CARTESIAN_POINT('',(181.04470181334,-163.11678064,-4.778952752243
    ));
#115 = CARTESIAN_POINT('',(180.91669071763,-163.0409784842,
    -4.927300717411));
#116 = CARTESIAN_POINT('',(180.87883373436,-163.0180689996,
    -4.971456269479));
#117 = CARTESIAN_POINT('',(180.84121394636,-162.9948080137,
    -5.015622375445));
#118 = CARTESIAN_POINT('',(180.80383102109,-162.9711957303,
    -5.059800547911));
#119 = CARTESIAN_POINT('',(180.76668462587,-162.9472323532,
    -5.103992299476));
#120 = CARTESIAN_POINT('',(180.7297744282,-162.9229180863,
    -5.148199142744));
#121 = CARTESIAN_POINT('',(180.69310009541,-162.8982531332,
    -5.192422590314));
#122 = CARTESIAN_POINT('',(180.65666129494,-162.873237698,
    -5.236664154788));
#123 = ORIENTED_EDGE('',*,*,#124,.F.);
#124 = EDGE_CURVE('',#125,#97,#127,.T.);
#125 = VERTEX_POINT('',#126);
#126 = CARTESIAN_POINT('',(188.21939721667,-161.1598712508,
    -4.499999999995));
#127 = CIRCLE('',#128,5.281250259068);
#128 = AXIS2_PLACEMENT_3D('',#129,#130,#131);
#129 = CARTESIAN_POINT('',(183.64570067542,-158.5192455206,-4.5));
#130 = DIRECTION('',(0.,-0.,-1.));
#131 = DIRECTION('',(0.866025338111,-0.50000011375,0.));
#132 = ORIENTED_EDGE('',*,*,#133,.T.);
#133 = EDGE_CURVE('',#125,#134,#136,.T.);
#134 = VERTEX_POINT('',#135);
#135 = CARTESIAN_POINT('',(188.21939721667,-161.1598712508,
    -29.54035850164));
#136 = LINE('',#137,#138);
#137 = CARTESIAN_POINT('',(188.21939721667,-161.1598712508,-4.));
#138 = VECTOR('',#139,1.);
#139 = DIRECTION('',(0.,0.,-1.));
#140 = ORIENTED_EDGE('',*,*,#141,.F.);
#141 = EDGE_CURVE('',#22,#134,#142,.T.);
#142 = B_SPLINE_CURVE_WITH_KNOTS('',11,(#143,#144,#145,#146,#147,#148,
    #149,#150,#151,#152,#153,#154,#155,#156,#157,#158,#159,#160,#161,
    #162,#163,#164),.UNSPECIFIED.,.F.,.F.,(12,10,12),(686.98615218785,
    687.11805167031,695.88890738431),.UNSPECIFIED.);
#143 = CARTESIAN_POINT('',(180.65666129494,-162.873237698,
    -28.20133254073));
#144 = CARTESIAN_POINT('',(180.66647536861,-162.8799751131,
    -28.20310003694));
#145 = CARTESIAN_POINT('',(180.67630434927,-162.8866869668,
    -28.20487216085));
#146 = CARTESIAN_POINT('',(180.68614823711,-162.8933732767,
    -28.20664872577));
#147 = CARTESIAN_POINT('',(180.696007033,-162.9000340612,-28.20842954511
    ));
#148 = CARTESIAN_POINT('',(180.70588073657,-162.9066693372,
    -28.21021443209));
#149 = CARTESIAN_POINT('',(180.71576934915,-162.9132791235,
    -28.21200320021));
#150 = CARTESIAN_POINT('',(180.72567287026,-162.919863437,
    -28.21379566267));
#151 = CARTESIAN_POINT('',(180.73559130095,-162.9264222962,
    -28.21559163292));
#152 = CARTESIAN_POINT('',(180.74552464122,-162.9329557184,
    -28.21739092424));
#153 = CARTESIAN_POINT('',(180.75547289167,-162.9394637217,-28.21919335)
  );
#154 = CARTESIAN_POINT('',(181.42795151896,-163.3770167631,
    -28.34104976899));
#155 = CARTESIAN_POINT('',(182.15911548157,-163.6982092787,
    -28.47418406904));
#156 = CARTESIAN_POINT('',(182.96596929249,-163.9086089732,
    -28.58722110188));
#157 = CARTESIAN_POINT('',(183.71976639326,-163.9388093223,
    -28.76448934773));
#158 = CARTESIAN_POINT('',(184.55898334578,-163.9251923362,
    -28.86904903926));
#159 = CARTESIAN_POINT('',(185.31994928672,-163.692985961,-29.0398178989
    ));
#160 = CARTESIAN_POINT('',(186.06997533387,-163.4024507828,
    -29.15243528071));
#161 = CARTESIAN_POINT('',(186.74067850513,-162.9647359654,
    -29.2807333165));
#162 = CARTESIAN_POINT('',(187.33491222587,-162.4413798974,
    -29.38373610384));
#163 = CARTESIAN_POINT('',(187.83119832366,-161.832251253,
    -29.47190856292));
#164 = CARTESIAN_POINT('',(188.21939721667,-161.1598712508,
    -29.54035850164));
#165 = CYLINDRICAL_SURFACE('',#166,5.281250259068);
#166 = AXIS2_PLACEMENT_3D('',#167,#168,#169);
#167 = CARTESIAN_POINT('',(183.64570067542,-158.5192455206,-4.));
#168 = DIRECTION('',(0.,0.,1.));
#169 = DIRECTION('',(0.866026288806,-0.499998467095,0.));
#170 = ADVANCED_FACE('',(#171),#204,.F.);
#171 = FACE_BOUND('',#172,.F.);
#172 = EDGE_LOOP('',(#173,#180,#181,#188));
#173 = ORIENTED_EDGE('',*,*,#174,.T.);
#174 = EDGE_CURVE('',#175,#64,#177,.T.);
#175 = VERTEX_POINT('',#176);
#176 = CARTESIAN_POINT('',(154.34524925424,-150.0492084025,
    -24.06937170707));
#177 = B_SPLINE_CURVE_WITH_KNOTS('',1,(#178,#179),.UNSPECIFIED.,.F.,.F.,
  (2,2),(0.,25.105784720163),.PIECEWISE_BEZIER_KNOTS.);
#178 = CARTESIAN_POINT('',(154.34524925424,-150.0492084025,
    -24.06937170707));
#179 = CARTESIAN_POINT('',(154.29082069444,-150.5230027484,
    -23.55208628269));
#180 = ORIENTED_EDGE('',*,*,#71,.T.);
#181 = ORIENTED_EDGE('',*,*,#182,.F.);
#182 = EDGE_CURVE('',#183,#22,#185,.T.);
#183 = VERTEX_POINT('',#184);
#184 = CARTESIAN_POINT('',(180.81348092688,-162.4203106991,
    -28.7364350826));
#185 = B_SPLINE_CURVE_WITH_KNOTS('',1,(#186,#187),.UNSPECIFIED.,.F.,.F.,
  (2,2),(0.,29.592212795213),.PIECEWISE_BEZIER_KNOTS.);
#186 = CARTESIAN_POINT('',(180.81348092688,-162.4203106991,
    -28.7364350826));
#187 = CARTESIAN_POINT('',(180.65666129494,-162.873237698,
    -28.20133254073));
#188 = ORIENTED_EDGE('',*,*,#189,.F.);
#189 = EDGE_CURVE('',#175,#183,#190,.T.);
#190 = B_SPLINE_CURVE_WITH_KNOTS('',12,(#191,#192,#193,#194,#195,#196,
    #197,#198,#199,#200,#201,#202,#203),.UNSPECIFIED.,.F.,.F.,(13,13),(
    657.39393939263,686.98615218785),.PIECEWISE_BEZIER_KNOTS.);
#191 = CARTESIAN_POINT('',(154.34524925424,-150.0492084025,
    -24.06937170707));
#192 = CARTESIAN_POINT('',(156.69112120917,-150.7703074328,
    -24.48301222601));
#193 = CARTESIAN_POINT('',(159.01110353525,-151.5654194413,
    -24.89208770486));
#194 = CARTESIAN_POINT('',(161.30755744754,-152.4163321319,
    -25.29701448956));
#195 = CARTESIAN_POINT('',(163.58923446305,-153.3214354835,
    -25.69933570864));
#196 = CARTESIAN_POINT('',(165.83749813464,-154.276115918,
    -26.09576525371));
#197 = CARTESIAN_POINT('',(168.07585656961,-155.2886656993,
    -26.49044823827));
#198 = CARTESIAN_POINT('',(170.274256579,-156.3460542868,-26.87808547434
    ));
#199 = CARTESIAN_POINT('',(172.4548131796,-157.4670850503,
    -27.26257643597));
#200 = CARTESIAN_POINT('',(174.59315932143,-158.6478658231,
    -27.63962455488));
#201 = CARTESIAN_POINT('',(176.67786453219,-159.9255590299,
    -28.00721433035));
#202 = CARTESIAN_POINT('',(178.71353670143,-161.2557774474,
    -28.36615825767));
#203 = CARTESIAN_POINT('',(180.81348092688,-162.4203106991,
    -28.7364350826));
#204 = B_SPLINE_SURFACE_WITH_KNOTS('',1,12,(
    (#205,#206,#207,#208,#209,#210,#211,#212,#213,#214,#215,#216,#217)
    ,(#218,#219,#220,#221,#222,#223,#224,#225,#226,#227,#228,#229,#230
  )),.UNSPECIFIED.,.F.,.F.,.F.,(2,2),(13,13),(0.,29.592212795213),(
    657.39393939263,686.98615218785),.PIECEWISE_BEZIER_KNOTS.);
#205 = CARTESIAN_POINT('',(154.34524925424,-150.0492084025,
    -24.06937170707));
#206 = CARTESIAN_POINT('',(156.69112120917,-150.7703074328,
    -24.48301222601));
#207 = CARTESIAN_POINT('',(159.01110353525,-151.5654194413,
    -24.89208770486));
#208 = CARTESIAN_POINT('',(161.30755744754,-152.4163321319,
    -25.29701448956));
#209 = CARTESIAN_POINT('',(163.58923446305,-153.3214354835,
    -25.69933570864));
#210 = CARTESIAN_POINT('',(165.83749813464,-154.276115918,
    -26.09576525371));
#211 = CARTESIAN_POINT('',(168.07585656961,-155.2886656993,
    -26.49044823827));
#212 = CARTESIAN_POINT('',(170.274256579,-156.3460542868,-26.87808547434
    ));
#213 = CARTESIAN_POINT('',(172.4548131796,-157.4670850503,
    -27.26257643597));
#214 = CARTESIAN_POINT('',(174.59315932143,-158.6478658231,
    -27.63962455488));
#215 = CARTESIAN_POINT('',(176.67786453219,-159.9255590299,
    -28.00721433035));
#216 = CARTESIAN_POINT('',(178.71353670143,-161.2557774474,
    -28.36615825767));
#217 = CARTESIAN_POINT('',(180.81348092688,-162.4203106991,
    -28.7364350826));
#218 = CARTESIAN_POINT('',(154.29082069444,-150.5230027484,
    -23.55208628269));
#219 = CARTESIAN_POINT('',(156.61713946176,-151.260726489,
    -23.96206016162));
#220 = CARTESIAN_POINT('',(158.92406233276,-152.0534844597,
    -24.37076809469));
#221 = CARTESIAN_POINT('',(161.21223853188,-152.9009927751,
    -24.76593660177));
#222 = CARTESIAN_POINT('',(163.48006503822,-153.8045059638,
    -25.19610911934));
#223 = CARTESIAN_POINT('',(165.71987609315,-154.7557847694,
    -25.51413884293));
#224 = CARTESIAN_POINT('',(167.94714915401,-155.7723972253,
    -26.05137473981));
#225 = CARTESIAN_POINT('',(170.12572160571,-156.8189643727,
    -26.22805721017));
#226 = CARTESIAN_POINT('',(172.31027502848,-157.9474208537,
    -26.85046232403));
#227 = CARTESIAN_POINT('',(174.41629634026,-159.0860860495,
    -27.00371059802));
#228 = CARTESIAN_POINT('',(176.54534614549,-160.312784246,
    -27.52472624028));
#229 = CARTESIAN_POINT('',(178.6001124917,-161.5578387941,
    -27.83370800855));
#230 = CARTESIAN_POINT('',(180.65666129494,-162.873237698,
    -28.20133254073));
#231 = ADVANCED_FACE('',(#232),#292,.T.);
#232 = FACE_BOUND('',#233,.T.);
#233 = EDGE_LOOP('',(#234,#241,#256,#291));
#234 = ORIENTED_EDGE('',*,*,#235,.T.);
#235 = EDGE_CURVE('',#24,#236,#238,.T.);
#236 = VERTEX_POINT('',#237);
#237 = CARTESIAN_POINT('',(180.48206362823,-162.2202021607,
    -4.736643692382));
#238 = B_SPLINE_CURVE_WITH_KNOTS('',1,(#239,#240),.UNSPECIFIED.,.F.,.F.,
  (2,2),(0.,1.715650254725),.PIECEWISE_BEZIER_KNOTS.);
#239 = CARTESIAN_POINT('',(180.65666129494,-162.873237698,
    -5.236664154788));
#240 = CARTESIAN_POINT('',(180.48206362823,-162.2202021607,
    -4.736643692382));
#241 = ORIENTED_EDGE('',*,*,#242,.T.);
#242 = EDGE_CURVE('',#236,#243,#245,.T.);
#243 = VERTEX_POINT('',#244);
#244 = CARTESIAN_POINT('',(166.67520933371,-154.7577197503,
    -21.19101190029));
#245 = B_SPLINE_CURVE_WITH_KNOTS('',9,(#246,#247,#248,#249,#250,#251,
    #252,#253,#254,#255),.UNSPECIFIED.,.F.,.F.,(10,10),(1.256745211259,
    24.881724225201),.PIECEWISE_BEZIER_KNOTS.);
#246 = CARTESIAN_POINT('',(180.48206362823,-162.2202021607,
    -4.736643692383));
#247 = CARTESIAN_POINT('',(178.94529904798,-161.228764048,
    -6.568088401853));
#248 = CARTESIAN_POINT('',(177.39262983421,-160.3005968113,
    -8.418487515498));
#249 = CARTESIAN_POINT('',(175.82339386116,-159.3804842445,
    -10.28863012396));
#250 = CARTESIAN_POINT('',(174.2365359333,-158.4918002545,
    -12.17977376049));
#251 = CARTESIAN_POINT('',(172.63455532696,-157.6307002838,
    -14.08893990328));
#252 = CARTESIAN_POINT('',(171.01620021965,-156.8009793602,
    -16.01762041658));
#253 = CARTESIAN_POINT('',(169.38398001144,-155.9994897059,
    -17.96282471358));
#254 = CARTESIAN_POINT('',(167.73700529458,-155.2291328714,
    -19.92561274933));
#255 = CARTESIAN_POINT('',(166.07683033365,-154.4887907691,
    -21.90413222334));
#256 = ORIENTED_EDGE('',*,*,#257,.F.);
#257 = EDGE_CURVE('',#32,#243,#258,.T.);
#258 = B_SPLINE_CURVE_WITH_KNOTS('',7,(#259,#260,#261,#262,#263,#264,
    #265,#266,#267,#268,#269,#270,#271,#272,#273,#274,#275,#276,#277,
    #278,#279,#280,#281,#282,#283,#284,#285,#286,#287,#288,#289,#290),
  .UNSPECIFIED.,.F.,.F.,(8,6,6,6,6,8),(0.,7.53205292694E-02,
    0.140247933268,0.26420790306,0.510983159812,1.),.UNSPECIFIED.);
#259 = CARTESIAN_POINT('',(166.86238753688,-155.3637084386,
    -21.70573832886));
#260 = CARTESIAN_POINT('',(166.86234363401,-155.3635668645,
    -21.70561830122));
#261 = CARTESIAN_POINT('',(166.86028304659,-155.3569221521,
    -21.69998489448));
#262 = CARTESIAN_POINT('',(166.85792798946,-155.3493272598,
    -21.69354567379));
#263 = CARTESIAN_POINT('',(166.85598938084,-155.3430736554,
    -21.68824294416));
#264 = CARTESIAN_POINT('',(166.85450734093,-155.3382930512,
    -21.68418931932));
#265 = CARTESIAN_POINT('',(166.85308899032,-155.3337177104,
    -21.68030967136));
#266 = CARTESIAN_POINT('',(166.84926274027,-155.3213732391,
    -21.66984152764));
#267 = CARTESIAN_POINT('',(166.84749155257,-155.315658431,
    -21.66499515353));
#268 = CARTESIAN_POINT('',(166.84572052929,-155.3099436545,
    -21.66014860442));
#269 = CARTESIAN_POINT('',(166.84394967036,-155.3042289096,
    -21.6553018804));
#270 = CARTESIAN_POINT('',(166.84217897571,-155.2985141962,
    -21.65045498157));
#271 = CARTESIAN_POINT('',(166.84040844527,-155.2927995144,-21.645607908
    ));
#272 = CARTESIAN_POINT('',(166.83525808016,-155.2761744034,
    -21.63150625093));
#273 = CARTESIAN_POINT('',(166.83187874934,-155.2652642824,
    -21.62225139619));
#274 = CARTESIAN_POINT('',(166.82850008601,-155.2543545004,
    -21.61299609602));
#275 = CARTESIAN_POINT('',(166.82512208965,-155.2434450569,
    -21.60374035083));
#276 = CARTESIAN_POINT('',(166.82174475977,-155.2325359516,
    -21.59448416102));
#277 = CARTESIAN_POINT('',(166.81836809593,-155.2216271838,
    -21.58522752697));
#278 = CARTESIAN_POINT('',(166.80827127618,-155.1890026237,
    -21.55754177575));
#279 = CARTESIAN_POINT('',(166.80155309253,-155.1672878304,
    -21.53911134332));
#280 = CARTESIAN_POINT('',(166.79483754341,-155.1455743701,
    -21.52067915454));
#281 = CARTESIAN_POINT('',(166.78812462582,-155.1238622395,
    -21.50224521201));
#282 = CARTESIAN_POINT('',(166.78141433706,-155.1021514358,
    -21.48380951809));
#283 = CARTESIAN_POINT('',(166.77470667476,-155.0804419563,
    -21.46537207492));
#284 = CARTESIAN_POINT('',(166.7547147438,-155.015716299,-21.41039326215
    ));
#285 = CARTESIAN_POINT('',(166.74143815578,-154.9727039898,
    -21.37384677883));
#286 = CARTESIAN_POINT('',(166.72817185758,-154.9296968537,
    -21.3372934489));
#287 = CARTESIAN_POINT('',(166.71491583614,-154.8866948748,
    -21.30073328532));
#288 = CARTESIAN_POINT('',(166.70167008052,-154.8436980391,
    -21.26416629959));
#289 = CARTESIAN_POINT('',(166.68843458192,-154.8007063344,
    -21.22759250173));
#290 = CARTESIAN_POINT('',(166.67520933371,-154.7577197503,
    -21.19101190029));
#291 = ORIENTED_EDGE('',*,*,#31,.F.);
#292 = B_SPLINE_SURFACE_WITH_KNOTS('',1,9,(
    (#293,#294,#295,#296,#297,#298,#299,#300,#301,#302)
    ,(#303,#304,#305,#306,#307,#308,#309,#310,#311,#312
  )),.UNSPECIFIED.,.F.,.F.,.F.,(2,2),(10,10),(0.,23.624979013942),(
    1.256745211259,24.881724225201),.PIECEWISE_BEZIER_KNOTS.);
#293 = CARTESIAN_POINT('',(180.65666129494,-162.873237698,
    -5.236664154788));
#294 = CARTESIAN_POINT('',(179.12583290109,-161.8940973109,
    -7.056452265766));
#295 = CARTESIAN_POINT('',(177.58826047296,-160.9502010124,
    -8.902447211941));
#296 = CARTESIAN_POINT('',(176.02531853758,-160.0286813117,
    -10.7680859318));
#297 = CARTESIAN_POINT('',(174.44691188157,-159.1374128967,
    -12.65157246443));
#298 = CARTESIAN_POINT('',(172.85225363014,-158.2745603332,
    -14.55628344597));
#299 = CARTESIAN_POINT('',(171.24203552942,-157.4412265438,
    -16.4781155088));
#300 = CARTESIAN_POINT('',(169.61683224188,-156.6374087721,
    -18.41804690568));
#301 = CARTESIAN_POINT('',(167.97743606551,-155.8635837133,
    -20.37495566299));
#302 = CARTESIAN_POINT('',(166.3242993938,-155.1199393673,
    -22.34795288262));
#303 = CARTESIAN_POINT('',(180.48206362823,-162.2202021607,
    -4.736643692383));
#304 = CARTESIAN_POINT('',(178.94529904798,-161.228764048,
    -6.568088401853));
#305 = CARTESIAN_POINT('',(177.39262983421,-160.3005968113,
    -8.418487515498));
#306 = CARTESIAN_POINT('',(175.82339386116,-159.3804842445,
    -10.28863012396));
#307 = CARTESIAN_POINT('',(174.2365359333,-158.4918002545,
    -12.17977376049));
#308 = CARTESIAN_POINT('',(172.63455532696,-157.6307002838,
    -14.08893990328));
#309 = CARTESIAN_POINT('',(171.01620021965,-156.8009793602,
    -16.01762041658));
#310 = CARTESIAN_POINT('',(169.38398001144,-155.9994897059,
    -17.96282471358));
#311 = CARTESIAN_POINT('',(167.73700529458,-155.2291328714,
    -19.92561274933));
#312 = CARTESIAN_POINT('',(166.07683033365,-154.4887907691,
    -21.90413222334));
#313 = ADVANCED_FACE('',(#314),#370,.F.);
#314 = FACE_BOUND('',#315,.T.);
#315 = EDGE_LOOP('',(#316,#317,#336,#344));
#316 = ORIENTED_EDGE('',*,*,#63,.F.);
#317 = ORIENTED_EDGE('',*,*,#318,.T.);
#318 = EDGE_CURVE('',#47,#319,#321,.T.);
#319 = VERTEX_POINT('',#320);
#320 = CARTESIAN_POINT('',(129.8023359999,-146.965524427,-15.17237368531
    ));
#321 = B_SPLINE_CURVE_WITH_KNOTS('',7,(#322,#323,#324,#325,#326,#327,
    #328,#329,#330,#331,#332,#333,#334,#335),.UNSPECIFIED.,.F.,.F.,(8,6,
    8),(13.385069088586,13.469102384577,38.553607719384),.UNSPECIFIED.);
#322 = CARTESIAN_POINT('',(154.29082069444,-150.5230027484,
    -19.4891105184));
#323 = CARTESIAN_POINT('',(154.2794885778,-150.5195287424,
    -19.48711579452));
#324 = CARTESIAN_POINT('',(154.26815586927,-150.5160566694,
    -19.48512095316));
#325 = CARTESIAN_POINT('',(154.25682256913,-150.5125865294,
    -19.48312599397));
#326 = CARTESIAN_POINT('',(154.24548867761,-150.5091183225,
    -19.48113091661));
#327 = CARTESIAN_POINT('',(154.23415419501,-150.5056520488,
    -19.47913572073));
#328 = CARTESIAN_POINT('',(154.22281912155,-150.5021877084,-19.477140406
    ));
#329 = CARTESIAN_POINT('',(150.8277113264,-149.4651734523,
    -18.87949449052));
#330 = CARTESIAN_POINT('',(147.39246015668,-148.6042442956,
    -18.27348140433));
#331 = CARTESIAN_POINT('',(143.9145627777,-147.9184178967,
    -17.66070085973));
#332 = CARTESIAN_POINT('',(140.40577271383,-147.4107074639,
    -17.04190519746));
#333 = CARTESIAN_POINT('',(136.87699475015,-147.0822338593,
    -16.41979710078));
#334 = CARTESIAN_POINT('',(133.33871342045,-146.9339004661,
    -15.79594018409));
#335 = CARTESIAN_POINT('',(129.8023359999,-146.965524427,-15.17237368531
    ));
#336 = ORIENTED_EDGE('',*,*,#337,.T.);
#337 = EDGE_CURVE('',#319,#338,#340,.T.);
#338 = VERTEX_POINT('',#339);
#339 = CARTESIAN_POINT('',(129.8023359999,-146.965524427,-19.23409160109
    ));
#340 = LINE('',#341,#342);
#341 = CARTESIAN_POINT('',(129.8023359999,-146.965524427,-4.));
#342 = VECTOR('',#343,1.);
#343 = DIRECTION('',(0.,0.,-1.));
#344 = ORIENTED_EDGE('',*,*,#345,.T.);
#345 = EDGE_CURVE('',#338,#64,#346,.T.);
#346 = B_SPLINE_CURVE_WITH_KNOTS('',8,(#347,#348,#349,#350,#351,#352,
    #353,#354,#355,#356,#357,#358,#359,#360,#361,#362,#363,#364,#365,
    #366,#367,#368,#369),.UNSPECIFIED.,.F.,.F.,(9,7,7,9),(
    632.28815467247,632.36129487802,632.38224937349,657.39393939263),
  .UNSPECIFIED.);
#347 = CARTESIAN_POINT('',(129.8023359999,-146.965524427,-19.23409160109
    ));
#348 = CARTESIAN_POINT('',(129.81137054053,-146.9654436359,-19.235685972
    ));
#349 = CARTESIAN_POINT('',(129.82040432437,-146.9653640021,
    -19.23728016612));
#350 = CARTESIAN_POINT('',(129.82943744045,-146.9652855245,
    -19.23887417861));
#351 = CARTESIAN_POINT('',(129.83846997787,-146.9652082024,
    -19.2404680046));
#352 = CARTESIAN_POINT('',(129.84750202563,-146.9651320346,
    -19.24206163924));
#353 = CARTESIAN_POINT('',(129.85653367283,-146.9650570202,
    -19.24365507767));
#354 = CARTESIAN_POINT('',(129.86556500849,-146.9649831582,
    -19.24524831503));
#355 = CARTESIAN_POINT('',(129.8771835142,-146.9648896162,-19.2472977462
    ));
#356 = CARTESIAN_POINT('',(129.87977068122,-146.9648688811,
    -19.24775409711));
#357 = CARTESIAN_POINT('',(129.88235471568,-146.9648482651,
    -19.24820986769));
#358 = CARTESIAN_POINT('',(129.88493878352,-146.9648277432,
    -19.2486656175));
#359 = CARTESIAN_POINT('',(129.88752432041,-146.9648073038,
    -19.24912159881));
#360 = CARTESIAN_POINT('',(129.89010919778,-146.9647869636,
    -19.24957742841));
#361 = CARTESIAN_POINT('',(129.89269185827,-146.9647667349,
    -19.2500328296));
#362 = CARTESIAN_POINT('',(132.98623293904,-146.9406496047,
    -19.79551371442));
#363 = CARTESIAN_POINT('',(136.07983900834,-147.0512083332,
    -20.34096680389));
#364 = CARTESIAN_POINT('',(139.1686442758,-147.2967951035,
    -20.88565814908));
#365 = CARTESIAN_POINT('',(142.24552334239,-147.6768797266,
    -21.42807983486));
#366 = CARTESIAN_POINT('',(145.30411800967,-148.1914437962,
    -21.96753338366));
#367 = CARTESIAN_POINT('',(148.3347952672,-148.8382213102,
    -22.50181233592));
#368 = CARTESIAN_POINT('',(151.33301373158,-149.6162490148,
    -23.03052143525));
#369 = CARTESIAN_POINT('',(154.29082069444,-150.5230027484,
    -23.55208628269));
#370 = CYLINDRICAL_SURFACE('',#371,81.076597415396);
#371 = AXIS2_PLACEMENT_3D('',#372,#373,#374);
#372 = CARTESIAN_POINT('',(130.52733232647,-228.0388802771,-4.));
#373 = DIRECTION('',(0.,0.,1.));
#374 = DIRECTION('',(1.,0.,0.));
#375 = ADVANCED_FACE('',(#376),#412,.T.);
#376 = FACE_BOUND('',#377,.T.);
#377 = EDGE_LOOP('',(#378,#379,#389,#406,#411));
#378 = ORIENTED_EDGE('',*,*,#257,.T.);
#379 = ORIENTED_EDGE('',*,*,#380,.T.);
#380 = EDGE_CURVE('',#243,#381,#383,.T.);
#381 = VERTEX_POINT('',#382);
#382 = CARTESIAN_POINT('',(166.69324088833,-154.7392059879,
    -21.16952273029));
#383 = B_SPLINE_CURVE_WITH_KNOTS('',4,(#384,#385,#386,#387,#388),
  .UNSPECIFIED.,.F.,.F.,(5,5),(0.,1.),.PIECEWISE_BEZIER_KNOTS.);
#384 = CARTESIAN_POINT('',(166.67520933371,-154.7577197503,
    -21.19101190029));
#385 = CARTESIAN_POINT('',(166.67971722462,-154.7530914333,
    -21.18563960511));
#386 = CARTESIAN_POINT('',(166.68422511402,-154.7484631712,
    -21.18026731171));
#387 = CARTESIAN_POINT('',(166.68873300193,-154.7438349638,
    -21.17489502011));
#388 = CARTESIAN_POINT('',(166.69324088833,-154.7392068113,
    -21.16952273029));
#389 = ORIENTED_EDGE('',*,*,#390,.T.);
#390 = EDGE_CURVE('',#381,#391,#393,.T.);
#391 = VERTEX_POINT('',#392);
#392 = CARTESIAN_POINT('',(154.51155381159,-150.0783760548,
    -19.02156262812));
#393 = B_SPLINE_CURVE_WITH_KNOTS('',11,(#394,#395,#396,#397,#398,#399,
    #400,#401,#402,#403,#404,#405),.UNSPECIFIED.,.F.,.F.,(12,12),(
    -0.877536963278,13.385069088586),.PIECEWISE_BEZIER_KNOTS.);
#394 = CARTESIAN_POINT('',(167.68486949826,-155.1930491061,
    -21.34437360907));
#395 = CARTESIAN_POINT('',(166.51900744822,-154.6527691256,
    -21.13880067386));
#396 = CARTESIAN_POINT('',(165.34550118996,-154.1257822561,
    -20.93187985849));
#397 = CARTESIAN_POINT('',(164.16703470783,-153.6171595318,
    -20.72408442185));
#398 = CARTESIAN_POINT('',(162.97955968864,-153.1169537688,
    -20.51470053701));
#399 = CARTESIAN_POINT('',(161.78904057792,-152.6407311235,
    -20.3047798968));
#400 = CARTESIAN_POINT('',(160.58956545893,-152.1702241238,
    -20.09328007057));
#401 = CARTESIAN_POINT('',(159.3864406498,-151.7222498707,
    -19.88113670562));
#402 = CARTESIAN_POINT('',(158.17663858468,-151.2852622904,
    -19.66781596018));
#403 = CARTESIAN_POINT('',(156.96187966255,-150.8652092227,
    -19.45362118717));
#404 = CARTESIAN_POINT('',(155.74112670422,-150.4608089192,
    -19.23836950383));
#405 = CARTESIAN_POINT('',(154.51155381159,-150.0783760548,
    -19.02156262812));
#406 = ORIENTED_EDGE('',*,*,#407,.F.);
#407 = EDGE_CURVE('',#47,#391,#408,.T.);
#408 = B_SPLINE_CURVE_WITH_KNOTS('',1,(#409,#410),.UNSPECIFIED.,.F.,.F.,
  (2,2),(0.,14.262606051864),.PIECEWISE_BEZIER_KNOTS.);
#409 = CARTESIAN_POINT('',(154.29082069444,-150.5230027484,
    -19.4891105184));
#410 = CARTESIAN_POINT('',(154.51155381159,-150.0783760548,
    -19.02156262812));
#411 = ORIENTED_EDGE('',*,*,#46,.F.);
#412 = B_SPLINE_SURFACE_WITH_KNOTS('',1,11,(
    (#413,#414,#415,#416,#417,#418,#419,#420,#421,#422,#423,#424)
    ,(#425,#426,#427,#428,#429,#430,#431,#432,#433,#434,#435,#436
  )),.UNSPECIFIED.,.F.,.F.,.F.,(2,2),(12,12),(0.,14.262606051864),(
    -0.877536963278,13.385069088586),.PIECEWISE_BEZIER_KNOTS.);
#413 = CARTESIAN_POINT('',(167.40874455335,-155.614753167,
    -21.80204733651));
#414 = CARTESIAN_POINT('',(166.2470073351,-155.0771488593,
    -21.59725304959));
#415 = CARTESIAN_POINT('',(165.07839848936,-154.5541834949,
    -21.39131734916));
#416 = CARTESIAN_POINT('',(163.90341663731,-154.0460898463,
    -21.18406332591));
#417 = CARTESIAN_POINT('',(162.72172426373,-153.5527001328,
    -20.97600829264));
#418 = CARTESIAN_POINT('',(161.53431545676,-153.0744806205,
    -20.76636453313));
#419 = CARTESIAN_POINT('',(160.3405324823,-152.6110908079,
    -20.55627470432));
#420 = CARTESIAN_POINT('',(159.14131199418,-152.1629792385,
    -20.34458726567));
#421 = CARTESIAN_POINT('',(157.93643550947,-151.7299884089,
    -20.13240313456));
#422 = CARTESIAN_POINT('',(156.72623469355,-151.3122891755,
    -19.91891987381));
#423 = CARTESIAN_POINT('',(155.51107698454,-150.9099712273,
    -19.70477898699));
#424 = CARTESIAN_POINT('',(154.29082069444,-150.5230027484,
    -19.4891105184));
#425 = CARTESIAN_POINT('',(167.68486949826,-155.1930491061,
    -21.34437360907));
#426 = CARTESIAN_POINT('',(166.51900744822,-154.6527691256,
    -21.13880067386));
#427 = CARTESIAN_POINT('',(165.34550118996,-154.1257822561,
    -20.93187985849));
#428 = CARTESIAN_POINT('',(164.16703470783,-153.6171595318,
    -20.72408442185));
#429 = CARTESIAN_POINT('',(162.97955968864,-153.1169537688,
    -20.51470053701));
#430 = CARTESIAN_POINT('',(161.78904057792,-152.6407311235,
    -20.3047798968));
#431 = CARTESIAN_POINT('',(160.58956545893,-152.1702241238,
    -20.09328007057));
#432 = CARTESIAN_POINT('',(159.3864406498,-151.7222498707,
    -19.88113670562));
#433 = CARTESIAN_POINT('',(158.17663858468,-151.2852622904,
    -19.66781596018));
#434 = CARTESIAN_POINT('',(156.96187966255,-150.8652092227,
    -19.45362118717));
#435 = CARTESIAN_POINT('',(155.74112670422,-150.4608089192,
    -19.23836950383));
#436 = CARTESIAN_POINT('',(154.51155381159,-150.0783760548,
    -19.02156262812));
#437 = ADVANCED_FACE('',(#438),#474,.F.);
#438 = FACE_BOUND('',#439,.F.);
#439 = EDGE_LOOP('',(#440,#441,#442,#449));
#440 = ORIENTED_EDGE('',*,*,#182,.T.);
#441 = ORIENTED_EDGE('',*,*,#141,.T.);
#442 = ORIENTED_EDGE('',*,*,#443,.F.);
#443 = EDGE_CURVE('',#444,#134,#446,.T.);
#444 = VERTEX_POINT('',#445);
#445 = CARTESIAN_POINT('',(187.77265495977,-160.9450238243,
    -29.96352522804));
#446 = B_SPLINE_CURVE_WITH_KNOTS('',1,(#447,#448),.UNSPECIFIED.,.F.,.F.,
  (2,2),(0.,8.902755196462),.PIECEWISE_BEZIER_KNOTS.);
#447 = CARTESIAN_POINT('',(187.77265495977,-160.9450238243,
    -29.96352522804));
#448 = CARTESIAN_POINT('',(188.21939721667,-161.1598712508,
    -29.54035850164));
#449 = ORIENTED_EDGE('',*,*,#450,.F.);
#450 = EDGE_CURVE('',#183,#444,#451,.T.);
#451 = B_SPLINE_CURVE_WITH_KNOTS('',11,(#452,#453,#454,#455,#456,#457,
    #458,#459,#460,#461,#462,#463,#464,#465,#466,#467,#468,#469,#470,
    #471,#472,#473),.UNSPECIFIED.,.F.,.F.,(12,10,12),(686.98615218785,
    687.11805167031,695.88890738431),.UNSPECIFIED.);
#452 = CARTESIAN_POINT('',(180.81348092687,-162.4203106991,
    -28.7364350826));
#453 = CARTESIAN_POINT('',(180.82369177862,-162.4259731716,
    -28.73823553126));
#454 = CARTESIAN_POINT('',(180.83390416231,-162.4316316953,
    -28.74003625004));
#455 = CARTESIAN_POINT('',(180.84411809138,-162.4372862439,
    -28.74183724131));
#456 = CARTESIAN_POINT('',(180.85433357999,-162.4429367918,
    -28.74363850759));
#457 = CARTESIAN_POINT('',(180.86455064101,-162.448583312,
    -28.74544005108));
#458 = CARTESIAN_POINT('',(180.87476928904,-162.4542257792,
    -28.74724187447));
#459 = CARTESIAN_POINT('',(180.88498953687,-162.4598641666,
    -28.74904397988));
#460 = CARTESIAN_POINT('',(180.8952113988,-162.4654984486,
    -28.75084636995));
#461 = CARTESIAN_POINT('',(180.90543488811,-162.4711285986,
    -28.75264904694));
#462 = CARTESIAN_POINT('',(180.91566001864,-162.4767545908,
    -28.75445201334));
#463 = CARTESIAN_POINT('',(181.60593237379,-162.8562070347,
    -28.87616565359));
#464 = CARTESIAN_POINT('',(182.24260311362,-163.1836524571,
    -28.98842788285));
#465 = CARTESIAN_POINT('',(182.93081384575,-163.3829830199,
    -29.10977800334));
#466 = CARTESIAN_POINT('',(183.63936890115,-163.4735680821,
    -29.23471537692));
#467 = CARTESIAN_POINT('',(184.39071382909,-163.4311261962,
    -29.36719775954));
#468 = CARTESIAN_POINT('',(185.10032893216,-163.2666732771,
    -29.49232204813));
#469 = CARTESIAN_POINT('',(185.78867775523,-162.9879290052,
    -29.61369651777));
#470 = CARTESIAN_POINT('',(186.41032117888,-162.600563493,
    -29.72330902574));
#471 = CARTESIAN_POINT('',(186.95893020154,-162.1202323347,
    -29.8200435983));
#472 = CARTESIAN_POINT('',(187.41632573064,-161.5622039662,
    -29.90069477093));
#473 = CARTESIAN_POINT('',(187.77265495977,-160.9450238243,
    -29.96352522804));
#474 = B_SPLINE_SURFACE_WITH_KNOTS('',1,11,(
    (#475,#476,#477,#478,#479,#480,#481,#482,#483,#484,#485,#486,#487
      ,#488,#489,#490,#491,#492,#493,#494,#495,#496)
    ,(#497,#498,#499,#500,#501,#502,#503,#504,#505,#506,#507,#508,#509
      ,#510,#511,#512,#513,#514,#515,#516,#517,#518
  )),.UNSPECIFIED.,.F.,.F.,.F.,(2,2),(12,10,12),(0.,8.902755196462),(
    686.98615218785,687.11805167031,695.88890738431),.UNSPECIFIED.);
#475 = CARTESIAN_POINT('',(180.81348092687,-162.4203106991,
    -28.7364350826));
#476 = CARTESIAN_POINT('',(180.82369177862,-162.4259731716,
    -28.73823553126));
#477 = CARTESIAN_POINT('',(180.83390416231,-162.4316316953,
    -28.74003625004));
#478 = CARTESIAN_POINT('',(180.84411809138,-162.4372862439,
    -28.74183724131));
#479 = CARTESIAN_POINT('',(180.85433357999,-162.4429367918,
    -28.74363850759));
#480 = CARTESIAN_POINT('',(180.86455064101,-162.448583312,
    -28.74544005108));
#481 = CARTESIAN_POINT('',(180.87476928904,-162.4542257792,
    -28.74724187447));
#482 = CARTESIAN_POINT('',(180.88498953687,-162.4598641666,
    -28.74904397988));
#483 = CARTESIAN_POINT('',(180.8952113988,-162.4654984486,
    -28.75084636995));
#484 = CARTESIAN_POINT('',(180.90543488811,-162.4711285986,
    -28.75264904694));
#485 = CARTESIAN_POINT('',(180.91566001864,-162.4767545908,
    -28.75445201334));
#486 = CARTESIAN_POINT('',(181.60593237379,-162.8562070347,
    -28.87616565359));
#487 = CARTESIAN_POINT('',(182.24260311362,-163.1836524571,
    -28.98842788285));
#488 = CARTESIAN_POINT('',(182.93081384575,-163.3829830199,
    -29.10977800334));
#489 = CARTESIAN_POINT('',(183.63936890115,-163.4735680821,
    -29.23471537692));
#490 = CARTESIAN_POINT('',(184.39071382909,-163.4311261962,
    -29.36719775954));
#491 = CARTESIAN_POINT('',(185.10032893216,-163.2666732771,
    -29.49232204813));
#492 = CARTESIAN_POINT('',(185.78867775523,-162.9879290052,
    -29.61369651777));
#493 = CARTESIAN_POINT('',(186.41032117888,-162.600563493,
    -29.72330902574));
#494 = CARTESIAN_POINT('',(186.95893020154,-162.1202323347,
    -29.8200435983));
#495 = CARTESIAN_POINT('',(187.41632573064,-161.5622039662,
    -29.90069477093));
#496 = CARTESIAN_POINT('',(187.77265495977,-160.9450238243,
    -29.96352522804));
#497 = CARTESIAN_POINT('',(180.65666129494,-162.873237698,
    -28.20133254073));
#498 = CARTESIAN_POINT('',(180.66647536861,-162.8799751131,
    -28.20310003694));
#499 = CARTESIAN_POINT('',(180.67630434927,-162.8866869668,
    -28.20487216085));
#500 = CARTESIAN_POINT('',(180.68614823711,-162.8933732767,
    -28.20664872577));
#501 = CARTESIAN_POINT('',(180.696007033,-162.9000340612,-28.20842954511
    ));
#502 = CARTESIAN_POINT('',(180.70588073657,-162.9066693372,
    -28.21021443209));
#503 = CARTESIAN_POINT('',(180.71576934915,-162.9132791235,
    -28.21200320021));
#504 = CARTESIAN_POINT('',(180.72567287026,-162.919863437,
    -28.21379566267));
#505 = CARTESIAN_POINT('',(180.73559130095,-162.9264222962,
    -28.21559163292));
#506 = CARTESIAN_POINT('',(180.74552464122,-162.9329557184,
    -28.21739092424));
#507 = CARTESIAN_POINT('',(180.75547289167,-162.9394637217,-28.21919335)
  );
#508 = CARTESIAN_POINT('',(181.42795151896,-163.3770167631,
    -28.34104976899));
#509 = CARTESIAN_POINT('',(182.15911548157,-163.6982092787,
    -28.47418406904));
#510 = CARTESIAN_POINT('',(182.96596929249,-163.9086089732,
    -28.58722110188));
#511 = CARTESIAN_POINT('',(183.71976639326,-163.9388093223,
    -28.76448934773));
#512 = CARTESIAN_POINT('',(184.55898334578,-163.9251923362,
    -28.86904903926));
#513 = CARTESIAN_POINT('',(185.31994928672,-163.692985961,-29.0398178989
    ));
#514 = CARTESIAN_POINT('',(186.06997533387,-163.4024507828,
    -29.15243528071));
#515 = CARTESIAN_POINT('',(186.74067850513,-162.9647359654,
    -29.2807333165));
#516 = CARTESIAN_POINT('',(187.33491222587,-162.4413798974,
    -29.38373610384));
#517 = CARTESIAN_POINT('',(187.83119832366,-161.832251253,
    -29.47190856292));
#518 = CARTESIAN_POINT('',(188.21939721667,-161.1598712508,
    -29.54035850164));
#519 = ADVANCED_FACE('',(#520),#561,.T.);
#520 = FACE_BOUND('',#521,.T.);
#521 = EDGE_LOOP('',(#522,#533,#559,#560));
#522 = ORIENTED_EDGE('',*,*,#523,.T.);
#523 = EDGE_CURVE('',#97,#524,#526,.T.);
#524 = VERTEX_POINT('',#525);
#525 = CARTESIAN_POINT('',(181.06508880293,-162.5938574125,
    -4.041821345854));
#526 = B_SPLINE_CURVE_WITH_KNOTS('',5,(#527,#528,#529,#530,#531,#532),
  .UNSPECIFIED.,.F.,.F.,(6,6),(0.,1.),.PIECEWISE_BEZIER_KNOTS.);
#527 = CARTESIAN_POINT('',(181.28827430111,-163.2451470418,-4.5));
#528 = CARTESIAN_POINT('',(181.24770902932,-163.1177968704,
    -4.404148695424));
#529 = CARTESIAN_POINT('',(181.20528116965,-162.989255232,
    -4.310115870309));
#530 = CARTESIAN_POINT('',(181.16082763767,-162.8592902772,
    -4.218148847163));
#531 = CARTESIAN_POINT('',(181.11416411244,-162.727624917,
    -4.128572356951));
#532 = CARTESIAN_POINT('',(181.06508880293,-162.5938574125,
    -4.041821345854));
#533 = ORIENTED_EDGE('',*,*,#534,.T.);
#534 = EDGE_CURVE('',#524,#236,#535,.T.);
#535 = B_SPLINE_CURVE_WITH_KNOTS('',8,(#536,#537,#538,#539,#540,#541,
    #542,#543,#544,#545,#546,#547,#548,#549,#550,#551,#552,#553,#554,
    #555,#556,#557,#558),.UNSPECIFIED.,.F.,.F.,(9,7,7,9),(
    -1.426154591648,-0.458905043466,0.746189017496,1.256745211259),
  .UNSPECIFIED.);
#536 = CARTESIAN_POINT('',(182.09915728649,-163.1077056215,
    -2.809466515587));
#537 = CARTESIAN_POINT('',(182.01695771196,-163.0687810077,
    -2.907428153843));
#538 = CARTESIAN_POINT('',(181.93610008441,-163.0304918567,
    -3.003790521961));
#539 = CARTESIAN_POINT('',(181.85658440384,-162.9928381684,
    -3.098553619942));
#540 = CARTESIAN_POINT('',(181.77841067026,-162.9558199429,
    -3.191717447785));
#541 = CARTESIAN_POINT('',(181.70157888366,-162.9194371802,
    -3.283282005489));
#542 = CARTESIAN_POINT('',(181.62608904405,-162.8836898801,
    -3.373247293056));
#543 = CARTESIAN_POINT('',(181.55194115142,-162.8485780429,
    -3.461613310485));
#544 = CARTESIAN_POINT('',(181.38842644,-162.7711476301,-3.656482555262)
  );
#545 = CARTESIAN_POINT('',(181.29892257994,-162.7262158739,
    -3.763149102032));
#546 = CARTESIAN_POINT('',(181.20974441935,-162.6790546244,
    -3.869427495297));
#547 = CARTESIAN_POINT('',(181.1242849,-162.6307708401,-3.971274184501)
  );
#548 = CARTESIAN_POINT('',(181.0348427102,-162.5786189251,
    -4.077867235532));
#549 = CARTESIAN_POINT('',(180.95381596342,-162.5277204863,
    -4.174431152091));
#550 = CARTESIAN_POINT('',(180.86872506589,-162.4717122758,
    -4.275838534933));
#551 = CARTESIAN_POINT('',(180.74339869014,-162.3897583099,
    -4.425196693478));
#552 = CARTESIAN_POINT('',(180.70609363731,-162.3654131966,
    -4.469655124213));
#553 = CARTESIAN_POINT('',(180.66877909293,-162.3411105394,
    -4.514124866515));
#554 = CARTESIAN_POINT('',(180.63145504649,-162.3168494259,
    -4.55860593298));
#555 = CARTESIAN_POINT('',(180.59412148733,-162.2926289437,
    -4.603098336202));
#556 = CARTESIAN_POINT('',(180.55677840497,-162.2684481804,
    -4.64760208878));
#557 = CARTESIAN_POINT('',(180.51942578878,-162.2443062235,
    -4.692117203308));
#558 = CARTESIAN_POINT('',(180.48206362823,-162.2202021607,
    -4.736643692382));
#559 = ORIENTED_EDGE('',*,*,#235,.F.);
#560 = ORIENTED_EDGE('',*,*,#96,.F.);
#561 = B_SPLINE_SURFACE_WITH_KNOTS('',1,8,(
    (#562,#563,#564,#565,#566,#567,#568,#569,#570,#571,#572,#573,#574
      ,#575,#576,#577,#578,#579,#580,#581,#582,#583,#584)
    ,(#585,#586,#587,#588,#589,#590,#591,#592,#593,#594,#595,#596,#597
      ,#598,#599,#600,#601,#602,#603,#604,#605,#606,#607
  )),.UNSPECIFIED.,.F.,.F.,.F.,(2,2),(9,7,7,9),(0.,1.715650254725),(
    -1.426154591648,-0.458905043466,0.746189017496,1.256745211259),
  .UNSPECIFIED.);
#562 = CARTESIAN_POINT('',(182.36095561863,-163.6875783825,
    -3.261086100894));
#563 = CARTESIAN_POINT('',(182.28109331426,-163.6563436552,
    -3.353450338282));
#564 = CARTESIAN_POINT('',(182.20123100988,-163.6251089279,
    -3.445814575671));
#565 = CARTESIAN_POINT('',(182.12136870551,-163.5938742006,
    -3.538178813059));
#566 = CARTESIAN_POINT('',(182.04150640113,-163.5626394733,
    -3.630543050447));
#567 = CARTESIAN_POINT('',(181.96164409676,-163.531404746,
    -3.722907287835));
#568 = CARTESIAN_POINT('',(181.88178179238,-163.5001700187,
    -3.815271525224));
#569 = CARTESIAN_POINT('',(181.801919488,-163.4689352914,-3.907635762612
    ));
#570 = CARTESIAN_POINT('',(181.62255691622,-163.3987852868,
    -4.115076397948));
#571 = CARTESIAN_POINT('',(181.52378937885,-163.3574789454,
    -4.229073829577));
#572 = CARTESIAN_POINT('',(181.42652587299,-163.3142636252,
    -4.341341385768));
#573 = CARTESIAN_POINT('',(181.32818215871,-163.2674758928,
    -4.454057102792));
#574 = CARTESIAN_POINT('',(181.23469475726,-163.2207904091,
    -4.562021019042));
#575 = CARTESIAN_POINT('',(181.1372039734,-163.1688302944,
    -4.673344048272));
#576 = CARTESIAN_POINT('',(181.04470181334,-163.11678064,-4.778952752243
    ));
#577 = CARTESIAN_POINT('',(180.91669071763,-163.0409784842,
    -4.927300717411));
#578 = CARTESIAN_POINT('',(180.87883373436,-163.0180689996,
    -4.971456269479));
#579 = CARTESIAN_POINT('',(180.84121394636,-162.9948080137,
    -5.015622375445));
#580 = CARTESIAN_POINT('',(180.80383102109,-162.9711957303,
    -5.059800547911));
#581 = CARTESIAN_POINT('',(180.76668462587,-162.9472323532,
    -5.103992299476));
#582 = CARTESIAN_POINT('',(180.7297744282,-162.9229180863,
    -5.148199142744));
#583 = CARTESIAN_POINT('',(180.69310009541,-162.8982531332,
    -5.192422590314));
#584 = CARTESIAN_POINT('',(180.65666129494,-162.873237698,
    -5.236664154788));
#585 = CARTESIAN_POINT('',(182.09915728649,-163.1077056215,
    -2.809466515587));
#586 = CARTESIAN_POINT('',(182.01695771196,-163.0687810077,
    -2.907428153843));
#587 = CARTESIAN_POINT('',(181.93610008441,-163.0304918567,
    -3.003790521961));
#588 = CARTESIAN_POINT('',(181.85658440384,-162.9928381684,
    -3.098553619942));
#589 = CARTESIAN_POINT('',(181.77841067026,-162.9558199429,
    -3.191717447785));
#590 = CARTESIAN_POINT('',(181.70157888366,-162.9194371802,
    -3.283282005489));
#591 = CARTESIAN_POINT('',(181.62608904405,-162.8836898801,
    -3.373247293056));
#592 = CARTESIAN_POINT('',(181.55194115142,-162.8485780429,
    -3.461613310485));
#593 = CARTESIAN_POINT('',(181.38842644,-162.7711476301,-3.656482555262)
  );
#594 = CARTESIAN_POINT('',(181.29892257994,-162.7262158739,
    -3.763149102032));
#595 = CARTESIAN_POINT('',(181.20974441935,-162.6790546244,
    -3.869427495297));
#596 = CARTESIAN_POINT('',(181.1242849,-162.6307708401,-3.971274184501)
  );
#597 = CARTESIAN_POINT('',(181.0348427102,-162.5786189251,
    -4.077867235532));
#598 = CARTESIAN_POINT('',(180.95381596342,-162.5277204863,
    -4.174431152091));
#599 = CARTESIAN_POINT('',(180.86872506589,-162.4717122758,
    -4.275838534933));
#600 = CARTESIAN_POINT('',(180.74339869014,-162.3897583099,
    -4.425196693478));
#601 = CARTESIAN_POINT('',(180.70609363731,-162.3654131966,
    -4.469655124213));
#602 = CARTESIAN_POINT('',(180.66877909293,-162.3411105394,
    -4.514124866515));
#603 = CARTESIAN_POINT('',(180.63145504649,-162.3168494259,
    -4.55860593298));
#604 = CARTESIAN_POINT('',(180.59412148733,-162.2926289437,
    -4.603098336202));
#605 = CARTESIAN_POINT('',(180.55677840497,-162.2684481804,
    -4.64760208878));
#606 = CARTESIAN_POINT('',(180.51942578878,-162.2443062235,
    -4.692117203308));
#607 = CARTESIAN_POINT('',(180.48206362823,-162.2202021607,
    -4.736643692382));
#608 = ADVANCED_FACE('',(#609),#642,.T.);
#609 = FACE_BOUND('',#610,.T.);
#610 = EDGE_LOOP('',(#611,#621,#629,#635,#636));
#611 = ORIENTED_EDGE('',*,*,#612,.F.);
#612 = EDGE_CURVE('',#613,#615,#617,.T.);
#613 = VERTEX_POINT('',#614);
#614 = CARTESIAN_POINT('',(214.07369628219,-116.3789252588,-4.5));
#615 = VERTEX_POINT('',#616);
#616 = CARTESIAN_POINT('',(214.07369628219,-116.3789252588,
    -34.0991689942));
#617 = LINE('',#618,#619);
#618 = CARTESIAN_POINT('',(214.07369628219,-116.3789252588,-4.));
#619 = VECTOR('',#620,1.);
#620 = DIRECTION('',(0.,0.,-1.));
#621 = ORIENTED_EDGE('',*,*,#622,.T.);
#622 = EDGE_CURVE('',#613,#623,#625,.T.);
#623 = VERTEX_POINT('',#624);
#624 = CARTESIAN_POINT('',(207.26940648052,-128.1642973298,
    -4.500000000006));
#625 = LINE('',#626,#627);
#626 = CARTESIAN_POINT('',(214.07369628219,-116.3789252588,-4.5));
#627 = VECTOR('',#628,1.);
#628 = DIRECTION('',(-0.500000113749,-0.866025338112,-0.));
#629 = ORIENTED_EDGE('',*,*,#630,.T.);
#630 = EDGE_CURVE('',#623,#125,#631,.T.);
#631 = LINE('',#632,#633);
#632 = CARTESIAN_POINT('',(207.26940648051,-128.1642973298,-4.5));
#633 = VECTOR('',#634,1.);
#634 = DIRECTION('',(-0.50000011375,-0.866025338111,0.));
#635 = ORIENTED_EDGE('',*,*,#133,.T.);
#636 = ORIENTED_EDGE('',*,*,#637,.T.);
#637 = EDGE_CURVE('',#134,#615,#638,.T.);
#638 = LINE('',#639,#640);
#639 = CARTESIAN_POINT('',(188.2413529357,-161.1218428415,
    -29.54422988729));
#640 = VECTOR('',#641,1.);
#641 = DIRECTION('',(0.49806816738,0.862679109856,-8.782285614107E-02));
#642 = PLANE('',#643);
#643 = AXIS2_PLACEMENT_3D('',#644,#645,#646);
#644 = CARTESIAN_POINT('',(201.14654674943,-138.7693982548,-41.5));
#645 = DIRECTION('',(0.866025338111,-0.50000011375,0.));
#646 = DIRECTION('',(0.50000011375,0.866025338111,0.));
#647 = ADVANCED_FACE('',(#648),#677,.T.);
#648 = FACE_BOUND('',#649,.T.);
#649 = EDGE_LOOP('',(#650,#651,#652,#660,#669));
#650 = ORIENTED_EDGE('',*,*,#523,.F.);
#651 = ORIENTED_EDGE('',*,*,#124,.F.);
#652 = ORIENTED_EDGE('',*,*,#653,.F.);
#653 = EDGE_CURVE('',#654,#125,#656,.T.);
#654 = VERTEX_POINT('',#655);
#655 = CARTESIAN_POINT('',(187.78638454761,-160.9098711939,
    -3.999999999995));
#656 = LINE('',#657,#658);
#657 = CARTESIAN_POINT('',(188.00289088214,-161.0348712224,
    -4.249999999995));
#658 = VECTOR('',#659,1.);
#659 = DIRECTION('',(0.612372389258,-0.353553471026,-0.707106781187));
#660 = ORIENTED_EDGE('',*,*,#661,.T.);
#661 = EDGE_CURVE('',#654,#662,#664,.T.);
#662 = VERTEX_POINT('',#663);
#663 = CARTESIAN_POINT('',(181.10018107881,-162.5665512939,-4.));
#664 = CIRCLE('',#665,4.781250259068);
#665 = AXIS2_PLACEMENT_3D('',#666,#667,#668);
#666 = CARTESIAN_POINT('',(183.64570067542,-158.5192455206,-4.));
#667 = DIRECTION('',(0.,-0.,-1.));
#668 = DIRECTION('',(0.866025338111,-0.50000011375,0.));
#669 = ORIENTED_EDGE('',*,*,#670,.F.);
#670 = EDGE_CURVE('',#524,#662,#671,.T.);
#671 = B_SPLINE_CURVE_WITH_KNOTS('',4,(#672,#673,#674,#675,#676),
  .UNSPECIFIED.,.F.,.F.,(5,5),(0.,1.),.PIECEWISE_BEZIER_KNOTS.);
#672 = CARTESIAN_POINT('',(181.06508880293,-162.5938574125,
    -4.041821345854));
#673 = CARTESIAN_POINT('',(181.07386315582,-162.5870368814,
    -4.031364479272));
#674 = CARTESIAN_POINT('',(181.08263665899,-162.5802123763,
    -4.020908625354));
#675 = CARTESIAN_POINT('',(181.09140930315,-162.57338386,-4.010453795158
    ));
#676 = CARTESIAN_POINT('',(181.10018107881,-162.5665512939,-4.));
#677 = CONICAL_SURFACE('',#678,5.281250259068,0.785398163397);
#678 = AXIS2_PLACEMENT_3D('',#679,#680,#681);
#679 = CARTESIAN_POINT('',(183.64570067542,-158.5192455206,-4.5));
#680 = DIRECTION('',(-0.,-0.,-1.));
#681 = DIRECTION('',(0.866025338111,-0.50000011375,0.));
#682 = ADVANCED_FACE('',(#683),#720,.F.);
#683 = FACE_BOUND('',#684,.F.);
#684 = EDGE_LOOP('',(#685,#692,#693,#694));
#685 = ORIENTED_EDGE('',*,*,#686,.T.);
#686 = EDGE_CURVE('',#687,#338,#689,.T.);
#687 = VERTEX_POINT('',#688);
#688 = CARTESIAN_POINT('',(129.72188047656,-146.4688565993,
    -19.72760743563));
#689 = B_SPLINE_CURVE_WITH_KNOTS('',1,(#690,#691),.UNSPECIFIED.,.F.,.F.,
  (2,2),(0.,2.093408539884E-02),.PIECEWISE_BEZIER_KNOTS.);
#690 = CARTESIAN_POINT('',(129.72188047656,-146.4688565993,
    -19.72760743563));
#691 = CARTESIAN_POINT('',(129.8023359999,-146.965524427,-19.23409160109
    ));
#692 = ORIENTED_EDGE('',*,*,#345,.T.);
#693 = ORIENTED_EDGE('',*,*,#174,.F.);
#694 = ORIENTED_EDGE('',*,*,#695,.F.);
#695 = EDGE_CURVE('',#687,#175,#696,.T.);
#696 = B_SPLINE_CURVE_WITH_KNOTS('',8,(#697,#698,#699,#700,#701,#702,
    #703,#704,#705,#706,#707,#708,#709,#710,#711,#712,#713,#714,#715,
    #716,#717,#718,#719),.UNSPECIFIED.,.F.,.F.,(9,7,7,9),(
    632.28815467247,632.36129487802,632.38224937349,657.39393939263),
  .UNSPECIFIED.);
#697 = CARTESIAN_POINT('',(129.72188047656,-146.4688565993,
    -19.72760743563));
#698 = CARTESIAN_POINT('',(129.73008572291,-146.468965051,
    -19.72905424195));
#699 = CARTESIAN_POINT('',(129.73829112211,-146.4690574027,
    -19.73050107521));
#700 = CARTESIAN_POINT('',(129.74649663657,-146.4691336531,
    -19.7319479288));
#701 = CARTESIAN_POINT('',(129.7547022287,-146.4691938005,
    -19.73339479609));
#702 = CARTESIAN_POINT('',(129.7629078609,-146.4692378434,
    -19.73484167044));
#703 = CARTESIAN_POINT('',(129.77111349559,-146.4692657803,
    -19.73628854523));
#704 = CARTESIAN_POINT('',(129.77931909518,-146.4692776096,
    -19.73773541383));
#705 = CARTESIAN_POINT('',(129.78987548607,-146.4692721036,
    -19.73959679036));
#706 = CARTESIAN_POINT('',(129.79220137872,-146.4692696197,
    -19.74000690799));
#707 = CARTESIAN_POINT('',(129.79417577652,-146.4692656657,
    -19.74035504759));
#708 = CARTESIAN_POINT('',(129.79615747758,-146.4692589386,
    -19.74070447496));
#709 = CARTESIAN_POINT('',(129.79830856364,-146.4692491755,
    -19.74108376947));
#710 = CARTESIAN_POINT('',(129.80038714996,-146.4692373006,
    -19.74145028032));
#711 = CARTESIAN_POINT('',(129.80221492381,-146.4692235908,
    -19.74177256616));
#712 = CARTESIAN_POINT('',(132.9136571604,-146.4456496089,
    -20.29040378139));
#713 = CARTESIAN_POINT('',(136.02582102412,-146.5542351193,
    -20.83916223895));
#714 = CARTESIAN_POINT('',(139.13305032584,-146.8016147125,
    -21.38705060009));
#715 = CARTESIAN_POINT('',(142.22862555518,-147.1824174714,
    -21.93288403383));
#716 = CARTESIAN_POINT('',(145.30454242197,-147.6998418063,
    -22.47525116787));
#717 = CARTESIAN_POINT('',(148.35552663733,-148.3452956243,
    -23.01322200275));
#718 = CARTESIAN_POINT('',(151.37111096142,-149.1349861942,
    -23.54495088169));
#719 = CARTESIAN_POINT('',(154.34524925424,-150.0492084025,
    -24.06937170707));
#720 = B_SPLINE_SURFACE_WITH_KNOTS('',1,8,(
    (#721,#722,#723,#724,#725,#726,#727,#728,#729,#730,#731,#732,#733
      ,#734,#735,#736,#737,#738,#739,#740,#741,#742,#743)
    ,(#744,#745,#746,#747,#748,#749,#750,#751,#752,#753,#754,#755,#756
      ,#757,#758,#759,#760,#761,#762,#763,#764,#765,#766
  )),.UNSPECIFIED.,.F.,.F.,.F.,(2,2),(9,7,7,9),(0.,25.105784720163),(
    632.28815467247,632.36129487802,632.38224937349,657.39393939263),
  .UNSPECIFIED.);
#721 = CARTESIAN_POINT('',(129.72188047656,-146.4688565993,
    -19.72760743563));
#722 = CARTESIAN_POINT('',(129.73008572291,-146.468965051,
    -19.72905424195));
#723 = CARTESIAN_POINT('',(129.73829112211,-146.4690574027,
    -19.73050107521));
#724 = CARTESIAN_POINT('',(129.74649663657,-146.4691336531,
    -19.7319479288));
#725 = CARTESIAN_POINT('',(129.7547022287,-146.4691938005,
    -19.73339479609));
#726 = CARTESIAN_POINT('',(129.7629078609,-146.4692378434,
    -19.73484167044));
#727 = CARTESIAN_POINT('',(129.77111349559,-146.4692657803,
    -19.73628854523));
#728 = CARTESIAN_POINT('',(129.77931909518,-146.4692776096,
    -19.73773541383));
#729 = CARTESIAN_POINT('',(129.78987548607,-146.4692721036,
    -19.73959679036));
#730 = CARTESIAN_POINT('',(129.79220137872,-146.4692696197,
    -19.74000690799));
#731 = CARTESIAN_POINT('',(129.79417577652,-146.4692656657,
    -19.74035504759));
#732 = CARTESIAN_POINT('',(129.79615747758,-146.4692589386,
    -19.74070447496));
#733 = CARTESIAN_POINT('',(129.79830856364,-146.4692491755,
    -19.74108376947));
#734 = CARTESIAN_POINT('',(129.80038714996,-146.4692373006,
    -19.74145028032));
#735 = CARTESIAN_POINT('',(129.80221492381,-146.4692235908,
    -19.74177256616));
#736 = CARTESIAN_POINT('',(132.9136571604,-146.4456496089,
    -20.29040378139));
#737 = CARTESIAN_POINT('',(136.02582102412,-146.5542351193,
    -20.83916223895));
#738 = CARTESIAN_POINT('',(139.13305032584,-146.8016147125,
    -21.38705060009));
#739 = CARTESIAN_POINT('',(142.22862555518,-147.1824174714,
    -21.93288403383));
#740 = CARTESIAN_POINT('',(145.30454242197,-147.6998418063,
    -22.47525116787));
#741 = CARTESIAN_POINT('',(148.35552663733,-148.3452956243,
    -23.01322200275));
#742 = CARTESIAN_POINT('',(151.37111096142,-149.1349861942,
    -23.54495088169));
#743 = CARTESIAN_POINT('',(154.34524925424,-150.0492084025,
    -24.06937170707));
#744 = CARTESIAN_POINT('',(129.8023359999,-146.965524427,-19.23409160109
    ));
#745 = CARTESIAN_POINT('',(129.81137054053,-146.9654436359,-19.235685972
    ));
#746 = CARTESIAN_POINT('',(129.82040432437,-146.9653640021,
    -19.23728016612));
#747 = CARTESIAN_POINT('',(129.82943744045,-146.9652855245,
    -19.23887417861));
#748 = CARTESIAN_POINT('',(129.83846997787,-146.9652082024,
    -19.2404680046));
#749 = CARTESIAN_POINT('',(129.84750202563,-146.9651320346,
    -19.24206163924));
#750 = CARTESIAN_POINT('',(129.85653367283,-146.9650570202,
    -19.24365507767));
#751 = CARTESIAN_POINT('',(129.86556500849,-146.9649831582,
    -19.24524831503));
#752 = CARTESIAN_POINT('',(129.8771835142,-146.9648896162,-19.2472977462
    ));
#753 = CARTESIAN_POINT('',(129.87977068122,-146.9648688811,
    -19.24775409711));
#754 = CARTESIAN_POINT('',(129.88235471568,-146.9648482651,
    -19.24820986769));
#755 = CARTESIAN_POINT('',(129.88493878352,-146.9648277432,
    -19.2486656175));
#756 = CARTESIAN_POINT('',(129.88752432041,-146.9648073038,
    -19.24912159881));
#757 = CARTESIAN_POINT('',(129.89010919778,-146.9647869636,
    -19.24957742841));
#758 = CARTESIAN_POINT('',(129.89269185827,-146.9647667349,
    -19.2500328296));
#759 = CARTESIAN_POINT('',(132.98623293904,-146.9406496047,
    -19.79551371442));
#760 = CARTESIAN_POINT('',(136.07983900834,-147.0512083332,
    -20.34096680389));
#761 = CARTESIAN_POINT('',(139.1686442758,-147.2967951035,
    -20.88565814908));
#762 = CARTESIAN_POINT('',(142.24552334239,-147.6768797266,
    -21.42807983486));
#763 = CARTESIAN_POINT('',(145.30411800967,-148.1914437962,
    -21.96753338366));
#764 = CARTESIAN_POINT('',(148.3347952672,-148.8382213102,
    -22.50181233592));
#765 = CARTESIAN_POINT('',(151.33301373158,-149.6162490148,
    -23.03052143525));
#766 = CARTESIAN_POINT('',(154.29082069444,-150.5230027484,
    -23.55208628269));
#767 = ADVANCED_FACE('',(#768,#1200),#1429,.F.);
#768 = FACE_BOUND('',#769,.F.);
#769 = EDGE_LOOP('',(#770,#780,#801,#809,#822,#829,#830,#831,#832,#840,
    #857,#865,#882,#890,#1131,#1139,#1160,#1168,#1181,#1189));
#770 = ORIENTED_EDGE('',*,*,#771,.T.);
#771 = EDGE_CURVE('',#772,#774,#776,.T.);
#772 = VERTEX_POINT('',#773);
#773 = CARTESIAN_POINT('',(57.063175988664,-132.1781249999,
    -6.915917451095));
#774 = VERTEX_POINT('',#775);
#775 = CARTESIAN_POINT('',(123.41005091116,-132.1781249999,
    -18.61466158562));
#776 = LINE('',#777,#778);
#777 = CARTESIAN_POINT('',(57.150000077497,-132.1781249999,
    -6.931226880531));
#778 = VECTOR('',#779,1.);
#779 = DIRECTION('',(0.984807753012,-1.33480448557E-12,-0.173648177667)
  );
#780 = ORIENTED_EDGE('',*,*,#781,.T.);
#781 = EDGE_CURVE('',#774,#782,#784,.T.);
#782 = VERTEX_POINT('',#783);
#783 = CARTESIAN_POINT('',(124.9892788765,-133.6781249999,
    -18.89312208459));
#784 = B_SPLINE_CURVE_WITH_KNOTS('',8,(#785,#786,#787,#788,#789,#790,
    #791,#792,#793,#794,#795,#796,#797,#798,#799,#800),.UNSPECIFIED.,.F.
  ,.F.,(9,7,9),(614.27762280163,614.36515326343,615.94872183636),
  .UNSPECIFIED.);
#785 = CARTESIAN_POINT('',(123.41005091116,-132.1781249999,
    -18.61466158562));
#786 = CARTESIAN_POINT('',(123.42090392226,-132.1781249999,
    -18.6165752643));
#787 = CARTESIAN_POINT('',(123.43172617307,-132.1781167551,
    -18.61848351911));
#788 = CARTESIAN_POINT('',(123.44270843381,-132.1781461875,
    -18.62041998798));
#789 = CARTESIAN_POINT('',(123.45332493342,-132.178109244,
    -18.62229196331));
#790 = CARTESIAN_POINT('',(123.46441476139,-132.1781113788,
    -18.62424739919));
#791 = CARTESIAN_POINT('',(123.47513789177,-132.1781660975,
    -18.62613817639));
#792 = CARTESIAN_POINT('',(123.48352854151,-132.1780499575,
    -18.62761767433));
#793 = CARTESIAN_POINT('',(123.78594054044,-132.1796050414,
    -18.68094106903));
#794 = CARTESIAN_POINT('',(124.0798831203,-132.2420212672,
    -18.73277107664));
#795 = CARTESIAN_POINT('',(124.35559471645,-132.375182285,
    -18.78138646993));
#796 = CARTESIAN_POINT('',(124.59612250895,-132.565448599,
    -18.82379800936));
#797 = CARTESIAN_POINT('',(124.79023066955,-132.8080196215,
    -18.85802451525));
#798 = CARTESIAN_POINT('',(124.92279455796,-133.0860356655,
    -18.88139910544));
#799 = CARTESIAN_POINT('',(124.98927887649,-133.3820875398,
    -18.89312208459));
#800 = CARTESIAN_POINT('',(124.9892788765,-133.6781249999,
    -18.89312208459));
#801 = ORIENTED_EDGE('',*,*,#802,.T.);
#802 = EDGE_CURVE('',#782,#803,#805,.T.);
#803 = VERTEX_POINT('',#804);
#804 = CARTESIAN_POINT('',(124.9892788765,-141.6843749224,-18.8931220846
    ));
#805 = LINE('',#806,#807);
#806 = CARTESIAN_POINT('',(124.9892788765,-133.6781249999,
    -18.89312208459));
#807 = VECTOR('',#808,1.);
#808 = DIRECTION('',(2.094464790189E-13,-1.,-3.671111331279E-14));
#809 = ORIENTED_EDGE('',*,*,#810,.T.);
#810 = EDGE_CURVE('',#803,#811,#813,.T.);
#811 = VERTEX_POINT('',#812);
#812 = CARTESIAN_POINT('',(129.70309292512,-146.4685713455,
    -19.72429468341));
#813 = B_SPLINE_CURVE_WITH_KNOTS('',7,(#814,#815,#816,#817,#818,#819,
    #820,#821),.UNSPECIFIED.,.F.,.F.,(8,8),(623.95497175875,
    632.26722058707),.PIECEWISE_BEZIER_KNOTS.);
#814 = CARTESIAN_POINT('',(124.9892788765,-141.6843749224,-18.8931220846
    ));
#815 = CARTESIAN_POINT('',(124.9892788765,-142.7438917201,-18.8931220846
    ));
#816 = CARTESIAN_POINT('',(125.26397739323,-143.8036767543,
    -18.94155884465));
#817 = CARTESIAN_POINT('',(125.81329232227,-144.7791725347,
    -19.03841788755));
#818 = CARTESIAN_POINT('',(126.6055658493,-145.5864767712,
    -19.17811708647));
#819 = CARTESIAN_POINT('',(127.57547382301,-146.1548324881,
    -19.34913803104));
#820 = CARTESIAN_POINT('',(128.63741418506,-146.4502961143,
    -19.53638676877));
#821 = CARTESIAN_POINT('',(129.70309292512,-146.4685713455,
    -19.72429468341));
#822 = ORIENTED_EDGE('',*,*,#823,.T.);
#823 = EDGE_CURVE('',#811,#687,#824,.T.);
#824 = B_SPLINE_CURVE_WITH_KNOTS('',3,(#825,#826,#827,#828),
  .UNSPECIFIED.,.F.,.F.,(4,4),(632.26722058707,632.28815467247),
  .PIECEWISE_BEZIER_KNOTS.);
#825 = CARTESIAN_POINT('',(129.70309292512,-146.4685713455,
    -19.72429468341));
#826 = CARTESIAN_POINT('',(129.70935529252,-146.4686787383,
    -19.72539890775));
#827 = CARTESIAN_POINT('',(129.71561782611,-146.4687738237,
    -19.72650316139));
#828 = CARTESIAN_POINT('',(129.72188047656,-146.4688565993,
    -19.72760743563));
#829 = ORIENTED_EDGE('',*,*,#695,.T.);
#830 = ORIENTED_EDGE('',*,*,#189,.T.);
#831 = ORIENTED_EDGE('',*,*,#450,.T.);
#832 = ORIENTED_EDGE('',*,*,#833,.T.);
#833 = EDGE_CURVE('',#444,#834,#836,.T.);
#834 = VERTEX_POINT('',#835);
#835 = CARTESIAN_POINT('',(213.62695402529,-116.1640778323,
    -34.5223357206));
#836 = LINE('',#837,#838);
#837 = CARTESIAN_POINT('',(187.7946106788,-160.906995415,-29.96739661369
    ));
#838 = VECTOR('',#839,1.);
#839 = DIRECTION('',(0.49806816738,0.862679109856,-8.782285614107E-02));
#840 = ORIENTED_EDGE('',*,*,#841,.T.);
#841 = EDGE_CURVE('',#834,#842,#844,.T.);
#842 = VERTEX_POINT('',#843);
#843 = CARTESIAN_POINT('',(214.28884612349,-113.7382995285,
    -34.63904515583));
#844 = B_SPLINE_CURVE_WITH_KNOTS('',6,(#845,#846,#847,#848,#849,#850,
    #851,#852,#853,#854,#855,#856),.UNSPECIFIED.,.F.,.F.,(7,5,7),(
    747.79806562018,747.84203776902,750.61111841402),.UNSPECIFIED.);
#845 = CARTESIAN_POINT('',(213.62695402529,-116.1640778323,
    -34.5223357206));
#846 = CARTESIAN_POINT('',(213.63061331179,-116.157739764,
    -34.52298095154));
#847 = CARTESIAN_POINT('',(213.63425209391,-116.1514362288,-34.523622567
    ));
#848 = CARTESIAN_POINT('',(213.63800455124,-116.1449411586,
    -34.52428422648));
#849 = CARTESIAN_POINT('',(213.6414520036,-116.138960665,-34.52489210534
    ));
#850 = CARTESIAN_POINT('',(213.64546738927,-116.1320186733,
    -34.52560012617));
#851 = CARTESIAN_POINT('',(213.85747896638,-115.7643697682,
    -34.56298348744));
#852 = CARTESIAN_POINT('',(214.02806952516,-115.3822762801,
    -34.59306320561));
#853 = CARTESIAN_POINT('',(214.15797534894,-114.9821930986,
    -34.61596910729));
#854 = CARTESIAN_POINT('',(214.24522409723,-114.5714845779,
    -34.63135341565));
#855 = CARTESIAN_POINT('',(214.28884612349,-114.1548693143,
    -34.63904515583));
#856 = CARTESIAN_POINT('',(214.28884612349,-113.7382995285,
    -34.63904515583));
#857 = ORIENTED_EDGE('',*,*,#858,.T.);
#858 = EDGE_CURVE('',#842,#859,#861,.T.);
#859 = VERTEX_POINT('',#860);
#860 = CARTESIAN_POINT('',(214.28884612349,-37.40254807749,
    -34.63904515583));
#861 = LINE('',#862,#863);
#862 = CARTESIAN_POINT('',(214.28884612349,-113.7382995285,
    -34.63904515583));
#863 = VECTOR('',#864,1.);
#864 = DIRECTION('',(0.,1.,-2.22044604925E-16));
#865 = ORIENTED_EDGE('',*,*,#866,.T.);
#866 = EDGE_CURVE('',#859,#867,#869,.T.);
#867 = VERTEX_POINT('',#868);
#868 = CARTESIAN_POINT('',(209.41317583366,-32.62129799999,
    -33.77933293469));
#869 = B_SPLINE_CURVE_WITH_KNOTS('',6,(#870,#871,#872,#873,#874,#875,
    #876,#877,#878,#879,#880,#881),.UNSPECIFIED.,.F.,.F.,(7,5,7),(
    826.94686986507,835.30740943095,835.39491182175),.UNSPECIFIED.);
#870 = CARTESIAN_POINT('',(214.28884612349,-37.40254807749,
    -34.63904515583));
#871 = CARTESIAN_POINT('',(214.28884612349,-36.15284479406,
    -34.63904515583));
#872 = CARTESIAN_POINT('',(213.89618494164,-34.90315423311,
    -34.56980839519));
#873 = CARTESIAN_POINT('',(213.11129085892,-33.80593408363,
    -34.43141039141));
#874 = CARTESIAN_POINT('',(212.0107345736,-33.01467247614,
    -34.23735262452));
#875 = CARTESIAN_POINT('',(210.75649175372,-32.62257592866,
    -34.01619577502));
#876 = CARTESIAN_POINT('',(209.48635107095,-32.62128437171,
    -33.79223570335));
#877 = CARTESIAN_POINT('',(209.47053385543,-32.62130972772,
    -33.78944670149));
#878 = CARTESIAN_POINT('',(209.4568613551,-32.62129128683,
    -33.78703587079));
#879 = CARTESIAN_POINT('',(209.44204007204,-32.62129994526,
    -33.7844224787));
#880 = CARTESIAN_POINT('',(209.42764651513,-32.62129799999,
    -33.78188450627));
#881 = CARTESIAN_POINT('',(209.41317583366,-32.62129799999,
    -33.77933293469));
#882 = ORIENTED_EDGE('',*,*,#883,.T.);
#883 = EDGE_CURVE('',#867,#884,#886,.T.);
#884 = VERTEX_POINT('',#885);
#885 = CARTESIAN_POINT('',(93.991220281565,-32.62129799999,
    -13.42732800473));
#886 = LINE('',#887,#888);
#887 = CARTESIAN_POINT('',(209.49999992249,-32.62129799999,
    -33.79464236413));
#888 = VECTOR('',#889,1.);
#889 = DIRECTION('',(-0.984807753012,6.0625207022E-16,0.173648177667));
#890 = ORIENTED_EDGE('',*,*,#891,.T.);
#891 = EDGE_CURVE('',#884,#892,#894,.T.);
#892 = VERTEX_POINT('',#893);
#893 = CARTESIAN_POINT('',(89.289200237882,-37.39835198656,
    -12.59823500719));
#894 = B_SPLINE_CURVE_WITH_KNOTS('',14,(#895,#896,#897,#898,#899,#900,
    #901,#902,#903,#904,#905,#906,#907,#908,#909,#910,#911,#912,#913,
    #914,#915,#916,#917,#918,#919,#920,#921,#922,#923,#924,#925,#926,
    #927,#928,#929,#930,#931,#932,#933,#934,#935,#936,#937,#938,#939,
    #940,#941,#942,#943,#944,#945,#946,#947,#948,#949,#950,#951,#952,
    #953,#954,#955,#956,#957,#958,#959,#960,#961,#962,#963,#964,#965,
    #966,#967,#968,#969,#970,#971,#972,#973,#974,#975,#976,#977,#978,
    #979,#980,#981,#982,#983,#984,#985,#986,#987,#988,#989,#990,#991,
    #992,#993,#994,#995,#996,#997,#998,#999,#1000,#1001,#1002,#1003,
    #1004,#1005,#1006,#1007,#1008,#1009,#1010,#1011,#1012,#1013,#1014,
    #1015,#1016,#1017,#1018,#1019,#1020,#1021,#1022,#1023,#1024,#1025,
    #1026,#1027,#1028,#1029,#1030,#1031,#1032,#1033,#1034,#1035,#1036,
    #1037,#1038,#1039,#1040,#1041,#1042,#1043,#1044,#1045,#1046,#1047,
    #1048,#1049,#1050,#1051,#1052,#1053,#1054,#1055,#1056,#1057,#1058,
    #1059,#1060,#1061,#1062,#1063,#1064,#1065,#1066,#1067,#1068,#1069,
    #1070,#1071,#1072,#1073,#1074,#1075,#1076,#1077,#1078,#1079,#1080,
    #1081,#1082,#1083,#1084,#1085,#1086,#1087,#1088,#1089,#1090,#1091,
    #1092,#1093,#1094,#1095,#1096,#1097,#1098,#1099,#1100,#1101,#1102,
    #1103,#1104,#1105,#1106,#1107,#1108,#1109,#1110,#1111,#1112,#1113,
    #1114,#1115,#1116,#1117,#1118,#1119,#1120,#1121,#1122,#1123,#1124,
    #1125,#1126,#1127,#1128,#1129,#1130),.UNSPECIFIED.,.F.,.F.,(15,13,13
    ,13,13,13,13,13,13,13,13,13,13,13,13,13,13,13,15),(952.59744093737,
    956.7303287118,958.79677259902,959.82999454262,960.34660551443,
    960.60491100033,960.73406374328,960.79864011476,960.83092830049,
    960.84707239336,960.8551444398,960.85918046301,960.86119847462,
    960.86220748043,960.86271198333,960.86296423478,960.86309036051,
    960.86315342337,960.86321648623),.UNSPECIFIED.);
#895 = CARTESIAN_POINT('',(93.991381767365,-32.6212979731,
    -13.42735647903));
#896 = CARTESIAN_POINT('',(93.726434574505,-32.621386204,-13.38063914047
    ));
#897 = CARTESIAN_POINT('',(93.461754409915,-32.63793168515,
    -13.33396888618));
#898 = CARTESIAN_POINT('',(93.19835044356,-32.67089265725,
    -13.28752366011));
#899 = CARTESIAN_POINT('',(92.937233277397,-32.72015130169,
    -13.24148165854));
#900 = CARTESIAN_POINT('',(92.679409535811,-32.78551541607,
    -13.19602037673));
#901 = CARTESIAN_POINT('',(92.425876462637,-32.86672009764,
    -13.15131565528));
#902 = CARTESIAN_POINT('',(92.177616504649,-32.96342941229,
    -13.10754072664));
#903 = CARTESIAN_POINT('',(91.935591918142,-33.07523808589,
    -13.06486526185));
#904 = CARTESIAN_POINT('',(91.700739342569,-33.20167316625,
    -13.02345441645));
#905 = CARTESIAN_POINT('',(91.473964413708,-33.34219571799,
    -12.98346787783));
#906 = CARTESIAN_POINT('',(91.256136336736,-33.49620248591,
    -12.94505891077));
#907 = CARTESIAN_POINT('',(91.048082493785,-33.66302758416,
    -12.90837340479));
#908 = CARTESIAN_POINT('',(90.850583026337,-33.84194416738,
    -12.87354892001));
#909 = CARTESIAN_POINT('',(90.571256636557,-34.12727708505,
    -12.82429614107));
#910 = CARTESIAN_POINT('',(90.480967058842,-34.22521727216,
    -12.80837565244));
#911 = CARTESIAN_POINT('',(90.393589048976,-34.3258875067,
    -12.79296855177));
#912 = CARTESIAN_POINT('',(90.309211074036,-34.42918604102,
    -12.77809043824));
#913 = CARTESIAN_POINT('',(90.227917729614,-34.53500855209,
    -12.76375622823));
#914 = CARTESIAN_POINT('',(90.149789719828,-34.64324813156,
    -12.74998015219));
#915 = CARTESIAN_POINT('',(90.074903888375,-34.75379530121,
    -12.73677575961));
#916 = CARTESIAN_POINT('',(90.003333178624,-34.86653799308,
    -12.72415591245));
#917 = CARTESIAN_POINT('',(89.935146676563,-34.98136157094,
    -12.71213279244));
#918 = CARTESIAN_POINT('',(89.870409571864,-35.09814881069,
    -12.7007178942));
#919 = CARTESIAN_POINT('',(89.809183187626,-35.21677991544,
    -12.68992203075));
#920 = CARTESIAN_POINT('',(89.751524961365,-35.33713250583,
    -12.67975532979));
#921 = CARTESIAN_POINT('',(89.697488454981,-35.45908162509,
    -12.67022723577));
#922 = CARTESIAN_POINT('',(89.621940798523,-35.64420879298,
    -12.65690614561));
#923 = CARTESIAN_POINT('',(89.597675785358,-35.70628563841,
    -12.6526275691));
#924 = CARTESIAN_POINT('',(89.574334399148,-35.76871450468,
    -12.64851185294));
#925 = CARTESIAN_POINT('',(89.551922442667,-35.83147954585,
    -12.64456002035));
#926 = CARTESIAN_POINT('',(89.530445446763,-35.89456484735,
    -12.64077304646));
#927 = CARTESIAN_POINT('',(89.509908643564,-35.95795440848,
    -12.63715185402));
#928 = CARTESIAN_POINT('',(89.490317010367,-36.02163217106,
    -12.63369732042));
#929 = CARTESIAN_POINT('',(89.471675209915,-36.08558198039,
    -12.63041026809));
#930 = CARTESIAN_POINT('',(89.453987658758,-36.14978763003,
    -12.62729147556));
#931 = CARTESIAN_POINT('',(89.437258461023,-36.21423281833,
    -12.62434166665));
#932 = CARTESIAN_POINT('',(89.421491462811,-36.27890118421,
    -12.62156151946));
#933 = CARTESIAN_POINT('',(89.406690214442,-36.34377628226,
    -12.61895166002));
#934 = CARTESIAN_POINT('',(89.392857992379,-36.40884159724,
    -12.61651266607));
#935 = CARTESIAN_POINT('',(89.373567687022,-36.50670000711,
    -12.61311126477));
#936 = CARTESIAN_POINT('',(89.367380784291,-36.53936292179,
    -12.6120203469));
#937 = CARTESIAN_POINT('',(89.361437354243,-36.57206720401,
    -12.61097235979));
#938 = CARTESIAN_POINT('',(89.355737668774,-36.60481077626,
    -12.60996735155));
#939 = CARTESIAN_POINT('',(89.350282004378,-36.63759156212,
    -12.60900537055));
#940 = CARTESIAN_POINT('',(89.345070628202,-36.67040748268,
    -12.60808646457));
#941 = CARTESIAN_POINT('',(89.340103822661,-36.70325646341,
    -12.60721068245));
#942 = CARTESIAN_POINT('',(89.335381849702,-36.73613642359,
    -12.60637807151));
#943 = CARTESIAN_POINT('',(89.330904994039,-36.76904528967,
    -12.60558868083));
#944 = CARTESIAN_POINT('',(89.326673519266,-36.80198098122,
    -12.60484255782));
#945 = CARTESIAN_POINT('',(89.322687705313,-36.8349414233,
    -12.60413975119));
#946 = CARTESIAN_POINT('',(89.318947821649,-36.86792453735,
    -12.60348030883));
#947 = CARTESIAN_POINT('',(89.315454143188,-36.90092824674,
    -12.60286427904));
#948 = CARTESIAN_POINT('',(89.310583342358,-36.95046158769,
    -12.60200542544));
#949 = CARTESIAN_POINT('',(89.309021324311,-36.96697732679,
    -12.60172999951));
#950 = CARTESIAN_POINT('',(89.307520904371,-36.9834974307,
    -12.60146543502));
#951 = CARTESIAN_POINT('',(89.30608209697,-37.00002163824,
    -12.60121173439));
#952 = CARTESIAN_POINT('',(89.304704919957,-37.01654968956,
    -12.60096890104));
#953 = CARTESIAN_POINT('',(89.303389385058,-37.03308132239,
    -12.60073693657));
#954 = CARTESIAN_POINT('',(89.302135512742,-37.04961627797,
    -12.60051584526));
#955 = CARTESIAN_POINT('',(89.300943313297,-37.06615429337,
    -12.60030562813));
#956 = CARTESIAN_POINT('',(89.299812806793,-37.08269510975,
    -12.60010628949));
#957 = CARTESIAN_POINT('',(89.298744005516,-37.09923846495,
    -12.59991783088));
#958 = CARTESIAN_POINT('',(89.297736926853,-37.11578409903,
    -12.5997402558));
#959 = CARTESIAN_POINT('',(89.296791585498,-37.13233175084,
    -12.59957356659));
#960 = CARTESIAN_POINT('',(89.295907997221,-37.14888115976,
    -12.59941776615));
#961 = CARTESIAN_POINT('',(89.294675267694,-37.17370751762,
    -12.59920040267));
#962 = CARTESIAN_POINT('',(89.294279797544,-37.18198334423,
    -12.59913067061));
#963 = CARTESIAN_POINT('',(89.293899768511,-37.19025951243,
    -12.59906366123));
#964 = CARTESIAN_POINT('',(89.293535179386,-37.19853598907,
    -12.59899937435));
#965 = CARTESIAN_POINT('',(89.293186035421,-37.20681274278,
    -12.59893781081));
#966 = CARTESIAN_POINT('',(89.292852329354,-37.21508973878,
    -12.59887896949));
#967 = CARTESIAN_POINT('',(89.292534073803,-37.22336694772,
    -12.59882285237));
#968 = CARTESIAN_POINT('',(89.292231255055,-37.23164433301,
    -12.59876945735));
#969 = CARTESIAN_POINT('',(89.291943888674,-37.23992186616,
    -12.59871878681));
#970 = CARTESIAN_POINT('',(89.291671962852,-37.24819951107,
    -12.59867083902));
#971 = CARTESIAN_POINT('',(89.291415487243,-37.25647723763,
    -12.59862561541));
#972 = CARTESIAN_POINT('',(89.291174457506,-37.26475501182,
    -12.59858311538));
#973 = CARTESIAN_POINT('',(89.290948876745,-37.27303280168,
    -12.5985433394));
#974 = CARTESIAN_POINT('',(89.290633679083,-37.2854494608,
    -12.59848776155));
#975 = CARTESIAN_POINT('',(89.290532475252,-37.28958834286,
    -12.59846991659));
#976 = CARTESIAN_POINT('',(89.290435133985,-37.29372721679,
    -12.59845275268));
#977 = CARTESIAN_POINT('',(89.290341653807,-37.29786607776,
    -12.59843626964));
#978 = CARTESIAN_POINT('',(89.290252038,-37.30200492332,-12.59842046788)
  );
#979 = CARTESIAN_POINT('',(89.290166281028,-37.30614374664,
    -12.59840534673));
#980 = CARTESIAN_POINT('',(89.290084390724,-37.31028254749,
    -12.59839090711));
#981 = CARTESIAN_POINT('',(89.290006357907,-37.31442131736,
    -12.59837714799));
#982 = CARTESIAN_POINT('',(89.289932191758,-37.31856005647,
    -12.59836407034));
#983 = CARTESIAN_POINT('',(89.289861884654,-37.32269875727,
    -12.59835167341));
#984 = CARTESIAN_POINT('',(89.289795441902,-37.32683741802,
    -12.5983399577));
#985 = CARTESIAN_POINT('',(89.289732860603,-37.3309760334,
    -12.59832892296));
#986 = CARTESIAN_POINT('',(89.289674141983,-37.33511459983,
    -12.59831856927));
#987 = CARTESIAN_POINT('',(89.289591857689,-37.34132236978,
    -12.59830406033));
#988 = CARTESIAN_POINT('',(89.289565394906,-37.34339161302,
    -12.59829939424));
#989 = CARTESIAN_POINT('',(89.289539898979,-37.34546084306,
    -12.59829489858));
#990 = CARTESIAN_POINT('',(89.289515365282,-37.34753005723,
    -12.59829057272));
#991 = CARTESIAN_POINT('',(89.289491803854,-37.34959925967,
    -12.59828641804));
#992 = CARTESIAN_POINT('',(89.289469197506,-37.35166844199,
    -12.59828243216));
#993 = CARTESIAN_POINT('',(89.289447570276,-37.35373761462,
    -12.59827861843));
#994 = CARTESIAN_POINT('',(89.289426894196,-37.35580676442,
    -12.59827497294));
#995 = CARTESIAN_POINT('',(89.289407196573,-37.35787590312,
    -12.59827149951));
#996 = CARTESIAN_POINT('',(89.289388454956,-37.35994502023,
    -12.59826819499));
#997 = CARTESIAN_POINT('',(89.289370684833,-37.36201412206,
    -12.59826506157));
#998 = CARTESIAN_POINT('',(89.28935387733,-37.36408320425,
    -12.59826209798));
#999 = CARTESIAN_POINT('',(89.289338036566,-37.36615226805,
    -12.59825930482));
#1000 = CARTESIAN_POINT('',(89.289315723313,-37.36925583447,
    -12.59825537039));
#1001 = CARTESIAN_POINT('',(89.28930852709,-37.3702903518,-12.5982541015
    ));
#1002 = CARTESIAN_POINT('',(89.289301571834,-37.37132486414,
    -12.5982528751));
#1003 = CARTESIAN_POINT('',(89.289294858934,-37.37235937164,
    -12.59825169144));
#1004 = CARTESIAN_POINT('',(89.289288385772,-37.37339387394,
    -12.59825055004));
#1005 = CARTESIAN_POINT('',(89.289282156245,-37.37442837124,
    -12.59824945162));
#1006 = CARTESIAN_POINT('',(89.289276165685,-37.37546286345,
    -12.5982483953));
#1007 = CARTESIAN_POINT('',(89.2892704186,-37.37649735012,
    -12.59824738197));
#1008 = CARTESIAN_POINT('',(89.289264911531,-37.37753183201,
    -12.59824641088));
#1009 = CARTESIAN_POINT('',(89.289259646472,-37.37856630796,
    -12.59824548255));
#1010 = CARTESIAN_POINT('',(89.289254622725,-37.379600779,-12.5982445967
    ));
#1011 = CARTESIAN_POINT('',(89.289249840194,-37.38063524421,
    -12.59824375343));
#1012 = CARTESIAN_POINT('',(89.289245299264,-37.38166970407,
    -12.59824295273));
#1013 = CARTESIAN_POINT('',(89.289238849723,-37.3832213853,
    -12.5982418155));
#1014 = CARTESIAN_POINT('',(89.289236760631,-37.38373861115,
    -12.59824144712));
#1015 = CARTESIAN_POINT('',(89.289234730154,-37.38425583487,
    -12.59824108917));
#1016 = CARTESIAN_POINT('',(89.289232764552,-37.38477305903,
    -12.59824074239));
#1017 = CARTESIAN_POINT('',(89.289230850474,-37.38529027818,
    -12.59824040523));
#1018 = CARTESIAN_POINT('',(89.2892290104,-37.38580750138,
    -12.59824008029));
#1019 = CARTESIAN_POINT('',(89.28922721338,-37.38632471628,
    -12.59823976399));
#1020 = CARTESIAN_POINT('',(89.289225494884,-37.38684193685,
    -12.59823946043));
#1021 = CARTESIAN_POINT('',(89.289223820773,-37.38735914978,
    -12.59823916567));
#1022 = CARTESIAN_POINT('',(89.28922221871,-37.38787636573,
    -12.5982388829));
#1023 = CARTESIAN_POINT('',(89.289220669895,-37.38839357751,
    -12.59823860995));
#1024 = CARTESIAN_POINT('',(89.289219184911,-37.38891078912,
    -12.59823834805));
#1025 = CARTESIAN_POINT('',(89.289217758957,-37.38942799875,
    -12.59823809663));
#1026 = CARTESIAN_POINT('',(89.289215711046,-37.39020381113,
    -12.59823773553));
#1027 = CARTESIAN_POINT('',(89.289215043448,-37.39046241486,
    -12.59823761781));
#1028 = CARTESIAN_POINT('',(89.289214391012,-37.39072101826,
    -12.59823750278));
#1029 = CARTESIAN_POINT('',(89.289213753518,-37.3909796212,
    -12.59823739034));
#1030 = CARTESIAN_POINT('',(89.289213131413,-37.39123822391,
    -12.59823728071));
#1031 = CARTESIAN_POINT('',(89.289212523831,-37.39149682603,
    -12.59823717349));
#1032 = CARTESIAN_POINT('',(89.28921193221,-37.39175542801,
    -12.59823706927));
#1033 = CARTESIAN_POINT('',(89.289211354544,-37.39201402939,
    -12.59823696731));
#1034 = CARTESIAN_POINT('',(89.289210793197,-37.39227263056,
    -12.59823686841));
#1035 = CARTESIAN_POINT('',(89.289210245801,-37.39253123122,
    -12.59823677184));
#1036 = CARTESIAN_POINT('',(89.289209714377,-37.3927898316,
    -12.59823667816));
#1037 = CARTESIAN_POINT('',(89.289209197454,-37.3930484315,-12.598236587
    ));
#1038 = CARTESIAN_POINT('',(89.289208695947,-37.3933070311,
    -12.59823649858));
#1039 = CARTESIAN_POINT('',(89.289207966078,-37.39369492983,
    -12.59823636988));
#1040 = CARTESIAN_POINT('',(89.289207726872,-37.39382422946,
    -12.59823632771));
#1041 = CARTESIAN_POINT('',(89.289207490145,-37.39395352835,
    -12.59823628594));
#1042 = CARTESIAN_POINT('',(89.28920726051,-37.39408282882,
    -12.59823624553));
#1043 = CARTESIAN_POINT('',(89.289207028302,-37.39421212595,
    -12.59823620442));
#1044 = CARTESIAN_POINT('',(89.28920680946,-37.39434142798,
    -12.5982361661));
#1045 = CARTESIAN_POINT('',(89.289206582559,-37.39447072361,
    -12.59823612573));
#1046 = CARTESIAN_POINT('',(89.289206371528,-37.39460002575,
    -12.59823608892));
#1047 = CARTESIAN_POINT('',(89.289206153903,-37.39472932199,
    -12.59823605019));
#1048 = CARTESIAN_POINT('',(89.289205947526,-37.3948586224,
    -12.59823601406));
#1049 = CARTESIAN_POINT('',(89.289205740385,-37.39498792009,
    -12.59823597739));
#1050 = CARTESIAN_POINT('',(89.289205539312,-37.39511721902,
    -12.59823594199));
#1051 = CARTESIAN_POINT('',(89.289205341056,-37.3952465173,
    -12.59823590702));
#1052 = CARTESIAN_POINT('',(89.289205049805,-37.39544046483,
    -12.59823585566));
#1053 = CARTESIAN_POINT('',(89.289204953305,-37.39550511382,
    -12.59823583866));
#1054 = CARTESIAN_POINT('',(89.289204859203,-37.39556976343,
    -12.59823582201));
#1055 = CARTESIAN_POINT('',(89.28920476224,-37.39563441135,
    -12.59823580506));
#1056 = CARTESIAN_POINT('',(89.289204673754,-37.39569906254,
    -12.59823578918));
#1057 = CARTESIAN_POINT('',(89.289204574253,-37.39576370847,
    -12.59823577205));
#1058 = CARTESIAN_POINT('',(89.289204491308,-37.39582836121,
    -12.59823575693));
#1059 = CARTESIAN_POINT('',(89.289204392323,-37.39589300649,
    -12.59823573996));
#1060 = CARTESIAN_POINT('',(89.289204309738,-37.39595765852,
    -12.598235725));
#1061 = CARTESIAN_POINT('',(89.289204216348,-37.39602230538,
    -12.5982357088));
#1062 = CARTESIAN_POINT('',(89.289204131289,-37.39608695544,
    -12.59823569366));
#1063 = CARTESIAN_POINT('',(89.289204043404,-37.39615160383,
    -12.59823567823));
#1064 = CARTESIAN_POINT('',(89.289203957959,-37.39621625285,
    -12.59823566314));
#1065 = CARTESIAN_POINT('',(89.289203830575,-37.39631322608,
    -12.59823564068));
#1066 = CARTESIAN_POINT('',(89.289203788556,-37.39634555055,
    -12.59823563326));
#1067 = CARTESIAN_POINT('',(89.289203746045,-37.39637787478,
    -12.59823562583));
#1068 = CARTESIAN_POINT('',(89.289203705587,-37.39641019958,
    -12.59823561854));
#1069 = CARTESIAN_POINT('',(89.289203661839,-37.39644252327,
    -12.59823561111));
#1070 = CARTESIAN_POINT('',(89.289203623852,-37.39647484868,
    -12.59823560398));
#1071 = CARTESIAN_POINT('',(89.289203578966,-37.39650717186,
    -12.59823559659));
#1072 = CARTESIAN_POINT('',(89.289203541985,-37.39653949741,
    -12.59823558954));
#1073 = CARTESIAN_POINT('',(89.289203498351,-37.39657182083,
    -12.59823558229));
#1074 = CARTESIAN_POINT('',(89.289203460112,-37.39660414583,
    -12.59823557525));
#1075 = CARTESIAN_POINT('',(89.289203418919,-37.39663646984,
    -12.59823556815));
#1076 = CARTESIAN_POINT('',(89.289203379553,-37.39666879435,
    -12.59823556114));
#1077 = CARTESIAN_POINT('',(89.289203339813,-37.39670111865,
    -12.59823555415));
#1078 = CARTESIAN_POINT('',(89.289203280793,-37.39674960517,
    -12.59823554374));
#1079 = CARTESIAN_POINT('',(89.289203261147,-37.39676576732,
    -12.59823554027));
#1080 = CARTESIAN_POINT('',(89.289203241622,-37.39678192954,
    -12.59823553685));
#1081 = CARTESIAN_POINT('',(89.289203222065,-37.3967980916,
    -12.59823553335));
#1082 = CARTESIAN_POINT('',(89.28920320265,-37.3968142539,
    -12.59823553002));
#1083 = CARTESIAN_POINT('',(89.289203183283,-37.39683041593,
    -12.59823552646));
#1084 = CARTESIAN_POINT('',(89.289203163887,-37.39684657819,
    -12.59823552321));
#1085 = CARTESIAN_POINT('',(89.28920314468,-37.3968627403,
    -12.59823551967));
#1086 = CARTESIAN_POINT('',(89.289203125445,-37.39687890247,
    -12.5982355164));
#1087 = CARTESIAN_POINT('',(89.289203106285,-37.39689506464,
    -12.59823551294));
#1088 = CARTESIAN_POINT('',(89.289203087201,-37.39691122677,
    -12.59823550961));
#1089 = CARTESIAN_POINT('',(89.289203068173,-37.39692738894,
    -12.59823550625));
#1090 = CARTESIAN_POINT('',(89.289203049179,-37.39694355108,
    -12.5982355029));
#1091 = CARTESIAN_POINT('',(89.28920302083,-37.39696779432,
    -12.5982354979));
#1092 = CARTESIAN_POINT('',(89.289203011261,-37.39697587532,
    -12.59823549622));
#1093 = CARTESIAN_POINT('',(89.289203002277,-37.39698395666,
    -12.59823549462));
#1094 = CARTESIAN_POINT('',(89.289202991824,-37.39699203709,
    -12.5982354928));
#1095 = CARTESIAN_POINT('',(89.289202984267,-37.39700011932,
    -12.59823549143));
#1096 = CARTESIAN_POINT('',(89.289202972273,-37.39700819873,
    -12.59823548937));
#1097 = CARTESIAN_POINT('',(89.28920296592,-37.39701628177,
    -12.59823548819));
#1098 = CARTESIAN_POINT('',(89.289202953684,-37.39702436092,
    -12.59823548609));
#1099 = CARTESIAN_POINT('',(89.289202946631,-37.39703244356,
    -12.5982354848));
#1100 = CARTESIAN_POINT('',(89.289202935792,-37.39704052357,
    -12.59823548291));
#1101 = CARTESIAN_POINT('',(89.289202927309,-37.39704860523,
    -12.59823548141));
#1102 = CARTESIAN_POINT('',(89.289202917645,-37.39705668604,
    -12.59823547971));
#1103 = CARTESIAN_POINT('',(89.289202908491,-37.3970647672,
    -12.59823547809));
#1104 = CARTESIAN_POINT('',(89.289202894543,-37.39707688877,
    -12.59823547563));
#1105 = CARTESIAN_POINT('',(89.289202890051,-37.39708092939,
    -12.59823547485));
#1106 = CARTESIAN_POINT('',(89.289202884973,-37.39708496964,
    -12.59823547392));
#1107 = CARTESIAN_POINT('',(89.289202881362,-37.39708901083,
    -12.59823547337));
#1108 = CARTESIAN_POINT('',(89.289202875008,-37.39709305021,
    -12.59823547209));
#1109 = CARTESIAN_POINT('',(89.289202872778,-37.39709709238,
    -12.59823547193));
#1110 = CARTESIAN_POINT('',(89.28920286549,-37.39710113101,
    -12.59823547035));
#1111 = CARTESIAN_POINT('',(89.289202863355,-37.39710517339,
    -12.59823547029));
#1112 = CARTESIAN_POINT('',(89.289202856869,-37.39710921243,
    -12.59823546887));
#1113 = CARTESIAN_POINT('',(89.289202853445,-37.39711325396,
    -12.59823546846));
#1114 = CARTESIAN_POINT('',(89.289202848251,-37.39711729395,
    -12.59823546743));
#1115 = CARTESIAN_POINT('',(89.2892028439,-37.39712133472,
    -12.59823546672));
#1116 = CARTESIAN_POINT('',(89.289202839236,-37.39712537518,
    -12.59823546588));
#1117 = CARTESIAN_POINT('',(89.289202830095,-37.39713345628,
    -12.59823546427));
#1118 = CARTESIAN_POINT('',(89.289202769152,-37.39718759768,
    -12.59823545352));
#1119 = CARTESIAN_POINT('',(89.289203254396,-37.39675575925,
    -12.59823553909));
#1120 = CARTESIAN_POINT('',(89.289201109119,-37.39866531455,
    -12.59823516082));
#1121 = CARTESIAN_POINT('',(89.289207201373,-37.39324170945,
    -12.59823623503));
#1122 = CARTESIAN_POINT('',(89.289194759934,-37.40431819159,
    -12.59823404131));
#1123 = CARTESIAN_POINT('',(89.289213755697,-37.38740591714,
    -12.59823739071));
#1124 = CARTESIAN_POINT('',(89.289191532106,-37.40719222308,
    -12.59823347218));
#1125 = CARTESIAN_POINT('',(89.289211572301,-37.38934973425,
    -12.59823700572));
#1126 = CARTESIAN_POINT('',(89.2891976679,-37.40172925611,
    -12.59823455406));
#1127 = CARTESIAN_POINT('',(89.289204951134,-37.39524481717,
    -12.59823583825));
#1128 = CARTESIAN_POINT('',(89.289202160767,-37.39772908777,
    -12.59823534625));
#1129 = CARTESIAN_POINT('',(89.28920287292,-37.39709507493,
    -12.59823547182));
#1130 = CARTESIAN_POINT('',(89.289200237882,-37.39835198656,
    -12.59823500719));
#1131 = ORIENTED_EDGE('',*,*,#1132,.T.);
#1132 = EDGE_CURVE('',#892,#1133,#1135,.T.);
#1133 = VERTEX_POINT('',#1134);
#1134 = CARTESIAN_POINT('',(89.275689785906,-41.34920726954,
    -12.59585274999));
#1135 = LINE('',#1136,#1137);
#1136 = CARTESIAN_POINT('',(89.289200237828,-37.39835198656,
    -12.59823500718));
#1137 = VECTOR('',#1138,1.);
#1138 = DIRECTION('',(-3.419606516494E-03,-0.999993971342,
    6.029688922647E-04));
#1139 = ORIENTED_EDGE('',*,*,#1140,.T.);
#1140 = EDGE_CURVE('',#1133,#1141,#1143,.T.);
#1141 = VERTEX_POINT('',#1142);
#1142 = CARTESIAN_POINT('',(87.696471666933,-42.84374999999,
    -12.31739398719));
#1143 = B_SPLINE_CURVE_WITH_KNOTS('',8,(#1144,#1145,#1146,#1147,#1148,
    #1149,#1150,#1151,#1152,#1153,#1154,#1155,#1156,#1157,#1158,#1159),
  .UNSPECIFIED.,.F.,.F.,(9,7,9),(964.81412728296,966.39394378699,
    966.48147583181),.UNSPECIFIED.);
#1144 = CARTESIAN_POINT('',(89.275689029776,-41.34940428499,
    -12.59585261666));
#1145 = CARTESIAN_POINT('',(89.274581469295,-41.64473283849,
    -12.59565732387));
#1146 = CARTESIAN_POINT('',(89.207307246673,-41.93982001613,
    -12.58379506331));
#1147 = CARTESIAN_POINT('',(89.0743394251,-42.21674412045,-12.5603492488
    ));
#1148 = CARTESIAN_POINT('',(88.880236478351,-42.45825010659,
    -12.52612366226));
#1149 = CARTESIAN_POINT('',(88.640042907348,-42.6476319901,
    -12.48377105509));
#1150 = CARTESIAN_POINT('',(88.364912095297,-42.78016150764,
    -12.43525806971));
#1151 = CARTESIAN_POINT('',(88.071665626758,-42.84227371869,
    -12.38355080531));
#1152 = CARTESIAN_POINT('',(87.769949607334,-42.8438250307,
    -12.33035013057));
#1153 = CARTESIAN_POINT('',(87.761558651481,-42.84370891095,
    -12.32887057866));
#1154 = CARTESIAN_POINT('',(87.750835504824,-42.8437636178,
    -12.32697979858));
#1155 = CARTESIAN_POINT('',(87.739745706344,-42.84376575275,
    -12.3250243679));
#1156 = CARTESIAN_POINT('',(87.729129177384,-42.84372881702,
    -12.3231523874));
#1157 = CARTESIAN_POINT('',(87.718146932659,-42.84375824305,
    -12.32121592135));
#1158 = CARTESIAN_POINT('',(87.707324678038,-42.84374999999,
    -12.31930766587));
#1159 = CARTESIAN_POINT('',(87.696471666933,-42.84374999999,
    -12.31739398719));
#1160 = ORIENTED_EDGE('',*,*,#1161,.T.);
#1161 = EDGE_CURVE('',#1141,#1162,#1164,.T.);
#1162 = VERTEX_POINT('',#1163);
#1163 = CARTESIAN_POINT('',(57.06317598867,-42.84374999999,
    -6.915917451096));
#1164 = LINE('',#1165,#1166);
#1165 = CARTESIAN_POINT('',(87.783295755767,-42.84374999999,
    -12.33270341663));
#1166 = VECTOR('',#1167,1.);
#1167 = DIRECTION('',(-0.984807753012,-6.121850702445E-14,0.173648177667
    ));
#1168 = ORIENTED_EDGE('',*,*,#1169,.T.);
#1169 = EDGE_CURVE('',#1162,#1170,#1172,.T.);
#1170 = VERTEX_POINT('',#1171);
#1171 = CARTESIAN_POINT('',(52.361153876506,-47.6250000775,
    -6.086824088833));
#1172 = B_SPLINE_CURVE_WITH_KNOTS('',7,(#1173,#1174,#1175,#1176,#1177,
    #1178,#1179,#1180),.UNSPECIFIED.,.F.,.F.,(8,8),(997.58734332541,
    1.005859054449E+03),.PIECEWISE_BEZIER_KNOTS.);
#1173 = CARTESIAN_POINT('',(57.063337709778,-42.84374997302,
    -6.91594596689));
#1174 = CARTESIAN_POINT('',(56.00277898555,-42.84410366771,
    -6.728940849183));
#1175 = CARTESIAN_POINT('',(54.946859207702,-43.13022311506,
    -6.542753702885));
#1176 = CARTESIAN_POINT('',(53.979739385504,-43.69786512203,
    -6.372224384653));
#1177 = CARTESIAN_POINT('',(53.185989902892,-44.51125171919,
    -6.232264934946));
#1178 = CARTESIAN_POINT('',(52.635764587336,-45.49754735274,
    -6.135245366344));
#1179 = CARTESIAN_POINT('',(52.361153876506,-46.56503702873,
    -6.086824088833));
#1180 = CARTESIAN_POINT('',(52.361153876506,-47.6250000775,
    -6.086824088833));
#1181 = ORIENTED_EDGE('',*,*,#1182,.T.);
#1182 = EDGE_CURVE('',#1170,#1183,#1185,.T.);
#1183 = VERTEX_POINT('',#1184);
#1184 = CARTESIAN_POINT('',(52.361153876506,-127.3968749224,
    -6.086824088833));
#1185 = LINE('',#1186,#1187);
#1186 = CARTESIAN_POINT('',(52.361153876506,-47.6250000775,
    -6.086824088833));
#1187 = VECTOR('',#1188,1.);
#1188 = DIRECTION('',(0.,-1.,2.22044604925E-16));
#1189 = ORIENTED_EDGE('',*,*,#1190,.T.);
#1190 = EDGE_CURVE('',#1183,#772,#1191,.T.);
#1191 = B_SPLINE_CURVE_WITH_KNOTS('',7,(#1192,#1193,#1194,#1195,#1196,
    #1197,#1198,#1199),.UNSPECIFIED.,.F.,.F.,(8,8),(1.085630929294E+03,
    1.093902640418E+03),.PIECEWISE_BEZIER_KNOTS.);
#1192 = CARTESIAN_POINT('',(52.361153876506,-127.3968749224,
    -6.086824088833));
#1193 = CARTESIAN_POINT('',(52.361153876506,-128.4568379711,
    -6.086824088833));
#1194 = CARTESIAN_POINT('',(52.635764587336,-129.5243276471,
    -6.135245366344));
#1195 = CARTESIAN_POINT('',(53.185989902891,-130.5106232807,
    -6.232264934945));
#1196 = CARTESIAN_POINT('',(53.979739385501,-131.3240098778,
    -6.372224384653));
#1197 = CARTESIAN_POINT('',(54.946859207699,-131.8916518848,
    -6.542753702884));
#1198 = CARTESIAN_POINT('',(56.002778985544,-132.1777713321,
    -6.728940849182));
#1199 = CARTESIAN_POINT('',(57.063337709772,-132.1781250268,
    -6.915945966889));
#1200 = FACE_BOUND('',#1201,.F.);
#1201 = EDGE_LOOP('',(#1202,#1212,#1220,#1228,#1237,#1245,#1254,#1262,
    #1270,#1278,#1287,#1296,#1304,#1313,#1321,#1329,#1337,#1345,#1353,
    #1361,#1370,#1378,#1387,#1396,#1405,#1414,#1422));
#1202 = ORIENTED_EDGE('',*,*,#1203,.F.);
#1203 = EDGE_CURVE('',#1204,#1206,#1208,.T.);
#1204 = VERTEX_POINT('',#1205);
#1205 = CARTESIAN_POINT('',(67.150000077504,-130.1781249999,
    -8.694496687617));
#1206 = VERTEX_POINT('',#1207);
#1207 = CARTESIAN_POINT('',(123.49687499999,-130.1781249999,
    -18.62997101505));
#1208 = LINE('',#1209,#1210);
#1209 = CARTESIAN_POINT('',(127.16000130405,-130.1781249999,
    -19.2758790162));
#1210 = VECTOR('',#1211,1.);
#1211 = DIRECTION('',(0.984807753012,-1.33480448557E-12,-0.173648177667)
  );
#1212 = ORIENTED_EDGE('',*,*,#1213,.T.);
#1213 = EDGE_CURVE('',#1204,#1214,#1216,.T.);
#1214 = VERTEX_POINT('',#1215);
#1215 = CARTESIAN_POINT('',(67.150000077504,-127.1781249999,
    -8.694496687617));
#1216 = LINE('',#1217,#1218);
#1217 = CARTESIAN_POINT('',(67.150000077504,-63.58906249995,
    -8.694496687617));
#1218 = VECTOR('',#1219,1.);
#1219 = DIRECTION('',(0.,1.,-2.199519526335E-16));
#1220 = ORIENTED_EDGE('',*,*,#1221,.T.);
#1221 = EDGE_CURVE('',#1214,#1222,#1224,.T.);
#1222 = VERTEX_POINT('',#1223);
#1223 = CARTESIAN_POINT('',(62.426717888089,-127.1781249999,
    -7.861654600124));
#1224 = LINE('',#1225,#1226);
#1225 = CARTESIAN_POINT('',(94.858607825555,-127.1781249999,
    -13.58027183146));
#1226 = VECTOR('',#1227,1.);
#1227 = DIRECTION('',(-0.984807753012,0.,0.173648177667));
#1228 = ORIENTED_EDGE('',*,*,#1229,.T.);
#1229 = EDGE_CURVE('',#1222,#1230,#1232,.T.);
#1230 = VERTEX_POINT('',#1231);
#1231 = CARTESIAN_POINT('',(54.36875,-122.9073036302,-6.440817451771));
#1232 = ELLIPSE('',#1233,5.362721872721,5.281250077504);
#1233 = AXIS2_PLACEMENT_3D('',#1234,#1235,#1236);
#1234 = CARTESIAN_POINT('',(57.150000077504,-127.3968749224,
    -6.931226880533));
#1235 = DIRECTION('',(0.173648177667,2.166103882436E-16,0.984807753012)
  );
#1236 = DIRECTION('',(-0.984807753012,-1.228458556786E-15,0.173648177667
    ));
#1237 = ORIENTED_EDGE('',*,*,#1238,.F.);
#1238 = EDGE_CURVE('',#1239,#1230,#1241,.T.);
#1239 = VERTEX_POINT('',#1240);
#1240 = CARTESIAN_POINT('',(54.36875,-52.11457136967,-6.440817451771));
#1241 = LINE('',#1242,#1243);
#1242 = CARTESIAN_POINT('',(54.36875,-63.6984374612,-6.440817451771));
#1243 = VECTOR('',#1244,1.);
#1244 = DIRECTION('',(0.,-1.,2.199519526335E-16));
#1245 = ORIENTED_EDGE('',*,*,#1246,.T.);
#1246 = EDGE_CURVE('',#1239,#1247,#1249,.T.);
#1247 = VERTEX_POINT('',#1248);
#1248 = CARTESIAN_POINT('',(62.426717888089,-47.84374999999,
    -7.861654600124));
#1249 = ELLIPSE('',#1250,5.362721872721,5.281250077504);
#1250 = AXIS2_PLACEMENT_3D('',#1251,#1252,#1253);
#1251 = CARTESIAN_POINT('',(57.150000077504,-47.6250000775,
    -6.931226880533));
#1252 = DIRECTION('',(0.173648177667,2.166103882436E-16,0.984807753012)
  );
#1253 = DIRECTION('',(-0.984807753012,-1.228458556786E-15,0.173648177667
    ));
#1254 = ORIENTED_EDGE('',*,*,#1255,.T.);
#1255 = EDGE_CURVE('',#1247,#1256,#1258,.T.);
#1256 = VERTEX_POINT('',#1257);
#1257 = CARTESIAN_POINT('',(67.150000077504,-47.84374999999,
    -8.694496687617));
#1258 = LINE('',#1259,#1260);
#1259 = CARTESIAN_POINT('',(99.70783937752,-47.84374999999,
    -14.43532218978));
#1260 = VECTOR('',#1261,1.);
#1261 = DIRECTION('',(0.984807753012,0.,-0.173648177667));
#1262 = ORIENTED_EDGE('',*,*,#1263,.T.);
#1263 = EDGE_CURVE('',#1256,#1264,#1266,.T.);
#1264 = VERTEX_POINT('',#1265);
#1265 = CARTESIAN_POINT('',(67.150000077504,-44.84374999999,
    -8.694496687617));
#1266 = LINE('',#1267,#1268);
#1267 = CARTESIAN_POINT('',(67.150000077504,-22.42187499999,
    -8.694496687617));
#1268 = VECTOR('',#1269,1.);
#1269 = DIRECTION('',(0.,1.,-2.199519526335E-16));
#1270 = ORIENTED_EDGE('',*,*,#1271,.F.);
#1271 = EDGE_CURVE('',#1272,#1264,#1274,.T.);
#1272 = VERTEX_POINT('',#1273);
#1273 = CARTESIAN_POINT('',(87.783295755767,-44.84374999999,
    -12.33270341663));
#1274 = LINE('',#1275,#1276);
#1275 = CARTESIAN_POINT('',(94.986865379303,-44.84374999999,
    -13.60288709867));
#1276 = VECTOR('',#1277,1.);
#1277 = DIRECTION('',(-0.984807753012,-6.076165249442E-14,0.173648177667
    ));
#1278 = ORIENTED_EDGE('',*,*,#1279,.T.);
#1279 = EDGE_CURVE('',#1272,#1280,#1282,.T.);
#1280 = VERTEX_POINT('',#1281);
#1281 = CARTESIAN_POINT('',(91.24506451459,-41.85965411941,
    -12.94310664978));
#1282 = ELLIPSE('',#1283,3.5539931416,3.5);
#1283 = AXIS2_PLACEMENT_3D('',#1284,#1285,#1286);
#1284 = CARTESIAN_POINT('',(87.783295755767,-41.34374999999,
    -12.33270341663));
#1285 = DIRECTION('',(0.173648177667,2.166103882436E-16,0.984807753012)
  );
#1286 = DIRECTION('',(-0.984807753012,-1.228458556786E-15,0.173648177667
    ));
#1287 = ORIENTED_EDGE('',*,*,#1288,.T.);
#1288 = EDGE_CURVE('',#1280,#1289,#1291,.T.);
#1289 = VERTEX_POINT('',#1290);
#1290 = CARTESIAN_POINT('',(98.567614711977,-34.62129799999,
    -14.23426981717));
#1291 = ELLIPSE('',#1292,5.36272013928,5.281248370398);
#1292 = AXIS2_PLACEMENT_3D('',#1293,#1294,#1295);
#1293 = CARTESIAN_POINT('',(94.078044370398,-37.40254637039,
    -13.44263743416));
#1294 = DIRECTION('',(0.173648177667,2.166103882436E-16,0.984807753012)
  );
#1295 = DIRECTION('',(-0.984807753012,-1.228458556786E-15,0.173648177667
    ));
#1296 = ORIENTED_EDGE('',*,*,#1297,.F.);
#1297 = EDGE_CURVE('',#1298,#1289,#1300,.T.);
#1298 = VERTEX_POINT('',#1299);
#1299 = CARTESIAN_POINT('',(205.01042863032,-34.62129799999,
    -33.00300981351));
#1300 = LINE('',#1301,#1302);
#1301 = CARTESIAN_POINT('',(112.89412913304,-34.62129799999,
    -16.76042084912));
#1302 = VECTOR('',#1303,1.);
#1303 = DIRECTION('',(-0.984807753012,6.0625207022E-16,0.173648177667));
#1304 = ORIENTED_EDGE('',*,*,#1305,.T.);
#1305 = EDGE_CURVE('',#1298,#1306,#1308,.T.);
#1306 = VERTEX_POINT('',#1307);
#1307 = CARTESIAN_POINT('',(209.28125,-42.67926588808,-33.75607085077));
#1308 = ELLIPSE('',#1309,5.362721872721,5.281250077504);
#1309 = AXIS2_PLACEMENT_3D('',#1310,#1311,#1312);
#1310 = CARTESIAN_POINT('',(209.49999992249,-37.40254807749,
    -33.79464236413));
#1311 = DIRECTION('',(0.173648177667,2.166103882436E-16,0.984807753012)
  );
#1312 = DIRECTION('',(-0.984807753012,-1.228458556786E-15,0.173648177667
    ));
#1313 = ORIENTED_EDGE('',*,*,#1314,.T.);
#1314 = EDGE_CURVE('',#1306,#1315,#1317,.T.);
#1315 = VERTEX_POINT('',#1316);
#1316 = CARTESIAN_POINT('',(209.28125,-47.40254807749,-33.75607085077));
#1317 = LINE('',#1318,#1319);
#1318 = CARTESIAN_POINT('',(209.28125,-23.70127403874,-33.75607085077));
#1319 = VECTOR('',#1320,1.);
#1320 = DIRECTION('',(0.,-1.,2.199519526335E-16));
#1321 = ORIENTED_EDGE('',*,*,#1322,.T.);
#1322 = EDGE_CURVE('',#1315,#1323,#1325,.T.);
#1323 = VERTEX_POINT('',#1324);
#1324 = CARTESIAN_POINT('',(212.28125,-47.40254807749,-34.28505179289));
#1325 = LINE('',#1326,#1327);
#1326 = CARTESIAN_POINT('',(170.08534300754,-47.40254807749,
    -26.84477491466));
#1327 = VECTOR('',#1328,1.);
#1328 = DIRECTION('',(0.984807753012,0.,-0.173648177667));
#1329 = ORIENTED_EDGE('',*,*,#1330,.F.);
#1330 = EDGE_CURVE('',#1331,#1323,#1333,.T.);
#1331 = VERTEX_POINT('',#1332);
#1332 = CARTESIAN_POINT('',(212.28125,-103.7382995285,-34.28505179289));
#1333 = LINE('',#1334,#1335);
#1334 = CARTESIAN_POINT('',(212.28125,-18.70127403874,-34.28505179289));
#1335 = VECTOR('',#1336,1.);
#1336 = DIRECTION('',(0.,1.,-2.199519526335E-16));
#1337 = ORIENTED_EDGE('',*,*,#1338,.T.);
#1338 = EDGE_CURVE('',#1331,#1339,#1341,.T.);
#1339 = VERTEX_POINT('',#1340);
#1340 = CARTESIAN_POINT('',(209.28125,-103.7382995285,-33.75607085077));
#1341 = LINE('',#1342,#1343);
#1342 = CARTESIAN_POINT('',(168.63057354195,-103.7382995285,
    -26.58825980716));
#1343 = VECTOR('',#1344,1.);
#1344 = DIRECTION('',(-0.984807753012,0.,0.173648177667));
#1345 = ORIENTED_EDGE('',*,*,#1346,.T.);
#1346 = EDGE_CURVE('',#1339,#1347,#1349,.T.);
#1347 = VERTEX_POINT('',#1348);
#1348 = CARTESIAN_POINT('',(209.28125,-113.7382995285,-33.75607085077));
#1349 = LINE('',#1350,#1351);
#1350 = CARTESIAN_POINT('',(209.28125,-56.86914976427,-33.75607085077));
#1351 = VECTOR('',#1352,1.);
#1352 = DIRECTION('',(0.,-1.,2.199519526335E-16));
#1353 = ORIENTED_EDGE('',*,*,#1354,.T.);
#1354 = EDGE_CURVE('',#1347,#1355,#1357,.T.);
#1355 = VERTEX_POINT('',#1356);
#1356 = CARTESIAN_POINT('',(212.28125,-113.7382995285,-34.28505179289));
#1357 = LINE('',#1358,#1359);
#1358 = CARTESIAN_POINT('',(170.08534300754,-113.7382995285,
    -26.84477491466));
#1359 = VECTOR('',#1360,1.);
#1360 = DIRECTION('',(0.984807753012,0.,-0.173648177667));
#1361 = ORIENTED_EDGE('',*,*,#1362,.F.);
#1362 = EDGE_CURVE('',#1363,#1355,#1365,.T.);
#1363 = VERTEX_POINT('',#1364);
#1364 = CARTESIAN_POINT('',(211.90863293691,-115.1289249744,
    -34.2193493512));
#1365 = ELLIPSE('',#1366,2.824155527372,2.781250259068);
#1366 = AXIS2_PLACEMENT_3D('',#1367,#1368,#1369);
#1367 = CARTESIAN_POINT('',(209.49999974093,-113.7382995285,
    -33.79464233212));
#1368 = DIRECTION('',(0.173648177667,2.166103882436E-16,0.984807753012)
  );
#1369 = DIRECTION('',(-0.984807753012,-1.228458556786E-15,0.173648177667
    ));
#1370 = ORIENTED_EDGE('',*,*,#1371,.F.);
#1371 = EDGE_CURVE('',#1372,#1363,#1374,.T.);
#1372 = VERTEX_POINT('',#1373);
#1373 = CARTESIAN_POINT('',(188.29912007869,-156.0217883826,
    -30.05635523291));
#1374 = LINE('',#1375,#1376);
#1375 = CARTESIAN_POINT('',(220.33779294141,-100.5291960101,
    -35.7056376847));
#1376 = VECTOR('',#1377,1.);
#1377 = DIRECTION('',(0.498068167381,0.862679109855,-8.782285614127E-02)
  );
#1378 = ORIENTED_EDGE('',*,*,#1379,.T.);
#1379 = EDGE_CURVE('',#1372,#1380,#1382,.T.);
#1380 = VERTEX_POINT('',#1381);
#1381 = CARTESIAN_POINT('',(178.3644721962,-158.5344128929,
    -28.30460876739));
#1382 = ELLIPSE('',#1383,5.362722057086,5.281250259068);
#1383 = AXIS2_PLACEMENT_3D('',#1384,#1385,#1386);
#1384 = CARTESIAN_POINT('',(183.64570067542,-158.5192455206,
    -29.23583183956));
#1385 = DIRECTION('',(0.173648177667,2.166103882436E-16,0.984807753012)
  );
#1386 = DIRECTION('',(-0.984807753012,-1.228458556786E-15,0.173648177667
    ));
#1387 = ORIENTED_EDGE('',*,*,#1388,.T.);
#1388 = EDGE_CURVE('',#1380,#1389,#1391,.T.);
#1389 = VERTEX_POINT('',#1390);
#1390 = CARTESIAN_POINT('',(155.03509148216,-148.1363310263,
    -24.19100950428));
#1391 = ELLIPSE('',#1392,115.72345442641,113.96535512448);
#1392 = AXIS2_PLACEMENT_3D('',#1393,#1394,#1395);
#1393 = CARTESIAN_POINT('',(120.59651671616,-256.7737404981,
    -18.11855959589));
#1394 = DIRECTION('',(0.173648177667,2.166103882436E-16,0.984807753012)
  );
#1395 = DIRECTION('',(-0.984807753012,-1.228458556786E-15,0.173648177667
    ));
#1396 = ORIENTED_EDGE('',*,*,#1397,.T.);
#1397 = EDGE_CURVE('',#1389,#1398,#1400,.T.);
#1398 = VERTEX_POINT('',#1399);
#1399 = CARTESIAN_POINT('',(129.77998071029,-144.4656243804,
    -19.73785207442));
#1400 = ELLIPSE('',#1401,84.865901146862,83.576597415798);
#1401 = AXIS2_PLACEMENT_3D('',#1402,#1403,#1404);
#1402 = CARTESIAN_POINT('',(130.52733232647,-228.0388802771,
    -19.86963032843));
#1403 = DIRECTION('',(0.173648177667,2.166103882436E-16,0.984807753012)
  );
#1404 = DIRECTION('',(-0.984807753012,-1.228458556786E-15,0.173648177667
    ));
#1405 = ORIENTED_EDGE('',*,*,#1406,.F.);
#1406 = EDGE_CURVE('',#1407,#1398,#1409,.T.);
#1407 = VERTEX_POINT('',#1408);
#1408 = CARTESIAN_POINT('',(126.99687499999,-141.6843749224,
    -19.24711544753));
#1409 = ELLIPSE('',#1410,2.8241553426,2.781250077103);
#1410 = AXIS2_PLACEMENT_3D('',#1411,#1412,#1413);
#1411 = CARTESIAN_POINT('',(129.77812507709,-141.6843749224,
    -19.73752487622));
#1412 = DIRECTION('',(0.173648177667,2.166103882436E-16,0.984807753012)
  );
#1413 = DIRECTION('',(-0.984807753012,-1.228458556786E-15,0.173648177667
    ));
#1414 = ORIENTED_EDGE('',*,*,#1415,.F.);
#1415 = EDGE_CURVE('',#1416,#1407,#1418,.T.);
#1416 = VERTEX_POINT('',#1417);
#1417 = CARTESIAN_POINT('',(126.99687499999,-133.6781249999,
    -19.24711544753));
#1418 = LINE('',#1419,#1420);
#1419 = CARTESIAN_POINT('',(126.99687499998,-70.8421874612,
    -19.24711544753));
#1420 = VECTOR('',#1421,1.);
#1421 = DIRECTION('',(2.076715088578E-13,-1.,-3.639813818343E-14));
#1422 = ORIENTED_EDGE('',*,*,#1423,.T.);
#1423 = EDGE_CURVE('',#1416,#1206,#1424,.T.);
#1424 = ELLIPSE('',#1425,3.5539931416,3.5);
#1425 = AXIS2_PLACEMENT_3D('',#1426,#1427,#1428);
#1426 = CARTESIAN_POINT('',(123.49687499999,-133.6781249999,
    -18.62997101505));
#1427 = DIRECTION('',(0.173648177667,2.166103882436E-16,0.984807753012)
  );
#1428 = DIRECTION('',(-0.984807753012,-1.228458556786E-15,0.173648177667
    ));
#1429 = PLANE('',#1430);
#1430 = AXIS2_PLACEMENT_3D('',#1431,#1432,#1433);
#1431 = CARTESIAN_POINT('',(133.325,-6.334665445673E-15,-20.36293462233)
  );
#1432 = DIRECTION('',(0.173648177667,2.166103882436E-16,0.984807753012)
  );
#1433 = DIRECTION('',(0.984807753012,6.098349076132E-33,-0.173648177667)
  );
#1434 = ADVANCED_FACE('',(#1435),#1473,.T.);
#1435 = FACE_BOUND('',#1436,.T.);
#1436 = EDGE_LOOP('',(#1437,#1445,#1454,#1463,#1469,#1470,#1471,#1472));
#1437 = ORIENTED_EDGE('',*,*,#1438,.F.);
#1438 = EDGE_CURVE('',#1439,#662,#1441,.T.);
#1439 = VERTEX_POINT('',#1440);
#1440 = CARTESIAN_POINT('',(181.10018107881,-153.8919423878,-4.));
#1441 = LINE('',#1442,#1443);
#1442 = CARTESIAN_POINT('',(181.10018107881,-44.68344092948,-4.));
#1443 = VECTOR('',#1444,1.);
#1444 = DIRECTION('',(-1.863175460975E-16,-1.,0.));
#1445 = ORIENTED_EDGE('',*,*,#1446,.T.);
#1446 = EDGE_CURVE('',#1439,#1447,#1449,.T.);
#1447 = VERTEX_POINT('',#1448);
#1448 = CARTESIAN_POINT('',(178.3644721962,-158.5344128929,
    -7.260290889151));
#1449 = ELLIPSE('',#1450,8.216166863645,5.281250259068);
#1450 = AXIS2_PLACEMENT_3D('',#1451,#1452,#1453);
#1451 = CARTESIAN_POINT('',(183.64570067542,-158.5192455206,
    -0.96636787573));
#1452 = DIRECTION('',(-0.766044443119,1.427275208436E-16,0.642787609687)
  );
#1453 = DIRECTION('',(0.642787609687,-1.197626100987E-16,0.766044443119)
  );
#1454 = ORIENTED_EDGE('',*,*,#1455,.T.);
#1455 = EDGE_CURVE('',#1447,#1456,#1458,.T.);
#1456 = VERTEX_POINT('',#1457);
#1457 = CARTESIAN_POINT('',(166.69324088833,-152.5470923257,
    -21.16952273029));
#1458 = ELLIPSE('',#1459,177.29861840377,113.96535512448);
#1459 = AXIS2_PLACEMENT_3D('',#1460,#1461,#1462);
#1460 = CARTESIAN_POINT('',(120.59651671616,-256.7737404981,
    -76.1054593693));
#1461 = DIRECTION('',(-0.766044443119,1.427275208436E-16,0.642787609687)
  );
#1462 = DIRECTION('',(0.642787609687,-1.197626100987E-16,0.766044443119)
  );
#1463 = ORIENTED_EDGE('',*,*,#1464,.T.);
#1464 = EDGE_CURVE('',#1456,#381,#1465,.T.);
#1465 = LINE('',#1466,#1467);
#1466 = CARTESIAN_POINT('',(166.69324088833,-4.7005783111E-15,
    -21.16952273029));
#1467 = VECTOR('',#1468,1.);
#1468 = DIRECTION('',(0.,-1.,2.22044604925E-16));
#1469 = ORIENTED_EDGE('',*,*,#380,.F.);
#1470 = ORIENTED_EDGE('',*,*,#242,.F.);
#1471 = ORIENTED_EDGE('',*,*,#534,.F.);
#1472 = ORIENTED_EDGE('',*,*,#670,.T.);
#1473 = PLANE('',#1474);
#1474 = AXIS2_PLACEMENT_3D('',#1475,#1476,#1477);
#1475 = CARTESIAN_POINT('',(166.69324088833,-4.7005783111E-15,
    -21.16952273029));
#1476 = DIRECTION('',(-0.766044443119,1.427275208436E-16,0.642787609687)
  );
#1477 = DIRECTION('',(0.642787609687,1.700960357274E-16,0.766044443119)
  );
#1478 = ADVANCED_FACE('',(#1479),#1507,.T.);
#1479 = FACE_BOUND('',#1480,.T.);
#1480 = EDGE_LOOP('',(#1481,#1482,#1501,#1506));
#1481 = ORIENTED_EDGE('',*,*,#407,.T.);
#1482 = ORIENTED_EDGE('',*,*,#1483,.T.);
#1483 = EDGE_CURVE('',#391,#1484,#1486,.T.);
#1484 = VERTEX_POINT('',#1485);
#1485 = CARTESIAN_POINT('',(129.885582265,-146.4648526746,
    -14.67933941829));
#1486 = B_SPLINE_CURVE_WITH_KNOTS('',7,(#1487,#1488,#1489,#1490,#1491,
    #1492,#1493,#1494,#1495,#1496,#1497,#1498,#1499,#1500),
  .UNSPECIFIED.,.F.,.F.,(8,6,8),(13.385069088586,13.469102384577,
    38.553607719384),.UNSPECIFIED.);
#1487 = CARTESIAN_POINT('',(154.51155381162,-150.0783760547,
    -19.02156262812));
#1488 = CARTESIAN_POINT('',(154.50016963991,-150.0748352469,
    -19.0195552915));
#1489 = CARTESIAN_POINT('',(154.48878466525,-150.0712964312,
    -19.01754781329));
#1490 = CARTESIAN_POINT('',(154.47739888472,-150.0677596134,
    -19.01554019299));
#1491 = CARTESIAN_POINT('',(154.46601229541,-150.0642247992,
    -19.01353243007));
#1492 = CARTESIAN_POINT('',(154.45462489445,-150.0606919943,
    -19.01152452404));
#1493 = CARTESIAN_POINT('',(154.44323667892,-150.0571612045,
    -19.00951647438));
#1494 = CARTESIAN_POINT('',(151.03214452712,-149.0002711021,
    -18.40804889434));
#1495 = CARTESIAN_POINT('',(147.57682686479,-148.13237866,
    -17.79878316355));
#1496 = CARTESIAN_POINT('',(144.08013223174,-147.4380646176,
    -17.18222155644));
#1497 = CARTESIAN_POINT('',(140.55122224821,-146.9247896699,
    -16.55997951386));
#1498 = CARTESIAN_POINT('',(137.00203123139,-146.5886690244,
    -15.9341613779));
#1499 = CARTESIAN_POINT('',(133.44261360981,-146.4386442597,
    -15.30654001561));
#1500 = CARTESIAN_POINT('',(129.885582265,-146.4648526746,
    -14.67933941829));
#1501 = ORIENTED_EDGE('',*,*,#1502,.F.);
#1502 = EDGE_CURVE('',#319,#1484,#1503,.T.);
#1503 = B_SPLINE_CURVE_WITH_KNOTS('',1,(#1504,#1505),.UNSPECIFIED.,.F.,
  .F.,(2,2),(0.,25.168538630798),.PIECEWISE_BEZIER_KNOTS.);
#1504 = CARTESIAN_POINT('',(129.8023359999,-146.965524427,
    -15.17237368531));
#1505 = CARTESIAN_POINT('',(129.885582265,-146.4648526746,
    -14.67933941829));
#1506 = ORIENTED_EDGE('',*,*,#318,.F.);
#1507 = B_SPLINE_SURFACE_WITH_KNOTS('',1,7,(
    (#1508,#1509,#1510,#1511,#1512,#1513,#1514,#1515,#1516,#1517,#1518
      ,#1519,#1520,#1521)
    ,(#1522,#1523,#1524,#1525,#1526,#1527,#1528,#1529,#1530,#1531,#1532
      ,#1533,#1534,#1535
    )),.UNSPECIFIED.,.F.,.F.,.F.,(2,2),(8,6,8),(0.,25.168538630798),(
    13.385069088586,13.469102384577,38.553607719384),.UNSPECIFIED.);
#1508 = CARTESIAN_POINT('',(154.29082069444,-150.5230027484,
    -19.4891105184));
#1509 = CARTESIAN_POINT('',(154.2794885778,-150.5195287424,
    -19.48711579452));
#1510 = CARTESIAN_POINT('',(154.26815586927,-150.5160566694,
    -19.48512095316));
#1511 = CARTESIAN_POINT('',(154.25682256913,-150.5125865294,
    -19.48312599397));
#1512 = CARTESIAN_POINT('',(154.24548867761,-150.5091183225,
    -19.48113091661));
#1513 = CARTESIAN_POINT('',(154.23415419501,-150.5056520488,
    -19.47913572073));
#1514 = CARTESIAN_POINT('',(154.22281912155,-150.5021877084,
    -19.477140406));
#1515 = CARTESIAN_POINT('',(150.8277113264,-149.4651734523,
    -18.87949449052));
#1516 = CARTESIAN_POINT('',(147.39246015668,-148.6042442956,
    -18.27348140433));
#1517 = CARTESIAN_POINT('',(143.9145627777,-147.9184178967,
    -17.66070085973));
#1518 = CARTESIAN_POINT('',(140.40577271383,-147.4107074639,
    -17.04190519746));
#1519 = CARTESIAN_POINT('',(136.87699475015,-147.0822338593,
    -16.41979710078));
#1520 = CARTESIAN_POINT('',(133.33871342045,-146.9339004661,
    -15.79594018409));
#1521 = CARTESIAN_POINT('',(129.8023359999,-146.965524427,
    -15.17237368531));
#1522 = CARTESIAN_POINT('',(154.51155381162,-150.0783760547,
    -19.02156262812));
#1523 = CARTESIAN_POINT('',(154.50016963991,-150.0748352469,
    -19.0195552915));
#1524 = CARTESIAN_POINT('',(154.48878466525,-150.0712964312,
    -19.01754781329));
#1525 = CARTESIAN_POINT('',(154.47739888472,-150.0677596134,
    -19.01554019299));
#1526 = CARTESIAN_POINT('',(154.46601229541,-150.0642247992,
    -19.01353243007));
#1527 = CARTESIAN_POINT('',(154.45462489445,-150.0606919943,
    -19.01152452404));
#1528 = CARTESIAN_POINT('',(154.44323667892,-150.0571612045,
    -19.00951647438));
#1529 = CARTESIAN_POINT('',(151.03214452712,-149.0002711021,
    -18.40804889434));
#1530 = CARTESIAN_POINT('',(147.57682686479,-148.13237866,
    -17.79878316355));
#1531 = CARTESIAN_POINT('',(144.08013223174,-147.4380646176,
    -17.18222155644));
#1532 = CARTESIAN_POINT('',(140.55122224821,-146.9247896699,
    -16.55997951386));
#1533 = CARTESIAN_POINT('',(137.00203123139,-146.5886690244,
    -15.9341613779));
#1534 = CARTESIAN_POINT('',(133.44261360981,-146.4386442597,
    -15.30654001561));
#1535 = CARTESIAN_POINT('',(129.885582265,-146.4648526746,
    -14.67933941829));
#1536 = ADVANCED_FACE('',(#1537),#1564,.T.);
#1537 = FACE_BOUND('',#1538,.F.);
#1538 = EDGE_LOOP('',(#1539,#1549,#1556,#1557));
#1539 = ORIENTED_EDGE('',*,*,#1540,.F.);
#1540 = EDGE_CURVE('',#1541,#1543,#1545,.T.);
#1541 = VERTEX_POINT('',#1542);
#1542 = CARTESIAN_POINT('',(129.78164869477,-146.9656238244,
    -15.16872602945));
#1543 = VERTEX_POINT('',#1544);
#1544 = CARTESIAN_POINT('',(129.78164869477,-146.9656238244,
    -19.23044128198));
#1545 = LINE('',#1546,#1547);
#1546 = CARTESIAN_POINT('',(129.78164869477,-146.9656238244,-4.));
#1547 = VECTOR('',#1548,1.);
#1548 = DIRECTION('',(0.,0.,-1.));
#1549 = ORIENTED_EDGE('',*,*,#1550,.F.);
#1550 = EDGE_CURVE('',#319,#1541,#1551,.T.);
#1551 = B_SPLINE_CURVE_WITH_KNOTS('',3,(#1552,#1553,#1554,#1555),
  .UNSPECIFIED.,.F.,.F.,(4,4),(38.553607719384,38.574570037326),
  .PIECEWISE_BEZIER_KNOTS.);
#1552 = CARTESIAN_POINT('',(129.8023359999,-146.965524427,
    -15.17237368531));
#1553 = CARTESIAN_POINT('',(129.79544044601,-146.9655860903,
    -15.17115779801));
#1554 = CARTESIAN_POINT('',(129.78854468408,-146.9656192234,
    -15.16994191718));
#1555 = CARTESIAN_POINT('',(129.78164869477,-146.9656238244,
    -15.16872602945));
#1556 = ORIENTED_EDGE('',*,*,#337,.T.);
#1557 = ORIENTED_EDGE('',*,*,#1558,.F.);
#1558 = EDGE_CURVE('',#1543,#338,#1559,.T.);
#1559 = B_SPLINE_CURVE_WITH_KNOTS('',3,(#1560,#1561,#1562,#1563),
  .UNSPECIFIED.,.F.,.F.,(4,4),(632.26722058707,632.28815467247),
  .PIECEWISE_BEZIER_KNOTS.);
#1560 = CARTESIAN_POINT('',(129.78164869477,-146.9656238244,
    -19.23044128198));
#1561 = CARTESIAN_POINT('',(129.78854454571,-146.9656192235,
    -19.23165792421));
#1562 = CARTESIAN_POINT('',(129.79544039099,-146.9655860908,
    -19.23287469824));
#1563 = CARTESIAN_POINT('',(129.8023359999,-146.965524427,
    -19.23409160109));
#1564 = CYLINDRICAL_SURFACE('',#1565,2.5);
#1565 = AXIS2_PLACEMENT_3D('',#1566,#1567,#1568);
#1566 = CARTESIAN_POINT('',(129.77998071029,-144.4656243808,-4.));
#1567 = DIRECTION('',(0.,0.,1.));
#1568 = DIRECTION('',(-0.999999777426,-6.671937940169E-04,0.));
#1569 = ADVANCED_FACE('',(#1570),#1697,.T.);
#1570 = FACE_BOUND('',#1571,.T.);
#1571 = EDGE_LOOP('',(#1572,#1573,#1582,#1591,#1600,#1608,#1617,#1625,
    #1633,#1641,#1655,#1663,#1688,#1695,#1696));
#1572 = ORIENTED_EDGE('',*,*,#1464,.F.);
#1573 = ORIENTED_EDGE('',*,*,#1574,.T.);
#1574 = EDGE_CURVE('',#1456,#1575,#1577,.T.);
#1575 = VERTEX_POINT('',#1576);
#1576 = CARTESIAN_POINT('',(155.03509148216,-148.1363310263,
    -19.11387644486));
#1577 = ELLIPSE('',#1578,115.72345442641,113.96535512448);
#1578 = AXIS2_PLACEMENT_3D('',#1579,#1580,#1581);
#1579 = CARTESIAN_POINT('',(120.59651671616,-256.7737404981,
    -13.04142653646));
#1580 = DIRECTION('',(0.173648177667,2.186712484447E-16,0.984807753012)
  );
#1581 = DIRECTION('',(-0.984807753012,-1.240146275778E-15,0.173648177667
    ));
#1582 = ORIENTED_EDGE('',*,*,#1583,.T.);
#1583 = EDGE_CURVE('',#1575,#1584,#1586,.T.);
#1584 = VERTEX_POINT('',#1585);
#1585 = CARTESIAN_POINT('',(129.77998071029,-144.4656243804,
    -14.66071901499));
#1586 = ELLIPSE('',#1587,84.865901146862,83.576597415798);
#1587 = AXIS2_PLACEMENT_3D('',#1588,#1589,#1590);
#1588 = CARTESIAN_POINT('',(130.52733232647,-228.0388802771,
    -14.792497269));
#1589 = DIRECTION('',(0.173648177667,2.186712484447E-16,0.984807753012)
  );
#1590 = DIRECTION('',(-0.984807753012,-1.240146275778E-15,0.173648177667
    ));
#1591 = ORIENTED_EDGE('',*,*,#1592,.F.);
#1592 = EDGE_CURVE('',#1593,#1584,#1595,.T.);
#1593 = VERTEX_POINT('',#1594);
#1594 = CARTESIAN_POINT('',(126.99687499999,-141.6843749224,
    -14.1699823881));
#1595 = ELLIPSE('',#1596,2.8241553426,2.781250077103);
#1596 = AXIS2_PLACEMENT_3D('',#1597,#1598,#1599);
#1597 = CARTESIAN_POINT('',(129.77812507709,-141.6843749224,
    -14.66039181679));
#1598 = DIRECTION('',(0.173648177667,2.186712484447E-16,0.984807753012)
  );
#1599 = DIRECTION('',(-0.984807753012,-1.240146275778E-15,0.173648177667
    ));
#1600 = ORIENTED_EDGE('',*,*,#1601,.F.);
#1601 = EDGE_CURVE('',#1602,#1593,#1604,.T.);
#1602 = VERTEX_POINT('',#1603);
#1603 = CARTESIAN_POINT('',(126.99687499999,-133.6781249999,
    -14.1699823881));
#1604 = LINE('',#1605,#1606);
#1605 = CARTESIAN_POINT('',(126.99687499998,-70.84218746119,
    -14.1699823881));
#1606 = VECTOR('',#1607,1.);
#1607 = DIRECTION('',(2.076715088578E-13,-1.,-3.639604553113E-14));
#1608 = ORIENTED_EDGE('',*,*,#1609,.T.);
#1609 = EDGE_CURVE('',#1602,#1610,#1612,.T.);
#1610 = VERTEX_POINT('',#1611);
#1611 = CARTESIAN_POINT('',(123.49687499999,-130.1781249999,
    -13.55283795563));
#1612 = ELLIPSE('',#1613,3.5539931416,3.5);
#1613 = AXIS2_PLACEMENT_3D('',#1614,#1615,#1616);
#1614 = CARTESIAN_POINT('',(123.49687499999,-133.6781249999,
    -13.55283795562));
#1615 = DIRECTION('',(0.173648177667,2.186712484447E-16,0.984807753012)
  );
#1616 = DIRECTION('',(-0.984807753012,-1.240146275778E-15,0.173648177667
    ));
#1617 = ORIENTED_EDGE('',*,*,#1618,.F.);
#1618 = EDGE_CURVE('',#1619,#1610,#1621,.T.);
#1619 = VERTEX_POINT('',#1620);
#1620 = CARTESIAN_POINT('',(101.69324088833,-130.1781249999,
    -9.708268984248));
#1621 = LINE('',#1622,#1623);
#1622 = CARTESIAN_POINT('',(111.77824219239,-130.1781249999,
    -11.48652681463));
#1623 = VECTOR('',#1624,1.);
#1624 = DIRECTION('',(0.984807753012,-1.33480448557E-12,-0.173648177667)
  );
#1625 = ORIENTED_EDGE('',*,*,#1626,.T.);
#1626 = EDGE_CURVE('',#1619,#1627,#1629,.T.);
#1627 = VERTEX_POINT('',#1628);
#1628 = CARTESIAN_POINT('',(101.69324088833,-132.1781249999,
    -9.708268984248));
#1629 = LINE('',#1630,#1631);
#1630 = CARTESIAN_POINT('',(101.69324088833,-2.155668751113E-15,
    -9.708268984248));
#1631 = VECTOR('',#1632,1.);
#1632 = DIRECTION('',(0.,-1.,2.22044604925E-16));
#1633 = ORIENTED_EDGE('',*,*,#1634,.F.);
#1634 = EDGE_CURVE('',#1635,#1627,#1637,.T.);
#1635 = VERTEX_POINT('',#1636);
#1636 = CARTESIAN_POINT('',(123.58447978577,-132.1781256284,
    -13.568285043));
#1637 = LINE('',#1638,#1639);
#1638 = CARTESIAN_POINT('',(123.49687499999,-132.1781249999,
    -13.55283795562));
#1639 = VECTOR('',#1640,1.);
#1640 = DIRECTION('',(-0.984807753012,1.33480448557E-12,0.173648177667)
  );
#1641 = ORIENTED_EDGE('',*,*,#1642,.F.);
#1642 = EDGE_CURVE('',#1643,#1635,#1645,.T.);
#1643 = VERTEX_POINT('',#1644);
#1644 = CARTESIAN_POINT('',(124.9892788765,-133.6781249999,
    -13.81598902517));
#1645 = B_SPLINE_CURVE_WITH_KNOTS('',8,(#1646,#1647,#1648,#1649,#1650,
    #1651,#1652,#1653,#1654),.UNSPECIFIED.,.F.,.F.,(9,9),(
    55.078251026152,56.572915281552),.PIECEWISE_BEZIER_KNOTS.);
#1646 = CARTESIAN_POINT('',(124.9892788765,-133.6781249999,
    -13.81598902517));
#1647 = CARTESIAN_POINT('',(124.9892788765,-133.3984709542,
    -13.81598902517));
#1648 = CARTESIAN_POINT('',(124.92993969486,-133.1189436214,
    -13.80552592643));
#1649 = CARTESIAN_POINT('',(124.81538919868,-132.8527157229,
    -13.7853275833));
#1650 = CARTESIAN_POINT('',(124.64756999682,-132.6121651473,
    -13.75573653013));
#1651 = CARTESIAN_POINT('',(124.43370969715,-132.4078381608,
    -13.7180271892));
#1652 = CARTESIAN_POINT('',(124.17097953855,-132.256134228,
    -13.67170077359));
#1653 = CARTESIAN_POINT('',(123.88004622186,-132.1786014731,
    -13.62040138027));
#1654 = CARTESIAN_POINT('',(123.58447978577,-132.1781256284,
    -13.568285043));
#1655 = ORIENTED_EDGE('',*,*,#1656,.F.);
#1656 = EDGE_CURVE('',#1657,#1643,#1659,.T.);
#1657 = VERTEX_POINT('',#1658);
#1658 = CARTESIAN_POINT('',(124.9892788765,-141.6843749224,
    -13.81598902517));
#1659 = LINE('',#1660,#1661);
#1660 = CARTESIAN_POINT('',(124.9892788765,-141.6843749224,
    -13.81598902517));
#1661 = VECTOR('',#1662,1.);
#1662 = DIRECTION('',(-2.094464790189E-13,1.,3.67090206605E-14));
#1663 = ORIENTED_EDGE('',*,*,#1664,.F.);
#1664 = EDGE_CURVE('',#1665,#1657,#1667,.T.);
#1665 = VERTEX_POINT('',#1666);
#1666 = CARTESIAN_POINT('',(129.8647748197,-146.4650085684,
    -14.67567050429));
#1667 = B_SPLINE_CURVE_WITH_KNOTS('',7,(#1668,#1669,#1670,#1671,#1672,
    #1673,#1674,#1675,#1676,#1677,#1678,#1679,#1680,#1681,#1682,#1683,
    #1684,#1685,#1686,#1687),.UNSPECIFIED.,.F.,.F.,(8,6,6,8),(
    38.574570037326,38.64158237661,38.662544682473,47.07200109994),
  .UNSPECIFIED.);
#1668 = CARTESIAN_POINT('',(129.8647748197,-146.4650085684,
    -14.67567050429));
#1669 = CARTESIAN_POINT('',(129.85527237265,-146.4650809425,
    -14.67399496649));
#1670 = CARTESIAN_POINT('',(129.84576994294,-146.4651545735,
    -14.67231943175));
#1671 = CARTESIAN_POINT('',(129.83626753082,-146.465229461,
    -14.67064390011));
#1672 = CARTESIAN_POINT('',(129.82676513652,-146.4653056051,
    -14.66896837161));
#1673 = CARTESIAN_POINT('',(129.81726276028,-146.4653830054,
    -14.6672928463));
#1674 = CARTESIAN_POINT('',(129.80776040234,-146.4654616617,
    -14.66561732422));
#1675 = CARTESIAN_POINT('',(129.79528561119,-146.4655665715,
    -14.66341768196));
#1676 = CARTESIAN_POINT('',(129.7932942907,-146.4655828483,
    -14.66306655843));
#1677 = CARTESIAN_POINT('',(129.79092246198,-146.4655975319,
    -14.66264834103));
#1678 = CARTESIAN_POINT('',(129.78838862575,-146.4656096722,
    -14.66220155734));
#1679 = CARTESIAN_POINT('',(129.78608085171,-146.465617471,
    -14.66179463451));
#1680 = CARTESIAN_POINT('',(129.78387666777,-146.4656215189,
    -14.66140597741));
#1681 = CARTESIAN_POINT('',(128.70474950315,-146.4666346923,
    -14.47112674268));
#1682 = CARTESIAN_POINT('',(127.6275946449,-146.1849402384,
    -14.28119527877));
#1683 = CARTESIAN_POINT('',(126.63986493641,-145.6217364837,
    -14.10703188151));
#1684 = CARTESIAN_POINT('',(125.83122216241,-144.8118768446,
    -13.9644463427));
#1685 = CARTESIAN_POINT('',(125.26996704038,-143.8276614125,
    -13.86548192162));
#1686 = CARTESIAN_POINT('',(124.9892788765,-142.7560041328,
    -13.81598902517));
#1687 = CARTESIAN_POINT('',(124.9892788765,-141.6843749224,
    -13.81598902517));
#1688 = ORIENTED_EDGE('',*,*,#1689,.F.);
#1689 = EDGE_CURVE('',#1484,#1665,#1690,.T.);
#1690 = B_SPLINE_CURVE_WITH_KNOTS('',3,(#1691,#1692,#1693,#1694),
  .UNSPECIFIED.,.F.,.F.,(4,4),(38.553607719384,38.574570037326),
  .PIECEWISE_BEZIER_KNOTS.);
#1691 = CARTESIAN_POINT('',(129.885582265,-146.4648526746,
    -14.67933941829));
#1692 = CARTESIAN_POINT('',(129.87864643819,-146.4649037781,
    -14.67811644489));
#1693 = CARTESIAN_POINT('',(129.87171062301,-146.4649557428,
    -14.67689347354));
#1694 = CARTESIAN_POINT('',(129.8647748197,-146.4650085684,
    -14.67567050429));
#1695 = ORIENTED_EDGE('',*,*,#1483,.F.);
#1696 = ORIENTED_EDGE('',*,*,#390,.F.);
#1697 = PLANE('',#1698);
#1698 = AXIS2_PLACEMENT_3D('',#1699,#1700,#1701);
#1699 = CARTESIAN_POINT('',(101.69324088833,-2.155668751113E-15,
    -9.708268984248));
#1700 = DIRECTION('',(0.173648177667,2.186712484447E-16,0.984807753012)
  );
#1701 = DIRECTION('',(0.984807753012,-3.855764100601E-17,-0.173648177667
    ));
#1702 = ADVANCED_FACE('',(#1703),#1714,.F.);
#1703 = FACE_BOUND('',#1704,.T.);
#1704 = EDGE_LOOP('',(#1705,#1706,#1707,#1713));
#1705 = ORIENTED_EDGE('',*,*,#443,.F.);
#1706 = ORIENTED_EDGE('',*,*,#833,.T.);
#1707 = ORIENTED_EDGE('',*,*,#1708,.T.);
#1708 = EDGE_CURVE('',#834,#615,#1709,.T.);
#1709 = LINE('',#1710,#1711);
#1710 = CARTESIAN_POINT('',(213.85032515374,-116.2715015455,
    -34.3107523574));
#1711 = VECTOR('',#1712,1.);
#1712 = DIRECTION('',(0.685426071109,-0.329635321397,0.649254692652));
#1713 = ORIENTED_EDGE('',*,*,#637,.F.);
#1714 = PLANE('',#1715);
#1715 = AXIS2_PLACEMENT_3D('',#1716,#1717,#1718);
#1716 = CARTESIAN_POINT('',(188.01798180725,-161.0144191282,
    -29.75581325049));
#1717 = DIRECTION('',(-0.531148944917,0.38356917017,0.755483613329));
#1718 = DIRECTION('',(-0.49806816738,-0.862679109856,8.782285614107E-02)
  );
#1719 = ADVANCED_FACE('',(#1720),#1755,.T.);
#1720 = FACE_BOUND('',#1721,.F.);
#1721 = EDGE_LOOP('',(#1722,#1723,#1732,#1740));
#1722 = ORIENTED_EDGE('',*,*,#612,.F.);
#1723 = ORIENTED_EDGE('',*,*,#1724,.F.);
#1724 = EDGE_CURVE('',#1725,#613,#1727,.T.);
#1725 = VERTEX_POINT('',#1726);
#1726 = CARTESIAN_POINT('',(214.78125,-113.7382995285,-4.5));
#1727 = CIRCLE('',#1728,5.281250259068);
#1728 = AXIS2_PLACEMENT_3D('',#1729,#1730,#1731);
#1729 = CARTESIAN_POINT('',(209.49999974093,-113.7382995285,-4.5));
#1730 = DIRECTION('',(0.,0.,-1.));
#1731 = DIRECTION('',(1.,0.,0.));
#1732 = ORIENTED_EDGE('',*,*,#1733,.T.);
#1733 = EDGE_CURVE('',#1725,#1734,#1736,.T.);
#1734 = VERTEX_POINT('',#1735);
#1735 = CARTESIAN_POINT('',(214.78125,-113.7382995285,-34.22586924466));
#1736 = LINE('',#1737,#1738);
#1737 = CARTESIAN_POINT('',(214.78125,-113.7382995285,-4.));
#1738 = VECTOR('',#1739,1.);
#1739 = DIRECTION('',(0.,0.,-1.));
#1740 = ORIENTED_EDGE('',*,*,#1741,.F.);
#1741 = EDGE_CURVE('',#615,#1734,#1742,.T.);
#1742 = B_SPLINE_CURVE_WITH_KNOTS('',6,(#1743,#1744,#1745,#1746,#1747,
    #1748,#1749,#1750,#1751,#1752,#1753,#1754),.UNSPECIFIED.,.F.,.F.,(7,
    5,7),(747.79806562018,747.84203776902,750.61111841402),
  .UNSPECIFIED.);
#1743 = CARTESIAN_POINT('',(214.07369628219,-116.3789252588,
    -34.0991689942));
#1744 = CARTESIAN_POINT('',(214.07735556869,-116.3725871905,
    -34.09981422514));
#1745 = CARTESIAN_POINT('',(214.08100135502,-116.3662483429,
    -34.10045882655));
#1746 = CARTESIAN_POINT('',(214.08465303008,-116.3598740047,
    -34.1011068979));
#1747 = CARTESIAN_POINT('',(214.08824999064,-116.3535724622,
    -34.10174576355));
#1748 = CARTESIAN_POINT('',(214.09191906962,-116.3471178898,
    -34.10240141568));
#1749 = CARTESIAN_POINT('',(214.31939360478,-115.9454511826,
    -34.14306214446));
#1750 = CARTESIAN_POINT('',(214.50219568224,-115.5274677275,
    -34.17587053075));
#1751 = CARTESIAN_POINT('',(214.64125985138,-115.0919657809,
    -34.20074767825));
#1752 = CARTESIAN_POINT('',(214.73458455498,-114.6446596251,
    -34.21750662324));
#1753 = CARTESIAN_POINT('',(214.78125,-114.1914819516,-34.22586924466));
#1754 = CARTESIAN_POINT('',(214.78125,-113.7382995285,-34.22586924466));
#1755 = CYLINDRICAL_SURFACE('',#1756,5.281250259068);
#1756 = AXIS2_PLACEMENT_3D('',#1757,#1758,#1759);
#1757 = CARTESIAN_POINT('',(209.49999974093,-113.7382995285,-4.));
#1758 = DIRECTION('',(0.,0.,1.));
#1759 = DIRECTION('',(1.,0.,0.));
#1760 = ADVANCED_FACE('',(#1761),#1912,.T.);
#1761 = FACE_BOUND('',#1762,.T.);
#1762 = EDGE_LOOP('',(#1763,#1764,#1765,#1773,#1781,#1790,#1798,#1807,
    #1815,#1823,#1831,#1840,#1848,#1856,#1864,#1872,#1880,#1889,#1897,
    #1905));
#1763 = ORIENTED_EDGE('',*,*,#1438,.T.);
#1764 = ORIENTED_EDGE('',*,*,#661,.F.);
#1765 = ORIENTED_EDGE('',*,*,#1766,.F.);
#1766 = EDGE_CURVE('',#1767,#654,#1769,.T.);
#1767 = VERTEX_POINT('',#1768);
#1768 = CARTESIAN_POINT('',(206.83639381146,-127.9142972729,
    -4.000000000006));
#1769 = LINE('',#1770,#1771);
#1770 = CARTESIAN_POINT('',(206.83639381145,-127.9142972729,-4.));
#1771 = VECTOR('',#1772,1.);
#1772 = DIRECTION('',(-0.50000011375,-0.866025338111,0.));
#1773 = ORIENTED_EDGE('',*,*,#1774,.F.);
#1774 = EDGE_CURVE('',#1775,#1767,#1777,.T.);
#1775 = VERTEX_POINT('',#1776);
#1776 = CARTESIAN_POINT('',(213.64068361313,-116.1289252019,-4.));
#1777 = LINE('',#1778,#1779);
#1778 = CARTESIAN_POINT('',(213.64068361314,-116.1289252019,-4.));
#1779 = VECTOR('',#1780,1.);
#1780 = DIRECTION('',(-0.500000113749,-0.866025338112,-0.));
#1781 = ORIENTED_EDGE('',*,*,#1782,.F.);
#1782 = EDGE_CURVE('',#1783,#1775,#1785,.T.);
#1783 = VERTEX_POINT('',#1784);
#1784 = CARTESIAN_POINT('',(214.28125,-113.7382995285,-4.));
#1785 = CIRCLE('',#1786,4.781250259068);
#1786 = AXIS2_PLACEMENT_3D('',#1787,#1788,#1789);
#1787 = CARTESIAN_POINT('',(209.49999974093,-113.7382995285,-4.));
#1788 = DIRECTION('',(0.,0.,-1.));
#1789 = DIRECTION('',(1.,0.,0.));
#1790 = ORIENTED_EDGE('',*,*,#1791,.F.);
#1791 = EDGE_CURVE('',#1792,#1783,#1794,.T.);
#1792 = VERTEX_POINT('',#1793);
#1793 = CARTESIAN_POINT('',(214.28125,-37.40254807749,-4.));
#1794 = LINE('',#1795,#1796);
#1795 = CARTESIAN_POINT('',(214.28125,-37.40254807749,-4.));
#1796 = VECTOR('',#1797,1.);
#1797 = DIRECTION('',(0.,-1.,0.));
#1798 = ORIENTED_EDGE('',*,*,#1799,.F.);
#1799 = EDGE_CURVE('',#1800,#1792,#1802,.T.);
#1800 = VERTEX_POINT('',#1801);
#1801 = CARTESIAN_POINT('',(209.49999992249,-32.62129799999,-4.));
#1802 = CIRCLE('',#1803,4.781250077504);
#1803 = AXIS2_PLACEMENT_3D('',#1804,#1805,#1806);
#1804 = CARTESIAN_POINT('',(209.49999992249,-37.40254807749,-4.));
#1805 = DIRECTION('',(0.,0.,-1.));
#1806 = DIRECTION('',(0.,1.,0.));
#1807 = ORIENTED_EDGE('',*,*,#1808,.F.);
#1808 = EDGE_CURVE('',#1809,#1800,#1811,.T.);
#1809 = VERTEX_POINT('',#1810);
#1810 = CARTESIAN_POINT('',(181.10018107881,-32.62129799999,-4.));
#1811 = LINE('',#1812,#1813);
#1812 = CARTESIAN_POINT('',(181.10018107881,-32.62129799999,-4.));
#1813 = VECTOR('',#1814,1.);
#1814 = DIRECTION('',(1.,-6.156044856123E-16,0.));
#1815 = ORIENTED_EDGE('',*,*,#1816,.T.);
#1816 = EDGE_CURVE('',#1809,#1817,#1819,.T.);
#1817 = VERTEX_POINT('',#1818);
#1818 = CARTESIAN_POINT('',(181.10018107881,-34.62129799999,-4.));
#1819 = LINE('',#1820,#1821);
#1820 = CARTESIAN_POINT('',(181.10018107881,-44.68344092948,-4.));
#1821 = VECTOR('',#1822,1.);
#1822 = DIRECTION('',(-1.863175460975E-16,-1.,0.));
#1823 = ORIENTED_EDGE('',*,*,#1824,.T.);
#1824 = EDGE_CURVE('',#1817,#1825,#1827,.T.);
#1825 = VERTEX_POINT('',#1826);
#1826 = CARTESIAN_POINT('',(205.01042863032,-34.62129799999,-4.));
#1827 = LINE('',#1828,#1829);
#1828 = CARTESIAN_POINT('',(94.078044370398,-34.62129799999,-4.));
#1829 = VECTOR('',#1830,1.);
#1830 = DIRECTION('',(1.,-6.156044856123E-16,0.));
#1831 = ORIENTED_EDGE('',*,*,#1832,.T.);
#1832 = EDGE_CURVE('',#1825,#1833,#1835,.T.);
#1833 = VERTEX_POINT('',#1834);
#1834 = CARTESIAN_POINT('',(209.28125,-42.67926588808,-4.));
#1835 = CIRCLE('',#1836,5.281250077504);
#1836 = AXIS2_PLACEMENT_3D('',#1837,#1838,#1839);
#1837 = CARTESIAN_POINT('',(209.49999992249,-37.40254807749,-4.));
#1838 = DIRECTION('',(0.,0.,1.));
#1839 = DIRECTION('',(1.,0.,0.));
#1840 = ORIENTED_EDGE('',*,*,#1841,.F.);
#1841 = EDGE_CURVE('',#1842,#1833,#1844,.T.);
#1842 = VERTEX_POINT('',#1843);
#1843 = CARTESIAN_POINT('',(209.28125,-37.40254807749,-4.));
#1844 = LINE('',#1845,#1846);
#1845 = CARTESIAN_POINT('',(209.28125,-64.53589723066,-4.));
#1846 = VECTOR('',#1847,1.);
#1847 = DIRECTION('',(0.,-1.,0.));
#1848 = ORIENTED_EDGE('',*,*,#1849,.F.);
#1849 = EDGE_CURVE('',#1850,#1842,#1852,.T.);
#1850 = VERTEX_POINT('',#1851);
#1851 = CARTESIAN_POINT('',(212.28125,-37.40254807749,-4.));
#1852 = LINE('',#1853,#1854);
#1853 = CARTESIAN_POINT('',(164.79300057784,-37.40254807749,-4.));
#1854 = VECTOR('',#1855,1.);
#1855 = DIRECTION('',(-1.,0.,0.));
#1856 = ORIENTED_EDGE('',*,*,#1857,.T.);
#1857 = EDGE_CURVE('',#1850,#1858,#1860,.T.);
#1858 = VERTEX_POINT('',#1859);
#1859 = CARTESIAN_POINT('',(212.28125,-47.40254807749,-4.));
#1860 = LINE('',#1861,#1862);
#1861 = CARTESIAN_POINT('',(212.28125,-37.40254807749,-4.));
#1862 = VECTOR('',#1863,1.);
#1863 = DIRECTION('',(0.,-1.,0.));
#1864 = ORIENTED_EDGE('',*,*,#1865,.T.);
#1865 = EDGE_CURVE('',#1858,#1866,#1868,.T.);
#1866 = VERTEX_POINT('',#1867);
#1867 = CARTESIAN_POINT('',(212.28125,-103.7382995285,-4.));
#1868 = LINE('',#1869,#1870);
#1869 = CARTESIAN_POINT('',(212.28125,-37.40254807749,-4.));
#1870 = VECTOR('',#1871,1.);
#1871 = DIRECTION('',(0.,-1.,0.));
#1872 = ORIENTED_EDGE('',*,*,#1873,.T.);
#1873 = EDGE_CURVE('',#1866,#1874,#1876,.T.);
#1874 = VERTEX_POINT('',#1875);
#1875 = CARTESIAN_POINT('',(212.28125,-113.7382995285,-4.));
#1876 = LINE('',#1877,#1878);
#1877 = CARTESIAN_POINT('',(212.28125,-37.40254807749,-4.));
#1878 = VECTOR('',#1879,1.);
#1879 = DIRECTION('',(0.,-1.,0.));
#1880 = ORIENTED_EDGE('',*,*,#1881,.T.);
#1881 = EDGE_CURVE('',#1874,#1882,#1884,.T.);
#1882 = VERTEX_POINT('',#1883);
#1883 = CARTESIAN_POINT('',(211.90863293691,-115.1289249744,-4.));
#1884 = CIRCLE('',#1885,2.781250259068);
#1885 = AXIS2_PLACEMENT_3D('',#1886,#1887,#1888);
#1886 = CARTESIAN_POINT('',(209.49999974093,-113.7382995285,-4.));
#1887 = DIRECTION('',(0.,0.,-1.));
#1888 = DIRECTION('',(1.,0.,0.));
#1889 = ORIENTED_EDGE('',*,*,#1890,.F.);
#1890 = EDGE_CURVE('',#1891,#1882,#1893,.T.);
#1891 = VERTEX_POINT('',#1892);
#1892 = CARTESIAN_POINT('',(205.10434313524,-126.9142970455,-4.));
#1893 = LINE('',#1894,#1895);
#1894 = CARTESIAN_POINT('',(205.10434313524,-126.9142970455,-4.));
#1895 = VECTOR('',#1896,1.);
#1896 = DIRECTION('',(0.500000113749,0.866025338112,0.));
#1897 = ORIENTED_EDGE('',*,*,#1898,.T.);
#1898 = EDGE_CURVE('',#1891,#1899,#1901,.T.);
#1899 = VERTEX_POINT('',#1900);
#1900 = CARTESIAN_POINT('',(188.29912007869,-156.0217883826,-4.));
#1901 = LINE('',#1902,#1903);
#1902 = CARTESIAN_POINT('',(205.10434313524,-126.9142970455,-4.));
#1903 = VECTOR('',#1904,1.);
#1904 = DIRECTION('',(-0.500000113751,-0.86602533811,0.));
#1905 = ORIENTED_EDGE('',*,*,#1906,.T.);
#1906 = EDGE_CURVE('',#1899,#1439,#1907,.T.);
#1907 = CIRCLE('',#1908,5.281250259068);
#1908 = AXIS2_PLACEMENT_3D('',#1909,#1910,#1911);
#1909 = CARTESIAN_POINT('',(183.64570067542,-158.5192455206,-4.));
#1910 = DIRECTION('',(0.,0.,1.));
#1911 = DIRECTION('',(1.,0.,0.));
#1912 = PLANE('',#1913);
#1913 = AXIS2_PLACEMENT_3D('',#1914,#1915,#1916);
#1914 = CARTESIAN_POINT('',(135.43456718505,-89.36688185897,-4.));
#1915 = DIRECTION('',(0.,0.,1.));
#1916 = DIRECTION('',(1.,0.,0.));
#1917 = ADVANCED_FACE('',(#1918),#1928,.F.);
#1918 = FACE_BOUND('',#1919,.F.);
#1919 = EDGE_LOOP('',(#1920,#1925,#1926,#1927));
#1920 = ORIENTED_EDGE('',*,*,#1921,.T.);
#1921 = EDGE_CURVE('',#811,#1543,#1922,.T.);
#1922 = B_SPLINE_CURVE_WITH_KNOTS('',1,(#1923,#1924),.UNSPECIFIED.,.F.,
  .F.,(2,2),(0.,8.312248828319),.PIECEWISE_BEZIER_KNOTS.);
#1923 = CARTESIAN_POINT('',(129.70309292512,-146.4685713455,
    -19.72429468341));
#1924 = CARTESIAN_POINT('',(129.78164869477,-146.9656238244,
    -19.23044128198));
#1925 = ORIENTED_EDGE('',*,*,#1558,.T.);
#1926 = ORIENTED_EDGE('',*,*,#686,.F.);
#1927 = ORIENTED_EDGE('',*,*,#823,.F.);
#1928 = B_SPLINE_SURFACE_WITH_KNOTS('',1,3,(
    (#1929,#1930,#1931,#1932)
    ,(#1933,#1934,#1935,#1936
    )),.UNSPECIFIED.,.F.,.F.,.F.,(2,2),(4,4),(0.,2.093408539884E-02),(
    632.26722058707,632.28815467247),.PIECEWISE_BEZIER_KNOTS.);
#1929 = CARTESIAN_POINT('',(129.70309292512,-146.4685713455,
    -19.72429468341));
#1930 = CARTESIAN_POINT('',(129.70935529252,-146.4686787383,
    -19.72539890775));
#1931 = CARTESIAN_POINT('',(129.71561782611,-146.4687738237,
    -19.72650316139));
#1932 = CARTESIAN_POINT('',(129.72188047656,-146.4688565993,
    -19.72760743563));
#1933 = CARTESIAN_POINT('',(129.78164869477,-146.9656238244,
    -19.23044128198));
#1934 = CARTESIAN_POINT('',(129.78854454571,-146.9656192235,
    -19.23165792421));
#1935 = CARTESIAN_POINT('',(129.79544039099,-146.9655860908,
    -19.23287469824));
#1936 = CARTESIAN_POINT('',(129.8023359999,-146.965524427,
    -19.23409160109));
#1937 = ADVANCED_FACE('',(#1938),#1963,.T.);
#1938 = FACE_BOUND('',#1939,.T.);
#1939 = EDGE_LOOP('',(#1940,#1948,#1949,#1957));
#1940 = ORIENTED_EDGE('',*,*,#1941,.F.);
#1941 = EDGE_CURVE('',#772,#1942,#1944,.T.);
#1942 = VERTEX_POINT('',#1943);
#1943 = CARTESIAN_POINT('',(57.150000077497,-132.6781249999,
    -6.423513574589));
#1944 = LINE('',#1945,#1946);
#1945 = CARTESIAN_POINT('',(57.10658803308,-132.4281249999,
    -6.669715512842));
#1946 = VECTOR('',#1947,1.);
#1947 = DIRECTION('',(0.122787803968,-0.707106781187,0.69636424032));
#1948 = ORIENTED_EDGE('',*,*,#771,.T.);
#1949 = ORIENTED_EDGE('',*,*,#1950,.T.);
#1950 = EDGE_CURVE('',#774,#1951,#1953,.T.);
#1951 = VERTEX_POINT('',#1952);
#1952 = CARTESIAN_POINT('',(123.49687499999,-132.6781249999,
    -18.12225770911));
#1953 = LINE('',#1954,#1955);
#1954 = CARTESIAN_POINT('',(123.45346295557,-132.4281249999,
    -18.36845964736));
#1955 = VECTOR('',#1956,1.);
#1956 = DIRECTION('',(0.122787803968,-0.707106781187,0.69636424032));
#1957 = ORIENTED_EDGE('',*,*,#1958,.F.);
#1958 = EDGE_CURVE('',#1942,#1951,#1959,.T.);
#1959 = LINE('',#1960,#1961);
#1960 = CARTESIAN_POINT('',(57.23682416633,-132.6781249999,
    -6.438823004025));
#1961 = VECTOR('',#1962,1.);
#1962 = DIRECTION('',(0.984807753012,-1.33480448557E-12,-0.173648177667)
  );
#1963 = PLANE('',#1964);
#1964 = AXIS2_PLACEMENT_3D('',#1965,#1966,#1967);
#1965 = CARTESIAN_POINT('',(57.193412121914,-132.4281249999,
    -6.685024942278));
#1966 = DIRECTION('',(-0.12278780397,-0.707106781186,-0.69636424032));
#1967 = DIRECTION('',(0.984807753012,-1.333985073681E-12,-0.173648177667
    ));
#1968 = ADVANCED_FACE('',(#1969),#1992,.F.);
#1969 = FACE_BOUND('',#1970,.F.);
#1970 = EDGE_LOOP('',(#1971,#1979,#1990,#1991));
#1971 = ORIENTED_EDGE('',*,*,#1972,.T.);
#1972 = EDGE_CURVE('',#1183,#1973,#1975,.T.);
#1973 = VERTEX_POINT('',#1974);
#1974 = CARTESIAN_POINT('',(51.86875,-127.3968749224,-5.5));
#1975 = LINE('',#1976,#1977);
#1976 = CARTESIAN_POINT('',(52.114951938253,-127.3968749224,
    -5.793412044417));
#1977 = VECTOR('',#1978,1.);
#1978 = DIRECTION('',(-0.642787609687,1.700960357274E-16,0.766044443119)
  );
#1979 = ORIENTED_EDGE('',*,*,#1980,.T.);
#1980 = EDGE_CURVE('',#1973,#1942,#1981,.T.);
#1981 = B_SPLINE_CURVE_WITH_KNOTS('',7,(#1982,#1983,#1984,#1985,#1986,
    #1987,#1988,#1989),.UNSPECIFIED.,.F.,.F.,(8,8),(1.085630929294E+03,
    1.093902640418E+03),.PIECEWISE_BEZIER_KNOTS.);
#1982 = CARTESIAN_POINT('',(51.86875,-127.3968749224,-5.5));
#1983 = CARTESIAN_POINT('',(51.86875,-128.5891523149,-5.5));
#1984 = CARTESIAN_POINT('',(52.18280480469,-129.7871990242,
    -5.554532096495));
#1985 = CARTESIAN_POINT('',(52.816349287433,-130.8894105449,
    -5.663121601996));
#1986 = CARTESIAN_POINT('',(53.730529627276,-131.7729144031,
    -5.819952402683));
#1987 = CARTESIAN_POINT('',(54.809534103212,-132.3740522484,
    -6.010968141252));
#1988 = CARTESIAN_POINT('',(55.977457733799,-132.6781249999,
    -6.216762723371));
#1989 = CARTESIAN_POINT('',(57.150000077497,-132.6781249999,
    -6.423513574589));
#1990 = ORIENTED_EDGE('',*,*,#1941,.F.);
#1991 = ORIENTED_EDGE('',*,*,#1190,.F.);
#1992 = B_SPLINE_SURFACE_WITH_KNOTS('',1,7,(
    (#1993,#1994,#1995,#1996,#1997,#1998,#1999,#2000)
    ,(#2001,#2002,#2003,#2004,#2005,#2006,#2007,#2008
  )),.UNSPECIFIED.,.F.,.F.,.F.,(2,2),(8,8),(0.,8.27171112383),(
    1.085630929294E+03,1.093902640418E+03),.PIECEWISE_BEZIER_KNOTS.);
#1993 = CARTESIAN_POINT('',(52.361153876506,-127.3968749224,
    -6.086824088833));
#1994 = CARTESIAN_POINT('',(52.361153876506,-128.4568379711,
    -6.086824088833));
#1995 = CARTESIAN_POINT('',(52.635764587336,-129.5243276471,
    -6.135245366344));
#1996 = CARTESIAN_POINT('',(53.185989902891,-130.5106232807,
    -6.232264934945));
#1997 = CARTESIAN_POINT('',(53.979739385501,-131.3240098778,
    -6.372224384653));
#1998 = CARTESIAN_POINT('',(54.946859207699,-131.8916518848,
    -6.542753702884));
#1999 = CARTESIAN_POINT('',(56.002778985544,-132.1777713321,
    -6.728940849182));
#2000 = CARTESIAN_POINT('',(57.063337709772,-132.1781250268,
    -6.915945966889));
#2001 = CARTESIAN_POINT('',(51.86875,-127.3968749224,-5.5));
#2002 = CARTESIAN_POINT('',(51.86875,-128.5891523149,-5.5));
#2003 = CARTESIAN_POINT('',(52.18280480469,-129.7871990242,
    -5.554532096495));
#2004 = CARTESIAN_POINT('',(52.816349287433,-130.8894105449,
    -5.663121601996));
#2005 = CARTESIAN_POINT('',(53.730529627276,-131.7729144031,
    -5.819952402683));
#2006 = CARTESIAN_POINT('',(54.809534103212,-132.3740522484,
    -6.010968141252));
#2007 = CARTESIAN_POINT('',(55.977457733799,-132.6781249999,
    -6.216762723371));
#2008 = CARTESIAN_POINT('',(57.150000077497,-132.6781249999,
    -6.423513574589));
#2009 = ADVANCED_FACE('',(#2010),#2040,.F.);
#2010 = FACE_BOUND('',#2011,.F.);
#2011 = EDGE_LOOP('',(#2012,#2013,#2034,#2039));
#2012 = ORIENTED_EDGE('',*,*,#1950,.T.);
#2013 = ORIENTED_EDGE('',*,*,#2014,.T.);
#2014 = EDGE_CURVE('',#1951,#2015,#2017,.T.);
#2015 = VERTEX_POINT('',#2016);
#2016 = CARTESIAN_POINT('',(124.49687499999,-133.6781249999,
    -18.30629799576));
#2017 = B_SPLINE_CURVE_WITH_KNOTS('',8,(#2018,#2019,#2020,#2021,#2022,
    #2023,#2024,#2025,#2026,#2027,#2028,#2029,#2030,#2031,#2032,#2033),
  .UNSPECIFIED.,.F.,.F.,(9,7,9),(614.27762280163,614.36515326343,
    615.94872183636),.UNSPECIFIED.);
#2018 = CARTESIAN_POINT('',(123.49687499999,-132.6781249999,
    -18.12225770911));
#2019 = CARTESIAN_POINT('',(123.5077280111,-132.6781249999,
    -18.12417138779));
#2020 = CARTESIAN_POINT('',(123.51858237294,-132.6782598152,
    -18.12608535102));
#2021 = CARTESIAN_POINT('',(123.52943010887,-132.6785282866,
    -18.12799792622));
#2022 = CARTESIAN_POINT('',(123.5402910496,-132.6789332953,
    -18.12991344607));
#2023 = CARTESIAN_POINT('',(123.55114094657,-132.6794719282,
    -18.13182736305));
#2024 = CARTESIAN_POINT('',(123.56198266168,-132.6801443903,
    -18.1337407387));
#2025 = CARTESIAN_POINT('',(123.57286800512,-132.6809576109,
    -18.13566499944));
#2026 = CARTESIAN_POINT('',(123.77924441161,-132.6989395314,
    -18.17218443511));
#2027 = CARTESIAN_POINT('',(123.96802965598,-132.7596550834,
    -18.20621032788));
#2028 = CARTESIAN_POINT('',(124.13612591435,-132.8600231209,
    -18.23741748602));
#2029 = CARTESIAN_POINT('',(124.27865304707,-132.9923014142,
    -18.26420563386));
#2030 = CARTESIAN_POINT('',(124.3868413021,-133.1487737616,
    -18.28504210451));
#2031 = CARTESIAN_POINT('',(124.46026720416,-133.3200173367,
    -18.29921432702));
#2032 = CARTESIAN_POINT('',(124.49687499999,-133.4990871396,
    -18.30629799576));
#2033 = CARTESIAN_POINT('',(124.49687499999,-133.6781249999,
    -18.30629799576));
#2034 = ORIENTED_EDGE('',*,*,#2035,.F.);
#2035 = EDGE_CURVE('',#782,#2015,#2036,.T.);
#2036 = B_SPLINE_CURVE_WITH_KNOTS('',1,(#2037,#2038),.UNSPECIFIED.,.F.,
  .F.,(2,2),(0.,1.671099034727),.PIECEWISE_BEZIER_KNOTS.);
#2037 = CARTESIAN_POINT('',(124.9892788765,-133.6781249999,
    -18.89312208459));
#2038 = CARTESIAN_POINT('',(124.49687499999,-133.6781249999,
    -18.30629799576));
#2039 = ORIENTED_EDGE('',*,*,#781,.F.);
#2040 = B_SPLINE_SURFACE_WITH_KNOTS('',1,8,(
    (#2041,#2042,#2043,#2044,#2045,#2046,#2047,#2048,#2049,#2050,#2051
      ,#2052,#2053,#2054,#2055,#2056)
    ,(#2057,#2058,#2059,#2060,#2061,#2062,#2063,#2064,#2065,#2066,#2067
      ,#2068,#2069,#2070,#2071,#2072
    )),.UNSPECIFIED.,.F.,.F.,.F.,(2,2),(9,7,9),(0.,1.671099034727),(
    614.27762280163,614.36515326343,615.94872183636),.UNSPECIFIED.);
#2041 = CARTESIAN_POINT('',(123.41005091116,-132.1781249999,
    -18.61466158562));
#2042 = CARTESIAN_POINT('',(123.42090392226,-132.1781249999,
    -18.6165752643));
#2043 = CARTESIAN_POINT('',(123.43172617307,-132.1781167551,
    -18.61848351911));
#2044 = CARTESIAN_POINT('',(123.44270843381,-132.1781461875,
    -18.62041998798));
#2045 = CARTESIAN_POINT('',(123.45332493342,-132.178109244,
    -18.62229196331));
#2046 = CARTESIAN_POINT('',(123.46441476139,-132.1781113788,
    -18.62424739919));
#2047 = CARTESIAN_POINT('',(123.47513789177,-132.1781660975,
    -18.62613817639));
#2048 = CARTESIAN_POINT('',(123.48352854151,-132.1780499575,
    -18.62761767433));
#2049 = CARTESIAN_POINT('',(123.78594054044,-132.1796050414,
    -18.68094106903));
#2050 = CARTESIAN_POINT('',(124.0798831203,-132.2420212672,
    -18.73277107664));
#2051 = CARTESIAN_POINT('',(124.35559471645,-132.375182285,
    -18.78138646993));
#2052 = CARTESIAN_POINT('',(124.59612250895,-132.565448599,
    -18.82379800936));
#2053 = CARTESIAN_POINT('',(124.79023066955,-132.8080196215,
    -18.85802451525));
#2054 = CARTESIAN_POINT('',(124.92279455796,-133.0860356655,
    -18.88139910544));
#2055 = CARTESIAN_POINT('',(124.98927887649,-133.3820875398,
    -18.89312208459));
#2056 = CARTESIAN_POINT('',(124.9892788765,-133.6781249999,
    -18.89312208459));
#2057 = CARTESIAN_POINT('',(123.49687499999,-132.6781249999,
    -18.12225770911));
#2058 = CARTESIAN_POINT('',(123.5077280111,-132.6781249999,
    -18.12417138779));
#2059 = CARTESIAN_POINT('',(123.51858237294,-132.6782598152,
    -18.12608535102));
#2060 = CARTESIAN_POINT('',(123.52943010887,-132.6785282866,
    -18.12799792622));
#2061 = CARTESIAN_POINT('',(123.5402910496,-132.6789332953,
    -18.12991344607));
#2062 = CARTESIAN_POINT('',(123.55114094657,-132.6794719282,
    -18.13182736305));
#2063 = CARTESIAN_POINT('',(123.56198266168,-132.6801443903,
    -18.1337407387));
#2064 = CARTESIAN_POINT('',(123.57286800512,-132.6809576109,
    -18.13566499944));
#2065 = CARTESIAN_POINT('',(123.77924441161,-132.6989395314,
    -18.17218443511));
#2066 = CARTESIAN_POINT('',(123.96802965598,-132.7596550834,
    -18.20621032788));
#2067 = CARTESIAN_POINT('',(124.13612591435,-132.8600231209,
    -18.23741748602));
#2068 = CARTESIAN_POINT('',(124.27865304707,-132.9923014142,
    -18.26420563386));
#2069 = CARTESIAN_POINT('',(124.3868413021,-133.1487737616,
    -18.28504210451));
#2070 = CARTESIAN_POINT('',(124.46026720416,-133.3200173367,
    -18.29921432702));
#2071 = CARTESIAN_POINT('',(124.49687499999,-133.4990871396,
    -18.30629799576));
#2072 = CARTESIAN_POINT('',(124.49687499999,-133.6781249999,
    -18.30629799576));
#2073 = ADVANCED_FACE('',(#2074),#2091,.T.);
#2074 = FACE_BOUND('',#2075,.T.);
#2075 = EDGE_LOOP('',(#2076,#2083,#2084,#2085));
#2076 = ORIENTED_EDGE('',*,*,#2077,.F.);
#2077 = EDGE_CURVE('',#1170,#2078,#2080,.T.);
#2078 = VERTEX_POINT('',#2079);
#2079 = CARTESIAN_POINT('',(51.86875,-47.6250000775,-5.5));
#2080 = B_SPLINE_CURVE_WITH_KNOTS('',1,(#2081,#2082),.UNSPECIFIED.,.F.,
  .F.,(2,2),(0.,8.271711123837),.PIECEWISE_BEZIER_KNOTS.);
#2081 = CARTESIAN_POINT('',(52.361153876506,-47.6250000775,
    -6.086824088833));
#2082 = CARTESIAN_POINT('',(51.86875,-47.6250000775,-5.5));
#2083 = ORIENTED_EDGE('',*,*,#1182,.T.);
#2084 = ORIENTED_EDGE('',*,*,#1972,.T.);
#2085 = ORIENTED_EDGE('',*,*,#2086,.F.);
#2086 = EDGE_CURVE('',#2078,#1973,#2087,.T.);
#2087 = LINE('',#2088,#2089);
#2088 = CARTESIAN_POINT('',(51.86875,-47.6250000775,-5.5));
#2089 = VECTOR('',#2090,1.);
#2090 = DIRECTION('',(0.,-1.,2.22044604925E-16));
#2091 = PLANE('',#2092);
#2092 = AXIS2_PLACEMENT_3D('',#2093,#2094,#2095);
#2093 = CARTESIAN_POINT('',(52.114951938253,-47.6250000775,
    -5.793412044417));
#2094 = DIRECTION('',(-0.766044443119,-1.732825408172E-16,
    -0.642787609687));
#2095 = DIRECTION('',(2.340650326017E-17,-1.,2.416849931778E-16));
#2096 = ADVANCED_FACE('',(#2097),#2115,.T.);
#2097 = FACE_BOUND('',#2098,.T.);
#2098 = EDGE_LOOP('',(#2099,#2100,#2101,#2109));
#2099 = ORIENTED_EDGE('',*,*,#2035,.F.);
#2100 = ORIENTED_EDGE('',*,*,#802,.T.);
#2101 = ORIENTED_EDGE('',*,*,#2102,.T.);
#2102 = EDGE_CURVE('',#803,#2103,#2105,.T.);
#2103 = VERTEX_POINT('',#2104);
#2104 = CARTESIAN_POINT('',(124.49687499999,-141.6843749224,
    -18.30629799576));
#2105 = LINE('',#2106,#2107);
#2106 = CARTESIAN_POINT('',(124.74307693824,-141.6843749224,
    -18.59971004018));
#2107 = VECTOR('',#2108,1.);
#2108 = DIRECTION('',(-0.642787609687,-1.627519459598E-13,0.766044443119
    ));
#2109 = ORIENTED_EDGE('',*,*,#2110,.F.);
#2110 = EDGE_CURVE('',#2015,#2103,#2111,.T.);
#2111 = LINE('',#2112,#2113);
#2112 = CARTESIAN_POINT('',(124.49687499999,-133.6781249999,
    -18.30629799576));
#2113 = VECTOR('',#2114,1.);
#2114 = DIRECTION('',(2.094464790189E-13,-1.,-3.671111331279E-14));
#2115 = PLANE('',#2116);
#2116 = AXIS2_PLACEMENT_3D('',#2117,#2118,#2119);
#2117 = CARTESIAN_POINT('',(124.74307693824,-133.6781249999,
    -18.59971004018));
#2118 = DIRECTION('',(-0.766044443119,-1.36509513362E-13,-0.642787609687
    ));
#2119 = DIRECTION('',(2.091872884592E-13,-1.,-3.69286000159E-14));
#2120 = ADVANCED_FACE('',(#2121),#2144,.F.);
#2121 = FACE_BOUND('',#2122,.F.);
#2122 = EDGE_LOOP('',(#2123,#2131,#2142,#2143));
#2123 = ORIENTED_EDGE('',*,*,#2124,.T.);
#2124 = EDGE_CURVE('',#1162,#2125,#2127,.T.);
#2125 = VERTEX_POINT('',#2126);
#2126 = CARTESIAN_POINT('',(57.150000077504,-42.34374999999,
    -6.42351357459));
#2127 = LINE('',#2128,#2129);
#2128 = CARTESIAN_POINT('',(57.106588033087,-42.59374999999,
    -6.669715512843));
#2129 = VECTOR('',#2130,1.);
#2130 = DIRECTION('',(0.122787803969,0.707106781187,0.69636424032));
#2131 = ORIENTED_EDGE('',*,*,#2132,.T.);
#2132 = EDGE_CURVE('',#2125,#2078,#2133,.T.);
#2133 = B_SPLINE_CURVE_WITH_KNOTS('',7,(#2134,#2135,#2136,#2137,#2138,
    #2139,#2140,#2141),.UNSPECIFIED.,.F.,.F.,(8,8),(997.58734332541,
    1.005859054449E+03),.PIECEWISE_BEZIER_KNOTS.);
#2134 = CARTESIAN_POINT('',(57.150000077504,-42.34374999999,
    -6.42351357459));
#2135 = CARTESIAN_POINT('',(55.977457733805,-42.34374999999,
    -6.216762723372));
#2136 = CARTESIAN_POINT('',(54.809534103216,-42.64782275145,
    -6.010968141253));
#2137 = CARTESIAN_POINT('',(53.730529627279,-43.24896059675,
    -5.819952402683));
#2138 = CARTESIAN_POINT('',(52.816349287436,-44.13246445494,
    -5.663121601997));
#2139 = CARTESIAN_POINT('',(52.18280480469,-45.23467597565,
    -5.554532096495));
#2140 = CARTESIAN_POINT('',(51.86875,-46.4327226849,-5.5));
#2141 = CARTESIAN_POINT('',(51.86875,-47.6250000775,-5.5));
#2142 = ORIENTED_EDGE('',*,*,#2077,.F.);
#2143 = ORIENTED_EDGE('',*,*,#1169,.F.);
#2144 = B_SPLINE_SURFACE_WITH_KNOTS('',1,7,(
    (#2145,#2146,#2147,#2148,#2149,#2150,#2151,#2152)
    ,(#2153,#2154,#2155,#2156,#2157,#2158,#2159,#2160
  )),.UNSPECIFIED.,.F.,.F.,.F.,(2,2),(8,8),(0.,8.271711123837),(
    997.58734332541,1.005859054449E+03),.PIECEWISE_BEZIER_KNOTS.);
#2145 = CARTESIAN_POINT('',(57.063337709778,-42.84374997302,
    -6.91594596689));
#2146 = CARTESIAN_POINT('',(56.00277898555,-42.84410366771,
    -6.728940849183));
#2147 = CARTESIAN_POINT('',(54.946859207702,-43.13022311506,
    -6.542753702885));
#2148 = CARTESIAN_POINT('',(53.979739385504,-43.69786512203,
    -6.372224384653));
#2149 = CARTESIAN_POINT('',(53.185989902892,-44.51125171919,
    -6.232264934946));
#2150 = CARTESIAN_POINT('',(52.635764587336,-45.49754735274,
    -6.135245366344));
#2151 = CARTESIAN_POINT('',(52.361153876506,-46.56503702873,
    -6.086824088833));
#2152 = CARTESIAN_POINT('',(52.361153876506,-47.6250000775,
    -6.086824088833));
#2153 = CARTESIAN_POINT('',(57.150000077504,-42.34374999999,
    -6.42351357459));
#2154 = CARTESIAN_POINT('',(55.977457733805,-42.34374999999,
    -6.216762723372));
#2155 = CARTESIAN_POINT('',(54.809534103216,-42.64782275145,
    -6.010968141253));
#2156 = CARTESIAN_POINT('',(53.730529627279,-43.24896059675,
    -5.819952402683));
#2157 = CARTESIAN_POINT('',(52.816349287436,-44.13246445494,
    -5.663121601997));
#2158 = CARTESIAN_POINT('',(52.18280480469,-45.23467597565,
    -5.554532096495));
#2159 = CARTESIAN_POINT('',(51.86875,-46.4327226849,-5.5));
#2160 = CARTESIAN_POINT('',(51.86875,-47.6250000775,-5.5));
#2161 = ADVANCED_FACE('',(#2162),#2178,.F.);
#2162 = FACE_BOUND('',#2163,.F.);
#2163 = EDGE_LOOP('',(#2164,#2165,#2176,#2177));
#2164 = ORIENTED_EDGE('',*,*,#2102,.T.);
#2165 = ORIENTED_EDGE('',*,*,#2166,.T.);
#2166 = EDGE_CURVE('',#2103,#1543,#2167,.T.);
#2167 = B_SPLINE_CURVE_WITH_KNOTS('',7,(#2168,#2169,#2170,#2171,#2172,
    #2173,#2174,#2175),.UNSPECIFIED.,.F.,.F.,(8,8),(623.95497175875,
    632.26722058707),.PIECEWISE_BEZIER_KNOTS.);
#2168 = CARTESIAN_POINT('',(124.49687499999,-141.6843749224,
    -18.30629799576));
#2169 = CARTESIAN_POINT('',(124.49687499999,-142.8763060738,
    -18.30629799576));
#2170 = CARTESIAN_POINT('',(124.81067842252,-144.0684250779,
    -18.36078739733));
#2171 = CARTESIAN_POINT('',(125.43873417893,-145.1602098138,
    -18.46974870325));
#2172 = CARTESIAN_POINT('',(126.33900281475,-146.0502269599,
    -18.6262958639));
#2173 = CARTESIAN_POINT('',(127.42919191303,-146.6630205626,
    -18.81643925627));
#2174 = CARTESIAN_POINT('',(128.6081688789,-146.966406763,
    -19.02340300431));
#2175 = CARTESIAN_POINT('',(129.78164869477,-146.9656238244,
    -19.23044128198));
#2176 = ORIENTED_EDGE('',*,*,#1921,.F.);
#2177 = ORIENTED_EDGE('',*,*,#810,.F.);
#2178 = B_SPLINE_SURFACE_WITH_KNOTS('',1,7,(
    (#2179,#2180,#2181,#2182,#2183,#2184,#2185,#2186)
    ,(#2187,#2188,#2189,#2190,#2191,#2192,#2193,#2194
  )),.UNSPECIFIED.,.F.,.F.,.F.,(2,2),(8,8),(0.,8.312248828319),(
    623.95497175875,632.26722058707),.PIECEWISE_BEZIER_KNOTS.);
#2179 = CARTESIAN_POINT('',(124.9892788765,-141.6843749224,
    -18.8931220846));
#2180 = CARTESIAN_POINT('',(124.9892788765,-142.7438917201,
    -18.8931220846));
#2181 = CARTESIAN_POINT('',(125.26397739323,-143.8036767543,
    -18.94155884465));
#2182 = CARTESIAN_POINT('',(125.81329232227,-144.7791725347,
    -19.03841788755));
#2183 = CARTESIAN_POINT('',(126.6055658493,-145.5864767712,
    -19.17811708647));
#2184 = CARTESIAN_POINT('',(127.57547382301,-146.1548324881,
    -19.34913803104));
#2185 = CARTESIAN_POINT('',(128.63741418506,-146.4502961143,
    -19.53638676877));
#2186 = CARTESIAN_POINT('',(129.70309292512,-146.4685713455,
    -19.72429468341));
#2187 = CARTESIAN_POINT('',(124.49687499999,-141.6843749224,
    -18.30629799576));
#2188 = CARTESIAN_POINT('',(124.49687499999,-142.8763060738,
    -18.30629799576));
#2189 = CARTESIAN_POINT('',(124.81067842252,-144.0684250779,
    -18.36078739733));
#2190 = CARTESIAN_POINT('',(125.43873417893,-145.1602098138,
    -18.46974870325));
#2191 = CARTESIAN_POINT('',(126.33900281475,-146.0502269599,
    -18.6262958639));
#2192 = CARTESIAN_POINT('',(127.42919191303,-146.6630205626,
    -18.81643925627));
#2193 = CARTESIAN_POINT('',(128.6081688789,-146.966406763,
    -19.02340300431));
#2194 = CARTESIAN_POINT('',(129.78164869477,-146.9656238244,
    -19.23044128198));
#2195 = ADVANCED_FACE('',(#2196),#2213,.T.);
#2196 = FACE_BOUND('',#2197,.T.);
#2197 = EDGE_LOOP('',(#2198,#2205,#2206,#2207));
#2198 = ORIENTED_EDGE('',*,*,#2199,.F.);
#2199 = EDGE_CURVE('',#1141,#2200,#2202,.T.);
#2200 = VERTEX_POINT('',#2201);
#2201 = CARTESIAN_POINT('',(87.783295755767,-42.34374999999,
    -11.82499011068));
#2202 = B_SPLINE_CURVE_WITH_KNOTS('',1,(#2203,#2204),.UNSPECIFIED.,.F.,
  .F.,(2,2),(0.,1.667348548855),.PIECEWISE_BEZIER_KNOTS.);
#2203 = CARTESIAN_POINT('',(87.696471666933,-42.84374999999,
    -12.31739398719));
#2204 = CARTESIAN_POINT('',(87.783295755767,-42.34374999999,
    -11.82499011068));
#2205 = ORIENTED_EDGE('',*,*,#1161,.T.);
#2206 = ORIENTED_EDGE('',*,*,#2124,.T.);
#2207 = ORIENTED_EDGE('',*,*,#2208,.F.);
#2208 = EDGE_CURVE('',#2200,#2125,#2209,.T.);
#2209 = LINE('',#2210,#2211);
#2210 = CARTESIAN_POINT('',(87.8701198446,-42.34374999999,
    -11.84029954012));
#2211 = VECTOR('',#2212,1.);
#2212 = DIRECTION('',(-0.984807753012,-6.121850702445E-14,0.173648177667
    ));
#2213 = PLANE('',#2214);
#2214 = AXIS2_PLACEMENT_3D('',#2215,#2216,#2217);
#2215 = CARTESIAN_POINT('',(87.826707800184,-42.59374999999,
    -12.08650147837));
#2216 = DIRECTION('',(-0.122787803969,0.707106781187,-0.69636424032));
#2217 = DIRECTION('',(-0.984807753012,-6.112999899027E-14,0.173648177667
    ));
#2218 = ADVANCED_FACE('',(#2219),#2250,.F.);
#2219 = FACE_BOUND('',#2220,.F.);
#2220 = EDGE_LOOP('',(#2221,#2229,#2248,#2249));
#2221 = ORIENTED_EDGE('',*,*,#2222,.T.);
#2222 = EDGE_CURVE('',#1133,#2223,#2225,.T.);
#2223 = VERTEX_POINT('',#2224);
#2224 = CARTESIAN_POINT('',(88.783289908893,-41.34716960713,
    -12.00902927548));
#2225 = LINE('',#2226,#2227);
#2226 = CARTESIAN_POINT('',(89.0294898474,-41.34818843833,
    -12.30244101273));
#2227 = VECTOR('',#2228,1.);
#2228 = DIRECTION('',(-0.642782666748,2.659980517551E-03,0.766043972518)
  );
#2229 = ORIENTED_EDGE('',*,*,#2230,.T.);
#2230 = EDGE_CURVE('',#2223,#2200,#2231,.T.);
#2231 = B_SPLINE_CURVE_WITH_KNOTS('',8,(#2232,#2233,#2234,#2235,#2236,
    #2237,#2238,#2239,#2240,#2241,#2242,#2243,#2244,#2245,#2246,#2247),
  .UNSPECIFIED.,.F.,.F.,(9,7,9),(964.81412728296,966.39394378699,
    966.48147583181),.UNSPECIFIED.);
#2232 = CARTESIAN_POINT('',(88.783289908893,-41.34716960713,
    -12.00902926669));
#2233 = CARTESIAN_POINT('',(88.782679130966,-41.52577911716,
    -12.00891115719));
#2234 = CARTESIAN_POINT('',(88.745635175455,-41.70431137407,
    -12.00174318842));
#2235 = CARTESIAN_POINT('',(88.671964009652,-41.87496439217,
    -11.98752528818));
#2236 = CARTESIAN_POINT('',(88.56371830907,-42.03083836638,
    -11.96668235242));
#2237 = CARTESIAN_POINT('',(88.42133668926,-42.16257033734,
    -11.93992594651));
#2238 = CARTESIAN_POINT('',(88.253549557376,-42.26250965024,
    -11.90878041695));
#2239 = CARTESIAN_POINT('',(88.065198363248,-42.32297614148,
    -11.8748342341));
#2240 = CARTESIAN_POINT('',(87.859288758096,-42.3409173893,
    -11.83839740046));
#2241 = CARTESIAN_POINT('',(87.84840341858,-42.34173060944,
    -11.8364731405));
#2242 = CARTESIAN_POINT('',(87.837561702258,-42.34240307178,
    -11.83455976459));
#2243 = CARTESIAN_POINT('',(87.826711804921,-42.34294170472,
    -11.83264584755));
#2244 = CARTESIAN_POINT('',(87.815850865066,-42.34334671333,
    -11.83073032788));
#2245 = CARTESIAN_POINT('',(87.805003128579,-42.34361518471,
    -11.82881775257));
#2246 = CARTESIAN_POINT('',(87.794148766872,-42.34374999999,
    -11.82690378936));
#2247 = CARTESIAN_POINT('',(87.783295755767,-42.34374999999,
    -11.82499011068));
#2248 = ORIENTED_EDGE('',*,*,#2199,.F.);
#2249 = ORIENTED_EDGE('',*,*,#1140,.F.);
#2250 = B_SPLINE_SURFACE_WITH_KNOTS('',1,8,(
    (#2251,#2252,#2253,#2254,#2255,#2256,#2257,#2258,#2259,#2260,#2261
      ,#2262,#2263,#2264,#2265,#2266)
    ,(#2267,#2268,#2269,#2270,#2271,#2272,#2273,#2274,#2275,#2276,#2277
      ,#2278,#2279,#2280,#2281,#2282
    )),.UNSPECIFIED.,.F.,.F.,.F.,(2,2),(9,7,9),(0.,1.667348548855),(
    964.81412728296,966.39394378699,966.48147583181),.UNSPECIFIED.);
#2251 = CARTESIAN_POINT('',(89.275689029776,-41.34940428499,
    -12.59585261666));
#2252 = CARTESIAN_POINT('',(89.274581469295,-41.64473283849,
    -12.59565732387));
#2253 = CARTESIAN_POINT('',(89.207307246673,-41.93982001613,
    -12.58379506331));
#2254 = CARTESIAN_POINT('',(89.0743394251,-42.21674412045,-12.5603492488
    ));
#2255 = CARTESIAN_POINT('',(88.880236478351,-42.45825010659,
    -12.52612366226));
#2256 = CARTESIAN_POINT('',(88.640042907348,-42.6476319901,
    -12.48377105509));
#2257 = CARTESIAN_POINT('',(88.364912095297,-42.78016150764,
    -12.43525806971));
#2258 = CARTESIAN_POINT('',(88.071665626758,-42.84227371869,
    -12.38355080531));
#2259 = CARTESIAN_POINT('',(87.769949607334,-42.8438250307,
    -12.33035013057));
#2260 = CARTESIAN_POINT('',(87.761558651481,-42.84370891095,
    -12.32887057866));
#2261 = CARTESIAN_POINT('',(87.750835504824,-42.8437636178,
    -12.32697979858));
#2262 = CARTESIAN_POINT('',(87.739745706344,-42.84376575275,
    -12.3250243679));
#2263 = CARTESIAN_POINT('',(87.729129177384,-42.84372881702,
    -12.3231523874));
#2264 = CARTESIAN_POINT('',(87.718146932659,-42.84375824305,
    -12.32121592135));
#2265 = CARTESIAN_POINT('',(87.707324678038,-42.84374999999,
    -12.31930766587));
#2266 = CARTESIAN_POINT('',(87.696471666933,-42.84374999999,
    -12.31739398719));
#2267 = CARTESIAN_POINT('',(88.783289908893,-41.34716960713,
    -12.00902926669));
#2268 = CARTESIAN_POINT('',(88.782679130966,-41.52577911716,
    -12.00891115719));
#2269 = CARTESIAN_POINT('',(88.745635175455,-41.70431137407,
    -12.00174318842));
#2270 = CARTESIAN_POINT('',(88.671964009652,-41.87496439217,
    -11.98752528818));
#2271 = CARTESIAN_POINT('',(88.56371830907,-42.03083836638,
    -11.96668235242));
#2272 = CARTESIAN_POINT('',(88.42133668926,-42.16257033734,
    -11.93992594651));
#2273 = CARTESIAN_POINT('',(88.253549557376,-42.26250965024,
    -11.90878041695));
#2274 = CARTESIAN_POINT('',(88.065198363248,-42.32297614148,
    -11.8748342341));
#2275 = CARTESIAN_POINT('',(87.859288758096,-42.3409173893,
    -11.83839740046));
#2276 = CARTESIAN_POINT('',(87.84840341858,-42.34173060944,
    -11.8364731405));
#2277 = CARTESIAN_POINT('',(87.837561702258,-42.34240307178,
    -11.83455976459));
#2278 = CARTESIAN_POINT('',(87.826711804921,-42.34294170472,
    -11.83264584755));
#2279 = CARTESIAN_POINT('',(87.815850865066,-42.34334671333,
    -11.83073032788));
#2280 = CARTESIAN_POINT('',(87.805003128579,-42.34361518471,
    -11.82881775257));
#2281 = CARTESIAN_POINT('',(87.794148766872,-42.34374999999,
    -11.82690378936));
#2282 = CARTESIAN_POINT('',(87.783295755767,-42.34374999999,
    -11.82499011068));
#2283 = ADVANCED_FACE('',(#2284),#2301,.T.);
#2284 = FACE_BOUND('',#2285,.T.);
#2285 = EDGE_LOOP('',(#2286,#2293,#2294,#2295));
#2286 = ORIENTED_EDGE('',*,*,#2287,.F.);
#2287 = EDGE_CURVE('',#892,#2288,#2290,.T.);
#2288 = VERTEX_POINT('',#2289);
#2289 = CARTESIAN_POINT('',(88.796799329856,-37.39661580683,
    -12.01141135089));
#2290 = B_SPLINE_CURVE_WITH_KNOTS('',1,(#2291,#2292),.UNSPECIFIED.,.F.,
  .F.,(2,2),(0.,8.265775548858),.PIECEWISE_BEZIER_KNOTS.);
#2291 = CARTESIAN_POINT('',(89.289200237882,-37.39835198656,
    -12.59823500719));
#2292 = CARTESIAN_POINT('',(88.796799329856,-37.39661580683,
    -12.01141135089));
#2293 = ORIENTED_EDGE('',*,*,#1132,.T.);
#2294 = ORIENTED_EDGE('',*,*,#2222,.T.);
#2295 = ORIENTED_EDGE('',*,*,#2296,.F.);
#2296 = EDGE_CURVE('',#2288,#2223,#2297,.T.);
#2297 = LINE('',#2298,#2299);
#2298 = CARTESIAN_POINT('',(88.796800360815,-37.39631432415,
    -12.01141153268));
#2299 = VECTOR('',#2300,1.);
#2300 = DIRECTION('',(-3.419606516494E-03,-0.999993971342,
    6.029688922647E-04));
#2301 = PLANE('',#2302);
#2302 = AXIS2_PLACEMENT_3D('',#2303,#2304,#2305);
#2303 = CARTESIAN_POINT('',(89.043000299321,-37.39733315536,
    -12.30482326993));
#2304 = DIRECTION('',(-0.766040958186,2.231991007809E-03,-0.642787887718
    ));
#2305 = DIRECTION('',(-3.419606516495E-03,-0.999993971342,
    6.029688922644E-04));
#2306 = ADVANCED_FACE('',(#2307),#2558,.F.);
#2307 = FACE_BOUND('',#2308,.F.);
#2308 = EDGE_LOOP('',(#2309,#2317,#2556,#2557));
#2309 = ORIENTED_EDGE('',*,*,#2310,.T.);
#2310 = EDGE_CURVE('',#884,#2311,#2313,.T.);
#2311 = VERTEX_POINT('',#2312);
#2312 = CARTESIAN_POINT('',(94.078044370398,-32.12129799999,
    -12.93492412822));
#2313 = LINE('',#2314,#2315);
#2314 = CARTESIAN_POINT('',(94.034632325981,-32.37129799999,
    -13.18112606647));
#2315 = VECTOR('',#2316,1.);
#2316 = DIRECTION('',(0.122787803969,0.707106781187,0.69636424032));
#2317 = ORIENTED_EDGE('',*,*,#2318,.T.);
#2318 = EDGE_CURVE('',#2311,#2288,#2319,.T.);
#2319 = B_SPLINE_CURVE_WITH_KNOTS('',14,(#2320,#2321,#2322,#2323,#2324,
    #2325,#2326,#2327,#2328,#2329,#2330,#2331,#2332,#2333,#2334,#2335,
    #2336,#2337,#2338,#2339,#2340,#2341,#2342,#2343,#2344,#2345,#2346,
    #2347,#2348,#2349,#2350,#2351,#2352,#2353,#2354,#2355,#2356,#2357,
    #2358,#2359,#2360,#2361,#2362,#2363,#2364,#2365,#2366,#2367,#2368,
    #2369,#2370,#2371,#2372,#2373,#2374,#2375,#2376,#2377,#2378,#2379,
    #2380,#2381,#2382,#2383,#2384,#2385,#2386,#2387,#2388,#2389,#2390,
    #2391,#2392,#2393,#2394,#2395,#2396,#2397,#2398,#2399,#2400,#2401,
    #2402,#2403,#2404,#2405,#2406,#2407,#2408,#2409,#2410,#2411,#2412,
    #2413,#2414,#2415,#2416,#2417,#2418,#2419,#2420,#2421,#2422,#2423,
    #2424,#2425,#2426,#2427,#2428,#2429,#2430,#2431,#2432,#2433,#2434,
    #2435,#2436,#2437,#2438,#2439,#2440,#2441,#2442,#2443,#2444,#2445,
    #2446,#2447,#2448,#2449,#2450,#2451,#2452,#2453,#2454,#2455,#2456,
    #2457,#2458,#2459,#2460,#2461,#2462,#2463,#2464,#2465,#2466,#2467,
    #2468,#2469,#2470,#2471,#2472,#2473,#2474,#2475,#2476,#2477,#2478,
    #2479,#2480,#2481,#2482,#2483,#2484,#2485,#2486,#2487,#2488,#2489,
    #2490,#2491,#2492,#2493,#2494,#2495,#2496,#2497,#2498,#2499,#2500,
    #2501,#2502,#2503,#2504,#2505,#2506,#2507,#2508,#2509,#2510,#2511,
    #2512,#2513,#2514,#2515,#2516,#2517,#2518,#2519,#2520,#2521,#2522,
    #2523,#2524,#2525,#2526,#2527,#2528,#2529,#2530,#2531,#2532,#2533,
    #2534,#2535,#2536,#2537,#2538,#2539,#2540,#2541,#2542,#2543,#2544,
    #2545,#2546,#2547,#2548,#2549,#2550,#2551,#2552,#2553,#2554,#2555),
  .UNSPECIFIED.,.F.,.F.,(15,13,13,13,13,13,13,13,13,13,13,13,13,13,13,13
    ,13,13,15),(952.59744093737,956.7303287118,958.79677259902,
    959.82999454262,960.34660551443,960.60491100033,960.73406374328,
    960.79864011476,960.83092830049,960.84707239336,960.8551444398,
    960.85918046301,960.86119847462,960.86220748043,960.86271198333,
    960.86296423478,960.86309036051,960.86315342337,960.86321648623),
  .UNSPECIFIED.);
#2320 = CARTESIAN_POINT('',(94.078044370398,-32.12129799999,
    -12.93492412822));
#2321 = CARTESIAN_POINT('',(93.785120651286,-32.12129799998,
    -12.88327377325));
#2322 = CARTESIAN_POINT('',(93.492490509704,-32.13879561607,
    -12.83167429684));
#2323 = CARTESIAN_POINT('',(93.201119723554,-32.17373393599,
    -12.78029709384));
#2324 = CARTESIAN_POINT('',(92.911994247667,-32.22602059287,
    -12.72932192406));
#2325 = CARTESIAN_POINT('',(92.626115963845,-32.29552151304,
    -12.67893483836));
#2326 = CARTESIAN_POINT('',(92.344498435459,-32.38205467016,
    -12.62932610649));
#2327 = CARTESIAN_POINT('',(92.068162652491,-32.48538382779,
    -12.58068814157));
#2328 = CARTESIAN_POINT('',(91.798132793108,-32.60521229988,
    -12.53321342997));
#2329 = CARTESIAN_POINT('',(91.535431961477,-32.74117668755,
    -12.48709245393));
#2330 = CARTESIAN_POINT('',(91.281077954173,-32.89284064274,
    -12.44251162244));
#2331 = CARTESIAN_POINT('',(91.036078997554,-33.05968860578,
    -12.39965119407));
#2332 = CARTESIAN_POINT('',(90.801429510157,-33.24111956458,
    -12.35868320654));
#2333 = CARTESIAN_POINT('',(90.578105846722,-33.43644079856,
    -12.31976940147));
#2334 = CARTESIAN_POINT('',(90.261540157228,-33.74907204832,
    -12.26470402734));
#2335 = CARTESIAN_POINT('',(90.159079522285,-33.85656114429,
    -12.24689957648));
#2336 = CARTESIAN_POINT('',(90.059799891153,-33.96722926938,
    -12.22966464055));
#2337 = CARTESIAN_POINT('',(89.963816309546,-34.08097219354,
    -12.21301725328));
#2338 = CARTESIAN_POINT('',(89.87123913875,-34.19768111086,
    -12.1969746424));
#2339 = CARTESIAN_POINT('',(89.782174031868,-34.3172426321,-12.181553227
    ));
#2340 = CARTESIAN_POINT('',(89.696721971634,-34.43953879628,
    -12.16676862167));
#2341 = CARTESIAN_POINT('',(89.614979220398,-34.56444705567,
    -12.15263563112));
#2342 = CARTESIAN_POINT('',(89.537037375787,-34.69184029221,
    -12.13916825608));
#2343 = CARTESIAN_POINT('',(89.46298331827,-34.82158680225,
    -12.1263796878));
#2344 = CARTESIAN_POINT('',(89.392899252995,-34.95355030861,
    -12.1142823124));
#2345 = CARTESIAN_POINT('',(89.326862681672,-35.08758995255,
    -12.10288770798));
#2346 = CARTESIAN_POINT('',(89.264946418261,-35.22356029816,
    -12.0922066462));
#2347 = CARTESIAN_POINT('',(89.17835466377,-35.43018684664,
    -12.0772703143));
#2348 = CARTESIAN_POINT('',(89.150536873443,-35.49950842821,
    -12.07247238769));
#2349 = CARTESIAN_POINT('',(89.123773325988,-35.56925757136,
    -12.06785655012));
#2350 = CARTESIAN_POINT('',(89.098071719682,-35.63941564848,
    -12.06342398556));
#2351 = CARTESIAN_POINT('',(89.073439347301,-35.70996391339,
    -12.0591758253));
#2352 = CARTESIAN_POINT('',(89.049883073268,-35.78088349083,
    -12.05511314443));
#2353 = CARTESIAN_POINT('',(89.027409371194,-35.8521553936,
    -12.05123696776));
#2354 = CARTESIAN_POINT('',(89.006024272687,-35.92376049941,
    -12.04754826163));
#2355 = CARTESIAN_POINT('',(88.985733426069,-35.99567957716,
    -12.04404794335));
#2356 = CARTESIAN_POINT('',(88.966542039336,-36.06789326167,
    -12.04073687203));
#2357 = CARTESIAN_POINT('',(88.948454927186,-36.14038207431,
    -12.03761585613));
#2358 = CARTESIAN_POINT('',(88.9314764782,-36.21312640873,
    -12.03468564821));
#2359 = CARTESIAN_POINT('',(88.915610674053,-36.28610653917,
    -12.03194694797));
#2360 = CARTESIAN_POINT('',(88.893486283369,-36.39590065507,
    -12.02812712724));
#2361 = CARTESIAN_POINT('',(88.886390822314,-36.43255273542,
    -12.02690192985));
#2362 = CARTESIAN_POINT('',(88.879574992558,-36.46925638394,
    -12.02572486954));
#2363 = CARTESIAN_POINT('',(88.873039088973,-36.50600912746,
    -12.02459600709));
#2364 = CARTESIAN_POINT('',(88.86678340826,-36.54280849216,
    -12.02351540365));
#2365 = CARTESIAN_POINT('',(88.860808243053,-36.57965200514,
    -12.02248311956));
#2366 = CARTESIAN_POINT('',(88.855113892993,-36.61653719241,
    -12.02149921652));
#2367 = CARTESIAN_POINT('',(88.849700648044,-36.65346158109,
    -12.0205637544));
#2368 = CARTESIAN_POINT('',(88.844568809088,-36.69042269726,
    -12.01967679509));
#2369 = CARTESIAN_POINT('',(88.839718666826,-36.72741806795,
    -12.01883839864));
#2370 = CARTESIAN_POINT('',(88.835150519852,-36.76444521935,
    -12.01804862647));
#2371 = CARTESIAN_POINT('',(88.830864661678,-36.80150167834,
    -12.01730753918));
#2372 = CARTESIAN_POINT('',(88.826861388499,-36.83858497129,
    -12.01661519775));
#2373 = CARTESIAN_POINT('',(88.821280798833,-36.89424645171,
    -12.01564989568));
#2374 = CARTESIAN_POINT('',(88.81949126734,-36.91280636535,
    -12.0153403227));
#2375 = CARTESIAN_POINT('',(88.817772410677,-36.93137205739,
    -12.01504294811));
#2376 = CARTESIAN_POINT('',(88.816124238444,-36.94994321789,
    -12.01475777555));
#2377 = CARTESIAN_POINT('',(88.814546760654,-36.96851954041,
    -12.01448480952));
#2378 = CARTESIAN_POINT('',(88.813039986664,-36.98710071218,
    -12.01422405296));
#2379 = CARTESIAN_POINT('',(88.811603926494,-37.0056864297,
    -12.01397551111));
#2380 = CARTESIAN_POINT('',(88.81023858992,-37.02427637824,
    -12.01373918641));
#2381 = CARTESIAN_POINT('',(88.808943986181,-37.04287025446,
    -12.01351508415));
#2382 = CARTESIAN_POINT('',(88.807720125854,-37.0614677453,
    -12.01330320717));
#2383 = CARTESIAN_POINT('',(88.806567017745,-37.08006854467,
    -12.01310356008));
#2384 = CARTESIAN_POINT('',(88.805484672346,-37.09867234232,
    -12.01291614644));
#2385 = CARTESIAN_POINT('',(88.804473098908,-37.11727883002,
    -12.01274097031));
#2386 = CARTESIAN_POINT('',(88.803061911656,-37.14519213316,
    -12.0124965682));
#2387 = CARTESIAN_POINT('',(88.80260920789,-37.154497163,-12.01241816069
    ));
#2388 = CARTESIAN_POINT('',(88.802174196253,-37.16380275014,
    -12.0123428134));
#2389 = CARTESIAN_POINT('',(88.80175687452,-37.17310885537,
    -12.01227052628));
#2390 = CARTESIAN_POINT('',(88.801357246191,-37.18241544201,
    -12.01220130025));
#2391 = CARTESIAN_POINT('',(88.800975303796,-37.19172246852,
    -12.0121351344));
#2392 = CARTESIAN_POINT('',(88.800611057148,-37.20102990105,
    -12.01207203068));
#2393 = CARTESIAN_POINT('',(88.800264493304,-37.2103376956,
    -12.01201198728));
#2394 = CARTESIAN_POINT('',(88.799935624538,-37.21964581943,
    -12.01195500655));
#2395 = CARTESIAN_POINT('',(88.799624439567,-37.22895422928,
    -12.01190108698));
#2396 = CARTESIAN_POINT('',(88.799330945603,-37.23826289013,
    -12.01185023006));
#2397 = CARTESIAN_POINT('',(88.799055137765,-37.2475717616,
    -12.01180243534));
#2398 = CARTESIAN_POINT('',(88.798797017631,-37.25688080615,
    -12.01175770339));
#2399 = CARTESIAN_POINT('',(88.798436367295,-37.27084457454,
    -12.01169519985));
#2400 = CARTESIAN_POINT('',(88.798320571936,-37.2754991976,
    -12.01167513103));
#2401 = CARTESIAN_POINT('',(88.798209198158,-37.28015384969,
    -12.01165582798));
#2402 = CARTESIAN_POINT('',(88.798102244797,-37.28480852534,
    -12.01163729055));
#2403 = CARTESIAN_POINT('',(88.797999713861,-37.28946322123,
    -12.01161951911));
#2404 = CARTESIAN_POINT('',(88.797901601547,-37.29411793013,
    -12.01160251309));
#2405 = CARTESIAN_POINT('',(88.797807912721,-37.29877265056,
    -12.01158627331));
#2406 = CARTESIAN_POINT('',(88.797718641428,-37.30342737401,
    -12.01157079886));
#2407 = CARTESIAN_POINT('',(88.797633793118,-37.30808209921,
    -12.01155609067));
#2408 = CARTESIAN_POINT('',(88.797553363127,-37.31273681859,
    -12.011542148));
#2409 = CARTESIAN_POINT('',(88.797477354222,-37.31739152918,
    -12.01152897137));
#2410 = CARTESIAN_POINT('',(88.797405764799,-37.32204622525,
    -12.01151656055));
#2411 = CARTESIAN_POINT('',(88.797338595144,-37.32670090237,
    -12.01150491564));
#2412 = CARTESIAN_POINT('',(88.79724447011,-37.33368288233,
    -12.01148859714));
#2413 = CARTESIAN_POINT('',(88.797214199642,-37.33601020293,
    -12.01148334908));
#2414 = CARTESIAN_POINT('',(88.797185035478,-37.33833751746,
    -12.01147829267));
#2415 = CARTESIAN_POINT('',(88.797156972298,-37.34066482355,
    -12.01147342728));
#2416 = CARTESIAN_POINT('',(88.797130021488,-37.34299212446,
    -12.01146875426));
#2417 = CARTESIAN_POINT('',(88.797104163595,-37.345319413,
    -12.01146427134));
#2418 = CARTESIAN_POINT('',(88.797079425644,-37.3476466978,
    -12.01145998168));
#2419 = CARTESIAN_POINT('',(88.797055776236,-37.3499739675,
    -12.01145588159));
#2420 = CARTESIAN_POINT('',(88.797033245932,-37.35230123206,
    -12.0114519747));
#2421 = CARTESIAN_POINT('',(88.79701180956,-37.35462848213,
    -12.01144825801));
#2422 = CARTESIAN_POINT('',(88.796991484465,-37.35695572323,
    -12.01144473361));
#2423 = CARTESIAN_POINT('',(88.796972260657,-37.35928295121,
    -12.01144140029));
#2424 = CARTESIAN_POINT('',(88.796954142733,-37.36161016714,
    -12.01143825862));
#2425 = CARTESIAN_POINT('',(88.796928622172,-37.36510097116,
    -12.01143383329));
#2426 = CARTESIAN_POINT('',(88.796920391567,-37.36626456928,
    -12.01143240607));
#2427 = CARTESIAN_POINT('',(88.796912436795,-37.36742816385,
    -12.01143102665));
#2428 = CARTESIAN_POINT('',(88.796904758785,-37.36859175546,
    -12.01142969529));
#2429 = CARTESIAN_POINT('',(88.7968973559,-37.36975534271,
    -12.01142841145));
#2430 = CARTESIAN_POINT('',(88.796890230386,-37.37091892763,
    -12.011427176));
#2431 = CARTESIAN_POINT('',(88.796883379808,-37.37208250741,
    -12.01142598781));
#2432 = CARTESIAN_POINT('',(88.796876806157,-37.37324608493,
    -12.01142484809));
#2433 = CARTESIAN_POINT('',(88.796870508341,-37.37440965746,
    -12.01142375577));
#2434 = CARTESIAN_POINT('',(88.796864486462,-37.37557322689,
    -12.01142271162));
#2435 = CARTESIAN_POINT('',(88.796858741098,-37.37673679198,
    -12.01142171521));
#2436 = CARTESIAN_POINT('',(88.796853271411,-37.37790035317,
    -12.0114207667));
#2437 = CARTESIAN_POINT('',(88.796848078146,-37.37906391026,
    -12.01141986608));
#2438 = CARTESIAN_POINT('',(88.796840702103,-37.38080923959,
    -12.01141858693));
#2439 = CARTESIAN_POINT('',(88.796838312904,-37.38139101512,
    -12.01141817257));
#2440 = CARTESIAN_POINT('',(88.796835990794,-37.38197278902,
    -12.01141776995));
#2441 = CARTESIAN_POINT('',(88.796833742768,-37.38255456339,
    -12.01141737991));
#2442 = CARTESIAN_POINT('',(88.796831553868,-37.38313633368,
    -12.01141700063));
#2443 = CARTESIAN_POINT('',(88.796829449395,-37.38371810758,
    -12.0114166352));
#2444 = CARTESIAN_POINT('',(88.796827394294,-37.3842998744,
    -12.01141627934));
#2445 = CARTESIAN_POINT('',(88.79682542905,-37.38488164648,
    -12.01141593798));
#2446 = CARTESIAN_POINT('',(88.796823514351,-37.3854634118,
    -12.01141560636));
#2447 = CARTESIAN_POINT('',(88.796821682353,-37.3860451802,
    -12.01141528835));
#2448 = CARTESIAN_POINT('',(88.796819910997,-37.38662694489,
    -12.01141498131));
#2449 = CARTESIAN_POINT('',(88.796818212806,-37.38720870972,
    -12.01141468672));
#2450 = CARTESIAN_POINT('',(88.796816582058,-37.38779047293,
    -12.01141440393));
#2451 = CARTESIAN_POINT('',(88.796814240064,-37.38866311618,
    -12.01141399775));
#2452 = CARTESIAN_POINT('',(88.796813476597,-37.38895399701,
    -12.01141386535));
#2453 = CARTESIAN_POINT('',(88.796812730471,-37.38924487732,
    -12.01141373591));
#2454 = CARTESIAN_POINT('',(88.796812001456,-37.389535758,
    -12.01141360958));
#2455 = CARTESIAN_POINT('',(88.796811289956,-37.38982663705,
    -12.011413486));
#2456 = CARTESIAN_POINT('',(88.796810595257,-37.39011751797,
    -12.01141336579));
#2457 = CARTESIAN_POINT('',(88.796809918504,-37.39040839571,
    -12.01141324808));
#2458 = CARTESIAN_POINT('',(88.796809258094,-37.39069927635,
    -12.01141313389));
#2459 = CARTESIAN_POINT('',(88.796808615979,-37.39099015374,
    -12.01141302223));
#2460 = CARTESIAN_POINT('',(88.796807990087,-37.39128103308,
    -12.01141291389));
#2461 = CARTESIAN_POINT('',(88.796807382325,-37.39157191075,
    -12.01141280836));
#2462 = CARTESIAN_POINT('',(88.796806791187,-37.39186278876,
    -12.01141270589));
#2463 = CARTESIAN_POINT('',(88.796806217683,-37.39215366626,
    -12.01141260641));
#2464 = CARTESIAN_POINT('',(88.796805383019,-37.3925899821,
    -12.01141246165));
#2465 = CARTESIAN_POINT('',(88.796805109508,-37.39273542077,
    -12.0114124142));
#2466 = CARTESIAN_POINT('',(88.796804838646,-37.39288085875,
    -12.01141236726));
#2467 = CARTESIAN_POINT('',(88.796804576442,-37.39302629827,
    -12.01141232171));
#2468 = CARTESIAN_POINT('',(88.796804310072,-37.39317173457,
    -12.01141227564));
#2469 = CARTESIAN_POINT('',(88.796804061182,-37.39331717566,
    -12.01141223229));
#2470 = CARTESIAN_POINT('',(88.79680379985,-37.39346261052,
    -12.01141218718));
#2471 = CARTESIAN_POINT('',(88.796803560586,-37.39360805176,
    -12.01141214548));
#2472 = CARTESIAN_POINT('',(88.796803309851,-37.39375348726,
    -12.01141210216));
#2473 = CARTESIAN_POINT('',(88.796803075212,-37.39389892684,
    -12.01141206135));
#2474 = CARTESIAN_POINT('',(88.796802837548,-37.3940443638,
    -12.01141202019));
#2475 = CARTESIAN_POINT('',(88.796802607951,-37.39418980196,
    -12.01141198034));
#2476 = CARTESIAN_POINT('',(88.796802381139,-37.39433523953,
    -12.01141194101));
#2477 = CARTESIAN_POINT('',(88.796802048088,-37.39455339601,
    -12.01141188325));
#2478 = CARTESIAN_POINT('',(88.796801937782,-37.39462611468,
    -12.01141186413));
#2479 = CARTESIAN_POINT('',(88.796801829981,-37.39469883385,
    -12.01141184537));
#2480 = CARTESIAN_POINT('',(88.796801719565,-37.39477155167,
    -12.01141182636));
#2481 = CARTESIAN_POINT('',(88.796801617547,-37.39484427209,
    -12.01141180841));
#2482 = CARTESIAN_POINT('',(88.796801504914,-37.39491698835,
    -12.01141178926));
#2483 = CARTESIAN_POINT('',(88.796801408778,-37.39498970998,
    -12.01141177212));
#2484 = CARTESIAN_POINT('',(88.796801296763,-37.39506242573,
    -12.01141175316));
#2485 = CARTESIAN_POINT('',(88.796801201423,-37.39513514681,
    -12.01141173623));
#2486 = CARTESIAN_POINT('',(88.796801095203,-37.39520786379,
    -12.01141171808));
#2487 = CARTESIAN_POINT('',(88.796800997631,-37.39528058332,
    -12.01141170101));
#2488 = CARTESIAN_POINT('',(88.79680089726,-37.39535330152,
    -12.01141168367));
#2489 = CARTESIAN_POINT('',(88.796800799509,-37.39542602022,
    -12.01141166669));
#2490 = CARTESIAN_POINT('',(88.796800653854,-37.39553509802,
    -12.01141164143));
#2491 = CARTESIAN_POINT('',(88.79680060577,-37.39557145736,
    -12.01141163308));
#2492 = CARTESIAN_POINT('',(88.796800557269,-37.39560781644,
    -12.01141162472));
#2493 = CARTESIAN_POINT('',(88.796800510745,-37.39564417613,
    -12.01141161652));
#2494 = CARTESIAN_POINT('',(88.796800461185,-37.39568053465,
    -12.01141160817));
#2495 = CARTESIAN_POINT('',(88.796800417057,-37.39571689492,
    -12.01141160016));
#2496 = CARTESIAN_POINT('',(88.796800366575,-37.39575325303,
    -12.01141159183));
#2497 = CARTESIAN_POINT('',(88.79680032341,-37.39578961332,
    -12.01141158392));
#2498 = CARTESIAN_POINT('',(88.796800274272,-37.39582597177,
    -12.01141157574));
#2499 = CARTESIAN_POINT('',(88.796800230002,-37.39586233149,
    -12.01141156783));
#2500 = CARTESIAN_POINT('',(88.796800183207,-37.39589869048,
    -12.01141155984));
#2501 = CARTESIAN_POINT('',(88.796800138055,-37.3959350498,
    -12.01141155196));
#2502 = CARTESIAN_POINT('',(88.796800092651,-37.39597140899,
    -12.0114115441));
#2503 = CARTESIAN_POINT('',(88.796800025154,-37.39602594782,
    -12.01141153239));
#2504 = CARTESIAN_POINT('',(88.79680000268,-37.39604412743,
    -12.01141152849));
#2505 = CARTESIAN_POINT('',(88.796799980386,-37.39606230702,
    -12.01141152462));
#2506 = CARTESIAN_POINT('',(88.796799957964,-37.39608048668,
    -12.01141152074));
#2507 = CARTESIAN_POINT('',(88.796799935812,-37.39609866613,
    -12.01141151688));
#2508 = CARTESIAN_POINT('',(88.796799913688,-37.39611684601,
    -12.01141151305));
#2509 = CARTESIAN_POINT('',(88.796799891352,-37.39613502521,
    -12.01141150919));
#2510 = CARTESIAN_POINT('',(88.796799869683,-37.39615320526,
    -12.01141150541));
#2511 = CARTESIAN_POINT('',(88.796799847329,-37.39617138445,
    -12.01141150156));
#2512 = CARTESIAN_POINT('',(88.796799825732,-37.39618956435,
    -12.01141149779));
#2513 = CARTESIAN_POINT('',(88.79679980371,-37.39620774376,
    -12.01141149398));
#2514 = CARTESIAN_POINT('',(88.796799782035,-37.39622592345,
    -12.01141149022));
#2515 = CARTESIAN_POINT('',(88.796799760301,-37.396244103,
    -12.01141148645));
#2516 = CARTESIAN_POINT('',(88.79679972787,-37.39627137241,
    -12.01141148083));
#2517 = CARTESIAN_POINT('',(88.796799717018,-37.39628046213,
    -12.01141147893));
#2518 = CARTESIAN_POINT('',(88.796799706404,-37.39628955219,
    -12.01141147713));
#2519 = CARTESIAN_POINT('',(88.796799695286,-37.39629864136,
    -12.01141147511));
#2520 = CARTESIAN_POINT('',(88.79679968509,-37.39630773226,
    -12.01141147352));
#2521 = CARTESIAN_POINT('',(88.796799673683,-37.39631682049,
    -12.01141147127));
#2522 = CARTESIAN_POINT('',(88.796799663621,-37.39632591209,
    -12.01141146985));
#2523 = CARTESIAN_POINT('',(88.796799652421,-37.39633500016,
    -12.01141146759));
#2524 = CARTESIAN_POINT('',(88.796799642057,-37.39634409132,
    -12.01141146605));
#2525 = CARTESIAN_POINT('',(88.796799631213,-37.39635318021,
    -12.011411464));
#2526 = CARTESIAN_POINT('',(88.796799620671,-37.3963622705,
    -12.01141146226));
#2527 = CARTESIAN_POINT('',(88.796799609973,-37.39637136007,
    -12.01141146037));
#2528 = CARTESIAN_POINT('',(88.796799599402,-37.39638044994,
    -12.01141145854));
#2529 = CARTESIAN_POINT('',(88.796799583472,-37.3963940846,
    -12.01141145578));
#2530 = CARTESIAN_POINT('',(88.796799578325,-37.39639862959,
    -12.01141145488));
#2531 = CARTESIAN_POINT('',(88.796799572522,-37.39640317414,
    -12.0114114539));
#2532 = CARTESIAN_POINT('',(88.796799568428,-37.39640771985,
    -12.01141145314));
#2533 = CARTESIAN_POINT('',(88.796799561035,-37.39641226329,
    -12.01141145194));
#2534 = CARTESIAN_POINT('',(88.796799558755,-37.39641681027,
    -12.01141145144));
#2535 = CARTESIAN_POINT('',(88.79679955,-37.39642135272,-12.01141145003)
  );
#2536 = CARTESIAN_POINT('',(88.796799548071,-37.39642589999,
    -12.0114114496));
#2537 = CARTESIAN_POINT('',(88.796799540154,-37.39643044298,
    -12.01141144829));
#2538 = CARTESIAN_POINT('',(88.796799536629,-37.39643498913,
    -12.01141144764));
#2539 = CARTESIAN_POINT('',(88.796799530451,-37.39643953336,
    -12.01141144659));
#2540 = CARTESIAN_POINT('',(88.796799525583,-37.39644407853,
    -12.01141144574));
#2541 = CARTESIAN_POINT('',(88.79679952022,-37.39644862334,
    -12.01141144481));
#2542 = CARTESIAN_POINT('',(88.796799509769,-37.39645771315,
    -12.011411443));
#2543 = CARTESIAN_POINT('',(88.796799514373,-37.39645355811,
    -12.0114114438));
#2544 = CARTESIAN_POINT('',(88.796799422991,-37.3965337925,
    -12.01141142795));
#2545 = CARTESIAN_POINT('',(88.796799794931,-37.39620744877,
    -12.01141149245));
#2546 = CARTESIAN_POINT('',(88.79679871474,-37.39715449275,
    -12.01141130511));
#2547 = CARTESIAN_POINT('',(88.796800903069,-37.3952363319,
    -12.01141168465));
#2548 = CARTESIAN_POINT('',(88.796797546079,-37.39817835854,
    -12.01141110242));
#2549 = CARTESIAN_POINT('',(88.796801460807,-37.39474775562,
    -12.01141178138));
#2550 = CARTESIAN_POINT('',(88.796797919091,-37.39785131188,
    -12.01141116712));
#2551 = CARTESIAN_POINT('',(88.796800366255,-37.39570688114,
    -12.01141159154));
#2552 = CARTESIAN_POINT('',(88.796799075305,-37.39683813648,
    -12.01141136765));
#2553 = CARTESIAN_POINT('',(88.796799561554,-37.39641199479,
    -12.01141145198));
#2554 = CARTESIAN_POINT('',(88.79679942995,-37.39652733627,
    -12.01141142915));
#2555 = CARTESIAN_POINT('',(88.796799329856,-37.39661580683,
    -12.01141135089));
#2556 = ORIENTED_EDGE('',*,*,#2287,.F.);
#2557 = ORIENTED_EDGE('',*,*,#891,.F.);
#2558 = B_SPLINE_SURFACE_WITH_KNOTS('',1,14,(
    (#2559,#2560,#2561,#2562,#2563,#2564,#2565,#2566,#2567,#2568,#2569
      ,#2570,#2571,#2572,#2573,#2574,#2575,#2576,#2577,#2578,#2579,#2580
      ,#2581,#2582,#2583,#2584,#2585,#2586,#2587,#2588,#2589,#2590,#2591
      ,#2592,#2593,#2594,#2595,#2596,#2597,#2598,#2599,#2600,#2601,#2602
      ,#2603,#2604,#2605,#2606,#2607,#2608,#2609,#2610,#2611,#2612,#2613
      ,#2614,#2615,#2616,#2617,#2618,#2619,#2620,#2621,#2622,#2623,#2624
      ,#2625,#2626,#2627,#2628,#2629,#2630,#2631,#2632,#2633,#2634,#2635
      ,#2636,#2637,#2638,#2639,#2640,#2641,#2642,#2643,#2644,#2645,#2646
      ,#2647,#2648,#2649,#2650,#2651,#2652,#2653,#2654,#2655,#2656,#2657
      ,#2658,#2659,#2660,#2661,#2662,#2663,#2664,#2665,#2666,#2667,#2668
      ,#2669,#2670,#2671,#2672,#2673,#2674,#2675,#2676,#2677,#2678,#2679
      ,#2680,#2681,#2682,#2683,#2684,#2685,#2686,#2687,#2688,#2689,#2690
      ,#2691,#2692,#2693,#2694,#2695,#2696,#2697,#2698,#2699,#2700,#2701
      ,#2702,#2703,#2704,#2705,#2706,#2707,#2708,#2709,#2710,#2711,#2712
      ,#2713,#2714,#2715,#2716,#2717,#2718,#2719,#2720,#2721,#2722,#2723
      ,#2724,#2725,#2726,#2727,#2728,#2729,#2730,#2731,#2732,#2733,#2734
      ,#2735,#2736,#2737,#2738,#2739,#2740,#2741,#2742,#2743,#2744,#2745
      ,#2746,#2747,#2748,#2749,#2750,#2751,#2752,#2753,#2754,#2755,#2756
      ,#2757,#2758,#2759,#2760,#2761,#2762,#2763,#2764,#2765,#2766,#2767
      ,#2768,#2769,#2770,#2771,#2772,#2773,#2774,#2775,#2776,#2777,#2778
      ,#2779,#2780,#2781,#2782,#2783,#2784,#2785,#2786,#2787,#2788,#2789
      ,#2790,#2791,#2792,#2793,#2794)
    ,(#2795,#2796,#2797,#2798,#2799,#2800,#2801,#2802,#2803,#2804,#2805
      ,#2806,#2807,#2808,#2809,#2810,#2811,#2812,#2813,#2814,#2815,#2816
      ,#2817,#2818,#2819,#2820,#2821,#2822,#2823,#2824,#2825,#2826,#2827
      ,#2828,#2829,#2830,#2831,#2832,#2833,#2834,#2835,#2836,#2837,#2838
      ,#2839,#2840,#2841,#2842,#2843,#2844,#2845,#2846,#2847,#2848,#2849
      ,#2850,#2851,#2852,#2853,#2854,#2855,#2856,#2857,#2858,#2859,#2860
      ,#2861,#2862,#2863,#2864,#2865,#2866,#2867,#2868,#2869,#2870,#2871
      ,#2872,#2873,#2874,#2875,#2876,#2877,#2878,#2879,#2880,#2881,#2882
      ,#2883,#2884,#2885,#2886,#2887,#2888,#2889,#2890,#2891,#2892,#2893
      ,#2894,#2895,#2896,#2897,#2898,#2899,#2900,#2901,#2902,#2903,#2904
      ,#2905,#2906,#2907,#2908,#2909,#2910,#2911,#2912,#2913,#2914,#2915
      ,#2916,#2917,#2918,#2919,#2920,#2921,#2922,#2923,#2924,#2925,#2926
      ,#2927,#2928,#2929,#2930,#2931,#2932,#2933,#2934,#2935,#2936,#2937
      ,#2938,#2939,#2940,#2941,#2942,#2943,#2944,#2945,#2946,#2947,#2948
      ,#2949,#2950,#2951,#2952,#2953,#2954,#2955,#2956,#2957,#2958,#2959
      ,#2960,#2961,#2962,#2963,#2964,#2965,#2966,#2967,#2968,#2969,#2970
      ,#2971,#2972,#2973,#2974,#2975,#2976,#2977,#2978,#2979,#2980,#2981
      ,#2982,#2983,#2984,#2985,#2986,#2987,#2988,#2989,#2990,#2991,#2992
      ,#2993,#2994,#2995,#2996,#2997,#2998,#2999,#3000,#3001,#3002,#3003
      ,#3004,#3005,#3006,#3007,#3008,#3009,#3010,#3011,#3012,#3013,#3014
      ,#3015,#3016,#3017,#3018,#3019,#3020,#3021,#3022,#3023,#3024,#3025
      ,#3026,#3027,#3028,#3029,#3030
    )),.UNSPECIFIED.,.F.,.F.,.F.,(2,2),(15,13,13,13,13,13,13,13,13,13,13
    ,13,13,13,13,13,13,13,15),(0.,8.265775548858),(952.59744093737,
    956.7303287118,958.79677259902,959.82999454262,960.34660551443,
    960.60491100033,960.73406374328,960.79864011476,960.83092830049,
    960.84707239336,960.8551444398,960.85918046301,960.86119847462,
    960.86220748043,960.86271198333,960.86296423478,960.86309036051,
    960.86315342337,960.86321648623),.UNSPECIFIED.);
#2559 = CARTESIAN_POINT('',(93.991381767365,-32.6212979731,
    -13.42735647903));
#2560 = CARTESIAN_POINT('',(93.726434574505,-32.621386204,
    -13.38063914047));
#2561 = CARTESIAN_POINT('',(93.461754409915,-32.63793168515,
    -13.33396888618));
#2562 = CARTESIAN_POINT('',(93.19835044356,-32.67089265725,
    -13.28752366011));
#2563 = CARTESIAN_POINT('',(92.937233277397,-32.72015130169,
    -13.24148165854));
#2564 = CARTESIAN_POINT('',(92.679409535811,-32.78551541607,
    -13.19602037673));
#2565 = CARTESIAN_POINT('',(92.425876462637,-32.86672009764,
    -13.15131565528));
#2566 = CARTESIAN_POINT('',(92.177616504649,-32.96342941229,
    -13.10754072664));
#2567 = CARTESIAN_POINT('',(91.935591918142,-33.07523808589,
    -13.06486526185));
#2568 = CARTESIAN_POINT('',(91.700739342569,-33.20167316625,
    -13.02345441645));
#2569 = CARTESIAN_POINT('',(91.473964413708,-33.34219571799,
    -12.98346787783));
#2570 = CARTESIAN_POINT('',(91.256136336736,-33.49620248591,
    -12.94505891077));
#2571 = CARTESIAN_POINT('',(91.048082493785,-33.66302758416,
    -12.90837340479));
#2572 = CARTESIAN_POINT('',(90.850583026337,-33.84194416738,
    -12.87354892001));
#2573 = CARTESIAN_POINT('',(90.571256636557,-34.12727708505,
    -12.82429614107));
#2574 = CARTESIAN_POINT('',(90.480967058842,-34.22521727216,
    -12.80837565244));
#2575 = CARTESIAN_POINT('',(90.393589048976,-34.3258875067,
    -12.79296855177));
#2576 = CARTESIAN_POINT('',(90.309211074036,-34.42918604102,
    -12.77809043824));
#2577 = CARTESIAN_POINT('',(90.227917729614,-34.53500855209,
    -12.76375622823));
#2578 = CARTESIAN_POINT('',(90.149789719828,-34.64324813156,
    -12.74998015219));
#2579 = CARTESIAN_POINT('',(90.074903888375,-34.75379530121,
    -12.73677575961));
#2580 = CARTESIAN_POINT('',(90.003333178624,-34.86653799308,
    -12.72415591245));
#2581 = CARTESIAN_POINT('',(89.935146676563,-34.98136157094,
    -12.71213279244));
#2582 = CARTESIAN_POINT('',(89.870409571864,-35.09814881069,
    -12.7007178942));
#2583 = CARTESIAN_POINT('',(89.809183187626,-35.21677991544,
    -12.68992203075));
#2584 = CARTESIAN_POINT('',(89.751524961365,-35.33713250583,
    -12.67975532979));
#2585 = CARTESIAN_POINT('',(89.697488454981,-35.45908162509,
    -12.67022723577));
#2586 = CARTESIAN_POINT('',(89.621940798523,-35.64420879298,
    -12.65690614561));
#2587 = CARTESIAN_POINT('',(89.597675785358,-35.70628563841,
    -12.6526275691));
#2588 = CARTESIAN_POINT('',(89.574334399148,-35.76871450468,
    -12.64851185294));
#2589 = CARTESIAN_POINT('',(89.551922442667,-35.83147954585,
    -12.64456002035));
#2590 = CARTESIAN_POINT('',(89.530445446763,-35.89456484735,
    -12.64077304646));
#2591 = CARTESIAN_POINT('',(89.509908643564,-35.95795440848,
    -12.63715185402));
#2592 = CARTESIAN_POINT('',(89.490317010367,-36.02163217106,
    -12.63369732042));
#2593 = CARTESIAN_POINT('',(89.471675209915,-36.08558198039,
    -12.63041026809));
#2594 = CARTESIAN_POINT('',(89.453987658758,-36.14978763003,
    -12.62729147556));
#2595 = CARTESIAN_POINT('',(89.437258461023,-36.21423281833,
    -12.62434166665));
#2596 = CARTESIAN_POINT('',(89.421491462811,-36.27890118421,
    -12.62156151946));
#2597 = CARTESIAN_POINT('',(89.406690214442,-36.34377628226,
    -12.61895166002));
#2598 = CARTESIAN_POINT('',(89.392857992379,-36.40884159724,
    -12.61651266607));
#2599 = CARTESIAN_POINT('',(89.373567687022,-36.50670000711,
    -12.61311126477));
#2600 = CARTESIAN_POINT('',(89.367380784291,-36.53936292179,
    -12.6120203469));
#2601 = CARTESIAN_POINT('',(89.361437354243,-36.57206720401,
    -12.61097235979));
#2602 = CARTESIAN_POINT('',(89.355737668774,-36.60481077626,
    -12.60996735155));
#2603 = CARTESIAN_POINT('',(89.350282004378,-36.63759156212,
    -12.60900537055));
#2604 = CARTESIAN_POINT('',(89.345070628202,-36.67040748268,
    -12.60808646457));
#2605 = CARTESIAN_POINT('',(89.340103822661,-36.70325646341,
    -12.60721068245));
#2606 = CARTESIAN_POINT('',(89.335381849702,-36.73613642359,
    -12.60637807151));
#2607 = CARTESIAN_POINT('',(89.330904994039,-36.76904528967,
    -12.60558868083));
#2608 = CARTESIAN_POINT('',(89.326673519266,-36.80198098122,
    -12.60484255782));
#2609 = CARTESIAN_POINT('',(89.322687705313,-36.8349414233,
    -12.60413975119));
#2610 = CARTESIAN_POINT('',(89.318947821649,-36.86792453735,
    -12.60348030883));
#2611 = CARTESIAN_POINT('',(89.315454143188,-36.90092824674,
    -12.60286427904));
#2612 = CARTESIAN_POINT('',(89.310583342358,-36.95046158769,
    -12.60200542544));
#2613 = CARTESIAN_POINT('',(89.309021324311,-36.96697732679,
    -12.60172999951));
#2614 = CARTESIAN_POINT('',(89.307520904371,-36.9834974307,
    -12.60146543502));
#2615 = CARTESIAN_POINT('',(89.30608209697,-37.00002163824,
    -12.60121173439));
#2616 = CARTESIAN_POINT('',(89.304704919957,-37.01654968956,
    -12.60096890104));
#2617 = CARTESIAN_POINT('',(89.303389385058,-37.03308132239,
    -12.60073693657));
#2618 = CARTESIAN_POINT('',(89.302135512742,-37.04961627797,
    -12.60051584526));
#2619 = CARTESIAN_POINT('',(89.300943313297,-37.06615429337,
    -12.60030562813));
#2620 = CARTESIAN_POINT('',(89.299812806793,-37.08269510975,
    -12.60010628949));
#2621 = CARTESIAN_POINT('',(89.298744005516,-37.09923846495,
    -12.59991783088));
#2622 = CARTESIAN_POINT('',(89.297736926853,-37.11578409903,
    -12.5997402558));
#2623 = CARTESIAN_POINT('',(89.296791585498,-37.13233175084,
    -12.59957356659));
#2624 = CARTESIAN_POINT('',(89.295907997221,-37.14888115976,
    -12.59941776615));
#2625 = CARTESIAN_POINT('',(89.294675267694,-37.17370751762,
    -12.59920040267));
#2626 = CARTESIAN_POINT('',(89.294279797544,-37.18198334423,
    -12.59913067061));
#2627 = CARTESIAN_POINT('',(89.293899768511,-37.19025951243,
    -12.59906366123));
#2628 = CARTESIAN_POINT('',(89.293535179386,-37.19853598907,
    -12.59899937435));
#2629 = CARTESIAN_POINT('',(89.293186035421,-37.20681274278,
    -12.59893781081));
#2630 = CARTESIAN_POINT('',(89.292852329354,-37.21508973878,
    -12.59887896949));
#2631 = CARTESIAN_POINT('',(89.292534073803,-37.22336694772,
    -12.59882285237));
#2632 = CARTESIAN_POINT('',(89.292231255055,-37.23164433301,
    -12.59876945735));
#2633 = CARTESIAN_POINT('',(89.291943888674,-37.23992186616,
    -12.59871878681));
#2634 = CARTESIAN_POINT('',(89.291671962852,-37.24819951107,
    -12.59867083902));
#2635 = CARTESIAN_POINT('',(89.291415487243,-37.25647723763,
    -12.59862561541));
#2636 = CARTESIAN_POINT('',(89.291174457506,-37.26475501182,
    -12.59858311538));
#2637 = CARTESIAN_POINT('',(89.290948876745,-37.27303280168,
    -12.5985433394));
#2638 = CARTESIAN_POINT('',(89.290633679083,-37.2854494608,
    -12.59848776155));
#2639 = CARTESIAN_POINT('',(89.290532475252,-37.28958834286,
    -12.59846991659));
#2640 = CARTESIAN_POINT('',(89.290435133985,-37.29372721679,
    -12.59845275268));
#2641 = CARTESIAN_POINT('',(89.290341653807,-37.29786607776,
    -12.59843626964));
#2642 = CARTESIAN_POINT('',(89.290252038,-37.30200492332,-12.59842046788
    ));
#2643 = CARTESIAN_POINT('',(89.290166281028,-37.30614374664,
    -12.59840534673));
#2644 = CARTESIAN_POINT('',(89.290084390724,-37.31028254749,
    -12.59839090711));
#2645 = CARTESIAN_POINT('',(89.290006357907,-37.31442131736,
    -12.59837714799));
#2646 = CARTESIAN_POINT('',(89.289932191758,-37.31856005647,
    -12.59836407034));
#2647 = CARTESIAN_POINT('',(89.289861884654,-37.32269875727,
    -12.59835167341));
#2648 = CARTESIAN_POINT('',(89.289795441902,-37.32683741802,
    -12.5983399577));
#2649 = CARTESIAN_POINT('',(89.289732860603,-37.3309760334,
    -12.59832892296));
#2650 = CARTESIAN_POINT('',(89.289674141983,-37.33511459983,
    -12.59831856927));
#2651 = CARTESIAN_POINT('',(89.289591857689,-37.34132236978,
    -12.59830406033));
#2652 = CARTESIAN_POINT('',(89.289565394906,-37.34339161302,
    -12.59829939424));
#2653 = CARTESIAN_POINT('',(89.289539898979,-37.34546084306,
    -12.59829489858));
#2654 = CARTESIAN_POINT('',(89.289515365282,-37.34753005723,
    -12.59829057272));
#2655 = CARTESIAN_POINT('',(89.289491803854,-37.34959925967,
    -12.59828641804));
#2656 = CARTESIAN_POINT('',(89.289469197506,-37.35166844199,
    -12.59828243216));
#2657 = CARTESIAN_POINT('',(89.289447570276,-37.35373761462,
    -12.59827861843));
#2658 = CARTESIAN_POINT('',(89.289426894196,-37.35580676442,
    -12.59827497294));
#2659 = CARTESIAN_POINT('',(89.289407196573,-37.35787590312,
    -12.59827149951));
#2660 = CARTESIAN_POINT('',(89.289388454956,-37.35994502023,
    -12.59826819499));
#2661 = CARTESIAN_POINT('',(89.289370684833,-37.36201412206,
    -12.59826506157));
#2662 = CARTESIAN_POINT('',(89.28935387733,-37.36408320425,
    -12.59826209798));
#2663 = CARTESIAN_POINT('',(89.289338036566,-37.36615226805,
    -12.59825930482));
#2664 = CARTESIAN_POINT('',(89.289315723313,-37.36925583447,
    -12.59825537039));
#2665 = CARTESIAN_POINT('',(89.28930852709,-37.3702903518,-12.5982541015
    ));
#2666 = CARTESIAN_POINT('',(89.289301571834,-37.37132486414,
    -12.5982528751));
#2667 = CARTESIAN_POINT('',(89.289294858934,-37.37235937164,
    -12.59825169144));
#2668 = CARTESIAN_POINT('',(89.289288385772,-37.37339387394,
    -12.59825055004));
#2669 = CARTESIAN_POINT('',(89.289282156245,-37.37442837124,
    -12.59824945162));
#2670 = CARTESIAN_POINT('',(89.289276165685,-37.37546286345,
    -12.5982483953));
#2671 = CARTESIAN_POINT('',(89.2892704186,-37.37649735012,
    -12.59824738197));
#2672 = CARTESIAN_POINT('',(89.289264911531,-37.37753183201,
    -12.59824641088));
#2673 = CARTESIAN_POINT('',(89.289259646472,-37.37856630796,
    -12.59824548255));
#2674 = CARTESIAN_POINT('',(89.289254622725,-37.379600779,-12.5982445967
    ));
#2675 = CARTESIAN_POINT('',(89.289249840194,-37.38063524421,
    -12.59824375343));
#2676 = CARTESIAN_POINT('',(89.289245299264,-37.38166970407,
    -12.59824295273));
#2677 = CARTESIAN_POINT('',(89.289238849723,-37.3832213853,
    -12.5982418155));
#2678 = CARTESIAN_POINT('',(89.289236760631,-37.38373861115,
    -12.59824144712));
#2679 = CARTESIAN_POINT('',(89.289234730154,-37.38425583487,
    -12.59824108917));
#2680 = CARTESIAN_POINT('',(89.289232764552,-37.38477305903,
    -12.59824074239));
#2681 = CARTESIAN_POINT('',(89.289230850474,-37.38529027818,
    -12.59824040523));
#2682 = CARTESIAN_POINT('',(89.2892290104,-37.38580750138,
    -12.59824008029));
#2683 = CARTESIAN_POINT('',(89.28922721338,-37.38632471628,
    -12.59823976399));
#2684 = CARTESIAN_POINT('',(89.289225494884,-37.38684193685,
    -12.59823946043));
#2685 = CARTESIAN_POINT('',(89.289223820773,-37.38735914978,
    -12.59823916567));
#2686 = CARTESIAN_POINT('',(89.28922221871,-37.38787636573,
    -12.5982388829));
#2687 = CARTESIAN_POINT('',(89.289220669895,-37.38839357751,
    -12.59823860995));
#2688 = CARTESIAN_POINT('',(89.289219184911,-37.38891078912,
    -12.59823834805));
#2689 = CARTESIAN_POINT('',(89.289217758957,-37.38942799875,
    -12.59823809663));
#2690 = CARTESIAN_POINT('',(89.289215711046,-37.39020381113,
    -12.59823773553));
#2691 = CARTESIAN_POINT('',(89.289215043448,-37.39046241486,
    -12.59823761781));
#2692 = CARTESIAN_POINT('',(89.289214391012,-37.39072101826,
    -12.59823750278));
#2693 = CARTESIAN_POINT('',(89.289213753518,-37.3909796212,
    -12.59823739034));
#2694 = CARTESIAN_POINT('',(89.289213131413,-37.39123822391,
    -12.59823728071));
#2695 = CARTESIAN_POINT('',(89.289212523831,-37.39149682603,
    -12.59823717349));
#2696 = CARTESIAN_POINT('',(89.28921193221,-37.39175542801,
    -12.59823706927));
#2697 = CARTESIAN_POINT('',(89.289211354544,-37.39201402939,
    -12.59823696731));
#2698 = CARTESIAN_POINT('',(89.289210793197,-37.39227263056,
    -12.59823686841));
#2699 = CARTESIAN_POINT('',(89.289210245801,-37.39253123122,
    -12.59823677184));
#2700 = CARTESIAN_POINT('',(89.289209714377,-37.3927898316,
    -12.59823667816));
#2701 = CARTESIAN_POINT('',(89.289209197454,-37.3930484315,-12.598236587
    ));
#2702 = CARTESIAN_POINT('',(89.289208695947,-37.3933070311,
    -12.59823649858));
#2703 = CARTESIAN_POINT('',(89.289207966078,-37.39369492983,
    -12.59823636988));
#2704 = CARTESIAN_POINT('',(89.289207726872,-37.39382422946,
    -12.59823632771));
#2705 = CARTESIAN_POINT('',(89.289207490145,-37.39395352835,
    -12.59823628594));
#2706 = CARTESIAN_POINT('',(89.28920726051,-37.39408282882,
    -12.59823624553));
#2707 = CARTESIAN_POINT('',(89.289207028302,-37.39421212595,
    -12.59823620442));
#2708 = CARTESIAN_POINT('',(89.28920680946,-37.39434142798,
    -12.5982361661));
#2709 = CARTESIAN_POINT('',(89.289206582559,-37.39447072361,
    -12.59823612573));
#2710 = CARTESIAN_POINT('',(89.289206371528,-37.39460002575,
    -12.59823608892));
#2711 = CARTESIAN_POINT('',(89.289206153903,-37.39472932199,
    -12.59823605019));
#2712 = CARTESIAN_POINT('',(89.289205947526,-37.3948586224,
    -12.59823601406));
#2713 = CARTESIAN_POINT('',(89.289205740385,-37.39498792009,
    -12.59823597739));
#2714 = CARTESIAN_POINT('',(89.289205539312,-37.39511721902,
    -12.59823594199));
#2715 = CARTESIAN_POINT('',(89.289205341056,-37.3952465173,
    -12.59823590702));
#2716 = CARTESIAN_POINT('',(89.289205049805,-37.39544046483,
    -12.59823585566));
#2717 = CARTESIAN_POINT('',(89.289204953305,-37.39550511382,
    -12.59823583866));
#2718 = CARTESIAN_POINT('',(89.289204859203,-37.39556976343,
    -12.59823582201));
#2719 = CARTESIAN_POINT('',(89.28920476224,-37.39563441135,
    -12.59823580506));
#2720 = CARTESIAN_POINT('',(89.289204673754,-37.39569906254,
    -12.59823578918));
#2721 = CARTESIAN_POINT('',(89.289204574253,-37.39576370847,
    -12.59823577205));
#2722 = CARTESIAN_POINT('',(89.289204491308,-37.39582836121,
    -12.59823575693));
#2723 = CARTESIAN_POINT('',(89.289204392323,-37.39589300649,
    -12.59823573996));
#2724 = CARTESIAN_POINT('',(89.289204309738,-37.39595765852,
    -12.598235725));
#2725 = CARTESIAN_POINT('',(89.289204216348,-37.39602230538,
    -12.5982357088));
#2726 = CARTESIAN_POINT('',(89.289204131289,-37.39608695544,
    -12.59823569366));
#2727 = CARTESIAN_POINT('',(89.289204043404,-37.39615160383,
    -12.59823567823));
#2728 = CARTESIAN_POINT('',(89.289203957959,-37.39621625285,
    -12.59823566314));
#2729 = CARTESIAN_POINT('',(89.289203830575,-37.39631322608,
    -12.59823564068));
#2730 = CARTESIAN_POINT('',(89.289203788556,-37.39634555055,
    -12.59823563326));
#2731 = CARTESIAN_POINT('',(89.289203746045,-37.39637787478,
    -12.59823562583));
#2732 = CARTESIAN_POINT('',(89.289203705587,-37.39641019958,
    -12.59823561854));
#2733 = CARTESIAN_POINT('',(89.289203661839,-37.39644252327,
    -12.59823561111));
#2734 = CARTESIAN_POINT('',(89.289203623852,-37.39647484868,
    -12.59823560398));
#2735 = CARTESIAN_POINT('',(89.289203578966,-37.39650717186,
    -12.59823559659));
#2736 = CARTESIAN_POINT('',(89.289203541985,-37.39653949741,
    -12.59823558954));
#2737 = CARTESIAN_POINT('',(89.289203498351,-37.39657182083,
    -12.59823558229));
#2738 = CARTESIAN_POINT('',(89.289203460112,-37.39660414583,
    -12.59823557525));
#2739 = CARTESIAN_POINT('',(89.289203418919,-37.39663646984,
    -12.59823556815));
#2740 = CARTESIAN_POINT('',(89.289203379553,-37.39666879435,
    -12.59823556114));
#2741 = CARTESIAN_POINT('',(89.289203339813,-37.39670111865,
    -12.59823555415));
#2742 = CARTESIAN_POINT('',(89.289203280793,-37.39674960517,
    -12.59823554374));
#2743 = CARTESIAN_POINT('',(89.289203261147,-37.39676576732,
    -12.59823554027));
#2744 = CARTESIAN_POINT('',(89.289203241622,-37.39678192954,
    -12.59823553685));
#2745 = CARTESIAN_POINT('',(89.289203222065,-37.3967980916,
    -12.59823553335));
#2746 = CARTESIAN_POINT('',(89.28920320265,-37.3968142539,
    -12.59823553002));
#2747 = CARTESIAN_POINT('',(89.289203183283,-37.39683041593,
    -12.59823552646));
#2748 = CARTESIAN_POINT('',(89.289203163887,-37.39684657819,
    -12.59823552321));
#2749 = CARTESIAN_POINT('',(89.28920314468,-37.3968627403,
    -12.59823551967));
#2750 = CARTESIAN_POINT('',(89.289203125445,-37.39687890247,
    -12.5982355164));
#2751 = CARTESIAN_POINT('',(89.289203106285,-37.39689506464,
    -12.59823551294));
#2752 = CARTESIAN_POINT('',(89.289203087201,-37.39691122677,
    -12.59823550961));
#2753 = CARTESIAN_POINT('',(89.289203068173,-37.39692738894,
    -12.59823550625));
#2754 = CARTESIAN_POINT('',(89.289203049179,-37.39694355108,
    -12.5982355029));
#2755 = CARTESIAN_POINT('',(89.28920302083,-37.39696779432,
    -12.5982354979));
#2756 = CARTESIAN_POINT('',(89.289203011261,-37.39697587532,
    -12.59823549622));
#2757 = CARTESIAN_POINT('',(89.289203002277,-37.39698395666,
    -12.59823549462));
#2758 = CARTESIAN_POINT('',(89.289202991824,-37.39699203709,
    -12.5982354928));
#2759 = CARTESIAN_POINT('',(89.289202984267,-37.39700011932,
    -12.59823549143));
#2760 = CARTESIAN_POINT('',(89.289202972273,-37.39700819873,
    -12.59823548937));
#2761 = CARTESIAN_POINT('',(89.28920296592,-37.39701628177,
    -12.59823548819));
#2762 = CARTESIAN_POINT('',(89.289202953684,-37.39702436092,
    -12.59823548609));
#2763 = CARTESIAN_POINT('',(89.289202946631,-37.39703244356,
    -12.5982354848));
#2764 = CARTESIAN_POINT('',(89.289202935792,-37.39704052357,
    -12.59823548291));
#2765 = CARTESIAN_POINT('',(89.289202927309,-37.39704860523,
    -12.59823548141));
#2766 = CARTESIAN_POINT('',(89.289202917645,-37.39705668604,
    -12.59823547971));
#2767 = CARTESIAN_POINT('',(89.289202908491,-37.3970647672,
    -12.59823547809));
#2768 = CARTESIAN_POINT('',(89.289202894543,-37.39707688877,
    -12.59823547563));
#2769 = CARTESIAN_POINT('',(89.289202890051,-37.39708092939,
    -12.59823547485));
#2770 = CARTESIAN_POINT('',(89.289202884973,-37.39708496964,
    -12.59823547392));
#2771 = CARTESIAN_POINT('',(89.289202881362,-37.39708901083,
    -12.59823547337));
#2772 = CARTESIAN_POINT('',(89.289202875008,-37.39709305021,
    -12.59823547209));
#2773 = CARTESIAN_POINT('',(89.289202872778,-37.39709709238,
    -12.59823547193));
#2774 = CARTESIAN_POINT('',(89.28920286549,-37.39710113101,
    -12.59823547035));
#2775 = CARTESIAN_POINT('',(89.289202863355,-37.39710517339,
    -12.59823547029));
#2776 = CARTESIAN_POINT('',(89.289202856869,-37.39710921243,
    -12.59823546887));
#2777 = CARTESIAN_POINT('',(89.289202853445,-37.39711325396,
    -12.59823546846));
#2778 = CARTESIAN_POINT('',(89.289202848251,-37.39711729395,
    -12.59823546743));
#2779 = CARTESIAN_POINT('',(89.2892028439,-37.39712133472,
    -12.59823546672));
#2780 = CARTESIAN_POINT('',(89.289202839236,-37.39712537518,
    -12.59823546588));
#2781 = CARTESIAN_POINT('',(89.289202830095,-37.39713345628,
    -12.59823546427));
#2782 = CARTESIAN_POINT('',(89.289202769152,-37.39718759768,
    -12.59823545352));
#2783 = CARTESIAN_POINT('',(89.289203254396,-37.39675575925,
    -12.59823553909));
#2784 = CARTESIAN_POINT('',(89.289201109119,-37.39866531455,
    -12.59823516082));
#2785 = CARTESIAN_POINT('',(89.289207201373,-37.39324170945,
    -12.59823623503));
#2786 = CARTESIAN_POINT('',(89.289194759934,-37.40431819159,
    -12.59823404131));
#2787 = CARTESIAN_POINT('',(89.289213755697,-37.38740591714,
    -12.59823739071));
#2788 = CARTESIAN_POINT('',(89.289191532106,-37.40719222308,
    -12.59823347218));
#2789 = CARTESIAN_POINT('',(89.289211572301,-37.38934973425,
    -12.59823700572));
#2790 = CARTESIAN_POINT('',(89.2891976679,-37.40172925611,
    -12.59823455406));
#2791 = CARTESIAN_POINT('',(89.289204951134,-37.39524481717,
    -12.59823583825));
#2792 = CARTESIAN_POINT('',(89.289202160767,-37.39772908777,
    -12.59823534625));
#2793 = CARTESIAN_POINT('',(89.28920287292,-37.39709507493,
    -12.59823547182));
#2794 = CARTESIAN_POINT('',(89.289200237882,-37.39835198656,
    -12.59823500719));
#2795 = CARTESIAN_POINT('',(94.078044370398,-32.12129799999,
    -12.93492412822));
#2796 = CARTESIAN_POINT('',(93.785120651286,-32.12129799998,
    -12.88327377325));
#2797 = CARTESIAN_POINT('',(93.492490509704,-32.13879561607,
    -12.83167429684));
#2798 = CARTESIAN_POINT('',(93.201119723554,-32.17373393599,
    -12.78029709384));
#2799 = CARTESIAN_POINT('',(92.911994247667,-32.22602059287,
    -12.72932192406));
#2800 = CARTESIAN_POINT('',(92.626115963845,-32.29552151304,
    -12.67893483836));
#2801 = CARTESIAN_POINT('',(92.344498435459,-32.38205467016,
    -12.62932610649));
#2802 = CARTESIAN_POINT('',(92.068162652491,-32.48538382779,
    -12.58068814157));
#2803 = CARTESIAN_POINT('',(91.798132793108,-32.60521229988,
    -12.53321342997));
#2804 = CARTESIAN_POINT('',(91.535431961477,-32.74117668755,
    -12.48709245393));
#2805 = CARTESIAN_POINT('',(91.281077954173,-32.89284064274,
    -12.44251162244));
#2806 = CARTESIAN_POINT('',(91.036078997554,-33.05968860578,
    -12.39965119407));
#2807 = CARTESIAN_POINT('',(90.801429510157,-33.24111956458,
    -12.35868320654));
#2808 = CARTESIAN_POINT('',(90.578105846722,-33.43644079856,
    -12.31976940147));
#2809 = CARTESIAN_POINT('',(90.261540157228,-33.74907204832,
    -12.26470402734));
#2810 = CARTESIAN_POINT('',(90.159079522285,-33.85656114429,
    -12.24689957648));
#2811 = CARTESIAN_POINT('',(90.059799891153,-33.96722926938,
    -12.22966464055));
#2812 = CARTESIAN_POINT('',(89.963816309546,-34.08097219354,
    -12.21301725328));
#2813 = CARTESIAN_POINT('',(89.87123913875,-34.19768111086,
    -12.1969746424));
#2814 = CARTESIAN_POINT('',(89.782174031868,-34.3172426321,-12.181553227
    ));
#2815 = CARTESIAN_POINT('',(89.696721971634,-34.43953879628,
    -12.16676862167));
#2816 = CARTESIAN_POINT('',(89.614979220398,-34.56444705567,
    -12.15263563112));
#2817 = CARTESIAN_POINT('',(89.537037375787,-34.69184029221,
    -12.13916825608));
#2818 = CARTESIAN_POINT('',(89.46298331827,-34.82158680225,
    -12.1263796878));
#2819 = CARTESIAN_POINT('',(89.392899252995,-34.95355030861,
    -12.1142823124));
#2820 = CARTESIAN_POINT('',(89.326862681672,-35.08758995255,
    -12.10288770798));
#2821 = CARTESIAN_POINT('',(89.264946418261,-35.22356029816,
    -12.0922066462));
#2822 = CARTESIAN_POINT('',(89.17835466377,-35.43018684664,
    -12.0772703143));
#2823 = CARTESIAN_POINT('',(89.150536873443,-35.49950842821,
    -12.07247238769));
#2824 = CARTESIAN_POINT('',(89.123773325988,-35.56925757136,
    -12.06785655012));
#2825 = CARTESIAN_POINT('',(89.098071719682,-35.63941564848,
    -12.06342398556));
#2826 = CARTESIAN_POINT('',(89.073439347301,-35.70996391339,
    -12.0591758253));
#2827 = CARTESIAN_POINT('',(89.049883073268,-35.78088349083,
    -12.05511314443));
#2828 = CARTESIAN_POINT('',(89.027409371194,-35.8521553936,
    -12.05123696776));
#2829 = CARTESIAN_POINT('',(89.006024272687,-35.92376049941,
    -12.04754826163));
#2830 = CARTESIAN_POINT('',(88.985733426069,-35.99567957716,
    -12.04404794335));
#2831 = CARTESIAN_POINT('',(88.966542039336,-36.06789326167,
    -12.04073687203));
#2832 = CARTESIAN_POINT('',(88.948454927186,-36.14038207431,
    -12.03761585613));
#2833 = CARTESIAN_POINT('',(88.9314764782,-36.21312640873,
    -12.03468564821));
#2834 = CARTESIAN_POINT('',(88.915610674053,-36.28610653917,
    -12.03194694797));
#2835 = CARTESIAN_POINT('',(88.893486283369,-36.39590065507,
    -12.02812712724));
#2836 = CARTESIAN_POINT('',(88.886390822314,-36.43255273542,
    -12.02690192985));
#2837 = CARTESIAN_POINT('',(88.879574992558,-36.46925638394,
    -12.02572486954));
#2838 = CARTESIAN_POINT('',(88.873039088973,-36.50600912746,
    -12.02459600709));
#2839 = CARTESIAN_POINT('',(88.86678340826,-36.54280849216,
    -12.02351540365));
#2840 = CARTESIAN_POINT('',(88.860808243053,-36.57965200514,
    -12.02248311956));
#2841 = CARTESIAN_POINT('',(88.855113892993,-36.61653719241,
    -12.02149921652));
#2842 = CARTESIAN_POINT('',(88.849700648044,-36.65346158109,
    -12.0205637544));
#2843 = CARTESIAN_POINT('',(88.844568809088,-36.69042269726,
    -12.01967679509));
#2844 = CARTESIAN_POINT('',(88.839718666826,-36.72741806795,
    -12.01883839864));
#2845 = CARTESIAN_POINT('',(88.835150519852,-36.76444521935,
    -12.01804862647));
#2846 = CARTESIAN_POINT('',(88.830864661678,-36.80150167834,
    -12.01730753918));
#2847 = CARTESIAN_POINT('',(88.826861388499,-36.83858497129,
    -12.01661519775));
#2848 = CARTESIAN_POINT('',(88.821280798833,-36.89424645171,
    -12.01564989568));
#2849 = CARTESIAN_POINT('',(88.81949126734,-36.91280636535,
    -12.0153403227));
#2850 = CARTESIAN_POINT('',(88.817772410677,-36.93137205739,
    -12.01504294811));
#2851 = CARTESIAN_POINT('',(88.816124238444,-36.94994321789,
    -12.01475777555));
#2852 = CARTESIAN_POINT('',(88.814546760654,-36.96851954041,
    -12.01448480952));
#2853 = CARTESIAN_POINT('',(88.813039986664,-36.98710071218,
    -12.01422405296));
#2854 = CARTESIAN_POINT('',(88.811603926494,-37.0056864297,
    -12.01397551111));
#2855 = CARTESIAN_POINT('',(88.81023858992,-37.02427637824,
    -12.01373918641));
#2856 = CARTESIAN_POINT('',(88.808943986181,-37.04287025446,
    -12.01351508415));
#2857 = CARTESIAN_POINT('',(88.807720125854,-37.0614677453,
    -12.01330320717));
#2858 = CARTESIAN_POINT('',(88.806567017745,-37.08006854467,
    -12.01310356008));
#2859 = CARTESIAN_POINT('',(88.805484672346,-37.09867234232,
    -12.01291614644));
#2860 = CARTESIAN_POINT('',(88.804473098908,-37.11727883002,
    -12.01274097031));
#2861 = CARTESIAN_POINT('',(88.803061911656,-37.14519213316,
    -12.0124965682));
#2862 = CARTESIAN_POINT('',(88.80260920789,-37.154497163,-12.01241816069
    ));
#2863 = CARTESIAN_POINT('',(88.802174196253,-37.16380275014,
    -12.0123428134));
#2864 = CARTESIAN_POINT('',(88.80175687452,-37.17310885537,
    -12.01227052628));
#2865 = CARTESIAN_POINT('',(88.801357246191,-37.18241544201,
    -12.01220130025));
#2866 = CARTESIAN_POINT('',(88.800975303796,-37.19172246852,
    -12.0121351344));
#2867 = CARTESIAN_POINT('',(88.800611057148,-37.20102990105,
    -12.01207203068));
#2868 = CARTESIAN_POINT('',(88.800264493304,-37.2103376956,
    -12.01201198728));
#2869 = CARTESIAN_POINT('',(88.799935624538,-37.21964581943,
    -12.01195500655));
#2870 = CARTESIAN_POINT('',(88.799624439567,-37.22895422928,
    -12.01190108698));
#2871 = CARTESIAN_POINT('',(88.799330945603,-37.23826289013,
    -12.01185023006));
#2872 = CARTESIAN_POINT('',(88.799055137765,-37.2475717616,
    -12.01180243534));
#2873 = CARTESIAN_POINT('',(88.798797017631,-37.25688080615,
    -12.01175770339));
#2874 = CARTESIAN_POINT('',(88.798436367295,-37.27084457454,
    -12.01169519985));
#2875 = CARTESIAN_POINT('',(88.798320571936,-37.2754991976,
    -12.01167513103));
#2876 = CARTESIAN_POINT('',(88.798209198158,-37.28015384969,
    -12.01165582798));
#2877 = CARTESIAN_POINT('',(88.798102244797,-37.28480852534,
    -12.01163729055));
#2878 = CARTESIAN_POINT('',(88.797999713861,-37.28946322123,
    -12.01161951911));
#2879 = CARTESIAN_POINT('',(88.797901601547,-37.29411793013,
    -12.01160251309));
#2880 = CARTESIAN_POINT('',(88.797807912721,-37.29877265056,
    -12.01158627331));
#2881 = CARTESIAN_POINT('',(88.797718641428,-37.30342737401,
    -12.01157079886));
#2882 = CARTESIAN_POINT('',(88.797633793118,-37.30808209921,
    -12.01155609067));
#2883 = CARTESIAN_POINT('',(88.797553363127,-37.31273681859,
    -12.011542148));
#2884 = CARTESIAN_POINT('',(88.797477354222,-37.31739152918,
    -12.01152897137));
#2885 = CARTESIAN_POINT('',(88.797405764799,-37.32204622525,
    -12.01151656055));
#2886 = CARTESIAN_POINT('',(88.797338595144,-37.32670090237,
    -12.01150491564));
#2887 = CARTESIAN_POINT('',(88.79724447011,-37.33368288233,
    -12.01148859714));
#2888 = CARTESIAN_POINT('',(88.797214199642,-37.33601020293,
    -12.01148334908));
#2889 = CARTESIAN_POINT('',(88.797185035478,-37.33833751746,
    -12.01147829267));
#2890 = CARTESIAN_POINT('',(88.797156972298,-37.34066482355,
    -12.01147342728));
#2891 = CARTESIAN_POINT('',(88.797130021488,-37.34299212446,
    -12.01146875426));
#2892 = CARTESIAN_POINT('',(88.797104163595,-37.345319413,
    -12.01146427134));
#2893 = CARTESIAN_POINT('',(88.797079425644,-37.3476466978,
    -12.01145998168));
#2894 = CARTESIAN_POINT('',(88.797055776236,-37.3499739675,
    -12.01145588159));
#2895 = CARTESIAN_POINT('',(88.797033245932,-37.35230123206,
    -12.0114519747));
#2896 = CARTESIAN_POINT('',(88.79701180956,-37.35462848213,
    -12.01144825801));
#2897 = CARTESIAN_POINT('',(88.796991484465,-37.35695572323,
    -12.01144473361));
#2898 = CARTESIAN_POINT('',(88.796972260657,-37.35928295121,
    -12.01144140029));
#2899 = CARTESIAN_POINT('',(88.796954142733,-37.36161016714,
    -12.01143825862));
#2900 = CARTESIAN_POINT('',(88.796928622172,-37.36510097116,
    -12.01143383329));
#2901 = CARTESIAN_POINT('',(88.796920391567,-37.36626456928,
    -12.01143240607));
#2902 = CARTESIAN_POINT('',(88.796912436795,-37.36742816385,
    -12.01143102665));
#2903 = CARTESIAN_POINT('',(88.796904758785,-37.36859175546,
    -12.01142969529));
#2904 = CARTESIAN_POINT('',(88.7968973559,-37.36975534271,
    -12.01142841145));
#2905 = CARTESIAN_POINT('',(88.796890230386,-37.37091892763,
    -12.011427176));
#2906 = CARTESIAN_POINT('',(88.796883379808,-37.37208250741,
    -12.01142598781));
#2907 = CARTESIAN_POINT('',(88.796876806157,-37.37324608493,
    -12.01142484809));
#2908 = CARTESIAN_POINT('',(88.796870508341,-37.37440965746,
    -12.01142375577));
#2909 = CARTESIAN_POINT('',(88.796864486462,-37.37557322689,
    -12.01142271162));
#2910 = CARTESIAN_POINT('',(88.796858741098,-37.37673679198,
    -12.01142171521));
#2911 = CARTESIAN_POINT('',(88.796853271411,-37.37790035317,
    -12.0114207667));
#2912 = CARTESIAN_POINT('',(88.796848078146,-37.37906391026,
    -12.01141986608));
#2913 = CARTESIAN_POINT('',(88.796840702103,-37.38080923959,
    -12.01141858693));
#2914 = CARTESIAN_POINT('',(88.796838312904,-37.38139101512,
    -12.01141817257));
#2915 = CARTESIAN_POINT('',(88.796835990794,-37.38197278902,
    -12.01141776995));
#2916 = CARTESIAN_POINT('',(88.796833742768,-37.38255456339,
    -12.01141737991));
#2917 = CARTESIAN_POINT('',(88.796831553868,-37.38313633368,
    -12.01141700063));
#2918 = CARTESIAN_POINT('',(88.796829449395,-37.38371810758,
    -12.0114166352));
#2919 = CARTESIAN_POINT('',(88.796827394294,-37.3842998744,
    -12.01141627934));
#2920 = CARTESIAN_POINT('',(88.79682542905,-37.38488164648,
    -12.01141593798));
#2921 = CARTESIAN_POINT('',(88.796823514351,-37.3854634118,
    -12.01141560636));
#2922 = CARTESIAN_POINT('',(88.796821682353,-37.3860451802,
    -12.01141528835));
#2923 = CARTESIAN_POINT('',(88.796819910997,-37.38662694489,
    -12.01141498131));
#2924 = CARTESIAN_POINT('',(88.796818212806,-37.38720870972,
    -12.01141468672));
#2925 = CARTESIAN_POINT('',(88.796816582058,-37.38779047293,
    -12.01141440393));
#2926 = CARTESIAN_POINT('',(88.796814240064,-37.38866311618,
    -12.01141399775));
#2927 = CARTESIAN_POINT('',(88.796813476597,-37.38895399701,
    -12.01141386535));
#2928 = CARTESIAN_POINT('',(88.796812730471,-37.38924487732,
    -12.01141373591));
#2929 = CARTESIAN_POINT('',(88.796812001456,-37.389535758,
    -12.01141360958));
#2930 = CARTESIAN_POINT('',(88.796811289956,-37.38982663705,
    -12.011413486));
#2931 = CARTESIAN_POINT('',(88.796810595257,-37.39011751797,
    -12.01141336579));
#2932 = CARTESIAN_POINT('',(88.796809918504,-37.39040839571,
    -12.01141324808));
#2933 = CARTESIAN_POINT('',(88.796809258094,-37.39069927635,
    -12.01141313389));
#2934 = CARTESIAN_POINT('',(88.796808615979,-37.39099015374,
    -12.01141302223));
#2935 = CARTESIAN_POINT('',(88.796807990087,-37.39128103308,
    -12.01141291389));
#2936 = CARTESIAN_POINT('',(88.796807382325,-37.39157191075,
    -12.01141280836));
#2937 = CARTESIAN_POINT('',(88.796806791187,-37.39186278876,
    -12.01141270589));
#2938 = CARTESIAN_POINT('',(88.796806217683,-37.39215366626,
    -12.01141260641));
#2939 = CARTESIAN_POINT('',(88.796805383019,-37.3925899821,
    -12.01141246165));
#2940 = CARTESIAN_POINT('',(88.796805109508,-37.39273542077,
    -12.0114124142));
#2941 = CARTESIAN_POINT('',(88.796804838646,-37.39288085875,
    -12.01141236726));
#2942 = CARTESIAN_POINT('',(88.796804576442,-37.39302629827,
    -12.01141232171));
#2943 = CARTESIAN_POINT('',(88.796804310072,-37.39317173457,
    -12.01141227564));
#2944 = CARTESIAN_POINT('',(88.796804061182,-37.39331717566,
    -12.01141223229));
#2945 = CARTESIAN_POINT('',(88.79680379985,-37.39346261052,
    -12.01141218718));
#2946 = CARTESIAN_POINT('',(88.796803560586,-37.39360805176,
    -12.01141214548));
#2947 = CARTESIAN_POINT('',(88.796803309851,-37.39375348726,
    -12.01141210216));
#2948 = CARTESIAN_POINT('',(88.796803075212,-37.39389892684,
    -12.01141206135));
#2949 = CARTESIAN_POINT('',(88.796802837548,-37.3940443638,
    -12.01141202019));
#2950 = CARTESIAN_POINT('',(88.796802607951,-37.39418980196,
    -12.01141198034));
#2951 = CARTESIAN_POINT('',(88.796802381139,-37.39433523953,
    -12.01141194101));
#2952 = CARTESIAN_POINT('',(88.796802048088,-37.39455339601,
    -12.01141188325));
#2953 = CARTESIAN_POINT('',(88.796801937782,-37.39462611468,
    -12.01141186413));
#2954 = CARTESIAN_POINT('',(88.796801829981,-37.39469883385,
    -12.01141184537));
#2955 = CARTESIAN_POINT('',(88.796801719565,-37.39477155167,
    -12.01141182636));
#2956 = CARTESIAN_POINT('',(88.796801617547,-37.39484427209,
    -12.01141180841));
#2957 = CARTESIAN_POINT('',(88.796801504914,-37.39491698835,
    -12.01141178926));
#2958 = CARTESIAN_POINT('',(88.796801408778,-37.39498970998,
    -12.01141177212));
#2959 = CARTESIAN_POINT('',(88.796801296763,-37.39506242573,
    -12.01141175316));
#2960 = CARTESIAN_POINT('',(88.796801201423,-37.39513514681,
    -12.01141173623));
#2961 = CARTESIAN_POINT('',(88.796801095203,-37.39520786379,
    -12.01141171808));
#2962 = CARTESIAN_POINT('',(88.796800997631,-37.39528058332,
    -12.01141170101));
#2963 = CARTESIAN_POINT('',(88.79680089726,-37.39535330152,
    -12.01141168367));
#2964 = CARTESIAN_POINT('',(88.796800799509,-37.39542602022,
    -12.01141166669));
#2965 = CARTESIAN_POINT('',(88.796800653854,-37.39553509802,
    -12.01141164143));
#2966 = CARTESIAN_POINT('',(88.79680060577,-37.39557145736,
    -12.01141163308));
#2967 = CARTESIAN_POINT('',(88.796800557269,-37.39560781644,
    -12.01141162472));
#2968 = CARTESIAN_POINT('',(88.796800510745,-37.39564417613,
    -12.01141161652));
#2969 = CARTESIAN_POINT('',(88.796800461185,-37.39568053465,
    -12.01141160817));
#2970 = CARTESIAN_POINT('',(88.796800417057,-37.39571689492,
    -12.01141160016));
#2971 = CARTESIAN_POINT('',(88.796800366575,-37.39575325303,
    -12.01141159183));
#2972 = CARTESIAN_POINT('',(88.79680032341,-37.39578961332,
    -12.01141158392));
#2973 = CARTESIAN_POINT('',(88.796800274272,-37.39582597177,
    -12.01141157574));
#2974 = CARTESIAN_POINT('',(88.796800230002,-37.39586233149,
    -12.01141156783));
#2975 = CARTESIAN_POINT('',(88.796800183207,-37.39589869048,
    -12.01141155984));
#2976 = CARTESIAN_POINT('',(88.796800138055,-37.3959350498,
    -12.01141155196));
#2977 = CARTESIAN_POINT('',(88.796800092651,-37.39597140899,
    -12.0114115441));
#2978 = CARTESIAN_POINT('',(88.796800025154,-37.39602594782,
    -12.01141153239));
#2979 = CARTESIAN_POINT('',(88.79680000268,-37.39604412743,
    -12.01141152849));
#2980 = CARTESIAN_POINT('',(88.796799980386,-37.39606230702,
    -12.01141152462));
#2981 = CARTESIAN_POINT('',(88.796799957964,-37.39608048668,
    -12.01141152074));
#2982 = CARTESIAN_POINT('',(88.796799935812,-37.39609866613,
    -12.01141151688));
#2983 = CARTESIAN_POINT('',(88.796799913688,-37.39611684601,
    -12.01141151305));
#2984 = CARTESIAN_POINT('',(88.796799891352,-37.39613502521,
    -12.01141150919));
#2985 = CARTESIAN_POINT('',(88.796799869683,-37.39615320526,
    -12.01141150541));
#2986 = CARTESIAN_POINT('',(88.796799847329,-37.39617138445,
    -12.01141150156));
#2987 = CARTESIAN_POINT('',(88.796799825732,-37.39618956435,
    -12.01141149779));
#2988 = CARTESIAN_POINT('',(88.79679980371,-37.39620774376,
    -12.01141149398));
#2989 = CARTESIAN_POINT('',(88.796799782035,-37.39622592345,
    -12.01141149022));
#2990 = CARTESIAN_POINT('',(88.796799760301,-37.396244103,
    -12.01141148645));
#2991 = CARTESIAN_POINT('',(88.79679972787,-37.39627137241,
    -12.01141148083));
#2992 = CARTESIAN_POINT('',(88.796799717018,-37.39628046213,
    -12.01141147893));
#2993 = CARTESIAN_POINT('',(88.796799706404,-37.39628955219,
    -12.01141147713));
#2994 = CARTESIAN_POINT('',(88.796799695286,-37.39629864136,
    -12.01141147511));
#2995 = CARTESIAN_POINT('',(88.79679968509,-37.39630773226,
    -12.01141147352));
#2996 = CARTESIAN_POINT('',(88.796799673683,-37.39631682049,
    -12.01141147127));
#2997 = CARTESIAN_POINT('',(88.796799663621,-37.39632591209,
    -12.01141146985));
#2998 = CARTESIAN_POINT('',(88.796799652421,-37.39633500016,
    -12.01141146759));
#2999 = CARTESIAN_POINT('',(88.796799642057,-37.39634409132,
    -12.01141146605));
#3000 = CARTESIAN_POINT('',(88.796799631213,-37.39635318021,
    -12.011411464));
#3001 = CARTESIAN_POINT('',(88.796799620671,-37.3963622705,
    -12.01141146226));
#3002 = CARTESIAN_POINT('',(88.796799609973,-37.39637136007,
    -12.01141146037));
#3003 = CARTESIAN_POINT('',(88.796799599402,-37.39638044994,
    -12.01141145854));
#3004 = CARTESIAN_POINT('',(88.796799583472,-37.3963940846,
    -12.01141145578));
#3005 = CARTESIAN_POINT('',(88.796799578325,-37.39639862959,
    -12.01141145488));
#3006 = CARTESIAN_POINT('',(88.796799572522,-37.39640317414,
    -12.0114114539));
#3007 = CARTESIAN_POINT('',(88.796799568428,-37.39640771985,
    -12.01141145314));
#3008 = CARTESIAN_POINT('',(88.796799561035,-37.39641226329,
    -12.01141145194));
#3009 = CARTESIAN_POINT('',(88.796799558755,-37.39641681027,
    -12.01141145144));
#3010 = CARTESIAN_POINT('',(88.79679955,-37.39642135272,-12.01141145003)
  );
#3011 = CARTESIAN_POINT('',(88.796799548071,-37.39642589999,
    -12.0114114496));
#3012 = CARTESIAN_POINT('',(88.796799540154,-37.39643044298,
    -12.01141144829));
#3013 = CARTESIAN_POINT('',(88.796799536629,-37.39643498913,
    -12.01141144764));
#3014 = CARTESIAN_POINT('',(88.796799530451,-37.39643953336,
    -12.01141144659));
#3015 = CARTESIAN_POINT('',(88.796799525583,-37.39644407853,
    -12.01141144574));
#3016 = CARTESIAN_POINT('',(88.79679952022,-37.39644862334,
    -12.01141144481));
#3017 = CARTESIAN_POINT('',(88.796799509769,-37.39645771315,
    -12.011411443));
#3018 = CARTESIAN_POINT('',(88.796799514373,-37.39645355811,
    -12.0114114438));
#3019 = CARTESIAN_POINT('',(88.796799422991,-37.3965337925,
    -12.01141142795));
#3020 = CARTESIAN_POINT('',(88.796799794931,-37.39620744877,
    -12.01141149245));
#3021 = CARTESIAN_POINT('',(88.79679871474,-37.39715449275,
    -12.01141130511));
#3022 = CARTESIAN_POINT('',(88.796800903069,-37.3952363319,
    -12.01141168465));
#3023 = CARTESIAN_POINT('',(88.796797546079,-37.39817835854,
    -12.01141110242));
#3024 = CARTESIAN_POINT('',(88.796801460807,-37.39474775562,
    -12.01141178138));
#3025 = CARTESIAN_POINT('',(88.796797919091,-37.39785131188,
    -12.01141116712));
#3026 = CARTESIAN_POINT('',(88.796800366255,-37.39570688114,
    -12.01141159154));
#3027 = CARTESIAN_POINT('',(88.796799075305,-37.39683813648,
    -12.01141136765));
#3028 = CARTESIAN_POINT('',(88.796799561554,-37.39641199479,
    -12.01141145198));
#3029 = CARTESIAN_POINT('',(88.79679942995,-37.39652733627,
    -12.01141142915));
#3030 = CARTESIAN_POINT('',(88.796799329856,-37.39661580683,
    -12.01141135089));
#3031 = ADVANCED_FACE('',(#3032),#3049,.T.);
#3032 = FACE_BOUND('',#3033,.T.);
#3033 = EDGE_LOOP('',(#3034,#3041,#3042,#3043));
#3034 = ORIENTED_EDGE('',*,*,#3035,.F.);
#3035 = EDGE_CURVE('',#867,#3036,#3038,.T.);
#3036 = VERTEX_POINT('',#3037);
#3037 = CARTESIAN_POINT('',(209.49999992249,-32.12129799999,
    -33.28692905819));
#3038 = B_SPLINE_CURVE_WITH_KNOTS('',1,(#3039,#3040),.UNSPECIFIED.,.F.,
  .F.,(2,2),(0.,8.448041956676),.PIECEWISE_BEZIER_KNOTS.);
#3039 = CARTESIAN_POINT('',(209.41317583366,-32.62129799999,
    -33.77933293469));
#3040 = CARTESIAN_POINT('',(209.49999992249,-32.12129799999,
    -33.28692905819));
#3041 = ORIENTED_EDGE('',*,*,#883,.T.);
#3042 = ORIENTED_EDGE('',*,*,#2310,.T.);
#3043 = ORIENTED_EDGE('',*,*,#3044,.F.);
#3044 = EDGE_CURVE('',#3036,#2311,#3045,.T.);
#3045 = LINE('',#3046,#3047);
#3046 = CARTESIAN_POINT('',(209.58682401132,-32.12129799999,
    -33.30223848762));
#3047 = VECTOR('',#3048,1.);
#3048 = DIRECTION('',(-0.984807753012,6.0625207022E-16,0.173648177667));
#3049 = PLANE('',#3050);
#3050 = AXIS2_PLACEMENT_3D('',#3051,#3052,#3053);
#3051 = CARTESIAN_POINT('',(209.54341196691,-32.37129799999,
    -33.54844042588));
#3052 = DIRECTION('',(-0.122787803969,0.707106781187,-0.69636424032));
#3053 = DIRECTION('',(-0.984807753012,8.271934150732E-16,0.173648177667)
  );
#3054 = ADVANCED_FACE('',(#3055),#3082,.F.);
#3055 = FACE_BOUND('',#3056,.F.);
#3056 = EDGE_LOOP('',(#3057,#3065,#3080,#3081));
#3057 = ORIENTED_EDGE('',*,*,#3058,.T.);
#3058 = EDGE_CURVE('',#859,#3059,#3061,.T.);
#3059 = VERTEX_POINT('',#3060);
#3060 = CARTESIAN_POINT('',(214.78125,-37.40254807749,-34.22586924466));
#3061 = LINE('',#3062,#3063);
#3062 = CARTESIAN_POINT('',(214.53504806174,-37.40254807749,
    -34.43245720025));
#3063 = VECTOR('',#3064,1.);
#3064 = DIRECTION('',(0.766044443119,1.427275208436E-16,0.642787609687)
  );
#3065 = ORIENTED_EDGE('',*,*,#3066,.T.);
#3066 = EDGE_CURVE('',#3059,#3036,#3067,.T.);
#3067 = B_SPLINE_CURVE_WITH_KNOTS('',6,(#3068,#3069,#3070,#3071,#3072,
    #3073,#3074,#3075,#3076,#3077,#3078,#3079),.UNSPECIFIED.,.F.,.F.,(7,
    5,7),(826.94686986507,835.30740943095,835.39491182175),
  .UNSPECIFIED.);
#3068 = CARTESIAN_POINT('',(214.78125,-37.40254807749,-34.22586924466));
#3069 = CARTESIAN_POINT('',(214.78125,-36.04300741201,-34.22586924466));
#3070 = CARTESIAN_POINT('',(214.36138427275,-34.68361076302,
    -34.15056455276));
#3071 = CARTESIAN_POINT('',(213.52107815224,-33.48238512311,
    -33.99991854405));
#3072 = CARTESIAN_POINT('',(212.33814610919,-32.60164486394,
    -33.78861189063));
#3073 = CARTESIAN_POINT('',(210.96923935817,-32.14474160608,
    -33.54602703815));
#3074 = CARTESIAN_POINT('',(209.57235468902,-32.12177383844,
    -33.29968734948));
#3075 = CARTESIAN_POINT('',(209.55788125857,-32.12158345409,
    -33.29713510626));
#3076 = CARTESIAN_POINT('',(209.54341285292,-32.12144075828,
    -33.29458394873));
#3077 = CARTESIAN_POINT('',(209.52894101097,-32.12134557372,
    -33.29203214657));
#3078 = CARTESIAN_POINT('',(209.51447060396,-32.12129799999,
    -33.28948062976));
#3079 = CARTESIAN_POINT('',(209.49999992249,-32.12129799999,
    -33.28692905819));
#3080 = ORIENTED_EDGE('',*,*,#3035,.F.);
#3081 = ORIENTED_EDGE('',*,*,#866,.F.);
#3082 = B_SPLINE_SURFACE_WITH_KNOTS('',1,6,(
    (#3083,#3084,#3085,#3086,#3087,#3088,#3089,#3090,#3091,#3092,#3093
      ,#3094)
    ,(#3095,#3096,#3097,#3098,#3099,#3100,#3101,#3102,#3103,#3104,#3105
      ,#3106
    )),.UNSPECIFIED.,.F.,.F.,.F.,(2,2),(7,5,7),(0.,8.448041956676),(
    826.94686986507,835.30740943095,835.39491182175),.UNSPECIFIED.);
#3083 = CARTESIAN_POINT('',(214.28884612349,-37.40254807749,
    -34.63904515583));
#3084 = CARTESIAN_POINT('',(214.28884612349,-36.15284479406,
    -34.63904515583));
#3085 = CARTESIAN_POINT('',(213.89618494164,-34.90315423311,
    -34.56980839519));
#3086 = CARTESIAN_POINT('',(213.11129085892,-33.80593408363,
    -34.43141039141));
#3087 = CARTESIAN_POINT('',(212.0107345736,-33.01467247614,
    -34.23735262452));
#3088 = CARTESIAN_POINT('',(210.75649175372,-32.62257592866,
    -34.01619577502));
#3089 = CARTESIAN_POINT('',(209.48635107095,-32.62128437171,
    -33.79223570335));
#3090 = CARTESIAN_POINT('',(209.47053385543,-32.62130972772,
    -33.78944670149));
#3091 = CARTESIAN_POINT('',(209.4568613551,-32.62129128683,
    -33.78703587079));
#3092 = CARTESIAN_POINT('',(209.44204007204,-32.62129994526,
    -33.7844224787));
#3093 = CARTESIAN_POINT('',(209.42764651513,-32.62129799999,
    -33.78188450627));
#3094 = CARTESIAN_POINT('',(209.41317583366,-32.62129799999,
    -33.77933293469));
#3095 = CARTESIAN_POINT('',(214.78125,-37.40254807749,-34.22586924466));
#3096 = CARTESIAN_POINT('',(214.78125,-36.04300741201,-34.22586924466));
#3097 = CARTESIAN_POINT('',(214.36138427275,-34.68361076302,
    -34.15056455276));
#3098 = CARTESIAN_POINT('',(213.52107815224,-33.48238512311,
    -33.99991854405));
#3099 = CARTESIAN_POINT('',(212.33814610919,-32.60164486394,
    -33.78861189063));
#3100 = CARTESIAN_POINT('',(210.96923935817,-32.14474160608,
    -33.54602703815));
#3101 = CARTESIAN_POINT('',(209.57235468902,-32.12177383844,
    -33.29968734948));
#3102 = CARTESIAN_POINT('',(209.55788125857,-32.12158345409,
    -33.29713510626));
#3103 = CARTESIAN_POINT('',(209.54341285292,-32.12144075828,
    -33.29458394873));
#3104 = CARTESIAN_POINT('',(209.52894101097,-32.12134557372,
    -33.29203214657));
#3105 = CARTESIAN_POINT('',(209.51447060396,-32.12129799999,
    -33.28948062976));
#3106 = CARTESIAN_POINT('',(209.49999992249,-32.12129799999,
    -33.28692905819));
#3107 = ADVANCED_FACE('',(#3108),#3118,.F.);
#3108 = FACE_BOUND('',#3109,.F.);
#3109 = EDGE_LOOP('',(#3110,#3111,#3112,#3117));
#3110 = ORIENTED_EDGE('',*,*,#1708,.T.);
#3111 = ORIENTED_EDGE('',*,*,#1741,.T.);
#3112 = ORIENTED_EDGE('',*,*,#3113,.F.);
#3113 = EDGE_CURVE('',#842,#1734,#3114,.T.);
#3114 = B_SPLINE_CURVE_WITH_KNOTS('',1,(#3115,#3116),.UNSPECIFIED.,.F.,
  .F.,(2,2),(0.,2.813052793837),.PIECEWISE_BEZIER_KNOTS.);
#3115 = CARTESIAN_POINT('',(214.28884612349,-113.7382995285,
    -34.63904515583));
#3116 = CARTESIAN_POINT('',(214.78125,-113.7382995285,-34.22586924466));
#3117 = ORIENTED_EDGE('',*,*,#841,.F.);
#3118 = B_SPLINE_SURFACE_WITH_KNOTS('',1,6,(
    (#3119,#3120,#3121,#3122,#3123,#3124,#3125,#3126,#3127,#3128,#3129
      ,#3130)
    ,(#3131,#3132,#3133,#3134,#3135,#3136,#3137,#3138,#3139,#3140,#3141
      ,#3142
    )),.UNSPECIFIED.,.F.,.F.,.F.,(2,2),(7,5,7),(0.,2.813052793837),(
    747.79806562018,747.84203776902,750.61111841402),.UNSPECIFIED.);
#3119 = CARTESIAN_POINT('',(213.62695402529,-116.1640778323,
    -34.5223357206));
#3120 = CARTESIAN_POINT('',(213.63061331179,-116.157739764,
    -34.52298095154));
#3121 = CARTESIAN_POINT('',(213.63425209391,-116.1514362288,
    -34.523622567));
#3122 = CARTESIAN_POINT('',(213.63800455124,-116.1449411586,
    -34.52428422648));
#3123 = CARTESIAN_POINT('',(213.6414520036,-116.138960665,
    -34.52489210534));
#3124 = CARTESIAN_POINT('',(213.64546738927,-116.1320186733,
    -34.52560012617));
#3125 = CARTESIAN_POINT('',(213.85747896638,-115.7643697682,
    -34.56298348744));
#3126 = CARTESIAN_POINT('',(214.02806952516,-115.3822762801,
    -34.59306320561));
#3127 = CARTESIAN_POINT('',(214.15797534894,-114.9821930986,
    -34.61596910729));
#3128 = CARTESIAN_POINT('',(214.24522409723,-114.5714845779,
    -34.63135341565));
#3129 = CARTESIAN_POINT('',(214.28884612349,-114.1548693143,
    -34.63904515583));
#3130 = CARTESIAN_POINT('',(214.28884612349,-113.7382995285,
    -34.63904515583));
#3131 = CARTESIAN_POINT('',(214.07369628219,-116.3789252588,
    -34.0991689942));
#3132 = CARTESIAN_POINT('',(214.07735556869,-116.3725871905,
    -34.09981422514));
#3133 = CARTESIAN_POINT('',(214.08100135502,-116.3662483429,
    -34.10045882655));
#3134 = CARTESIAN_POINT('',(214.08465303008,-116.3598740047,
    -34.1011068979));
#3135 = CARTESIAN_POINT('',(214.08824999064,-116.3535724622,
    -34.10174576355));
#3136 = CARTESIAN_POINT('',(214.09191906962,-116.3471178898,
    -34.10240141568));
#3137 = CARTESIAN_POINT('',(214.31939360478,-115.9454511826,
    -34.14306214446));
#3138 = CARTESIAN_POINT('',(214.50219568224,-115.5274677275,
    -34.17587053075));
#3139 = CARTESIAN_POINT('',(214.64125985138,-115.0919657809,
    -34.20074767825));
#3140 = CARTESIAN_POINT('',(214.73458455498,-114.6446596251,
    -34.21750662324));
#3141 = CARTESIAN_POINT('',(214.78125,-114.1914819516,-34.22586924466));
#3142 = CARTESIAN_POINT('',(214.78125,-113.7382995285,-34.22586924466));
#3143 = ADVANCED_FACE('',(#3144),#3155,.T.);
#3144 = FACE_BOUND('',#3145,.T.);
#3145 = EDGE_LOOP('',(#3146,#3147,#3148,#3149));
#3146 = ORIENTED_EDGE('',*,*,#3113,.F.);
#3147 = ORIENTED_EDGE('',*,*,#858,.T.);
#3148 = ORIENTED_EDGE('',*,*,#3058,.T.);
#3149 = ORIENTED_EDGE('',*,*,#3150,.F.);
#3150 = EDGE_CURVE('',#1734,#3059,#3151,.T.);
#3151 = LINE('',#3152,#3153);
#3152 = CARTESIAN_POINT('',(214.78125,-113.7382995285,-34.22586924466));
#3153 = VECTOR('',#3154,1.);
#3154 = DIRECTION('',(0.,1.,-2.22044604925E-16));
#3155 = PLANE('',#3156);
#3156 = AXIS2_PLACEMENT_3D('',#3157,#3158,#3159);
#3157 = CARTESIAN_POINT('',(214.53504806174,-113.7382995285,
    -34.43245720025));
#3158 = DIRECTION('',(0.642787609687,-2.711178951433E-18,-0.766044443119
    ));
#3159 = DIRECTION('',(-1.075929119847E-16,1.,-9.382036552956E-17));
#3160 = ADVANCED_FACE('',(#3161),#3193,.T.);
#3161 = FACE_BOUND('',#3162,.T.);
#3162 = EDGE_LOOP('',(#3163,#3173,#3179,#3180,#3186,#3187));
#3163 = ORIENTED_EDGE('',*,*,#3164,.F.);
#3164 = EDGE_CURVE('',#3165,#3167,#3169,.T.);
#3165 = VERTEX_POINT('',#3166);
#3166 = CARTESIAN_POINT('',(99.615600888883,-130.1781249999,-4.));
#3167 = VERTEX_POINT('',#3168);
#3168 = CARTESIAN_POINT('',(67.150000077504,-130.1781249999,-4.));
#3169 = LINE('',#3170,#3171);
#3170 = CARTESIAN_POINT('',(123.49687499999,-130.1781249999,-4.));
#3171 = VECTOR('',#3172,1.);
#3172 = DIRECTION('',(-1.,1.355395996312E-12,-0.));
#3173 = ORIENTED_EDGE('',*,*,#3174,.T.);
#3174 = EDGE_CURVE('',#3165,#1619,#3175,.T.);
#3175 = LINE('',#3176,#3177);
#3176 = CARTESIAN_POINT('',(90.764078536172,-130.1781249999,
    20.319357791873));
#3177 = VECTOR('',#3178,1.);
#3178 = DIRECTION('',(0.342020143326,-4.635727329218E-13,-0.939692620786
    ));
#3179 = ORIENTED_EDGE('',*,*,#1618,.T.);
#3180 = ORIENTED_EDGE('',*,*,#3181,.T.);
#3181 = EDGE_CURVE('',#1610,#1206,#3182,.T.);
#3182 = LINE('',#3183,#3184);
#3183 = CARTESIAN_POINT('',(123.49687499999,-130.1781249999,-4.));
#3184 = VECTOR('',#3185,1.);
#3185 = DIRECTION('',(0.,0.,-1.));
#3186 = ORIENTED_EDGE('',*,*,#1203,.F.);
#3187 = ORIENTED_EDGE('',*,*,#3188,.F.);
#3188 = EDGE_CURVE('',#3167,#1204,#3189,.T.);
#3189 = LINE('',#3190,#3191);
#3190 = CARTESIAN_POINT('',(67.150000077504,-130.1781249999,-2.5));
#3191 = VECTOR('',#3192,1.);
#3192 = DIRECTION('',(0.,0.,-1.));
#3193 = PLANE('',#3194);
#3194 = AXIS2_PLACEMENT_3D('',#3195,#3196,#3197);
#3195 = CARTESIAN_POINT('',(123.49687499999,-130.1781249999,-4.));
#3196 = DIRECTION('',(1.355395996312E-12,1.,0.));
#3197 = DIRECTION('',(-1.,1.355395996312E-12,0.));
#3198 = ADVANCED_FACE('',(#3199),#3210,.T.);
#3199 = FACE_BOUND('',#3200,.F.);
#3200 = EDGE_LOOP('',(#3201,#3202,#3203,#3204));
#3201 = ORIENTED_EDGE('',*,*,#1609,.T.);
#3202 = ORIENTED_EDGE('',*,*,#3181,.T.);
#3203 = ORIENTED_EDGE('',*,*,#1423,.F.);
#3204 = ORIENTED_EDGE('',*,*,#3205,.F.);
#3205 = EDGE_CURVE('',#1602,#1416,#3206,.T.);
#3206 = LINE('',#3207,#3208);
#3207 = CARTESIAN_POINT('',(126.99687499999,-133.6781249999,-4.));
#3208 = VECTOR('',#3209,1.);
#3209 = DIRECTION('',(0.,0.,-1.));
#3210 = CYLINDRICAL_SURFACE('',#3211,3.5);
#3211 = AXIS2_PLACEMENT_3D('',#3212,#3213,#3214);
#3212 = CARTESIAN_POINT('',(123.49687499999,-133.6781249999,-4.));
#3213 = DIRECTION('',(0.,0.,1.));
#3214 = DIRECTION('',(1.110223024625E-16,-1.,0.));
#3215 = ADVANCED_FACE('',(#3216),#3227,.T.);
#3216 = FACE_BOUND('',#3217,.T.);
#3217 = EDGE_LOOP('',(#3218,#3219,#3225,#3226));
#3218 = ORIENTED_EDGE('',*,*,#1601,.T.);
#3219 = ORIENTED_EDGE('',*,*,#3220,.T.);
#3220 = EDGE_CURVE('',#1593,#1407,#3221,.T.);
#3221 = LINE('',#3222,#3223);
#3222 = CARTESIAN_POINT('',(126.99687499999,-141.6843749224,-4.));
#3223 = VECTOR('',#3224,1.);
#3224 = DIRECTION('',(0.,0.,-1.));
#3225 = ORIENTED_EDGE('',*,*,#1415,.F.);
#3226 = ORIENTED_EDGE('',*,*,#3205,.F.);
#3227 = PLANE('',#3228);
#3228 = AXIS2_PLACEMENT_3D('',#3229,#3230,#3231);
#3229 = CARTESIAN_POINT('',(126.99687499999,-141.6843749224,-4.));
#3230 = DIRECTION('',(1.,2.076715088578E-13,0.));
#3231 = DIRECTION('',(-2.076715088578E-13,1.,0.));
#3232 = ADVANCED_FACE('',(#3233),#3244,.F.);
#3233 = FACE_BOUND('',#3234,.T.);
#3234 = EDGE_LOOP('',(#3235,#3236,#3242,#3243));
#3235 = ORIENTED_EDGE('',*,*,#1592,.T.);
#3236 = ORIENTED_EDGE('',*,*,#3237,.T.);
#3237 = EDGE_CURVE('',#1584,#1398,#3238,.T.);
#3238 = LINE('',#3239,#3240);
#3239 = CARTESIAN_POINT('',(129.77998071029,-144.4656243804,-4.));
#3240 = VECTOR('',#3241,1.);
#3241 = DIRECTION('',(0.,0.,-1.));
#3242 = ORIENTED_EDGE('',*,*,#1406,.F.);
#3243 = ORIENTED_EDGE('',*,*,#3220,.F.);
#3244 = CYLINDRICAL_SURFACE('',#3245,2.781250077103);
#3245 = AXIS2_PLACEMENT_3D('',#3246,#3247,#3248);
#3246 = CARTESIAN_POINT('',(129.77812507709,-141.6843749224,-4.));
#3247 = DIRECTION('',(0.,0.,1.));
#3248 = DIRECTION('',(-3.254771097083E-08,-1.,0.));
#3249 = ADVANCED_FACE('',(#3250),#3261,.T.);
#3250 = FACE_BOUND('',#3251,.F.);
#3251 = EDGE_LOOP('',(#3252,#3253,#3254,#3255));
#3252 = ORIENTED_EDGE('',*,*,#1583,.T.);
#3253 = ORIENTED_EDGE('',*,*,#3237,.T.);
#3254 = ORIENTED_EDGE('',*,*,#1397,.F.);
#3255 = ORIENTED_EDGE('',*,*,#3256,.F.);
#3256 = EDGE_CURVE('',#1575,#1389,#3257,.T.);
#3257 = LINE('',#3258,#3259);
#3258 = CARTESIAN_POINT('',(155.03509148216,-148.1363310263,-4.));
#3259 = VECTOR('',#3260,1.);
#3260 = DIRECTION('',(0.,0.,-1.));
#3261 = CYLINDRICAL_SURFACE('',#3262,83.576597415798);
#3262 = AXIS2_PLACEMENT_3D('',#3263,#3264,#3265);
#3263 = CARTESIAN_POINT('',(130.52733232647,-228.0388802771,-4.));
#3264 = DIRECTION('',(0.,0.,1.));
#3265 = DIRECTION('',(1.,0.,0.));
#3266 = ADVANCED_FACE('',(#3267),#3279,.T.);
#3267 = FACE_BOUND('',#3268,.F.);
#3268 = EDGE_LOOP('',(#3269,#3270,#3271,#3272,#3278));
#3269 = ORIENTED_EDGE('',*,*,#1574,.T.);
#3270 = ORIENTED_EDGE('',*,*,#3256,.T.);
#3271 = ORIENTED_EDGE('',*,*,#1388,.F.);
#3272 = ORIENTED_EDGE('',*,*,#3273,.T.);
#3273 = EDGE_CURVE('',#1380,#1447,#3274,.T.);
#3274 = LINE('',#3275,#3276);
#3275 = CARTESIAN_POINT('',(178.3644721962,-158.5344128929,-4.));
#3276 = VECTOR('',#3277,1.);
#3277 = DIRECTION('',(0.,0.,1.));
#3278 = ORIENTED_EDGE('',*,*,#1455,.T.);
#3279 = CYLINDRICAL_SURFACE('',#3280,113.96535512448);
#3280 = AXIS2_PLACEMENT_3D('',#3281,#3282,#3283);
#3281 = CARTESIAN_POINT('',(120.59651671616,-256.7737404981,-4.));
#3282 = DIRECTION('',(0.,0.,1.));
#3283 = DIRECTION('',(1.,0.,0.));
#3284 = ADVANCED_FACE('',(#3285),#3297,.T.);
#3285 = FACE_BOUND('',#3286,.T.);
#3286 = EDGE_LOOP('',(#3287,#3288,#3294,#3295,#3296));
#3287 = ORIENTED_EDGE('',*,*,#1906,.F.);
#3288 = ORIENTED_EDGE('',*,*,#3289,.F.);
#3289 = EDGE_CURVE('',#1372,#1899,#3290,.T.);
#3290 = LINE('',#3291,#3292);
#3291 = CARTESIAN_POINT('',(188.29912007869,-156.0217883826,-4.));
#3292 = VECTOR('',#3293,1.);
#3293 = DIRECTION('',(0.,0.,1.));
#3294 = ORIENTED_EDGE('',*,*,#1379,.T.);
#3295 = ORIENTED_EDGE('',*,*,#3273,.T.);
#3296 = ORIENTED_EDGE('',*,*,#1446,.F.);
#3297 = CYLINDRICAL_SURFACE('',#3298,5.281250259068);
#3298 = AXIS2_PLACEMENT_3D('',#3299,#3300,#3301);
#3299 = CARTESIAN_POINT('',(183.64570067542,-158.5192455206,-4.));
#3300 = DIRECTION('',(0.,0.,1.));
#3301 = DIRECTION('',(1.,0.,0.));
#3302 = ADVANCED_FACE('',(#3303),#3315,.T.);
#3303 = FACE_BOUND('',#3304,.T.);
#3304 = EDGE_LOOP('',(#3305,#3306,#3307,#3308,#3309));
#3305 = ORIENTED_EDGE('',*,*,#1371,.F.);
#3306 = ORIENTED_EDGE('',*,*,#3289,.T.);
#3307 = ORIENTED_EDGE('',*,*,#1898,.F.);
#3308 = ORIENTED_EDGE('',*,*,#1890,.T.);
#3309 = ORIENTED_EDGE('',*,*,#3310,.T.);
#3310 = EDGE_CURVE('',#1882,#1363,#3311,.T.);
#3311 = LINE('',#3312,#3313);
#3312 = CARTESIAN_POINT('',(211.90863293691,-115.1289249744,-4.));
#3313 = VECTOR('',#3314,1.);
#3314 = DIRECTION('',(0.,0.,-1.));
#3315 = PLANE('',#3316);
#3316 = AXIS2_PLACEMENT_3D('',#3317,#3318,#3319);
#3317 = CARTESIAN_POINT('',(198.98148340416,-137.5193979704,-41.5));
#3318 = DIRECTION('',(-0.86602533811,0.500000113751,0.));
#3319 = DIRECTION('',(-0.500000113751,-0.86602533811,0.));
#3320 = ADVANCED_FACE('',(#3321),#3332,.F.);
#3321 = FACE_BOUND('',#3322,.T.);
#3322 = EDGE_LOOP('',(#3323,#3324,#3330,#3331));
#3323 = ORIENTED_EDGE('',*,*,#1881,.F.);
#3324 = ORIENTED_EDGE('',*,*,#3325,.T.);
#3325 = EDGE_CURVE('',#1874,#1355,#3326,.T.);
#3326 = LINE('',#3327,#3328);
#3327 = CARTESIAN_POINT('',(212.28125,-113.7382995285,-4.));
#3328 = VECTOR('',#3329,1.);
#3329 = DIRECTION('',(0.,0.,-1.));
#3330 = ORIENTED_EDGE('',*,*,#1362,.F.);
#3331 = ORIENTED_EDGE('',*,*,#3310,.F.);
#3332 = CYLINDRICAL_SURFACE('',#3333,2.781250259068);
#3333 = AXIS2_PLACEMENT_3D('',#3334,#3335,#3336);
#3334 = CARTESIAN_POINT('',(209.49999974093,-113.7382995285,-4.));
#3335 = DIRECTION('',(0.,0.,1.));
#3336 = DIRECTION('',(1.,0.,0.));
#3337 = ADVANCED_FACE('',(#3338),#3364,.F.);
#3338 = FACE_BOUND('',#3339,.F.);
#3339 = EDGE_LOOP('',(#3340,#3350,#3356,#3357,#3358));
#3340 = ORIENTED_EDGE('',*,*,#3341,.F.);
#3341 = EDGE_CURVE('',#3342,#3344,#3346,.T.);
#3342 = VERTEX_POINT('',#3343);
#3343 = CARTESIAN_POINT('',(212.28125,-113.7382995285,-2.5));
#3344 = VERTEX_POINT('',#3345);
#3345 = CARTESIAN_POINT('',(209.28125,-113.7382995285,-2.5));
#3346 = LINE('',#3347,#3348);
#3347 = CARTESIAN_POINT('',(212.28125,-113.7382995285,-2.5));
#3348 = VECTOR('',#3349,1.);
#3349 = DIRECTION('',(-1.,0.,0.));
#3350 = ORIENTED_EDGE('',*,*,#3351,.T.);
#3351 = EDGE_CURVE('',#3342,#1874,#3352,.T.);
#3352 = LINE('',#3353,#3354);
#3353 = CARTESIAN_POINT('',(212.28125,-113.7382995285,-2.5));
#3354 = VECTOR('',#3355,1.);
#3355 = DIRECTION('',(0.,0.,-1.));
#3356 = ORIENTED_EDGE('',*,*,#3325,.T.);
#3357 = ORIENTED_EDGE('',*,*,#1354,.F.);
#3358 = ORIENTED_EDGE('',*,*,#3359,.F.);
#3359 = EDGE_CURVE('',#3344,#1347,#3360,.T.);
#3360 = LINE('',#3361,#3362);
#3361 = CARTESIAN_POINT('',(209.28125,-113.7382995285,-2.5));
#3362 = VECTOR('',#3363,1.);
#3363 = DIRECTION('',(0.,0.,-1.));
#3364 = PLANE('',#3365);
#3365 = AXIS2_PLACEMENT_3D('',#3366,#3367,#3368);
#3366 = CARTESIAN_POINT('',(212.28125,-113.7382995285,-2.5));
#3367 = DIRECTION('',(0.,1.,0.));
#3368 = DIRECTION('',(-1.,0.,0.));
#3369 = ADVANCED_FACE('',(#3370),#3388,.F.);
#3370 = FACE_BOUND('',#3371,.F.);
#3371 = EDGE_LOOP('',(#3372,#3380,#3381,#3382));
#3372 = ORIENTED_EDGE('',*,*,#3373,.F.);
#3373 = EDGE_CURVE('',#3344,#3374,#3376,.T.);
#3374 = VERTEX_POINT('',#3375);
#3375 = CARTESIAN_POINT('',(209.28125,-103.7382995285,-2.5));
#3376 = LINE('',#3377,#3378);
#3377 = CARTESIAN_POINT('',(209.28125,-113.7382995285,-2.5));
#3378 = VECTOR('',#3379,1.);
#3379 = DIRECTION('',(0.,1.,0.));
#3380 = ORIENTED_EDGE('',*,*,#3359,.T.);
#3381 = ORIENTED_EDGE('',*,*,#1346,.F.);
#3382 = ORIENTED_EDGE('',*,*,#3383,.F.);
#3383 = EDGE_CURVE('',#3374,#1339,#3384,.T.);
#3384 = LINE('',#3385,#3386);
#3385 = CARTESIAN_POINT('',(209.28125,-103.7382995285,-2.5));
#3386 = VECTOR('',#3387,1.);
#3387 = DIRECTION('',(0.,0.,-1.));
#3388 = PLANE('',#3389);
#3389 = AXIS2_PLACEMENT_3D('',#3390,#3391,#3392);
#3390 = CARTESIAN_POINT('',(209.28125,-113.7382995285,-2.5));
#3391 = DIRECTION('',(1.,0.,0.));
#3392 = DIRECTION('',(0.,1.,0.));
#3393 = ADVANCED_FACE('',(#3394),#3418,.F.);
#3394 = FACE_BOUND('',#3395,.F.);
#3395 = EDGE_LOOP('',(#3396,#3404,#3405,#3406,#3412));
#3396 = ORIENTED_EDGE('',*,*,#3397,.F.);
#3397 = EDGE_CURVE('',#3374,#3398,#3400,.T.);
#3398 = VERTEX_POINT('',#3399);
#3399 = CARTESIAN_POINT('',(212.28125,-103.7382995285,-2.5));
#3400 = LINE('',#3401,#3402);
#3401 = CARTESIAN_POINT('',(209.28125,-103.7382995285,-2.5));
#3402 = VECTOR('',#3403,1.);
#3403 = DIRECTION('',(1.,0.,0.));
#3404 = ORIENTED_EDGE('',*,*,#3383,.T.);
#3405 = ORIENTED_EDGE('',*,*,#1338,.F.);
#3406 = ORIENTED_EDGE('',*,*,#3407,.F.);
#3407 = EDGE_CURVE('',#1866,#1331,#3408,.T.);
#3408 = LINE('',#3409,#3410);
#3409 = CARTESIAN_POINT('',(212.28125,-103.7382995285,-2.5));
#3410 = VECTOR('',#3411,1.);
#3411 = DIRECTION('',(0.,0.,-1.));
#3412 = ORIENTED_EDGE('',*,*,#3413,.F.);
#3413 = EDGE_CURVE('',#3398,#1866,#3414,.T.);
#3414 = LINE('',#3415,#3416);
#3415 = CARTESIAN_POINT('',(212.28125,-103.7382995285,-2.5));
#3416 = VECTOR('',#3417,1.);
#3417 = DIRECTION('',(0.,0.,-1.));
#3418 = PLANE('',#3419);
#3419 = AXIS2_PLACEMENT_3D('',#3420,#3421,#3422);
#3420 = CARTESIAN_POINT('',(209.28125,-103.7382995285,-2.5));
#3421 = DIRECTION('',(0.,-1.,0.));
#3422 = DIRECTION('',(1.,0.,0.));
#3423 = ADVANCED_FACE('',(#3424),#3435,.T.);
#3424 = FACE_BOUND('',#3425,.T.);
#3425 = EDGE_LOOP('',(#3426,#3427,#3433,#3434));
#3426 = ORIENTED_EDGE('',*,*,#1865,.F.);
#3427 = ORIENTED_EDGE('',*,*,#3428,.T.);
#3428 = EDGE_CURVE('',#1858,#1323,#3429,.T.);
#3429 = LINE('',#3430,#3431);
#3430 = CARTESIAN_POINT('',(212.28125,-47.40254807749,-2.5));
#3431 = VECTOR('',#3432,1.);
#3432 = DIRECTION('',(0.,0.,-1.));
#3433 = ORIENTED_EDGE('',*,*,#1330,.F.);
#3434 = ORIENTED_EDGE('',*,*,#3407,.F.);
#3435 = PLANE('',#3436);
#3436 = AXIS2_PLACEMENT_3D('',#3437,#3438,#3439);
#3437 = CARTESIAN_POINT('',(212.28125,-37.40254807749,-4.));
#3438 = DIRECTION('',(-1.,-0.,-0.));
#3439 = DIRECTION('',(0.,-1.,0.));
#3440 = ADVANCED_FACE('',(#3441),#3467,.F.);
#3441 = FACE_BOUND('',#3442,.F.);
#3442 = EDGE_LOOP('',(#3443,#3453,#3459,#3460,#3461));
#3443 = ORIENTED_EDGE('',*,*,#3444,.F.);
#3444 = EDGE_CURVE('',#3445,#3447,#3449,.T.);
#3445 = VERTEX_POINT('',#3446);
#3446 = CARTESIAN_POINT('',(212.28125,-47.40254807749,-2.5));
#3447 = VERTEX_POINT('',#3448);
#3448 = CARTESIAN_POINT('',(209.28125,-47.40254807749,-2.5));
#3449 = LINE('',#3450,#3451);
#3450 = CARTESIAN_POINT('',(212.28125,-47.40254807749,-2.5));
#3451 = VECTOR('',#3452,1.);
#3452 = DIRECTION('',(-1.,0.,0.));
#3453 = ORIENTED_EDGE('',*,*,#3454,.T.);
#3454 = EDGE_CURVE('',#3445,#1858,#3455,.T.);
#3455 = LINE('',#3456,#3457);
#3456 = CARTESIAN_POINT('',(212.28125,-47.40254807749,-2.5));
#3457 = VECTOR('',#3458,1.);
#3458 = DIRECTION('',(0.,0.,-1.));
#3459 = ORIENTED_EDGE('',*,*,#3428,.T.);
#3460 = ORIENTED_EDGE('',*,*,#1322,.F.);
#3461 = ORIENTED_EDGE('',*,*,#3462,.F.);
#3462 = EDGE_CURVE('',#3447,#1315,#3463,.T.);
#3463 = LINE('',#3464,#3465);
#3464 = CARTESIAN_POINT('',(209.28125,-47.40254807749,-2.5));
#3465 = VECTOR('',#3466,1.);
#3466 = DIRECTION('',(0.,0.,-1.));
#3467 = PLANE('',#3468);
#3468 = AXIS2_PLACEMENT_3D('',#3469,#3470,#3471);
#3469 = CARTESIAN_POINT('',(212.28125,-47.40254807749,-2.5));
#3470 = DIRECTION('',(0.,1.,0.));
#3471 = DIRECTION('',(-1.,0.,0.));
#3472 = ADVANCED_FACE('',(#3473),#3498,.F.);
#3473 = FACE_BOUND('',#3474,.F.);
#3474 = EDGE_LOOP('',(#3475,#3483,#3484,#3485,#3491,#3492));
#3475 = ORIENTED_EDGE('',*,*,#3476,.F.);
#3476 = EDGE_CURVE('',#3447,#3477,#3479,.T.);
#3477 = VERTEX_POINT('',#3478);
#3478 = CARTESIAN_POINT('',(209.28125,-37.40254807749,-2.5));
#3479 = LINE('',#3480,#3481);
#3480 = CARTESIAN_POINT('',(209.28125,-47.40254807749,-2.5));
#3481 = VECTOR('',#3482,1.);
#3482 = DIRECTION('',(0.,1.,0.));
#3483 = ORIENTED_EDGE('',*,*,#3462,.T.);
#3484 = ORIENTED_EDGE('',*,*,#1314,.F.);
#3485 = ORIENTED_EDGE('',*,*,#3486,.T.);
#3486 = EDGE_CURVE('',#1306,#1833,#3487,.T.);
#3487 = LINE('',#3488,#3489);
#3488 = CARTESIAN_POINT('',(209.28125,-42.67926588808,-4.));
#3489 = VECTOR('',#3490,1.);
#3490 = DIRECTION('',(0.,0.,1.));
#3491 = ORIENTED_EDGE('',*,*,#1841,.F.);
#3492 = ORIENTED_EDGE('',*,*,#3493,.F.);
#3493 = EDGE_CURVE('',#3477,#1842,#3494,.T.);
#3494 = LINE('',#3495,#3496);
#3495 = CARTESIAN_POINT('',(209.28125,-37.40254807749,-2.5));
#3496 = VECTOR('',#3497,1.);
#3497 = DIRECTION('',(0.,0.,-1.));
#3498 = PLANE('',#3499);
#3499 = AXIS2_PLACEMENT_3D('',#3500,#3501,#3502);
#3500 = CARTESIAN_POINT('',(209.28125,-47.40254807749,-2.5));
#3501 = DIRECTION('',(1.,0.,0.));
#3502 = DIRECTION('',(0.,1.,0.));
#3503 = ADVANCED_FACE('',(#3504),#3515,.T.);
#3504 = FACE_BOUND('',#3505,.T.);
#3505 = EDGE_LOOP('',(#3506,#3507,#3513,#3514));
#3506 = ORIENTED_EDGE('',*,*,#1832,.F.);
#3507 = ORIENTED_EDGE('',*,*,#3508,.F.);
#3508 = EDGE_CURVE('',#1298,#1825,#3509,.T.);
#3509 = LINE('',#3510,#3511);
#3510 = CARTESIAN_POINT('',(205.01042863032,-34.62129799999,-4.));
#3511 = VECTOR('',#3512,1.);
#3512 = DIRECTION('',(0.,0.,1.));
#3513 = ORIENTED_EDGE('',*,*,#1305,.T.);
#3514 = ORIENTED_EDGE('',*,*,#3486,.T.);
#3515 = CYLINDRICAL_SURFACE('',#3516,5.281250077504);
#3516 = AXIS2_PLACEMENT_3D('',#3517,#3518,#3519);
#3517 = CARTESIAN_POINT('',(209.49999992249,-37.40254807749,-4.));
#3518 = DIRECTION('',(0.,0.,1.));
#3519 = DIRECTION('',(1.,0.,0.));
#3520 = ADVANCED_FACE('',(#3521),#3564,.T.);
#3521 = FACE_BOUND('',#3522,.T.);
#3522 = EDGE_LOOP('',(#3523,#3533,#3539,#3540,#3541,#3542,#3550,#3558));
#3523 = ORIENTED_EDGE('',*,*,#3524,.F.);
#3524 = EDGE_CURVE('',#3525,#3527,#3529,.T.);
#3525 = VERTEX_POINT('',#3526);
#3526 = CARTESIAN_POINT('',(98.567614711977,-34.62129799999,-4.));
#3527 = VERTEX_POINT('',#3528);
#3528 = CARTESIAN_POINT('',(99.615600888883,-34.62129799999,-4.));
#3529 = LINE('',#3530,#3531);
#3530 = CARTESIAN_POINT('',(94.078044370398,-34.62129799999,-4.));
#3531 = VECTOR('',#3532,1.);
#3532 = DIRECTION('',(1.,-6.156044856123E-16,0.));
#3533 = ORIENTED_EDGE('',*,*,#3534,.F.);
#3534 = EDGE_CURVE('',#1289,#3525,#3535,.T.);
#3535 = LINE('',#3536,#3537);
#3536 = CARTESIAN_POINT('',(98.567614711977,-34.62129799999,-4.));
#3537 = VECTOR('',#3538,1.);
#3538 = DIRECTION('',(0.,0.,1.));
#3539 = ORIENTED_EDGE('',*,*,#1297,.F.);
#3540 = ORIENTED_EDGE('',*,*,#3508,.T.);
#3541 = ORIENTED_EDGE('',*,*,#1824,.F.);
#3542 = ORIENTED_EDGE('',*,*,#3543,.T.);
#3543 = EDGE_CURVE('',#1817,#3544,#3546,.T.);
#3544 = VERTEX_POINT('',#3545);
#3545 = CARTESIAN_POINT('',(166.69324088833,-34.62129799999,
    -21.16952273029));
#3546 = LINE('',#3547,#3548);
#3547 = CARTESIAN_POINT('',(155.91898567049,-34.62129799999,
    -34.00978009368));
#3548 = VECTOR('',#3549,1.);
#3549 = DIRECTION('',(-0.642787609687,3.95702935819E-16,-0.766044443119)
  );
#3550 = ORIENTED_EDGE('',*,*,#3551,.T.);
#3551 = EDGE_CURVE('',#3544,#3552,#3554,.T.);
#3552 = VERTEX_POINT('',#3553);
#3553 = CARTESIAN_POINT('',(101.69324088833,-34.62129799999,
    -9.708268984248));
#3554 = LINE('',#3555,#3556);
#3555 = CARTESIAN_POINT('',(97.512370021382,-34.62129799999,
    -8.971068647546));
#3556 = VECTOR('',#3557,1.);
#3557 = DIRECTION('',(-0.984807753012,6.0625207022E-16,0.173648177667));
#3558 = ORIENTED_EDGE('',*,*,#3559,.T.);
#3559 = EDGE_CURVE('',#3552,#3527,#3560,.T.);
#3560 = LINE('',#3561,#3562);
#3561 = CARTESIAN_POINT('',(89.043403810498,-34.62129799999,
    25.046872746888));
#3562 = VECTOR('',#3563,1.);
#3563 = DIRECTION('',(-0.342020143326,2.10549134401E-16,0.939692620786)
  );
#3564 = PLANE('',#3565);
#3565 = AXIS2_PLACEMENT_3D('',#3566,#3567,#3568);
#3566 = CARTESIAN_POINT('',(94.078044370398,-34.62129799999,-4.));
#3567 = DIRECTION('',(-6.156044856123E-16,-1.,-0.));
#3568 = DIRECTION('',(1.,-6.156044856123E-16,0.));
#3569 = ADVANCED_FACE('',(#3570),#3598,.T.);
#3570 = FACE_BOUND('',#3571,.T.);
#3571 = EDGE_LOOP('',(#3572,#3580,#3581,#3582,#3591));
#3572 = ORIENTED_EDGE('',*,*,#3573,.F.);
#3573 = EDGE_CURVE('',#1280,#3574,#3576,.T.);
#3574 = VERTEX_POINT('',#3575);
#3575 = CARTESIAN_POINT('',(91.24506451459,-41.85965411941,-4.));
#3576 = LINE('',#3577,#3578);
#3577 = CARTESIAN_POINT('',(91.24506451459,-41.85965411941,-4.));
#3578 = VECTOR('',#3579,1.);
#3579 = DIRECTION('',(0.,0.,1.));
#3580 = ORIENTED_EDGE('',*,*,#1288,.T.);
#3581 = ORIENTED_EDGE('',*,*,#3534,.T.);
#3582 = ORIENTED_EDGE('',*,*,#3583,.F.);
#3583 = EDGE_CURVE('',#3584,#3525,#3586,.T.);
#3584 = VERTEX_POINT('',#3585);
#3585 = CARTESIAN_POINT('',(99.359292740796,-37.40254637039,-4.));
#3586 = CIRCLE('',#3587,5.281248370398);
#3587 = AXIS2_PLACEMENT_3D('',#3588,#3589,#3590);
#3588 = CARTESIAN_POINT('',(94.078044370398,-37.40254637039,-4.));
#3589 = DIRECTION('',(0.,0.,1.));
#3590 = DIRECTION('',(1.,0.,0.));
#3591 = ORIENTED_EDGE('',*,*,#3592,.F.);
#3592 = EDGE_CURVE('',#3574,#3584,#3593,.T.);
#3593 = CIRCLE('',#3594,5.281248370398);
#3594 = AXIS2_PLACEMENT_3D('',#3595,#3596,#3597);
#3595 = CARTESIAN_POINT('',(94.078044370398,-37.40254637039,-4.));
#3596 = DIRECTION('',(0.,0.,1.));
#3597 = DIRECTION('',(1.,0.,0.));
#3598 = CYLINDRICAL_SURFACE('',#3599,5.281248370398);
#3599 = AXIS2_PLACEMENT_3D('',#3600,#3601,#3602);
#3600 = CARTESIAN_POINT('',(94.078044370398,-37.40254637039,-4.));
#3601 = DIRECTION('',(0.,0.,1.));
#3602 = DIRECTION('',(1.,0.,0.));
#3603 = ADVANCED_FACE('',(#3604),#3623,.T.);
#3604 = FACE_BOUND('',#3605,.F.);
#3605 = EDGE_LOOP('',(#3606,#3615,#3616,#3617));
#3606 = ORIENTED_EDGE('',*,*,#3607,.F.);
#3607 = EDGE_CURVE('',#3574,#3608,#3610,.T.);
#3608 = VERTEX_POINT('',#3609);
#3609 = CARTESIAN_POINT('',(87.783295755767,-44.84374999999,-4.));
#3610 = CIRCLE('',#3611,3.5);
#3611 = AXIS2_PLACEMENT_3D('',#3612,#3613,#3614);
#3612 = CARTESIAN_POINT('',(87.783295755767,-41.34374999999,-4.));
#3613 = DIRECTION('',(0.,-0.,-1.));
#3614 = DIRECTION('',(1.110223024625E-16,-1.,0.));
#3615 = ORIENTED_EDGE('',*,*,#3573,.F.);
#3616 = ORIENTED_EDGE('',*,*,#1279,.F.);
#3617 = ORIENTED_EDGE('',*,*,#3618,.F.);
#3618 = EDGE_CURVE('',#3608,#1272,#3619,.T.);
#3619 = LINE('',#3620,#3621);
#3620 = CARTESIAN_POINT('',(87.783295755767,-44.84374999999,-4.));
#3621 = VECTOR('',#3622,1.);
#3622 = DIRECTION('',(0.,0.,-1.));
#3623 = CYLINDRICAL_SURFACE('',#3624,3.5);
#3624 = AXIS2_PLACEMENT_3D('',#3625,#3626,#3627);
#3625 = CARTESIAN_POINT('',(87.783295755767,-41.34374999999,-4.));
#3626 = DIRECTION('',(0.,0.,1.));
#3627 = DIRECTION('',(1.110223024625E-16,-1.,0.));
#3628 = ADVANCED_FACE('',(#3629),#3647,.T.);
#3629 = FACE_BOUND('',#3630,.T.);
#3630 = EDGE_LOOP('',(#3631,#3639,#3645,#3646));
#3631 = ORIENTED_EDGE('',*,*,#3632,.F.);
#3632 = EDGE_CURVE('',#3633,#3608,#3635,.T.);
#3633 = VERTEX_POINT('',#3634);
#3634 = CARTESIAN_POINT('',(67.150000077504,-44.84374999999,-4.));
#3635 = LINE('',#3636,#3637);
#3636 = CARTESIAN_POINT('',(57.150000077504,-44.84374999999,-4.));
#3637 = VECTOR('',#3638,1.);
#3638 = DIRECTION('',(1.,6.169899892498E-14,0.));
#3639 = ORIENTED_EDGE('',*,*,#3640,.T.);
#3640 = EDGE_CURVE('',#3633,#1264,#3641,.T.);
#3641 = LINE('',#3642,#3643);
#3642 = CARTESIAN_POINT('',(67.150000077504,-44.84374999999,-2.5));
#3643 = VECTOR('',#3644,1.);
#3644 = DIRECTION('',(0.,0.,-1.));
#3645 = ORIENTED_EDGE('',*,*,#1271,.F.);
#3646 = ORIENTED_EDGE('',*,*,#3618,.F.);
#3647 = PLANE('',#3648);
#3648 = AXIS2_PLACEMENT_3D('',#3649,#3650,#3651);
#3649 = CARTESIAN_POINT('',(57.150000077504,-44.84374999999,-4.));
#3650 = DIRECTION('',(6.169899892498E-14,-1.,0.));
#3651 = DIRECTION('',(1.,6.169899892498E-14,0.));
#3652 = ADVANCED_FACE('',(#3653),#3679,.F.);
#3653 = FACE_BOUND('',#3654,.F.);
#3654 = EDGE_LOOP('',(#3655,#3665,#3671,#3672,#3673));
#3655 = ORIENTED_EDGE('',*,*,#3656,.F.);
#3656 = EDGE_CURVE('',#3657,#3659,#3661,.T.);
#3657 = VERTEX_POINT('',#3658);
#3658 = CARTESIAN_POINT('',(67.150000077504,-44.84374999999,-2.5));
#3659 = VERTEX_POINT('',#3660);
#3660 = CARTESIAN_POINT('',(67.150000077504,-47.84374999999,-2.5));
#3661 = LINE('',#3662,#3663);
#3662 = CARTESIAN_POINT('',(67.150000077504,-44.84374999999,-2.5));
#3663 = VECTOR('',#3664,1.);
#3664 = DIRECTION('',(0.,-1.,0.));
#3665 = ORIENTED_EDGE('',*,*,#3666,.T.);
#3666 = EDGE_CURVE('',#3657,#3633,#3667,.T.);
#3667 = LINE('',#3668,#3669);
#3668 = CARTESIAN_POINT('',(67.150000077504,-44.84374999999,-2.5));
#3669 = VECTOR('',#3670,1.);
#3670 = DIRECTION('',(0.,0.,-1.));
#3671 = ORIENTED_EDGE('',*,*,#3640,.T.);
#3672 = ORIENTED_EDGE('',*,*,#1263,.F.);
#3673 = ORIENTED_EDGE('',*,*,#3674,.F.);
#3674 = EDGE_CURVE('',#3659,#1256,#3675,.T.);
#3675 = LINE('',#3676,#3677);
#3676 = CARTESIAN_POINT('',(67.150000077504,-47.84374999999,-2.5));
#3677 = VECTOR('',#3678,1.);
#3678 = DIRECTION('',(0.,0.,-1.));
#3679 = PLANE('',#3680);
#3680 = AXIS2_PLACEMENT_3D('',#3681,#3682,#3683);
#3681 = CARTESIAN_POINT('',(67.150000077504,-44.84374999999,-2.5));
#3682 = DIRECTION('',(-1.,-0.,-0.));
#3683 = DIRECTION('',(0.,-1.,0.));
#3684 = ADVANCED_FACE('',(#3685),#3719,.F.);
#3685 = FACE_BOUND('',#3686,.F.);
#3686 = EDGE_LOOP('',(#3687,#3695,#3696,#3697,#3705,#3713));
#3687 = ORIENTED_EDGE('',*,*,#3688,.F.);
#3688 = EDGE_CURVE('',#3659,#3689,#3691,.T.);
#3689 = VERTEX_POINT('',#3690);
#3690 = CARTESIAN_POINT('',(57.150000077504,-47.84374999999,-2.5));
#3691 = LINE('',#3692,#3693);
#3692 = CARTESIAN_POINT('',(67.150000077504,-47.84374999999,-2.5));
#3693 = VECTOR('',#3694,1.);
#3694 = DIRECTION('',(-1.,0.,0.));
#3695 = ORIENTED_EDGE('',*,*,#3674,.T.);
#3696 = ORIENTED_EDGE('',*,*,#1255,.F.);
#3697 = ORIENTED_EDGE('',*,*,#3698,.T.);
#3698 = EDGE_CURVE('',#1247,#3699,#3701,.T.);
#3699 = VERTEX_POINT('',#3700);
#3700 = CARTESIAN_POINT('',(62.426717888089,-47.84374999999,-4.));
#3701 = LINE('',#3702,#3703);
#3702 = CARTESIAN_POINT('',(62.426717888089,-47.84374999999,-4.));
#3703 = VECTOR('',#3704,1.);
#3704 = DIRECTION('',(0.,0.,1.));
#3705 = ORIENTED_EDGE('',*,*,#3706,.F.);
#3706 = EDGE_CURVE('',#3707,#3699,#3709,.T.);
#3707 = VERTEX_POINT('',#3708);
#3708 = CARTESIAN_POINT('',(57.150000077504,-47.84374999999,-4.));
#3709 = LINE('',#3710,#3711);
#3710 = CARTESIAN_POINT('',(93.727375616593,-47.84374999999,-4.));
#3711 = VECTOR('',#3712,1.);
#3712 = DIRECTION('',(1.,0.,0.));
#3713 = ORIENTED_EDGE('',*,*,#3714,.F.);
#3714 = EDGE_CURVE('',#3689,#3707,#3715,.T.);
#3715 = LINE('',#3716,#3717);
#3716 = CARTESIAN_POINT('',(57.150000077504,-47.84374999999,-2.5));
#3717 = VECTOR('',#3718,1.);
#3718 = DIRECTION('',(0.,0.,-1.));
#3719 = PLANE('',#3720);
#3720 = AXIS2_PLACEMENT_3D('',#3721,#3722,#3723);
#3721 = CARTESIAN_POINT('',(67.150000077504,-47.84374999999,-2.5));
#3722 = DIRECTION('',(0.,1.,0.));
#3723 = DIRECTION('',(-1.,0.,0.));
#3724 = ADVANCED_FACE('',(#3725),#3744,.T.);
#3725 = FACE_BOUND('',#3726,.T.);
#3726 = EDGE_LOOP('',(#3727,#3736,#3742,#3743));
#3727 = ORIENTED_EDGE('',*,*,#3728,.F.);
#3728 = EDGE_CURVE('',#3729,#3699,#3731,.T.);
#3729 = VERTEX_POINT('',#3730);
#3730 = CARTESIAN_POINT('',(54.36875,-52.11457136967,-4.));
#3731 = CIRCLE('',#3732,5.281250077504);
#3732 = AXIS2_PLACEMENT_3D('',#3733,#3734,#3735);
#3733 = CARTESIAN_POINT('',(57.150000077504,-47.6250000775,-4.));
#3734 = DIRECTION('',(0.,0.,1.));
#3735 = DIRECTION('',(1.,0.,0.));
#3736 = ORIENTED_EDGE('',*,*,#3737,.F.);
#3737 = EDGE_CURVE('',#1239,#3729,#3738,.T.);
#3738 = LINE('',#3739,#3740);
#3739 = CARTESIAN_POINT('',(54.36875,-52.11457136967,-4.));
#3740 = VECTOR('',#3741,1.);
#3741 = DIRECTION('',(0.,0.,1.));
#3742 = ORIENTED_EDGE('',*,*,#1246,.T.);
#3743 = ORIENTED_EDGE('',*,*,#3698,.T.);
#3744 = CYLINDRICAL_SURFACE('',#3745,5.281250077504);
#3745 = AXIS2_PLACEMENT_3D('',#3746,#3747,#3748);
#3746 = CARTESIAN_POINT('',(57.150000077504,-47.6250000775,-4.));
#3747 = DIRECTION('',(0.,0.,1.));
#3748 = DIRECTION('',(1.,0.,0.));
#3749 = ADVANCED_FACE('',(#3750),#3768,.T.);
#3750 = FACE_BOUND('',#3751,.T.);
#3751 = EDGE_LOOP('',(#3752,#3760,#3766,#3767));
#3752 = ORIENTED_EDGE('',*,*,#3753,.F.);
#3753 = EDGE_CURVE('',#3754,#3729,#3756,.T.);
#3754 = VERTEX_POINT('',#3755);
#3755 = CARTESIAN_POINT('',(54.36875,-122.9073036302,-4.));
#3756 = LINE('',#3757,#3758);
#3757 = CARTESIAN_POINT('',(54.36875,-127.3968749224,-4.));
#3758 = VECTOR('',#3759,1.);
#3759 = DIRECTION('',(0.,1.,0.));
#3760 = ORIENTED_EDGE('',*,*,#3761,.F.);
#3761 = EDGE_CURVE('',#1230,#3754,#3762,.T.);
#3762 = LINE('',#3763,#3764);
#3763 = CARTESIAN_POINT('',(54.36875,-122.9073036302,-4.));
#3764 = VECTOR('',#3765,1.);
#3765 = DIRECTION('',(0.,0.,1.));
#3766 = ORIENTED_EDGE('',*,*,#1238,.F.);
#3767 = ORIENTED_EDGE('',*,*,#3737,.T.);
#3768 = PLANE('',#3769);
#3769 = AXIS2_PLACEMENT_3D('',#3770,#3771,#3772);
#3770 = CARTESIAN_POINT('',(54.36875,-127.3968749224,-4.));
#3771 = DIRECTION('',(1.,0.,0.));
#3772 = DIRECTION('',(0.,1.,0.));
#3773 = ADVANCED_FACE('',(#3774),#3793,.T.);
#3774 = FACE_BOUND('',#3775,.T.);
#3775 = EDGE_LOOP('',(#3776,#3777,#3778,#3787));
#3776 = ORIENTED_EDGE('',*,*,#1229,.T.);
#3777 = ORIENTED_EDGE('',*,*,#3761,.T.);
#3778 = ORIENTED_EDGE('',*,*,#3779,.F.);
#3779 = EDGE_CURVE('',#3780,#3754,#3782,.T.);
#3780 = VERTEX_POINT('',#3781);
#3781 = CARTESIAN_POINT('',(62.426717888089,-127.1781249999,-4.));
#3782 = CIRCLE('',#3783,5.281250077504);
#3783 = AXIS2_PLACEMENT_3D('',#3784,#3785,#3786);
#3784 = CARTESIAN_POINT('',(57.150000077504,-127.3968749224,-4.));
#3785 = DIRECTION('',(0.,0.,1.));
#3786 = DIRECTION('',(1.,0.,0.));
#3787 = ORIENTED_EDGE('',*,*,#3788,.F.);
#3788 = EDGE_CURVE('',#1222,#3780,#3789,.T.);
#3789 = LINE('',#3790,#3791);
#3790 = CARTESIAN_POINT('',(62.426717888089,-127.1781249999,-4.));
#3791 = VECTOR('',#3792,1.);
#3792 = DIRECTION('',(0.,0.,1.));
#3793 = CYLINDRICAL_SURFACE('',#3794,5.281250077504);
#3794 = AXIS2_PLACEMENT_3D('',#3795,#3796,#3797);
#3795 = CARTESIAN_POINT('',(57.150000077504,-127.3968749224,-4.));
#3796 = DIRECTION('',(0.,0.,1.));
#3797 = DIRECTION('',(1.,0.,0.));
#3798 = ADVANCED_FACE('',(#3799),#3833,.F.);
#3799 = FACE_BOUND('',#3800,.F.);
#3800 = EDGE_LOOP('',(#3801,#3811,#3819,#3825,#3826,#3827));
#3801 = ORIENTED_EDGE('',*,*,#3802,.F.);
#3802 = EDGE_CURVE('',#3803,#3805,#3807,.T.);
#3803 = VERTEX_POINT('',#3804);
#3804 = CARTESIAN_POINT('',(57.150000077504,-127.1781249999,-2.5));
#3805 = VERTEX_POINT('',#3806);
#3806 = CARTESIAN_POINT('',(67.150000077504,-127.1781249999,-2.5));
#3807 = LINE('',#3808,#3809);
#3808 = CARTESIAN_POINT('',(57.150000077504,-127.1781249999,-2.5));
#3809 = VECTOR('',#3810,1.);
#3810 = DIRECTION('',(1.,0.,0.));
#3811 = ORIENTED_EDGE('',*,*,#3812,.T.);
#3812 = EDGE_CURVE('',#3803,#3813,#3815,.T.);
#3813 = VERTEX_POINT('',#3814);
#3814 = CARTESIAN_POINT('',(57.150000077504,-127.1781249999,-4.));
#3815 = LINE('',#3816,#3817);
#3816 = CARTESIAN_POINT('',(57.150000077504,-127.1781249999,-2.5));
#3817 = VECTOR('',#3818,1.);
#3818 = DIRECTION('',(0.,0.,-1.));
#3819 = ORIENTED_EDGE('',*,*,#3820,.F.);
#3820 = EDGE_CURVE('',#3780,#3813,#3821,.T.);
#3821 = LINE('',#3822,#3823);
#3822 = CARTESIAN_POINT('',(88.727375616593,-127.1781249999,-4.));
#3823 = VECTOR('',#3824,1.);
#3824 = DIRECTION('',(-1.,0.,0.));
#3825 = ORIENTED_EDGE('',*,*,#3788,.F.);
#3826 = ORIENTED_EDGE('',*,*,#1221,.F.);
#3827 = ORIENTED_EDGE('',*,*,#3828,.F.);
#3828 = EDGE_CURVE('',#3805,#1214,#3829,.T.);
#3829 = LINE('',#3830,#3831);
#3830 = CARTESIAN_POINT('',(67.150000077504,-127.1781249999,-2.5));
#3831 = VECTOR('',#3832,1.);
#3832 = DIRECTION('',(0.,0.,-1.));
#3833 = PLANE('',#3834);
#3834 = AXIS2_PLACEMENT_3D('',#3835,#3836,#3837);
#3835 = CARTESIAN_POINT('',(57.150000077504,-127.1781249999,-2.5));
#3836 = DIRECTION('',(0.,-1.,0.));
#3837 = DIRECTION('',(1.,0.,0.));
#3838 = ADVANCED_FACE('',(#3839),#3858,.F.);
#3839 = FACE_BOUND('',#3840,.F.);
#3840 = EDGE_LOOP('',(#3841,#3849,#3850,#3851,#3852));
#3841 = ORIENTED_EDGE('',*,*,#3842,.F.);
#3842 = EDGE_CURVE('',#3805,#3843,#3845,.T.);
#3843 = VERTEX_POINT('',#3844);
#3844 = CARTESIAN_POINT('',(67.150000077504,-130.1781249999,-2.5));
#3845 = LINE('',#3846,#3847);
#3846 = CARTESIAN_POINT('',(67.150000077504,-127.1781249999,-2.5));
#3847 = VECTOR('',#3848,1.);
#3848 = DIRECTION('',(0.,-1.,0.));
#3849 = ORIENTED_EDGE('',*,*,#3828,.T.);
#3850 = ORIENTED_EDGE('',*,*,#1213,.F.);
#3851 = ORIENTED_EDGE('',*,*,#3188,.F.);
#3852 = ORIENTED_EDGE('',*,*,#3853,.F.);
#3853 = EDGE_CURVE('',#3843,#3167,#3854,.T.);
#3854 = LINE('',#3855,#3856);
#3855 = CARTESIAN_POINT('',(67.150000077504,-130.1781249999,-2.5));
#3856 = VECTOR('',#3857,1.);
#3857 = DIRECTION('',(0.,0.,-1.));
#3858 = PLANE('',#3859);
#3859 = AXIS2_PLACEMENT_3D('',#3860,#3861,#3862);
#3860 = CARTESIAN_POINT('',(67.150000077504,-127.1781249999,-2.5));
#3861 = DIRECTION('',(-1.,-0.,-0.));
#3862 = DIRECTION('',(0.,-1.,0.));
#3863 = ADVANCED_FACE('',(#3864),#3874,.T.);
#3864 = FACE_BOUND('',#3865,.T.);
#3865 = EDGE_LOOP('',(#3866,#3867,#3868,#3873));
#3866 = ORIENTED_EDGE('',*,*,#1502,.T.);
#3867 = ORIENTED_EDGE('',*,*,#1689,.T.);
#3868 = ORIENTED_EDGE('',*,*,#3869,.F.);
#3869 = EDGE_CURVE('',#1541,#1665,#3870,.T.);
#3870 = B_SPLINE_CURVE_WITH_KNOTS('',1,(#3871,#3872),.UNSPECIFIED.,.F.,
  .F.,(2,2),(0.,2.096231794156E-02),.PIECEWISE_BEZIER_KNOTS.);
#3871 = CARTESIAN_POINT('',(129.78164869477,-146.9656238244,
    -15.16872602945));
#3872 = CARTESIAN_POINT('',(129.8647748197,-146.4650085684,
    -14.67567050429));
#3873 = ORIENTED_EDGE('',*,*,#1550,.F.);
#3874 = B_SPLINE_SURFACE_WITH_KNOTS('',1,3,(
    (#3875,#3876,#3877,#3878)
    ,(#3879,#3880,#3881,#3882
    )),.UNSPECIFIED.,.F.,.F.,.F.,(2,2),(4,4),(0.,2.096231794156E-02),(
    38.553607719384,38.574570037326),.PIECEWISE_BEZIER_KNOTS.);
#3875 = CARTESIAN_POINT('',(129.8023359999,-146.965524427,
    -15.17237368531));
#3876 = CARTESIAN_POINT('',(129.79544044601,-146.9655860903,
    -15.17115779801));
#3877 = CARTESIAN_POINT('',(129.78854468408,-146.9656192234,
    -15.16994191718));
#3878 = CARTESIAN_POINT('',(129.78164869477,-146.9656238244,
    -15.16872602945));
#3879 = CARTESIAN_POINT('',(129.885582265,-146.4648526746,
    -14.67933941829));
#3880 = CARTESIAN_POINT('',(129.87864643819,-146.4649037781,
    -14.67811644489));
#3881 = CARTESIAN_POINT('',(129.87171062301,-146.4649557428,
    -14.67689347354));
#3882 = CARTESIAN_POINT('',(129.8647748197,-146.4650085684,
    -14.67567050429));
#3883 = ADVANCED_FACE('',(#3884),#3919,.T.);
#3884 = FACE_BOUND('',#3885,.F.);
#3885 = EDGE_LOOP('',(#3886,#3894,#3917,#3918));
#3886 = ORIENTED_EDGE('',*,*,#3887,.F.);
#3887 = EDGE_CURVE('',#3888,#2103,#3890,.T.);
#3888 = VERTEX_POINT('',#3889);
#3889 = CARTESIAN_POINT('',(124.49687499999,-141.6843749224,
    -14.22916493633));
#3890 = LINE('',#3891,#3892);
#3891 = CARTESIAN_POINT('',(124.49687499999,-141.6843749224,-4.));
#3892 = VECTOR('',#3893,1.);
#3893 = DIRECTION('',(0.,0.,-1.));
#3894 = ORIENTED_EDGE('',*,*,#3895,.F.);
#3895 = EDGE_CURVE('',#1541,#3888,#3896,.T.);
#3896 = B_SPLINE_CURVE_WITH_KNOTS('',7,(#3897,#3898,#3899,#3900,#3901,
    #3902,#3903,#3904,#3905,#3906,#3907,#3908,#3909,#3910,#3911,#3912,
    #3913,#3914,#3915,#3916),.UNSPECIFIED.,.F.,.F.,(8,6,6,8),(
    38.574570037326,38.64158237661,38.662544682473,47.07200109994),
  .UNSPECIFIED.);
#3897 = CARTESIAN_POINT('',(129.78164869477,-146.9656238244,
    -15.16872602945));
#3898 = CARTESIAN_POINT('',(129.77220079519,-146.965630128,
    -15.16706019375));
#3899 = CARTESIAN_POINT('',(129.76275272955,-146.9656167137,
    -15.16539435474));
#3900 = CARTESIAN_POINT('',(129.75330449231,-146.9655835795,
    -15.16372848845));
#3901 = CARTESIAN_POINT('',(129.74385607792,-146.965530723,
    -15.16206257089));
#3902 = CARTESIAN_POINT('',(129.73440748083,-146.965458142,
    -15.16039657809));
#3903 = CARTESIAN_POINT('',(129.72495869548,-146.9653658344,
    -15.15873048607));
#3904 = CARTESIAN_POINT('',(129.71255395636,-146.9652187514,
    -15.1565430577));
#3905 = CARTESIAN_POINT('',(129.70959872892,-146.9651817808,
    -15.15602192862));
#3906 = CARTESIAN_POINT('',(129.70664368141,-146.9651428837,
    -15.15550082639));
#3907 = CARTESIAN_POINT('',(129.70368854262,-146.9651020551,
    -15.1549797017));
#3908 = CARTESIAN_POINT('',(129.70073358588,-146.9650592993,
    -15.15445860409));
#3909 = CARTESIAN_POINT('',(129.69777913076,-146.9650146227,
    -15.15393759366));
#3910 = CARTESIAN_POINT('',(128.50934652272,-146.9462671797,
    -14.94435840433));
#3911 = CARTESIAN_POINT('',(127.33387609879,-146.6171863004,
    -14.73614199538));
#3912 = CARTESIAN_POINT('',(126.26521548667,-145.983815552,
    -14.54594891463));
#3913 = CARTESIAN_POINT('',(125.39762984508,-145.0907492306,
    -14.39067410525));
#3914 = CARTESIAN_POINT('',(124.79711025109,-144.0160415145,
    -14.28300708427));
#3915 = CARTESIAN_POINT('',(124.49687499999,-142.8501904477,
    -14.22916493633));
#3916 = CARTESIAN_POINT('',(124.49687499999,-141.6843749224,
    -14.22916493633));
#3917 = ORIENTED_EDGE('',*,*,#1540,.T.);
#3918 = ORIENTED_EDGE('',*,*,#2166,.F.);
#3919 = CYLINDRICAL_SURFACE('',#3920,5.281250077504);
#3920 = AXIS2_PLACEMENT_3D('',#3921,#3922,#3923);
#3921 = CARTESIAN_POINT('',(129.7781250775,-141.6843749224,-4.));
#3922 = DIRECTION('',(0.,0.,1.));
#3923 = DIRECTION('',(-3.254771097083E-08,-1.,0.));
#3924 = ADVANCED_FACE('',(#3925),#3935,.T.);
#3925 = FACE_BOUND('',#3926,.T.);
#3926 = EDGE_LOOP('',(#3927,#3928,#3929,#3934));
#3927 = ORIENTED_EDGE('',*,*,#3869,.T.);
#3928 = ORIENTED_EDGE('',*,*,#1664,.T.);
#3929 = ORIENTED_EDGE('',*,*,#3930,.F.);
#3930 = EDGE_CURVE('',#3888,#1657,#3931,.T.);
#3931 = B_SPLINE_CURVE_WITH_KNOTS('',1,(#3932,#3933),.UNSPECIFIED.,.F.,
  .F.,(2,2),(0.,8.497431062614),.PIECEWISE_BEZIER_KNOTS.);
#3932 = CARTESIAN_POINT('',(124.49687499999,-141.6843749224,
    -14.22916493633));
#3933 = CARTESIAN_POINT('',(124.9892788765,-141.6843749224,
    -13.81598902517));
#3934 = ORIENTED_EDGE('',*,*,#3895,.F.);
#3935 = B_SPLINE_SURFACE_WITH_KNOTS('',1,7,(
    (#3936,#3937,#3938,#3939,#3940,#3941,#3942,#3943,#3944,#3945,#3946
      ,#3947,#3948,#3949,#3950,#3951,#3952,#3953,#3954,#3955)
    ,(#3956,#3957,#3958,#3959,#3960,#3961,#3962,#3963,#3964,#3965,#3966
      ,#3967,#3968,#3969,#3970,#3971,#3972,#3973,#3974,#3975
  )),.UNSPECIFIED.,.F.,.F.,.F.,(2,2),(8,6,6,8),(0.,8.497431062614),(
    38.574570037326,38.64158237661,38.662544682473,47.07200109994),
  .UNSPECIFIED.);
#3936 = CARTESIAN_POINT('',(129.78164869477,-146.9656238244,
    -15.16872602945));
#3937 = CARTESIAN_POINT('',(129.77220079519,-146.965630128,
    -15.16706019375));
#3938 = CARTESIAN_POINT('',(129.76275272955,-146.9656167137,
    -15.16539435474));
#3939 = CARTESIAN_POINT('',(129.75330449231,-146.9655835795,
    -15.16372848845));
#3940 = CARTESIAN_POINT('',(129.74385607792,-146.965530723,
    -15.16206257089));
#3941 = CARTESIAN_POINT('',(129.73440748083,-146.965458142,
    -15.16039657809));
#3942 = CARTESIAN_POINT('',(129.72495869548,-146.9653658344,
    -15.15873048607));
#3943 = CARTESIAN_POINT('',(129.71255395636,-146.9652187514,
    -15.1565430577));
#3944 = CARTESIAN_POINT('',(129.70959872892,-146.9651817808,
    -15.15602192862));
#3945 = CARTESIAN_POINT('',(129.70664368141,-146.9651428837,
    -15.15550082639));
#3946 = CARTESIAN_POINT('',(129.70368854262,-146.9651020551,
    -15.1549797017));
#3947 = CARTESIAN_POINT('',(129.70073358588,-146.9650592993,
    -15.15445860409));
#3948 = CARTESIAN_POINT('',(129.69777913076,-146.9650146227,
    -15.15393759366));
#3949 = CARTESIAN_POINT('',(128.50934652272,-146.9462671797,
    -14.94435840433));
#3950 = CARTESIAN_POINT('',(127.33387609879,-146.6171863004,
    -14.73614199538));
#3951 = CARTESIAN_POINT('',(126.26521548667,-145.983815552,
    -14.54594891463));
#3952 = CARTESIAN_POINT('',(125.39762984508,-145.0907492306,
    -14.39067410525));
#3953 = CARTESIAN_POINT('',(124.79711025109,-144.0160415145,
    -14.28300708427));
#3954 = CARTESIAN_POINT('',(124.49687499999,-142.8501904477,
    -14.22916493633));
#3955 = CARTESIAN_POINT('',(124.49687499999,-141.6843749224,
    -14.22916493633));
#3956 = CARTESIAN_POINT('',(129.8647748197,-146.4650085684,
    -14.67567050429));
#3957 = CARTESIAN_POINT('',(129.85527237265,-146.4650809425,
    -14.67399496649));
#3958 = CARTESIAN_POINT('',(129.84576994294,-146.4651545735,
    -14.67231943175));
#3959 = CARTESIAN_POINT('',(129.83626753082,-146.465229461,
    -14.67064390011));
#3960 = CARTESIAN_POINT('',(129.82676513652,-146.4653056051,
    -14.66896837161));
#3961 = CARTESIAN_POINT('',(129.81726276028,-146.4653830054,
    -14.6672928463));
#3962 = CARTESIAN_POINT('',(129.80776040234,-146.4654616617,
    -14.66561732422));
#3963 = CARTESIAN_POINT('',(129.79528561119,-146.4655665715,
    -14.66341768196));
#3964 = CARTESIAN_POINT('',(129.7932942907,-146.4655828483,
    -14.66306655843));
#3965 = CARTESIAN_POINT('',(129.79092246198,-146.4655975319,
    -14.66264834103));
#3966 = CARTESIAN_POINT('',(129.78838862575,-146.4656096722,
    -14.66220155734));
#3967 = CARTESIAN_POINT('',(129.78608085171,-146.465617471,
    -14.66179463451));
#3968 = CARTESIAN_POINT('',(129.78387666777,-146.4656215189,
    -14.66140597741));
#3969 = CARTESIAN_POINT('',(128.70474950315,-146.4666346923,
    -14.47112674268));
#3970 = CARTESIAN_POINT('',(127.6275946449,-146.1849402384,
    -14.28119527877));
#3971 = CARTESIAN_POINT('',(126.63986493641,-145.6217364837,
    -14.10703188151));
#3972 = CARTESIAN_POINT('',(125.83122216241,-144.8118768446,
    -13.9644463427));
#3973 = CARTESIAN_POINT('',(125.26996704038,-143.8276614125,
    -13.86548192162));
#3974 = CARTESIAN_POINT('',(124.9892788765,-142.7560041328,
    -13.81598902517));
#3975 = CARTESIAN_POINT('',(124.9892788765,-141.6843749224,
    -13.81598902517));
#3976 = ADVANCED_FACE('',(#3977),#3995,.F.);
#3977 = FACE_BOUND('',#3978,.F.);
#3978 = EDGE_LOOP('',(#3979,#3980,#3988,#3994));
#3979 = ORIENTED_EDGE('',*,*,#3930,.F.);
#3980 = ORIENTED_EDGE('',*,*,#3981,.T.);
#3981 = EDGE_CURVE('',#3888,#3982,#3984,.T.);
#3982 = VERTEX_POINT('',#3983);
#3983 = CARTESIAN_POINT('',(124.49687499999,-133.6781249999,
    -14.22916493633));
#3984 = LINE('',#3985,#3986);
#3985 = CARTESIAN_POINT('',(124.49687499999,-141.6843749224,
    -14.22916493633));
#3986 = VECTOR('',#3987,1.);
#3987 = DIRECTION('',(-2.094464790189E-13,1.,3.67090206605E-14));
#3988 = ORIENTED_EDGE('',*,*,#3989,.T.);
#3989 = EDGE_CURVE('',#3982,#1643,#3990,.T.);
#3990 = LINE('',#3991,#3992);
#3991 = CARTESIAN_POINT('',(124.74307693824,-133.6781249999,
    -14.02257698075));
#3992 = VECTOR('',#3993,1.);
#3993 = DIRECTION('',(0.766044443119,1.36849207739E-13,0.642787609687));
#3994 = ORIENTED_EDGE('',*,*,#1656,.F.);
#3995 = PLANE('',#3996);
#3996 = AXIS2_PLACEMENT_3D('',#3997,#3998,#3999);
#3997 = CARTESIAN_POINT('',(124.74307693824,-141.6843749224,
    -14.02257698075));
#3998 = DIRECTION('',(0.642787609687,1.624451570618E-13,-0.766044443119)
  );
#3999 = DIRECTION('',(-2.092503093466E-13,1.,3.647523474873E-14));
#4000 = ADVANCED_FACE('',(#4001),#4024,.T.);
#4001 = FACE_BOUND('',#4002,.T.);
#4002 = EDGE_LOOP('',(#4003,#4004,#4005,#4012));
#4003 = ORIENTED_EDGE('',*,*,#3989,.T.);
#4004 = ORIENTED_EDGE('',*,*,#1642,.T.);
#4005 = ORIENTED_EDGE('',*,*,#4006,.F.);
#4006 = EDGE_CURVE('',#4007,#1635,#4009,.T.);
#4007 = VERTEX_POINT('',#4008);
#4008 = CARTESIAN_POINT('',(123.49687499999,-132.6781249999,
    -14.06055126157));
#4009 = B_SPLINE_CURVE_WITH_KNOTS('',1,(#4010,#4011),.UNSPECIFIED.,.F.,
  .F.,(2,2),(0.,1.4946642554),.PIECEWISE_BEZIER_KNOTS.);
#4010 = CARTESIAN_POINT('',(123.49687499999,-132.6781249999,
    -14.06055126157));
#4011 = CARTESIAN_POINT('',(123.58447978577,-132.1781256284,
    -13.568285043));
#4012 = ORIENTED_EDGE('',*,*,#4013,.F.);
#4013 = EDGE_CURVE('',#3982,#4007,#4014,.T.);
#4014 = B_SPLINE_CURVE_WITH_KNOTS('',8,(#4015,#4016,#4017,#4018,#4019,
    #4020,#4021,#4022,#4023),.UNSPECIFIED.,.F.,.F.,(9,9),(
    55.078251026152,56.572915281552),.PIECEWISE_BEZIER_KNOTS.);
#4015 = CARTESIAN_POINT('',(124.49687499999,-133.6781249999,
    -14.22916493633));
#4016 = CARTESIAN_POINT('',(124.49687499999,-133.476289995,
    -14.22916493633));
#4017 = CARTESIAN_POINT('',(124.45028948258,-133.2703791124,
    -14.22165672548));
#4018 = CARTESIAN_POINT('',(124.3540638371,-133.0758885402,
    -14.20645460508));
#4019 = CARTESIAN_POINT('',(124.2116253409,-132.9097477821,
    -14.18544449811));
#4020 = CARTESIAN_POINT('',(124.03951768909,-132.7925901881,
    -14.15629272437));
#4021 = CARTESIAN_POINT('',(123.86327422998,-132.7171971672,
    -14.12513477861));
#4022 = CARTESIAN_POINT('',(123.68165726318,-132.6781249999,
    -14.09313336012));
#4023 = CARTESIAN_POINT('',(123.49687499999,-132.6781249999,
    -14.06055126157));
#4024 = B_SPLINE_SURFACE_WITH_KNOTS('',1,8,(
    (#4025,#4026,#4027,#4028,#4029,#4030,#4031,#4032,#4033)
    ,(#4034,#4035,#4036,#4037,#4038,#4039,#4040,#4041,#4042
  )),.UNSPECIFIED.,.F.,.F.,.F.,(2,2),(9,9),(0.,1.4946642554),(
    55.078251026152,56.572915281552),.PIECEWISE_BEZIER_KNOTS.);
#4025 = CARTESIAN_POINT('',(124.49687499999,-133.6781249999,
    -14.22916493633));
#4026 = CARTESIAN_POINT('',(124.49687499999,-133.476289995,
    -14.22916493633));
#4027 = CARTESIAN_POINT('',(124.45028948258,-133.2703791124,
    -14.22165672548));
#4028 = CARTESIAN_POINT('',(124.3540638371,-133.0758885402,
    -14.20645460508));
#4029 = CARTESIAN_POINT('',(124.2116253409,-132.9097477821,
    -14.18544449811));
#4030 = CARTESIAN_POINT('',(124.03951768909,-132.7925901881,
    -14.15629272437));
#4031 = CARTESIAN_POINT('',(123.86327422998,-132.7171971672,
    -14.12513477861));
#4032 = CARTESIAN_POINT('',(123.68165726318,-132.6781249999,
    -14.09313336012));
#4033 = CARTESIAN_POINT('',(123.49687499999,-132.6781249999,
    -14.06055126157));
#4034 = CARTESIAN_POINT('',(124.9892788765,-133.6781249999,
    -13.81598902517));
#4035 = CARTESIAN_POINT('',(124.9892788765,-133.3984709542,
    -13.81598902517));
#4036 = CARTESIAN_POINT('',(124.92993969486,-133.1189436214,
    -13.80552592643));
#4037 = CARTESIAN_POINT('',(124.81538919868,-132.8527157229,
    -13.7853275833));
#4038 = CARTESIAN_POINT('',(124.64756999682,-132.6121651473,
    -13.75573653013));
#4039 = CARTESIAN_POINT('',(124.43370969715,-132.4078381608,
    -13.7180271892));
#4040 = CARTESIAN_POINT('',(124.17097953855,-132.256134228,
    -13.67170077359));
#4041 = CARTESIAN_POINT('',(123.88004622186,-132.1786014731,
    -13.62040138027));
#4042 = CARTESIAN_POINT('',(123.58447978577,-132.1781256284,
    -13.568285043));
#4043 = ADVANCED_FACE('',(#4044),#4062,.F.);
#4044 = FACE_BOUND('',#4045,.F.);
#4045 = EDGE_LOOP('',(#4046,#4047,#4055,#4061));
#4046 = ORIENTED_EDGE('',*,*,#4006,.F.);
#4047 = ORIENTED_EDGE('',*,*,#4048,.T.);
#4048 = EDGE_CURVE('',#4007,#4049,#4051,.T.);
#4049 = VERTEX_POINT('',#4050);
#4050 = CARTESIAN_POINT('',(101.32212728885,-132.6781249999,
    -10.15054494969));
#4051 = LINE('',#4052,#4053);
#4052 = CARTESIAN_POINT('',(123.41005091116,-132.6781249999,
    -14.04524183213));
#4053 = VECTOR('',#4054,1.);
#4054 = DIRECTION('',(-0.984807753012,1.33480448557E-12,0.173648177667)
  );
#4055 = ORIENTED_EDGE('',*,*,#4056,.T.);
#4056 = EDGE_CURVE('',#4049,#1627,#4057,.T.);
#4057 = LINE('',#4058,#4059);
#4058 = CARTESIAN_POINT('',(104.12504897482,-128.9017588281,
    -6.81015296067));
#4059 = VECTOR('',#4060,1.);
#4060 = DIRECTION('',(0.485901760304,0.654653670708,0.57907516849));
#4061 = ORIENTED_EDGE('',*,*,#1634,.F.);
#4062 = PLANE('',#4063);
#4063 = AXIS2_PLACEMENT_3D('',#4064,#4065,#4066);
#4064 = CARTESIAN_POINT('',(123.45346295557,-132.4281249999,
    -13.79903989388));
#4065 = DIRECTION('',(-0.122787803968,0.707106781187,-0.69636424032));
#4066 = DIRECTION('',(-0.984807753012,1.333818109952E-12,0.173648177667)
  );
#4067 = ADVANCED_FACE('',(#4068),#4086,.T.);
#4068 = FACE_BOUND('',#4069,.T.);
#4069 = EDGE_LOOP('',(#4070,#4078,#4084,#4085));
#4070 = ORIENTED_EDGE('',*,*,#4071,.F.);
#4071 = EDGE_CURVE('',#4072,#3165,#4074,.T.);
#4072 = VERTEX_POINT('',#4073);
#4073 = CARTESIAN_POINT('',(99.615600888884,-132.1781249999,-4.));
#4074 = LINE('',#4075,#4076);
#4075 = CARTESIAN_POINT('',(99.615600888883,-44.68344092948,-4.));
#4076 = VECTOR('',#4077,1.);
#4077 = DIRECTION('',(-8.081762687211E-17,1.,0.));
#4078 = ORIENTED_EDGE('',*,*,#4079,.T.);
#4079 = EDGE_CURVE('',#4072,#1627,#4080,.T.);
#4080 = LINE('',#4081,#4082);
#4081 = CARTESIAN_POINT('',(99.615600888884,-132.1781249999,-4.));
#4082 = VECTOR('',#4083,1.);
#4083 = DIRECTION('',(0.342020143326,-4.635727329218E-13,-0.939692620786
    ));
#4084 = ORIENTED_EDGE('',*,*,#1626,.F.);
#4085 = ORIENTED_EDGE('',*,*,#3174,.F.);
#4086 = PLANE('',#4087);
#4087 = AXIS2_PLACEMENT_3D('',#4088,#4089,#4090);
#4088 = CARTESIAN_POINT('',(79.118977791634,1.161604349037E-14,
    52.314009134766));
#4089 = DIRECTION('',(0.939692620786,7.594372760115E-17,0.342020143326)
  );
#4090 = DIRECTION('',(0.342020143326,-2.086536767334E-16,-0.939692620786
    ));
#4091 = ADVANCED_FACE('',(#4092),#4108,.T.);
#4092 = FACE_BOUND('',#4093,.T.);
#4093 = EDGE_LOOP('',(#4094,#4100,#4101,#4107));
#4094 = ORIENTED_EDGE('',*,*,#4095,.F.);
#4095 = EDGE_CURVE('',#1783,#1725,#4096,.T.);
#4096 = LINE('',#4097,#4098);
#4097 = CARTESIAN_POINT('',(214.53125,-113.7382995285,-4.25));
#4098 = VECTOR('',#4099,1.);
#4099 = DIRECTION('',(0.707106781187,-2.90882763039E-35,-0.707106781187)
  );
#4100 = ORIENTED_EDGE('',*,*,#1782,.T.);
#4101 = ORIENTED_EDGE('',*,*,#4102,.T.);
#4102 = EDGE_CURVE('',#1775,#613,#4103,.T.);
#4103 = LINE('',#4104,#4105);
#4104 = CARTESIAN_POINT('',(214.07369628219,-116.3789252588,-4.5));
#4105 = VECTOR('',#4106,1.);
#4106 = DIRECTION('',(0.612372389258,-0.353553471026,-0.707106781187));
#4107 = ORIENTED_EDGE('',*,*,#1724,.F.);
#4108 = CONICAL_SURFACE('',#4109,5.281250259068,0.785398163397);
#4109 = AXIS2_PLACEMENT_3D('',#4110,#4111,#4112);
#4110 = CARTESIAN_POINT('',(209.49999974093,-113.7382995285,-4.5));
#4111 = DIRECTION('',(-0.,-0.,-1.));
#4112 = DIRECTION('',(1.,0.,0.));
#4113 = ADVANCED_FACE('',(#4114),#4132,.F.);
#4114 = FACE_BOUND('',#4115,.F.);
#4115 = EDGE_LOOP('',(#4116,#4117,#4125,#4131));
#4116 = ORIENTED_EDGE('',*,*,#1733,.F.);
#4117 = ORIENTED_EDGE('',*,*,#4118,.F.);
#4118 = EDGE_CURVE('',#4119,#1725,#4121,.T.);
#4119 = VERTEX_POINT('',#4120);
#4120 = CARTESIAN_POINT('',(214.78125,-37.40254807749,-4.5));
#4121 = LINE('',#4122,#4123);
#4122 = CARTESIAN_POINT('',(214.78125,-37.40254807749,-4.5));
#4123 = VECTOR('',#4124,1.);
#4124 = DIRECTION('',(0.,-1.,0.));
#4125 = ORIENTED_EDGE('',*,*,#4126,.T.);
#4126 = EDGE_CURVE('',#4119,#3059,#4127,.T.);
#4127 = LINE('',#4128,#4129);
#4128 = CARTESIAN_POINT('',(214.78125,-37.40254807749,-4.));
#4129 = VECTOR('',#4130,1.);
#4130 = DIRECTION('',(0.,0.,-1.));
#4131 = ORIENTED_EDGE('',*,*,#3150,.F.);
#4132 = PLANE('',#4133);
#4133 = AXIS2_PLACEMENT_3D('',#4134,#4135,#4136);
#4134 = CARTESIAN_POINT('',(214.78125,-37.40254807749,-4.));
#4135 = DIRECTION('',(-1.,-0.,-0.));
#4136 = DIRECTION('',(0.,-1.,0.));
#4137 = ADVANCED_FACE('',(#4138),#4149,.F.);
#4138 = FACE_BOUND('',#4139,.T.);
#4139 = EDGE_LOOP('',(#4140,#4146,#4147,#4148));
#4140 = ORIENTED_EDGE('',*,*,#4141,.F.);
#4141 = EDGE_CURVE('',#1792,#4119,#4142,.T.);
#4142 = LINE('',#4143,#4144);
#4143 = CARTESIAN_POINT('',(214.78125,-37.40254807749,-4.5));
#4144 = VECTOR('',#4145,1.);
#4145 = DIRECTION('',(0.707106781187,4.329780281177E-17,-0.707106781187)
  );
#4146 = ORIENTED_EDGE('',*,*,#1791,.T.);
#4147 = ORIENTED_EDGE('',*,*,#4095,.T.);
#4148 = ORIENTED_EDGE('',*,*,#4118,.F.);
#4149 = PLANE('',#4150);
#4150 = AXIS2_PLACEMENT_3D('',#4151,#4152,#4153);
#4151 = CARTESIAN_POINT('',(214.53125,-37.40254807749,-4.25));
#4152 = DIRECTION('',(-0.707106781187,-1.889513820523E-18,
    -0.707106781187));
#4153 = DIRECTION('',(-1.336088035637E-18,1.,-1.336088035637E-18));
#4154 = ADVANCED_FACE('',(#4155),#4166,.F.);
#4155 = FACE_BOUND('',#4156,.F.);
#4156 = EDGE_LOOP('',(#4157,#4163,#4164,#4165));
#4157 = ORIENTED_EDGE('',*,*,#4158,.F.);
#4158 = EDGE_CURVE('',#3398,#3342,#4159,.T.);
#4159 = LINE('',#4160,#4161);
#4160 = CARTESIAN_POINT('',(212.28125,-103.7382995285,-2.5));
#4161 = VECTOR('',#4162,1.);
#4162 = DIRECTION('',(0.,-1.,0.));
#4163 = ORIENTED_EDGE('',*,*,#3413,.T.);
#4164 = ORIENTED_EDGE('',*,*,#1873,.T.);
#4165 = ORIENTED_EDGE('',*,*,#3351,.F.);
#4166 = PLANE('',#4167);
#4167 = AXIS2_PLACEMENT_3D('',#4168,#4169,#4170);
#4168 = CARTESIAN_POINT('',(212.28125,-103.7382995285,-2.5));
#4169 = DIRECTION('',(-1.,-0.,-0.));
#4170 = DIRECTION('',(0.,-1.,0.));
#4171 = ADVANCED_FACE('',(#4172),#4191,.T.);
#4172 = FACE_BOUND('',#4173,.T.);
#4173 = EDGE_LOOP('',(#4174,#4182,#4183,#4184));
#4174 = ORIENTED_EDGE('',*,*,#4175,.F.);
#4175 = EDGE_CURVE('',#1800,#4176,#4178,.T.);
#4176 = VERTEX_POINT('',#4177);
#4177 = CARTESIAN_POINT('',(209.49999992249,-32.12129799999,-4.5));
#4178 = LINE('',#4179,#4180);
#4179 = CARTESIAN_POINT('',(209.49999992249,-32.37129799999,-4.25));
#4180 = VECTOR('',#4181,1.);
#4181 = DIRECTION('',(4.352981063053E-16,0.707106781187,-0.707106781187)
  );
#4182 = ORIENTED_EDGE('',*,*,#1799,.T.);
#4183 = ORIENTED_EDGE('',*,*,#4141,.T.);
#4184 = ORIENTED_EDGE('',*,*,#4185,.F.);
#4185 = EDGE_CURVE('',#4176,#4119,#4186,.T.);
#4186 = CIRCLE('',#4187,5.281250077504);
#4187 = AXIS2_PLACEMENT_3D('',#4188,#4189,#4190);
#4188 = CARTESIAN_POINT('',(209.49999992249,-37.40254807749,-4.5));
#4189 = DIRECTION('',(0.,0.,-1.));
#4190 = DIRECTION('',(0.,1.,0.));
#4191 = CONICAL_SURFACE('',#4192,5.281250077504,0.785398163397);
#4192 = AXIS2_PLACEMENT_3D('',#4193,#4194,#4195);
#4193 = CARTESIAN_POINT('',(209.49999992249,-37.40254807749,-4.5));
#4194 = DIRECTION('',(-0.,-0.,-1.));
#4195 = DIRECTION('',(0.,1.,0.));
#4196 = ADVANCED_FACE('',(#4197),#4215,.F.);
#4197 = FACE_BOUND('',#4198,.T.);
#4198 = EDGE_LOOP('',(#4199,#4207,#4208,#4209));
#4199 = ORIENTED_EDGE('',*,*,#4200,.F.);
#4200 = EDGE_CURVE('',#1809,#4201,#4203,.T.);
#4201 = VERTEX_POINT('',#4202);
#4202 = CARTESIAN_POINT('',(181.33333490789,-32.12129799999,-4.5));
#4203 = LINE('',#4204,#4205);
#4204 = CARTESIAN_POINT('',(181.20532644072,-32.39581304373,
    -4.225484956262));
#4205 = VECTOR('',#4206,1.);
#4206 = DIRECTION('',(0.313145613015,0.671542934238,-0.671542934238));
#4207 = ORIENTED_EDGE('',*,*,#1808,.T.);
#4208 = ORIENTED_EDGE('',*,*,#4175,.T.);
#4209 = ORIENTED_EDGE('',*,*,#4210,.F.);
#4210 = EDGE_CURVE('',#4201,#4176,#4211,.T.);
#4211 = LINE('',#4212,#4213);
#4212 = CARTESIAN_POINT('',(181.10018107881,-32.12129799999,-4.5));
#4213 = VECTOR('',#4214,1.);
#4214 = DIRECTION('',(1.,-6.156044856123E-16,0.));
#4215 = PLANE('',#4216);
#4216 = AXIS2_PLACEMENT_3D('',#4217,#4218,#4219);
#4217 = CARTESIAN_POINT('',(181.10018107881,-32.37129799999,-4.25));
#4218 = DIRECTION('',(-5.027373184444E-16,-0.707106781187,
    -0.707106781187));
#4219 = DIRECTION('',(-1.,6.632912098337E-16,4.768672422144E-17));
#4220 = ADVANCED_FACE('',(#4221),#4239,.F.);
#4221 = FACE_BOUND('',#4222,.F.);
#4222 = EDGE_LOOP('',(#4223,#4231,#4237,#4238));
#4223 = ORIENTED_EDGE('',*,*,#4224,.F.);
#4224 = EDGE_CURVE('',#4225,#3445,#4227,.T.);
#4225 = VERTEX_POINT('',#4226);
#4226 = CARTESIAN_POINT('',(212.28125,-37.40254807749,-2.5));
#4227 = LINE('',#4228,#4229);
#4228 = CARTESIAN_POINT('',(212.28125,-37.40254807749,-2.5));
#4229 = VECTOR('',#4230,1.);
#4230 = DIRECTION('',(0.,-1.,0.));
#4231 = ORIENTED_EDGE('',*,*,#4232,.T.);
#4232 = EDGE_CURVE('',#4225,#1850,#4233,.T.);
#4233 = LINE('',#4234,#4235);
#4234 = CARTESIAN_POINT('',(212.28125,-37.40254807749,-2.5));
#4235 = VECTOR('',#4236,1.);
#4236 = DIRECTION('',(0.,0.,-1.));
#4237 = ORIENTED_EDGE('',*,*,#1857,.T.);
#4238 = ORIENTED_EDGE('',*,*,#3454,.F.);
#4239 = PLANE('',#4240);
#4240 = AXIS2_PLACEMENT_3D('',#4241,#4242,#4243);
#4241 = CARTESIAN_POINT('',(212.28125,-37.40254807749,-2.5));
#4242 = DIRECTION('',(-1.,-0.,-0.));
#4243 = DIRECTION('',(0.,-1.,0.));
#4244 = ADVANCED_FACE('',(#4245),#4263,.T.);
#4245 = FACE_BOUND('',#4246,.T.);
#4246 = EDGE_LOOP('',(#4247,#4248,#4256,#4262));
#4247 = ORIENTED_EDGE('',*,*,#1816,.F.);
#4248 = ORIENTED_EDGE('',*,*,#4249,.T.);
#4249 = EDGE_CURVE('',#1809,#4250,#4252,.T.);
#4250 = VERTEX_POINT('',#4251);
#4251 = CARTESIAN_POINT('',(166.69324088833,-32.62129799999,
    -21.16952273029));
#4252 = LINE('',#4253,#4254);
#4253 = CARTESIAN_POINT('',(181.10018107881,-32.62129799999,-4.));
#4254 = VECTOR('',#4255,1.);
#4255 = DIRECTION('',(-0.642787609687,3.95702935819E-16,-0.766044443119)
  );
#4256 = ORIENTED_EDGE('',*,*,#4257,.T.);
#4257 = EDGE_CURVE('',#4250,#3544,#4258,.T.);
#4258 = LINE('',#4259,#4260);
#4259 = CARTESIAN_POINT('',(166.69324088833,-4.7005783111E-15,
    -21.16952273029));
#4260 = VECTOR('',#4261,1.);
#4261 = DIRECTION('',(0.,-1.,2.22044604925E-16));
#4262 = ORIENTED_EDGE('',*,*,#3543,.F.);
#4263 = PLANE('',#4264);
#4264 = AXIS2_PLACEMENT_3D('',#4265,#4266,#4267);
#4265 = CARTESIAN_POINT('',(166.69324088833,-4.7005783111E-15,
    -21.16952273029));
#4266 = DIRECTION('',(-0.766044443119,1.427275208436E-16,0.642787609687)
  );
#4267 = DIRECTION('',(0.642787609687,1.700960357274E-16,0.766044443119)
  );
#4268 = ADVANCED_FACE('',(#4269),#4280,.F.);
#4269 = FACE_BOUND('',#4270,.F.);
#4270 = EDGE_LOOP('',(#4271,#4277,#4278,#4279));
#4271 = ORIENTED_EDGE('',*,*,#4272,.F.);
#4272 = EDGE_CURVE('',#3477,#4225,#4273,.T.);
#4273 = LINE('',#4274,#4275);
#4274 = CARTESIAN_POINT('',(209.28125,-37.40254807749,-2.5));
#4275 = VECTOR('',#4276,1.);
#4276 = DIRECTION('',(1.,0.,0.));
#4277 = ORIENTED_EDGE('',*,*,#3493,.T.);
#4278 = ORIENTED_EDGE('',*,*,#1849,.F.);
#4279 = ORIENTED_EDGE('',*,*,#4232,.F.);
#4280 = PLANE('',#4281);
#4281 = AXIS2_PLACEMENT_3D('',#4282,#4283,#4284);
#4282 = CARTESIAN_POINT('',(209.28125,-37.40254807749,-2.5));
#4283 = DIRECTION('',(0.,-1.,0.));
#4284 = DIRECTION('',(1.,0.,0.));
#4285 = ADVANCED_FACE('',(#4286),#4318,.F.);
#4286 = FACE_BOUND('',#4287,.F.);
#4287 = EDGE_LOOP('',(#4288,#4296,#4304,#4310,#4311,#4317));
#4288 = ORIENTED_EDGE('',*,*,#4289,.F.);
#4289 = EDGE_CURVE('',#4290,#1942,#4292,.T.);
#4290 = VERTEX_POINT('',#4291);
#4291 = CARTESIAN_POINT('',(57.150000077497,-132.6781249999,-4.5));
#4292 = LINE('',#4293,#4294);
#4293 = CARTESIAN_POINT('',(57.150000077497,-132.6781249999,-4.));
#4294 = VECTOR('',#4295,1.);
#4295 = DIRECTION('',(0.,0.,-1.));
#4296 = ORIENTED_EDGE('',*,*,#4297,.F.);
#4297 = EDGE_CURVE('',#4298,#4290,#4300,.T.);
#4298 = VERTEX_POINT('',#4299);
#4299 = CARTESIAN_POINT('',(99.265497119779,-132.6781249999,-4.5));
#4300 = LINE('',#4301,#4302);
#4301 = CARTESIAN_POINT('',(99.615600888883,-132.6781249999,-4.5));
#4302 = VECTOR('',#4303,1.);
#4303 = DIRECTION('',(-1.,1.355395996312E-12,0.));
#4304 = ORIENTED_EDGE('',*,*,#4305,.T.);
#4305 = EDGE_CURVE('',#4298,#4049,#4306,.T.);
#4306 = LINE('',#4307,#4308);
#4307 = CARTESIAN_POINT('',(99.145754578491,-132.6781249999,
    -4.171010071663));
#4308 = VECTOR('',#4309,1.);
#4309 = DIRECTION('',(0.342020143326,-4.635727329218E-13,-0.939692620786
    ));
#4310 = ORIENTED_EDGE('',*,*,#4048,.F.);
#4311 = ORIENTED_EDGE('',*,*,#4312,.T.);
#4312 = EDGE_CURVE('',#4007,#1951,#4313,.T.);
#4313 = LINE('',#4314,#4315);
#4314 = CARTESIAN_POINT('',(123.49687499999,-132.6781249999,-4.));
#4315 = VECTOR('',#4316,1.);
#4316 = DIRECTION('',(0.,0.,-1.));
#4317 = ORIENTED_EDGE('',*,*,#1958,.F.);
#4318 = PLANE('',#4319);
#4319 = AXIS2_PLACEMENT_3D('',#4320,#4321,#4322);
#4320 = CARTESIAN_POINT('',(123.49687499999,-132.6781249999,-4.));
#4321 = DIRECTION('',(1.355395996312E-12,1.,0.));
#4322 = DIRECTION('',(-1.,1.355395996312E-12,0.));
#4323 = ADVANCED_FACE('',(#4324),#4343,.T.);
#4324 = FACE_BOUND('',#4325,.F.);
#4325 = EDGE_LOOP('',(#4326,#4334,#4341,#4342));
#4326 = ORIENTED_EDGE('',*,*,#4327,.F.);
#4327 = EDGE_CURVE('',#4328,#1973,#4330,.T.);
#4328 = VERTEX_POINT('',#4329);
#4329 = CARTESIAN_POINT('',(51.86875,-127.3968749224,-4.5));
#4330 = LINE('',#4331,#4332);
#4331 = CARTESIAN_POINT('',(51.86875,-127.3968749224,-4.));
#4332 = VECTOR('',#4333,1.);
#4333 = DIRECTION('',(0.,0.,-1.));
#4334 = ORIENTED_EDGE('',*,*,#4335,.F.);
#4335 = EDGE_CURVE('',#4290,#4328,#4336,.T.);
#4336 = CIRCLE('',#4337,5.281250077504);
#4337 = AXIS2_PLACEMENT_3D('',#4338,#4339,#4340);
#4338 = CARTESIAN_POINT('',(57.150000077504,-127.3968749224,-4.5));
#4339 = DIRECTION('',(-0.,0.,-1.));
#4340 = DIRECTION('',(-1.354824188232E-12,-1.,0.));
#4341 = ORIENTED_EDGE('',*,*,#4289,.T.);
#4342 = ORIENTED_EDGE('',*,*,#1980,.F.);
#4343 = CYLINDRICAL_SURFACE('',#4344,5.281250077504);
#4344 = AXIS2_PLACEMENT_3D('',#4345,#4346,#4347);
#4345 = CARTESIAN_POINT('',(57.150000077504,-127.3968749224,-4.));
#4346 = DIRECTION('',(0.,0.,1.));
#4347 = DIRECTION('',(-3.254771696604E-08,-1.,0.));
#4348 = ADVANCED_FACE('',(#4349),#4360,.F.);
#4349 = FACE_BOUND('',#4350,.F.);
#4350 = EDGE_LOOP('',(#4351,#4352,#4353,#4359));
#4351 = ORIENTED_EDGE('',*,*,#4312,.F.);
#4352 = ORIENTED_EDGE('',*,*,#4013,.F.);
#4353 = ORIENTED_EDGE('',*,*,#4354,.T.);
#4354 = EDGE_CURVE('',#3982,#2015,#4355,.T.);
#4355 = LINE('',#4356,#4357);
#4356 = CARTESIAN_POINT('',(124.49687499999,-133.6781249999,-4.));
#4357 = VECTOR('',#4358,1.);
#4358 = DIRECTION('',(0.,0.,-1.));
#4359 = ORIENTED_EDGE('',*,*,#2014,.F.);
#4360 = CYLINDRICAL_SURFACE('',#4361,1.);
#4361 = AXIS2_PLACEMENT_3D('',#4362,#4363,#4364);
#4362 = CARTESIAN_POINT('',(123.49687499999,-133.6781249999,-4.));
#4363 = DIRECTION('',(0.,0.,1.));
#4364 = DIRECTION('',(-1.110223024625E-16,-1.,0.));
#4365 = ADVANCED_FACE('',(#4366),#4384,.F.);
#4366 = FACE_BOUND('',#4367,.F.);
#4367 = EDGE_LOOP('',(#4368,#4376,#4382,#4383));
#4368 = ORIENTED_EDGE('',*,*,#4369,.F.);
#4369 = EDGE_CURVE('',#4370,#2078,#4372,.T.);
#4370 = VERTEX_POINT('',#4371);
#4371 = CARTESIAN_POINT('',(51.86875,-47.6250000775,-4.5));
#4372 = LINE('',#4373,#4374);
#4373 = CARTESIAN_POINT('',(51.86875,-47.6250000775,-4.));
#4374 = VECTOR('',#4375,1.);
#4375 = DIRECTION('',(0.,0.,-1.));
#4376 = ORIENTED_EDGE('',*,*,#4377,.F.);
#4377 = EDGE_CURVE('',#4328,#4370,#4378,.T.);
#4378 = LINE('',#4379,#4380);
#4379 = CARTESIAN_POINT('',(51.86875,-127.3968749224,-4.5));
#4380 = VECTOR('',#4381,1.);
#4381 = DIRECTION('',(8.907183605019E-17,1.,0.));
#4382 = ORIENTED_EDGE('',*,*,#4327,.T.);
#4383 = ORIENTED_EDGE('',*,*,#2086,.F.);
#4384 = PLANE('',#4385);
#4385 = AXIS2_PLACEMENT_3D('',#4386,#4387,#4388);
#4386 = CARTESIAN_POINT('',(51.86875,-127.3968749224,-4.));
#4387 = DIRECTION('',(1.,-8.907183605019E-17,0.));
#4388 = DIRECTION('',(8.907183605019E-17,1.,0.));
#4389 = ADVANCED_FACE('',(#4390),#4396,.F.);
#4390 = FACE_BOUND('',#4391,.F.);
#4391 = EDGE_LOOP('',(#4392,#4393,#4394,#4395));
#4392 = ORIENTED_EDGE('',*,*,#4354,.F.);
#4393 = ORIENTED_EDGE('',*,*,#3981,.F.);
#4394 = ORIENTED_EDGE('',*,*,#3887,.T.);
#4395 = ORIENTED_EDGE('',*,*,#2110,.F.);
#4396 = PLANE('',#4397);
#4397 = AXIS2_PLACEMENT_3D('',#4398,#4399,#4400);
#4398 = CARTESIAN_POINT('',(124.49687499999,-141.6843749224,-4.));
#4399 = DIRECTION('',(1.,2.094464790189E-13,0.));
#4400 = DIRECTION('',(-2.094464790189E-13,1.,0.));
#4401 = ADVANCED_FACE('',(#4402),#4421,.T.);
#4402 = FACE_BOUND('',#4403,.F.);
#4403 = EDGE_LOOP('',(#4404,#4412,#4419,#4420));
#4404 = ORIENTED_EDGE('',*,*,#4405,.F.);
#4405 = EDGE_CURVE('',#4406,#2125,#4408,.T.);
#4406 = VERTEX_POINT('',#4407);
#4407 = CARTESIAN_POINT('',(57.150000077504,-42.34374999999,-4.5));
#4408 = LINE('',#4409,#4410);
#4409 = CARTESIAN_POINT('',(57.150000077504,-42.34374999999,-4.));
#4410 = VECTOR('',#4411,1.);
#4411 = DIRECTION('',(0.,0.,-1.));
#4412 = ORIENTED_EDGE('',*,*,#4413,.F.);
#4413 = EDGE_CURVE('',#4370,#4406,#4414,.T.);
#4414 = CIRCLE('',#4415,5.281250077504);
#4415 = AXIS2_PLACEMENT_3D('',#4416,#4417,#4418);
#4416 = CARTESIAN_POINT('',(57.150000077504,-47.6250000775,-4.5));
#4417 = DIRECTION('',(0.,0.,-1.));
#4418 = DIRECTION('',(-1.,0.,0.));
#4419 = ORIENTED_EDGE('',*,*,#4369,.T.);
#4420 = ORIENTED_EDGE('',*,*,#2132,.F.);
#4421 = CYLINDRICAL_SURFACE('',#4422,5.281250077504);
#4422 = AXIS2_PLACEMENT_3D('',#4423,#4424,#4425);
#4423 = CARTESIAN_POINT('',(57.150000077504,-47.6250000775,-4.));
#4424 = DIRECTION('',(0.,0.,1.));
#4425 = DIRECTION('',(-1.,3.25477170885E-08,0.));
#4426 = ADVANCED_FACE('',(#4427),#4445,.F.);
#4427 = FACE_BOUND('',#4428,.F.);
#4428 = EDGE_LOOP('',(#4429,#4437,#4443,#4444));
#4429 = ORIENTED_EDGE('',*,*,#4430,.F.);
#4430 = EDGE_CURVE('',#4431,#2200,#4433,.T.);
#4431 = VERTEX_POINT('',#4432);
#4432 = CARTESIAN_POINT('',(87.783295755767,-42.34374999999,-4.5));
#4433 = LINE('',#4434,#4435);
#4434 = CARTESIAN_POINT('',(87.783295755767,-42.34374999999,-4.));
#4435 = VECTOR('',#4436,1.);
#4436 = DIRECTION('',(0.,0.,-1.));
#4437 = ORIENTED_EDGE('',*,*,#4438,.F.);
#4438 = EDGE_CURVE('',#4406,#4431,#4439,.T.);
#4439 = LINE('',#4440,#4441);
#4440 = CARTESIAN_POINT('',(57.150000077504,-42.34374999999,-4.5));
#4441 = VECTOR('',#4442,1.);
#4442 = DIRECTION('',(1.,6.216290117254E-14,0.));
#4443 = ORIENTED_EDGE('',*,*,#4405,.T.);
#4444 = ORIENTED_EDGE('',*,*,#2208,.F.);
#4445 = PLANE('',#4446);
#4446 = AXIS2_PLACEMENT_3D('',#4447,#4448,#4449);
#4447 = CARTESIAN_POINT('',(57.150000077504,-42.34374999999,-4.));
#4448 = DIRECTION('',(6.216290117254E-14,-1.,0.));
#4449 = DIRECTION('',(1.,6.216290117254E-14,0.));
#4450 = ADVANCED_FACE('',(#4451),#4470,.F.);
#4451 = FACE_BOUND('',#4452,.F.);
#4452 = EDGE_LOOP('',(#4453,#4461,#4468,#4469));
#4453 = ORIENTED_EDGE('',*,*,#4454,.F.);
#4454 = EDGE_CURVE('',#4455,#2223,#4457,.T.);
#4455 = VERTEX_POINT('',#4456);
#4456 = CARTESIAN_POINT('',(88.783289908893,-41.34716960713,-4.5));
#4457 = LINE('',#4458,#4459);
#4458 = CARTESIAN_POINT('',(88.783289908893,-41.34716960713,-4.));
#4459 = VECTOR('',#4460,1.);
#4460 = DIRECTION('',(0.,0.,-1.));
#4461 = ORIENTED_EDGE('',*,*,#4462,.F.);
#4462 = EDGE_CURVE('',#4431,#4455,#4463,.T.);
#4463 = CIRCLE('',#4464,1.);
#4464 = AXIS2_PLACEMENT_3D('',#4465,#4466,#4467);
#4465 = CARTESIAN_POINT('',(87.783295755767,-41.34374999999,-4.5));
#4466 = DIRECTION('',(-0.,0.,1.));
#4467 = DIRECTION('',(5.684341886081E-14,-1.,0.));
#4468 = ORIENTED_EDGE('',*,*,#4430,.T.);
#4469 = ORIENTED_EDGE('',*,*,#2230,.F.);
#4470 = CYLINDRICAL_SURFACE('',#4471,1.);
#4471 = AXIS2_PLACEMENT_3D('',#4472,#4473,#4474);
#4472 = CARTESIAN_POINT('',(87.783295755767,-41.34374999999,-4.));
#4473 = DIRECTION('',(0.,0.,1.));
#4474 = DIRECTION('',(-1.110223024625E-16,-1.,0.));
#4475 = ADVANCED_FACE('',(#4476),#4494,.F.);
#4476 = FACE_BOUND('',#4477,.F.);
#4477 = EDGE_LOOP('',(#4478,#4486,#4492,#4493));
#4478 = ORIENTED_EDGE('',*,*,#4479,.F.);
#4479 = EDGE_CURVE('',#4480,#2288,#4482,.T.);
#4480 = VERTEX_POINT('',#4481);
#4481 = CARTESIAN_POINT('',(88.796799329856,-37.39661580683,-4.5));
#4482 = LINE('',#4483,#4484);
#4483 = CARTESIAN_POINT('',(88.796799329856,-37.39661580683,-4.));
#4484 = VECTOR('',#4485,1.);
#4485 = DIRECTION('',(0.,0.,-1.));
#4486 = ORIENTED_EDGE('',*,*,#4487,.F.);
#4487 = EDGE_CURVE('',#4455,#4480,#4488,.T.);
#4488 = LINE('',#4489,#4490);
#4489 = CARTESIAN_POINT('',(88.783289908893,-41.34716960713,-4.5));
#4490 = VECTOR('',#4491,1.);
#4491 = DIRECTION('',(3.41960713813E-03,0.999994153126,0.));
#4492 = ORIENTED_EDGE('',*,*,#4454,.T.);
#4493 = ORIENTED_EDGE('',*,*,#2296,.F.);
#4494 = PLANE('',#4495);
#4495 = AXIS2_PLACEMENT_3D('',#4496,#4497,#4498);
#4496 = CARTESIAN_POINT('',(88.783289908893,-41.34716960713,-4.));
#4497 = DIRECTION('',(0.999994153126,-3.41960713813E-03,0.));
#4498 = DIRECTION('',(3.41960713813E-03,0.999994153126,0.));
#4499 = ADVANCED_FACE('',(#4500),#4519,.T.);
#4500 = FACE_BOUND('',#4501,.F.);
#4501 = EDGE_LOOP('',(#4502,#4510,#4517,#4518));
#4502 = ORIENTED_EDGE('',*,*,#4503,.F.);
#4503 = EDGE_CURVE('',#4504,#2311,#4506,.T.);
#4504 = VERTEX_POINT('',#4505);
#4505 = CARTESIAN_POINT('',(94.078044370398,-32.12129799999,-4.5));
#4506 = LINE('',#4507,#4508);
#4507 = CARTESIAN_POINT('',(94.078044370398,-32.12129799999,-4.));
#4508 = VECTOR('',#4509,1.);
#4509 = DIRECTION('',(0.,0.,-1.));
#4510 = ORIENTED_EDGE('',*,*,#4511,.F.);
#4511 = EDGE_CURVE('',#4480,#4504,#4512,.T.);
#4512 = CIRCLE('',#4513,5.281248370398);
#4513 = AXIS2_PLACEMENT_3D('',#4514,#4515,#4516);
#4514 = CARTESIAN_POINT('',(94.078044370398,-37.40254637039,-4.5));
#4515 = DIRECTION('',(0.,0.,-1.));
#4516 = DIRECTION('',(-0.999999369494,1.122947291399E-03,0.));
#4517 = ORIENTED_EDGE('',*,*,#4479,.T.);
#4518 = ORIENTED_EDGE('',*,*,#2318,.F.);
#4519 = CYLINDRICAL_SURFACE('',#4520,5.281248370398);
#4520 = AXIS2_PLACEMENT_3D('',#4521,#4522,#4523);
#4521 = CARTESIAN_POINT('',(94.078044370398,-37.40254637039,-4.));
#4522 = DIRECTION('',(0.,0.,1.));
#4523 = DIRECTION('',(-1.,-6.843476888621E-07,0.));
#4524 = ADVANCED_FACE('',(#4525),#4566,.F.);
#4525 = FACE_BOUND('',#4526,.F.);
#4526 = EDGE_LOOP('',(#4527,#4533,#4534,#4542,#4550,#4558,#4564,#4565));
#4527 = ORIENTED_EDGE('',*,*,#4528,.F.);
#4528 = EDGE_CURVE('',#4176,#3036,#4529,.T.);
#4529 = LINE('',#4530,#4531);
#4530 = CARTESIAN_POINT('',(209.49999992249,-32.12129799999,-4.));
#4531 = VECTOR('',#4532,1.);
#4532 = DIRECTION('',(0.,0.,-1.));
#4533 = ORIENTED_EDGE('',*,*,#4210,.F.);
#4534 = ORIENTED_EDGE('',*,*,#4535,.T.);
#4535 = EDGE_CURVE('',#4201,#4536,#4538,.T.);
#4536 = VERTEX_POINT('',#4537);
#4537 = CARTESIAN_POINT('',(166.89070631015,-32.12129799999,
    -21.71205451786));
#4538 = LINE('',#4539,#4540);
#4539 = CARTESIAN_POINT('',(181.48320330037,-32.12129799999,
    -4.321393804843));
#4540 = VECTOR('',#4541,1.);
#4541 = DIRECTION('',(-0.642787609687,3.95702935819E-16,-0.766044443119)
  );
#4542 = ORIENTED_EDGE('',*,*,#4543,.T.);
#4543 = EDGE_CURVE('',#4536,#4544,#4546,.T.);
#4544 = VERTEX_POINT('',#4545);
#4545 = CARTESIAN_POINT('',(101.32212728885,-32.12129799999,
    -10.15054494969));
#4546 = LINE('',#4547,#4548);
#4547 = CARTESIAN_POINT('',(166.6064167995,-32.12129799999,
    -21.6619266068));
#4548 = VECTOR('',#4549,1.);
#4549 = DIRECTION('',(-0.984807753012,6.0625207022E-16,0.173648177667));
#4550 = ORIENTED_EDGE('',*,*,#4551,.T.);
#4551 = EDGE_CURVE('',#4544,#4552,#4554,.T.);
#4552 = VERTEX_POINT('',#4553);
#4553 = CARTESIAN_POINT('',(99.265497119779,-32.12129799999,-4.5));
#4554 = LINE('',#4555,#4556);
#4555 = CARTESIAN_POINT('',(101.22339457794,-32.12129799999,
    -9.879279055911));
#4556 = VECTOR('',#4557,1.);
#4557 = DIRECTION('',(-0.342020143326,2.10549134401E-16,0.939692620786)
  );
#4558 = ORIENTED_EDGE('',*,*,#4559,.F.);
#4559 = EDGE_CURVE('',#4504,#4552,#4560,.T.);
#4560 = LINE('',#4561,#4562);
#4561 = CARTESIAN_POINT('',(94.078044370398,-32.12129799999,-4.5));
#4562 = VECTOR('',#4563,1.);
#4563 = DIRECTION('',(1.,-6.156044856123E-16,0.));
#4564 = ORIENTED_EDGE('',*,*,#4503,.T.);
#4565 = ORIENTED_EDGE('',*,*,#3044,.F.);
#4566 = PLANE('',#4567);
#4567 = AXIS2_PLACEMENT_3D('',#4568,#4569,#4570);
#4568 = CARTESIAN_POINT('',(94.078044370398,-32.12129799999,-4.));
#4569 = DIRECTION('',(-6.156044856123E-16,-1.,-0.));
#4570 = DIRECTION('',(1.,-6.156044856123E-16,0.));
#4571 = ADVANCED_FACE('',(#4572),#4578,.T.);
#4572 = FACE_BOUND('',#4573,.F.);
#4573 = EDGE_LOOP('',(#4574,#4575,#4576,#4577));
#4574 = ORIENTED_EDGE('',*,*,#4126,.F.);
#4575 = ORIENTED_EDGE('',*,*,#4185,.F.);
#4576 = ORIENTED_EDGE('',*,*,#4528,.T.);
#4577 = ORIENTED_EDGE('',*,*,#3066,.F.);
#4578 = CYLINDRICAL_SURFACE('',#4579,5.281250077504);
#4579 = AXIS2_PLACEMENT_3D('',#4580,#4581,#4582);
#4580 = CARTESIAN_POINT('',(209.49999992249,-37.40254807749,-4.));
#4581 = DIRECTION('',(0.,0.,1.));
#4582 = DIRECTION('',(1.,0.,0.));
#4583 = ADVANCED_FACE('',(#4584),#4708,.T.);
#4584 = FACE_BOUND('',#4585,.T.);
#4585 = EDGE_LOOP('',(#4586,#4594,#4602,#4611,#4619,#4628,#4636,#4645,
    #4653,#4662,#4668,#4669,#4670,#4678,#4684,#4685,#4686,#4687,#4688,
    #4689,#4697,#4703,#4704,#4705,#4706,#4707));
#4586 = ORIENTED_EDGE('',*,*,#4587,.T.);
#4587 = EDGE_CURVE('',#3527,#4588,#4590,.T.);
#4588 = VERTEX_POINT('',#4589);
#4589 = CARTESIAN_POINT('',(99.615600888883,-32.62129799999,-4.));
#4590 = LINE('',#4591,#4592);
#4591 = CARTESIAN_POINT('',(99.615600888883,-44.68344092948,-4.));
#4592 = VECTOR('',#4593,1.);
#4593 = DIRECTION('',(-8.081762687211E-17,1.,0.));
#4594 = ORIENTED_EDGE('',*,*,#4595,.F.);
#4595 = EDGE_CURVE('',#4596,#4588,#4598,.T.);
#4596 = VERTEX_POINT('',#4597);
#4597 = CARTESIAN_POINT('',(94.078044370398,-32.62129799999,-4.));
#4598 = LINE('',#4599,#4600);
#4599 = CARTESIAN_POINT('',(94.078044370398,-32.62129799999,-4.));
#4600 = VECTOR('',#4601,1.);
#4601 = DIRECTION('',(1.,-6.156044856123E-16,0.));
#4602 = ORIENTED_EDGE('',*,*,#4603,.F.);
#4603 = EDGE_CURVE('',#4604,#4596,#4606,.T.);
#4604 = VERTEX_POINT('',#4605);
#4605 = CARTESIAN_POINT('',(89.296796406419,-37.3983256104,-4.));
#4606 = CIRCLE('',#4607,4.781248370398);
#4607 = AXIS2_PLACEMENT_3D('',#4608,#4609,#4610);
#4608 = CARTESIAN_POINT('',(94.078044370398,-37.40254637039,-4.));
#4609 = DIRECTION('',(0.,0.,-1.));
#4610 = DIRECTION('',(-0.999999369494,1.122947291399E-03,0.));
#4611 = ORIENTED_EDGE('',*,*,#4612,.F.);
#4612 = EDGE_CURVE('',#4613,#4604,#4615,.T.);
#4613 = VERTEX_POINT('',#4614);
#4614 = CARTESIAN_POINT('',(89.283286985456,-41.3488794107,-4.));
#4615 = LINE('',#4616,#4617);
#4616 = CARTESIAN_POINT('',(89.283286985456,-41.3488794107,-4.));
#4617 = VECTOR('',#4618,1.);
#4618 = DIRECTION('',(3.41960713813E-03,0.999994153126,0.));
#4619 = ORIENTED_EDGE('',*,*,#4620,.F.);
#4620 = EDGE_CURVE('',#4621,#4613,#4623,.T.);
#4621 = VERTEX_POINT('',#4622);
#4622 = CARTESIAN_POINT('',(87.783295755767,-42.84374999999,-4.));
#4623 = CIRCLE('',#4624,1.5);
#4624 = AXIS2_PLACEMENT_3D('',#4625,#4626,#4627);
#4625 = CARTESIAN_POINT('',(87.783295755767,-41.34374999999,-4.));
#4626 = DIRECTION('',(-0.,0.,1.));
#4627 = DIRECTION('',(5.684341886081E-14,-1.,0.));
#4628 = ORIENTED_EDGE('',*,*,#4629,.F.);
#4629 = EDGE_CURVE('',#4630,#4621,#4632,.T.);
#4630 = VERTEX_POINT('',#4631);
#4631 = CARTESIAN_POINT('',(57.150000077504,-42.84374999999,-4.));
#4632 = LINE('',#4633,#4634);
#4633 = CARTESIAN_POINT('',(57.150000077504,-42.84374999999,-4.));
#4634 = VECTOR('',#4635,1.);
#4635 = DIRECTION('',(1.,6.216290117254E-14,0.));
#4636 = ORIENTED_EDGE('',*,*,#4637,.F.);
#4637 = EDGE_CURVE('',#4638,#4630,#4640,.T.);
#4638 = VERTEX_POINT('',#4639);
#4639 = CARTESIAN_POINT('',(52.36875,-47.6250000775,-4.));
#4640 = CIRCLE('',#4641,4.781250077504);
#4641 = AXIS2_PLACEMENT_3D('',#4642,#4643,#4644);
#4642 = CARTESIAN_POINT('',(57.150000077504,-47.6250000775,-4.));
#4643 = DIRECTION('',(0.,0.,-1.));
#4644 = DIRECTION('',(-1.,0.,0.));
#4645 = ORIENTED_EDGE('',*,*,#4646,.F.);
#4646 = EDGE_CURVE('',#4647,#4638,#4649,.T.);
#4647 = VERTEX_POINT('',#4648);
#4648 = CARTESIAN_POINT('',(52.36875,-127.3968749224,-4.));
#4649 = LINE('',#4650,#4651);
#4650 = CARTESIAN_POINT('',(52.36875,-127.3968749224,-4.));
#4651 = VECTOR('',#4652,1.);
#4652 = DIRECTION('',(8.907183605019E-17,1.,0.));
#4653 = ORIENTED_EDGE('',*,*,#4654,.F.);
#4654 = EDGE_CURVE('',#4655,#4647,#4657,.T.);
#4655 = VERTEX_POINT('',#4656);
#4656 = CARTESIAN_POINT('',(57.150000077498,-132.1781249999,-4.));
#4657 = CIRCLE('',#4658,4.781250077504);
#4658 = AXIS2_PLACEMENT_3D('',#4659,#4660,#4661);
#4659 = CARTESIAN_POINT('',(57.150000077504,-127.3968749224,-4.));
#4660 = DIRECTION('',(-0.,0.,-1.));
#4661 = DIRECTION('',(-1.354824188232E-12,-1.,0.));
#4662 = ORIENTED_EDGE('',*,*,#4663,.F.);
#4663 = EDGE_CURVE('',#4072,#4655,#4664,.T.);
#4664 = LINE('',#4665,#4666);
#4665 = CARTESIAN_POINT('',(99.615600888884,-132.1781249999,-4.));
#4666 = VECTOR('',#4667,1.);
#4667 = DIRECTION('',(-1.,1.355395996312E-12,0.));
#4668 = ORIENTED_EDGE('',*,*,#4071,.T.);
#4669 = ORIENTED_EDGE('',*,*,#3164,.T.);
#4670 = ORIENTED_EDGE('',*,*,#4671,.T.);
#4671 = EDGE_CURVE('',#3167,#4672,#4674,.T.);
#4672 = VERTEX_POINT('',#4673);
#4673 = CARTESIAN_POINT('',(57.1500000775,-130.1781249999,-4.));
#4674 = LINE('',#4675,#4676);
#4675 = CARTESIAN_POINT('',(123.49687499999,-130.1781249999,-4.));
#4676 = VECTOR('',#4677,1.);
#4677 = DIRECTION('',(-1.,1.355395996312E-12,0.));
#4678 = ORIENTED_EDGE('',*,*,#4679,.F.);
#4679 = EDGE_CURVE('',#3813,#4672,#4680,.T.);
#4680 = LINE('',#4681,#4682);
#4681 = CARTESIAN_POINT('',(57.150000077504,-105.9236856918,-4.));
#4682 = VECTOR('',#4683,1.);
#4683 = DIRECTION('',(0.,-1.,0.));
#4684 = ORIENTED_EDGE('',*,*,#3820,.F.);
#4685 = ORIENTED_EDGE('',*,*,#3779,.T.);
#4686 = ORIENTED_EDGE('',*,*,#3753,.T.);
#4687 = ORIENTED_EDGE('',*,*,#3728,.T.);
#4688 = ORIENTED_EDGE('',*,*,#3706,.F.);
#4689 = ORIENTED_EDGE('',*,*,#4690,.F.);
#4690 = EDGE_CURVE('',#4691,#3707,#4693,.T.);
#4691 = VERTEX_POINT('',#4692);
#4692 = CARTESIAN_POINT('',(57.150000077504,-44.84374999999,-4.));
#4693 = LINE('',#4694,#4695);
#4694 = CARTESIAN_POINT('',(57.150000077504,-64.75649819191,-4.));
#4695 = VECTOR('',#4696,1.);
#4696 = DIRECTION('',(0.,-1.,0.));
#4697 = ORIENTED_EDGE('',*,*,#4698,.T.);
#4698 = EDGE_CURVE('',#4691,#3633,#4699,.T.);
#4699 = LINE('',#4700,#4701);
#4700 = CARTESIAN_POINT('',(57.150000077504,-44.84374999999,-4.));
#4701 = VECTOR('',#4702,1.);
#4702 = DIRECTION('',(1.,6.169899892498E-14,0.));
#4703 = ORIENTED_EDGE('',*,*,#3632,.T.);
#4704 = ORIENTED_EDGE('',*,*,#3607,.F.);
#4705 = ORIENTED_EDGE('',*,*,#3592,.T.);
#4706 = ORIENTED_EDGE('',*,*,#3583,.T.);
#4707 = ORIENTED_EDGE('',*,*,#3524,.T.);
#4708 = PLANE('',#4709);
#4709 = AXIS2_PLACEMENT_3D('',#4710,#4711,#4712);
#4710 = CARTESIAN_POINT('',(135.43456718505,-89.36688185897,-4.));
#4711 = DIRECTION('',(0.,0.,1.));
#4712 = DIRECTION('',(1.,0.,0.));
#4713 = ADVANCED_FACE('',(#4714),#4720,.T.);
#4714 = FACE_BOUND('',#4715,.F.);
#4715 = EDGE_LOOP('',(#4716,#4717,#4718,#4719));
#4716 = ORIENTED_EDGE('',*,*,#3397,.T.);
#4717 = ORIENTED_EDGE('',*,*,#4158,.T.);
#4718 = ORIENTED_EDGE('',*,*,#3341,.T.);
#4719 = ORIENTED_EDGE('',*,*,#3373,.T.);
#4720 = PLANE('',#4721);
#4721 = AXIS2_PLACEMENT_3D('',#4722,#4723,#4724);
#4722 = CARTESIAN_POINT('',(136.46562503875,-81.54068065148,-2.5));
#4723 = DIRECTION('',(0.,0.,1.));
#4724 = DIRECTION('',(1.,0.,0.));
#4725 = ADVANCED_FACE('',(#4726),#4732,.T.);
#4726 = FACE_BOUND('',#4727,.F.);
#4727 = EDGE_LOOP('',(#4728,#4729,#4730,#4731));
#4728 = ORIENTED_EDGE('',*,*,#3476,.T.);
#4729 = ORIENTED_EDGE('',*,*,#4272,.T.);
#4730 = ORIENTED_EDGE('',*,*,#4224,.T.);
#4731 = ORIENTED_EDGE('',*,*,#3444,.T.);
#4732 = PLANE('',#4733);
#4733 = AXIS2_PLACEMENT_3D('',#4734,#4735,#4736);
#4734 = CARTESIAN_POINT('',(136.46562503875,-81.54068065148,-2.5));
#4735 = DIRECTION('',(0.,0.,1.));
#4736 = DIRECTION('',(1.,0.,0.));
#4737 = ADVANCED_FACE('',(#4738),#4756,.T.);
#4738 = FACE_BOUND('',#4739,.T.);
#4739 = EDGE_LOOP('',(#4740,#4748,#4754,#4755));
#4740 = ORIENTED_EDGE('',*,*,#4741,.F.);
#4741 = EDGE_CURVE('',#4742,#3552,#4744,.T.);
#4742 = VERTEX_POINT('',#4743);
#4743 = CARTESIAN_POINT('',(101.69324088833,-32.62129799999,
    -9.708268984248));
#4744 = LINE('',#4745,#4746);
#4745 = CARTESIAN_POINT('',(101.69324088833,-2.155668751113E-15,
    -9.708268984248));
#4746 = VECTOR('',#4747,1.);
#4747 = DIRECTION('',(0.,-1.,2.22044604925E-16));
#4748 = ORIENTED_EDGE('',*,*,#4749,.T.);
#4749 = EDGE_CURVE('',#4742,#4588,#4750,.T.);
#4750 = LINE('',#4751,#4752);
#4751 = CARTESIAN_POINT('',(101.69324088833,-32.62129799999,
    -9.708268984248));
#4752 = VECTOR('',#4753,1.);
#4753 = DIRECTION('',(-0.342020143326,2.10549134401E-16,0.939692620786)
  );
#4754 = ORIENTED_EDGE('',*,*,#4587,.F.);
#4755 = ORIENTED_EDGE('',*,*,#3559,.F.);
#4756 = PLANE('',#4757);
#4757 = AXIS2_PLACEMENT_3D('',#4758,#4759,#4760);
#4758 = CARTESIAN_POINT('',(79.118977791634,1.161604349037E-14,
    52.314009134766));
#4759 = DIRECTION('',(0.939692620786,7.594372760115E-17,0.342020143326)
  );
#4760 = DIRECTION('',(0.342020143326,-2.086536767334E-16,-0.939692620786
    ));
#4761 = ADVANCED_FACE('',(#4762),#4773,.T.);
#4762 = FACE_BOUND('',#4763,.T.);
#4763 = EDGE_LOOP('',(#4764,#4765,#4771,#4772));
#4764 = ORIENTED_EDGE('',*,*,#4257,.F.);
#4765 = ORIENTED_EDGE('',*,*,#4766,.T.);
#4766 = EDGE_CURVE('',#4250,#4742,#4767,.T.);
#4767 = LINE('',#4768,#4769);
#4768 = CARTESIAN_POINT('',(166.69324088833,-32.62129799999,
    -21.16952273029));
#4769 = VECTOR('',#4770,1.);
#4770 = DIRECTION('',(-0.984807753012,6.0625207022E-16,0.173648177667));
#4771 = ORIENTED_EDGE('',*,*,#4741,.T.);
#4772 = ORIENTED_EDGE('',*,*,#3551,.F.);
#4773 = PLANE('',#4774);
#4774 = AXIS2_PLACEMENT_3D('',#4775,#4776,#4777);
#4775 = CARTESIAN_POINT('',(101.69324088833,-2.155668751113E-15,
    -9.708268984248));
#4776 = DIRECTION('',(0.173648177667,2.186712484447E-16,0.984807753012)
  );
#4777 = DIRECTION('',(0.984807753012,-3.855764100601E-17,-0.173648177667
    ));
#4778 = ADVANCED_FACE('',(#4779),#4797,.T.);
#4779 = FACE_BOUND('',#4780,.F.);
#4780 = EDGE_LOOP('',(#4781,#4789,#4790,#4791));
#4781 = ORIENTED_EDGE('',*,*,#4782,.T.);
#4782 = EDGE_CURVE('',#4783,#3657,#4785,.T.);
#4783 = VERTEX_POINT('',#4784);
#4784 = CARTESIAN_POINT('',(57.150000077504,-44.84374999999,-2.5));
#4785 = LINE('',#4786,#4787);
#4786 = CARTESIAN_POINT('',(57.150000077504,-44.84374999999,-2.5));
#4787 = VECTOR('',#4788,1.);
#4788 = DIRECTION('',(1.,0.,0.));
#4789 = ORIENTED_EDGE('',*,*,#3656,.T.);
#4790 = ORIENTED_EDGE('',*,*,#3688,.T.);
#4791 = ORIENTED_EDGE('',*,*,#4792,.T.);
#4792 = EDGE_CURVE('',#3689,#4783,#4793,.T.);
#4793 = LINE('',#4794,#4795);
#4794 = CARTESIAN_POINT('',(57.150000077504,-47.84374999999,-2.5));
#4795 = VECTOR('',#4796,1.);
#4796 = DIRECTION('',(0.,1.,0.));
#4797 = PLANE('',#4798);
#4798 = AXIS2_PLACEMENT_3D('',#4799,#4800,#4801);
#4799 = CARTESIAN_POINT('',(136.46562503875,-81.54068065148,-2.5));
#4800 = DIRECTION('',(0.,0.,1.));
#4801 = DIRECTION('',(1.,0.,0.));
#4802 = ADVANCED_FACE('',(#4803),#4814,.F.);
#4803 = FACE_BOUND('',#4804,.F.);
#4804 = EDGE_LOOP('',(#4805,#4806,#4812,#4813));
#4805 = ORIENTED_EDGE('',*,*,#4782,.F.);
#4806 = ORIENTED_EDGE('',*,*,#4807,.T.);
#4807 = EDGE_CURVE('',#4783,#4691,#4808,.T.);
#4808 = LINE('',#4809,#4810);
#4809 = CARTESIAN_POINT('',(57.150000077504,-44.84374999999,-2.5));
#4810 = VECTOR('',#4811,1.);
#4811 = DIRECTION('',(0.,0.,-1.));
#4812 = ORIENTED_EDGE('',*,*,#4698,.T.);
#4813 = ORIENTED_EDGE('',*,*,#3666,.F.);
#4814 = PLANE('',#4815);
#4815 = AXIS2_PLACEMENT_3D('',#4816,#4817,#4818);
#4816 = CARTESIAN_POINT('',(57.150000077504,-44.84374999999,-2.5));
#4817 = DIRECTION('',(0.,-1.,0.));
#4818 = DIRECTION('',(1.,0.,0.));
#4819 = ADVANCED_FACE('',(#4820),#4826,.F.);
#4820 = FACE_BOUND('',#4821,.F.);
#4821 = EDGE_LOOP('',(#4822,#4823,#4824,#4825));
#4822 = ORIENTED_EDGE('',*,*,#4792,.F.);
#4823 = ORIENTED_EDGE('',*,*,#3714,.T.);
#4824 = ORIENTED_EDGE('',*,*,#4690,.F.);
#4825 = ORIENTED_EDGE('',*,*,#4807,.F.);
#4826 = PLANE('',#4827);
#4827 = AXIS2_PLACEMENT_3D('',#4828,#4829,#4830);
#4828 = CARTESIAN_POINT('',(57.150000077504,-47.84374999999,-2.5));
#4829 = DIRECTION('',(1.,0.,0.));
#4830 = DIRECTION('',(0.,1.,0.));
#4831 = ADVANCED_FACE('',(#4832),#4850,.T.);
#4832 = FACE_BOUND('',#4833,.F.);
#4833 = EDGE_LOOP('',(#4834,#4835,#4836,#4844));
#4834 = ORIENTED_EDGE('',*,*,#3802,.T.);
#4835 = ORIENTED_EDGE('',*,*,#3842,.T.);
#4836 = ORIENTED_EDGE('',*,*,#4837,.T.);
#4837 = EDGE_CURVE('',#3843,#4838,#4840,.T.);
#4838 = VERTEX_POINT('',#4839);
#4839 = CARTESIAN_POINT('',(57.150000077504,-130.1781249999,-2.5));
#4840 = LINE('',#4841,#4842);
#4841 = CARTESIAN_POINT('',(67.150000077504,-130.1781249999,-2.5));
#4842 = VECTOR('',#4843,1.);
#4843 = DIRECTION('',(-1.,0.,0.));
#4844 = ORIENTED_EDGE('',*,*,#4845,.T.);
#4845 = EDGE_CURVE('',#4838,#3803,#4846,.T.);
#4846 = LINE('',#4847,#4848);
#4847 = CARTESIAN_POINT('',(57.150000077504,-130.1781249999,-2.5));
#4848 = VECTOR('',#4849,1.);
#4849 = DIRECTION('',(0.,1.,0.));
#4850 = PLANE('',#4851);
#4851 = AXIS2_PLACEMENT_3D('',#4852,#4853,#4854);
#4852 = CARTESIAN_POINT('',(136.46562503875,-81.54068065148,-2.5));
#4853 = DIRECTION('',(0.,0.,1.));
#4854 = DIRECTION('',(1.,0.,0.));
#4855 = ADVANCED_FACE('',(#4856),#4867,.F.);
#4856 = FACE_BOUND('',#4857,.F.);
#4857 = EDGE_LOOP('',(#4858,#4859,#4865,#4866));
#4858 = ORIENTED_EDGE('',*,*,#4845,.F.);
#4859 = ORIENTED_EDGE('',*,*,#4860,.T.);
#4860 = EDGE_CURVE('',#4838,#4672,#4861,.T.);
#4861 = LINE('',#4862,#4863);
#4862 = CARTESIAN_POINT('',(57.150000077504,-130.1781249999,-2.5));
#4863 = VECTOR('',#4864,1.);
#4864 = DIRECTION('',(0.,0.,-1.));
#4865 = ORIENTED_EDGE('',*,*,#4679,.F.);
#4866 = ORIENTED_EDGE('',*,*,#3812,.F.);
#4867 = PLANE('',#4868);
#4868 = AXIS2_PLACEMENT_3D('',#4869,#4870,#4871);
#4869 = CARTESIAN_POINT('',(57.150000077504,-130.1781249999,-2.5));
#4870 = DIRECTION('',(1.,0.,0.));
#4871 = DIRECTION('',(0.,1.,0.));
#4872 = ADVANCED_FACE('',(#4873),#4879,.F.);
#4873 = FACE_BOUND('',#4874,.F.);
#4874 = EDGE_LOOP('',(#4875,#4876,#4877,#4878));
#4875 = ORIENTED_EDGE('',*,*,#4837,.F.);
#4876 = ORIENTED_EDGE('',*,*,#3853,.T.);
#4877 = ORIENTED_EDGE('',*,*,#4671,.T.);
#4878 = ORIENTED_EDGE('',*,*,#4860,.F.);
#4879 = PLANE('',#4880);
#4880 = AXIS2_PLACEMENT_3D('',#4881,#4882,#4883);
#4881 = CARTESIAN_POINT('',(67.150000077504,-130.1781249999,-2.5));
#4882 = DIRECTION('',(0.,1.,0.));
#4883 = DIRECTION('',(-1.,0.,0.));
#4884 = ADVANCED_FACE('',(#4885),#4896,.F.);
#4885 = FACE_BOUND('',#4886,.T.);
#4886 = EDGE_LOOP('',(#4887,#4893,#4894,#4895));
#4887 = ORIENTED_EDGE('',*,*,#4888,.F.);
#4888 = EDGE_CURVE('',#4298,#4072,#4889,.T.);
#4889 = LINE('',#4890,#4891);
#4890 = CARTESIAN_POINT('',(99.475013372877,-132.3789047807,
    -4.200779780757));
#4891 = VECTOR('',#4892,1.);
#4892 = DIRECTION('',(0.44371260628,0.633687274224,0.633687274225));
#4893 = ORIENTED_EDGE('',*,*,#4305,.T.);
#4894 = ORIENTED_EDGE('',*,*,#4056,.T.);
#4895 = ORIENTED_EDGE('',*,*,#4079,.F.);
#4896 = PLANE('',#4897);
#4897 = AXIS2_PLACEMENT_3D('',#4898,#4899,#4900);
#4898 = CARTESIAN_POINT('',(99.380677733687,-132.4281249999,
    -4.085505035832));
#4899 = DIRECTION('',(-0.664463024388,0.707106781187,-0.241844762648));
#4900 = DIRECTION('',(-0.342020143326,4.62956269808E-13,0.939692620786)
  );
#4901 = ADVANCED_FACE('',(#4902),#4913,.F.);
#4902 = FACE_BOUND('',#4903,.T.);
#4903 = EDGE_LOOP('',(#4904,#4905,#4906,#4912));
#4904 = ORIENTED_EDGE('',*,*,#4200,.T.);
#4905 = ORIENTED_EDGE('',*,*,#4535,.T.);
#4906 = ORIENTED_EDGE('',*,*,#4907,.T.);
#4907 = EDGE_CURVE('',#4536,#4250,#4908,.T.);
#4908 = LINE('',#4909,#4910);
#4909 = CARTESIAN_POINT('',(165.68275853196,-35.17992914429,
    -18.39324527341));
#4910 = VECTOR('',#4911,1.);
#4911 = DIRECTION('',(-0.258542926461,-0.654653670708,0.710340852412));
#4912 = ORIENTED_EDGE('',*,*,#4249,.F.);
#4913 = PLANE('',#4914);
#4914 = AXIS2_PLACEMENT_3D('',#4915,#4916,#4917);
#4915 = CARTESIAN_POINT('',(181.29169218959,-32.37129799999,
    -4.160696902422));
#4916 = DIRECTION('',(0.54167522042,-0.707106781187,-0.454519477672));
#4917 = DIRECTION('',(0.642787609687,-1.121835061407E-16,0.766044443119)
  );
#4918 = ADVANCED_FACE('',(#4919),#4930,.F.);
#4919 = FACE_BOUND('',#4920,.F.);
#4920 = EDGE_LOOP('',(#4921,#4922,#4923,#4929));
#4921 = ORIENTED_EDGE('',*,*,#4888,.F.);
#4922 = ORIENTED_EDGE('',*,*,#4297,.T.);
#4923 = ORIENTED_EDGE('',*,*,#4924,.T.);
#4924 = EDGE_CURVE('',#4290,#4655,#4925,.T.);
#4925 = LINE('',#4926,#4927);
#4926 = CARTESIAN_POINT('',(57.150000077497,-132.4281249999,-4.25));
#4927 = VECTOR('',#4928,1.);
#4928 = DIRECTION('',(9.584097001856E-13,0.707106781187,0.707106781187)
  );
#4929 = ORIENTED_EDGE('',*,*,#4663,.F.);
#4930 = PLANE('',#4931);
#4931 = AXIS2_PLACEMENT_3D('',#4932,#4933,#4934);
#4932 = CARTESIAN_POINT('',(99.615600888884,-132.4281249999,-4.25));
#4933 = DIRECTION('',(9.586306998525E-13,0.707106781187,-0.707106781187)
  );
#4934 = DIRECTION('',(-1.,1.355552266676E-12,-1.562703630612E-16));
#4935 = ADVANCED_FACE('',(#4936),#4947,.T.);
#4936 = FACE_BOUND('',#4937,.F.);
#4937 = EDGE_LOOP('',(#4938,#4939,#4940,#4946));
#4938 = ORIENTED_EDGE('',*,*,#4924,.F.);
#4939 = ORIENTED_EDGE('',*,*,#4335,.T.);
#4940 = ORIENTED_EDGE('',*,*,#4941,.T.);
#4941 = EDGE_CURVE('',#4328,#4647,#4942,.T.);
#4942 = LINE('',#4943,#4944);
#4943 = CARTESIAN_POINT('',(51.86875,-127.3968749224,-4.5));
#4944 = VECTOR('',#4945,1.);
#4945 = DIRECTION('',(0.707106781187,-2.056732144452E-16,0.707106781187)
  );
#4946 = ORIENTED_EDGE('',*,*,#4654,.F.);
#4947 = CONICAL_SURFACE('',#4948,5.281250077504,0.785398163397);
#4948 = AXIS2_PLACEMENT_3D('',#4949,#4950,#4951);
#4949 = CARTESIAN_POINT('',(57.150000077504,-127.3968749224,-4.5));
#4950 = DIRECTION('',(-0.,-0.,-1.));
#4951 = DIRECTION('',(-1.354824188232E-12,-1.,0.));
#4952 = ADVANCED_FACE('',(#4953),#4964,.F.);
#4953 = FACE_BOUND('',#4954,.F.);
#4954 = EDGE_LOOP('',(#4955,#4956,#4957,#4963));
#4955 = ORIENTED_EDGE('',*,*,#4941,.F.);
#4956 = ORIENTED_EDGE('',*,*,#4377,.T.);
#4957 = ORIENTED_EDGE('',*,*,#4958,.T.);
#4958 = EDGE_CURVE('',#4370,#4638,#4959,.T.);
#4959 = LINE('',#4960,#4961);
#4960 = CARTESIAN_POINT('',(52.11875,-47.6250000775,-4.25));
#4961 = VECTOR('',#4962,1.);
#4962 = DIRECTION('',(0.707106781187,-6.298329928382E-17,0.707106781187)
  );
#4963 = ORIENTED_EDGE('',*,*,#4646,.F.);
#4964 = PLANE('',#4965);
#4965 = AXIS2_PLACEMENT_3D('',#4966,#4967,#4968);
#4966 = CARTESIAN_POINT('',(52.11875,-127.3968749224,-4.25));
#4967 = DIRECTION('',(0.707106781187,1.889513820523E-18,-0.707106781187)
  );
#4968 = DIRECTION('',(4.319982998946E-17,1.,4.587200606073E-17));
#4969 = ADVANCED_FACE('',(#4970),#4981,.T.);
#4970 = FACE_BOUND('',#4971,.F.);
#4971 = EDGE_LOOP('',(#4972,#4973,#4974,#4980));
#4972 = ORIENTED_EDGE('',*,*,#4958,.F.);
#4973 = ORIENTED_EDGE('',*,*,#4413,.T.);
#4974 = ORIENTED_EDGE('',*,*,#4975,.T.);
#4975 = EDGE_CURVE('',#4406,#4630,#4976,.T.);
#4976 = LINE('',#4977,#4978);
#4977 = CARTESIAN_POINT('',(57.150000077504,-42.34374999999,-4.5));
#4978 = VECTOR('',#4979,1.);
#4979 = DIRECTION('',(4.463392362943E-14,-0.707106781187,0.707106781187)
  );
#4980 = ORIENTED_EDGE('',*,*,#4637,.F.);
#4981 = CONICAL_SURFACE('',#4982,5.281250077504,0.785398163397);
#4982 = AXIS2_PLACEMENT_3D('',#4983,#4984,#4985);
#4983 = CARTESIAN_POINT('',(57.150000077504,-47.6250000775,-4.5));
#4984 = DIRECTION('',(-0.,-0.,-1.));
#4985 = DIRECTION('',(-1.,0.,0.));
#4986 = ADVANCED_FACE('',(#4987),#4998,.F.);
#4987 = FACE_BOUND('',#4988,.F.);
#4988 = EDGE_LOOP('',(#4989,#4990,#4991,#4997));
#4989 = ORIENTED_EDGE('',*,*,#4975,.F.);
#4990 = ORIENTED_EDGE('',*,*,#4438,.T.);
#4991 = ORIENTED_EDGE('',*,*,#4992,.T.);
#4992 = EDGE_CURVE('',#4431,#4621,#4993,.T.);
#4993 = LINE('',#4994,#4995);
#4994 = CARTESIAN_POINT('',(87.783295755767,-42.59374999999,-4.25));
#4995 = VECTOR('',#4996,1.);
#4996 = DIRECTION('',(4.395580895733E-14,-0.707106781187,0.707106781187)
  );
#4997 = ORIENTED_EDGE('',*,*,#4629,.F.);
#4998 = PLANE('',#4999);
#4999 = AXIS2_PLACEMENT_3D('',#5000,#5001,#5002);
#5000 = CARTESIAN_POINT('',(57.150000077504,-42.59374999999,-4.25));
#5001 = DIRECTION('',(4.420980425373E-14,-0.707106781187,-0.707106781187
    ));
#5002 = DIRECTION('',(1.,6.234250296901E-14,1.796017964729E-16));
#5003 = ADVANCED_FACE('',(#5004),#5015,.F.);
#5004 = FACE_BOUND('',#5005,.F.);
#5005 = EDGE_LOOP('',(#5006,#5007,#5008,#5014));
#5006 = ORIENTED_EDGE('',*,*,#4992,.F.);
#5007 = ORIENTED_EDGE('',*,*,#4462,.T.);
#5008 = ORIENTED_EDGE('',*,*,#5009,.T.);
#5009 = EDGE_CURVE('',#4455,#4613,#5010,.T.);
#5010 = LINE('',#5011,#5012);
#5011 = CARTESIAN_POINT('',(88.783289908893,-41.34716960713,-4.5));
#5012 = VECTOR('',#5013,1.);
#5013 = DIRECTION('',(0.707102646823,-2.418027396364E-03,0.707106781187)
  );
#5014 = ORIENTED_EDGE('',*,*,#4620,.F.);
#5015 = CONICAL_SURFACE('',#5016,1.,0.785398163397);
#5016 = AXIS2_PLACEMENT_3D('',#5017,#5018,#5019);
#5017 = CARTESIAN_POINT('',(87.783295755767,-41.34374999999,-4.5));
#5018 = DIRECTION('',(0.,0.,1.));
#5019 = DIRECTION('',(5.684341886081E-14,-1.,0.));
#5020 = ADVANCED_FACE('',(#5021),#5032,.F.);
#5021 = FACE_BOUND('',#5022,.F.);
#5022 = EDGE_LOOP('',(#5023,#5024,#5025,#5031));
#5023 = ORIENTED_EDGE('',*,*,#5009,.F.);
#5024 = ORIENTED_EDGE('',*,*,#4487,.T.);
#5025 = ORIENTED_EDGE('',*,*,#5026,.T.);
#5026 = EDGE_CURVE('',#4480,#4604,#5027,.T.);
#5027 = LINE('',#5028,#5029);
#5028 = CARTESIAN_POINT('',(89.046797868138,-37.39747070862,-4.25));
#5029 = VECTOR('',#5030,1.);
#5030 = DIRECTION('',(0.707102646823,-2.418027396366E-03,0.707106781187)
  );
#5031 = ORIENTED_EDGE('',*,*,#4612,.F.);
#5032 = PLANE('',#5033);
#5033 = AXIS2_PLACEMENT_3D('',#5034,#5035,#5036);
#5034 = CARTESIAN_POINT('',(89.033288447175,-41.34802450891,-4.25));
#5035 = DIRECTION('',(0.707102646823,-2.418027396366E-03,-0.707106781187
    ));
#5036 = DIRECTION('',(3.41960713813E-03,0.999994153126,2.3823479868E-17)
  );
#5037 = ADVANCED_FACE('',(#5038),#5049,.T.);
#5038 = FACE_BOUND('',#5039,.F.);
#5039 = EDGE_LOOP('',(#5040,#5041,#5042,#5048));
#5040 = ORIENTED_EDGE('',*,*,#5026,.F.);
#5041 = ORIENTED_EDGE('',*,*,#4511,.T.);
#5042 = ORIENTED_EDGE('',*,*,#5043,.T.);
#5043 = EDGE_CURVE('',#4504,#4596,#5044,.T.);
#5044 = LINE('',#5045,#5046);
#5045 = CARTESIAN_POINT('',(94.078044370398,-32.12129799999,-4.5));
#5046 = VECTOR('',#5047,1.);
#5047 = DIRECTION('',(2.248354335689E-16,-0.707106781187,0.707106781187)
  );
#5048 = ORIENTED_EDGE('',*,*,#4603,.F.);
#5049 = CONICAL_SURFACE('',#5050,5.281248370398,0.785398163397);
#5050 = AXIS2_PLACEMENT_3D('',#5051,#5052,#5053);
#5051 = CARTESIAN_POINT('',(94.078044370398,-37.40254637039,-4.5));
#5052 = DIRECTION('',(-0.,-0.,-1.));
#5053 = DIRECTION('',(-0.999999369494,1.122947291399E-03,0.));
#5054 = ADVANCED_FACE('',(#5055),#5066,.F.);
#5055 = FACE_BOUND('',#5056,.T.);
#5056 = EDGE_LOOP('',(#5057,#5058,#5059,#5065));
#5057 = ORIENTED_EDGE('',*,*,#4907,.F.);
#5058 = ORIENTED_EDGE('',*,*,#4543,.T.);
#5059 = ORIENTED_EDGE('',*,*,#5060,.T.);
#5060 = EDGE_CURVE('',#4544,#4742,#5061,.T.);
#5061 = LINE('',#5062,#5063);
#5062 = CARTESIAN_POINT('',(107.59501176045,-40.57273238601,
    -2.67481234473));
#5063 = VECTOR('',#5064,1.);
#5064 = DIRECTION('',(0.485901760304,-0.654653670708,0.57907516849));
#5065 = ORIENTED_EDGE('',*,*,#4766,.F.);
#5066 = PLANE('',#5067);
#5067 = AXIS2_PLACEMENT_3D('',#5068,#5069,#5070);
#5068 = CARTESIAN_POINT('',(166.64982884391,-32.37129799999,
    -21.41572466855));
#5069 = DIRECTION('',(-0.122787803969,-0.707106781187,-0.69636424032));
#5070 = DIRECTION('',(0.984807753012,-6.777530790596E-16,-0.173648177667
    ));
#5071 = ADVANCED_FACE('',(#5072),#5083,.F.);
#5072 = FACE_BOUND('',#5073,.F.);
#5073 = EDGE_LOOP('',(#5074,#5075,#5076,#5082));
#5074 = ORIENTED_EDGE('',*,*,#5043,.F.);
#5075 = ORIENTED_EDGE('',*,*,#4559,.T.);
#5076 = ORIENTED_EDGE('',*,*,#5077,.T.);
#5077 = EDGE_CURVE('',#4552,#4588,#5078,.T.);
#5078 = LINE('',#5079,#5080);
#5079 = CARTESIAN_POINT('',(98.331906316429,-30.78799215507,
    -5.833305844917));
#5080 = VECTOR('',#5081,1.);
#5081 = DIRECTION('',(0.44371260628,-0.633687274225,0.633687274225));
#5082 = ORIENTED_EDGE('',*,*,#4595,.F.);
#5083 = PLANE('',#5084);
#5084 = AXIS2_PLACEMENT_3D('',#5085,#5086,#5087);
#5085 = CARTESIAN_POINT('',(94.078044370398,-32.37129799999,-4.25));
#5086 = DIRECTION('',(-5.027373184444E-16,-0.707106781187,
    -0.707106781187));
#5087 = DIRECTION('',(1.,-6.632912098337E-16,-4.768672422144E-17));
#5088 = ADVANCED_FACE('',(#5089),#5095,.F.);
#5089 = FACE_BOUND('',#5090,.T.);
#5090 = EDGE_LOOP('',(#5091,#5092,#5093,#5094));
#5091 = ORIENTED_EDGE('',*,*,#5060,.F.);
#5092 = ORIENTED_EDGE('',*,*,#4551,.T.);
#5093 = ORIENTED_EDGE('',*,*,#5077,.T.);
#5094 = ORIENTED_EDGE('',*,*,#4749,.F.);
#5095 = PLANE('',#5096);
#5096 = AXIS2_PLACEMENT_3D('',#5097,#5098,#5099);
#5097 = CARTESIAN_POINT('',(101.45831773313,-32.37129799999,
    -9.793774020079));
#5098 = DIRECTION('',(-0.664463024389,-0.707106781187,-0.241844762648));
#5099 = DIRECTION('',(0.342020143326,-4.857111892525E-16,-0.939692620786
    ));
#5100 = ADVANCED_FACE('',(#5101),#5109,.T.);
#5101 = FACE_BOUND('',#5102,.T.);
#5102 = EDGE_LOOP('',(#5103,#5104,#5105,#5106,#5107,#5108));
#5103 = ORIENTED_EDGE('',*,*,#4102,.F.);
#5104 = ORIENTED_EDGE('',*,*,#1774,.T.);
#5105 = ORIENTED_EDGE('',*,*,#1766,.T.);
#5106 = ORIENTED_EDGE('',*,*,#653,.T.);
#5107 = ORIENTED_EDGE('',*,*,#630,.F.);
#5108 = ORIENTED_EDGE('',*,*,#622,.F.);
#5109 = PLANE('',#5110);
#5110 = AXIS2_PLACEMENT_3D('',#5111,#5112,#5113);
#5111 = CARTESIAN_POINT('',(200.9300404149,-138.6443982264,-4.25));
#5112 = DIRECTION('',(0.612372389258,-0.353553471026,0.707106781187));
#5113 = DIRECTION('',(0.755928970586,-5.521759821269E-18,-0.65465364234)
  );
#5114 = ( GEOMETRIC_REPRESENTATION_CONTEXT(3) 
GLOBAL_UNCERTAINTY_ASSIGNED_CONTEXT((#5118)) 
GLOBAL_UNIT_ASSIGNED_CONTEXT((#5115,#5116,#5117)) REPRESENTATION_CONTEXT
('Context #1','3D Context with UNIT and UNCERTAINTY') );
#5115 = ( LENGTH_UNIT() NAMED_UNIT(*) SI_UNIT(.MILLI.,.METRE.) );
#5116 = ( NAMED_UNIT(*) PLANE_ANGLE_UNIT() SI_UNIT($,.RADIAN.) );
#5117 = ( NAMED_UNIT(*) SI_UNIT($,.STERADIAN.) SOLID_ANGLE_UNIT() );
#5118 = UNCERTAINTY_MEASURE_WITH_UNIT(LENGTH_MEASURE(1.E-04),#5115,
  'distance_accuracy_value','confusion accuracy');
#5119 = PRODUCT_RELATED_PRODUCT_CATEGORY('part',$,(#7));
#5120 = MECHANICAL_DESIGN_GEOMETRIC_PRESENTATION_REPRESENTATION('',(
    #5121),#5114);
#5121 = STYLED_ITEM('color',(#5122),#15);
#5122 = PRESENTATION_STYLE_ASSIGNMENT((#5123,#5129));
#5123 = SURFACE_STYLE_USAGE(.BOTH.,#5124);
#5124 = SURFACE_SIDE_STYLE('',(#5125));
#5125 = SURFACE_STYLE_FILL_AREA(#5126);
#5126 = FILL_AREA_STYLE('',(#5127));
#5127 = FILL_AREA_STYLE_COLOUR('',#5128);
#5128 = COLOUR_RGB('',0.678431390124,0.709803936702,0.741176476869);
#5129 = CURVE_STYLE('',#5130,POSITIVE_LENGTH_MEASURE(0.1),#5131);
#5130 = DRAUGHTING_PRE_DEFINED_CURVE_FONT('continuous');
#5131 = COLOUR_RGB('',9.803921802644E-02,9.803921802644E-02,
  9.803921802644E-02);
ENDSEC;
END-ISO-10303-21;
