ISO-10303-21;
HEADER;
FILE_DESCRIPTION(('FreeCAD Model'),'2;1');
FILE_NAME('Open CASCADE Shape Model','2026-06-08T16:28:00',(''),(''),
  'Open CASCADE STEP processor 7.8','FreeCAD','Unknown');
FILE_SCHEMA(('AUTOMOTIVE_DESIGN { 1 0 10303 214 1 1 1 1 }'));
ENDSEC;
DATA;
#1 = APPLICATION_PROTOCOL_DEFINITION('international standard',
  'automotive_design',2000,#2);
#2 = APPLICATION_CONTEXT(
  'core data for automotive mechanical design processes');
#3 = SHAPE_DEFINITION_REPRESENTATION(#4,#10);
#4 = PRODUCT_DEFINITION_SHAPE('','',#5);
#5 = PRODUCT_DEFINITION('design','',#6,#9);
#6 = PRODUCT_DEFINITION_FORMATION('','',#7);
#7 = PRODUCT('tenting','tenting','',(#8));
#8 = PRODUCT_CONTEXT('',#2,'mechanical');
#9 = PRODUCT_DEFINITION_CONTEXT('part definition',#2,'design');
#10 = ADVANCED_BREP_SHAPE_REPRESENTATION('',(#11,#15),#4835);
#11 = AXIS2_PLACEMENT_3D('',#12,#13,#14);
#12 = CARTESIAN_POINT('',(0.,0.,0.));
#13 = DIRECTION('',(0.,0.,1.));
#14 = DIRECTION('',(1.,0.,-0.));
#15 = MANIFOLD_SOLID_BREP('',#16);
#16 = CLOSED_SHELL('',(#17,#94,#161,#228,#287,#356,#418,#500,#577,#624,
    #730,#1363,#1422,#1480,#1513,#1646,#1663,#1680,#1721,#1855,#1875,
    #1906,#1965,#2581,#2602,#2626,#2658,#2722,#2746,#2786,#2810,#2850,
    #2874,#2915,#2979,#2996,#3034,#3051,#3068,#3085,#3102,#3120,#3137,
    #3156,#3173,#3205,#3229,#3259,#3276,#3308,#3339,#3356,#3405,#3439,
    #3464,#3488,#3520,#3560,#3585,#3609,#3634,#3674,#3699,#3719,#3760,
    #3812,#3836,#3879,#3903,#3927,#3944,#3961,#3978,#4002,#4059,#4076,
    #4100,#4117,#4142,#4166,#4191,#4215,#4240,#4264,#4289,#4320,#4337,
    #4349,#4479,#4491,#4503,#4535,#4552,#4576,#4593,#4605,#4629,#4646,
    #4658,#4675,#4692,#4704,#4721,#4738,#4755,#4772,#4789,#4806,#4823));
#17 = ADVANCED_FACE('',(#18),#89,.F.);
#18 = FACE_BOUND('',#19,.T.);
#19 = EDGE_LOOP('',(#20,#30,#46,#63,#71));
#20 = ORIENTED_EDGE('',*,*,#21,.T.);
#21 = EDGE_CURVE('',#22,#24,#26,.T.);
#22 = VERTEX_POINT('',#23);
#23 = CARTESIAN_POINT('',(180.65666129494,-162.873237698,-39.99221671294
    ));
#24 = VERTEX_POINT('',#25);
#25 = CARTESIAN_POINT('',(180.65666129494,-162.873237698,-18.86080122437
    ));
#26 = LINE('',#27,#28);
#27 = CARTESIAN_POINT('',(180.65666129494,-162.873237698,-4.));
#28 = VECTOR('',#29,1.);
#29 = DIRECTION('',(0.,0.,1.));
#30 = ORIENTED_EDGE('',*,*,#31,.T.);
#31 = EDGE_CURVE('',#24,#32,#34,.T.);
#32 = VERTEX_POINT('',#33);
#33 = CARTESIAN_POINT('',(167.24628711402,-155.5397323284,
    -32.25352188859));
#34 = B_SPLINE_CURVE_WITH_KNOTS('',10,(#35,#36,#37,#38,#39,#40,#41,#42,
    #43,#44,#45),.UNSPECIFIED.,.F.,.F.,(11,11),(26.897291559901,
    47.985778586618),.PIECEWISE_BEZIER_KNOTS.);
#35 = CARTESIAN_POINT('',(180.65666129494,-162.873237698,-18.86080122437
    ));
#36 = CARTESIAN_POINT('',(179.30900031058,-162.0112538837,
    -20.22306235169));
#37 = CARTESIAN_POINT('',(177.96859613783,-161.1841983911,
    -21.53893634695));
#38 = CARTESIAN_POINT('',(176.59916299482,-160.3672214409,
    -22.92783886631));
#39 = CARTESIAN_POINT('',(175.20786922827,-159.5679253425,
    -24.27702417545));
#40 = CARTESIAN_POINT('',(173.80956533592,-158.7940422962,
    -25.72255075445));
#41 = CARTESIAN_POINT('',(172.39120485431,-158.0382791596,
    -27.10216897309));
#42 = CARTESIAN_POINT('',(170.96971203708,-157.3101701915,
    -28.54091170006));
#43 = CARTESIAN_POINT('',(169.53815859065,-156.6052352886,
    -29.96357692804));
#44 = CARTESIAN_POINT('',(168.10324850201,-155.9266990325,
    -31.39738309076));
#45 = CARTESIAN_POINT('',(166.66637790299,-155.2745125051,
    -32.83283817982));
#46 = ORIENTED_EDGE('',*,*,#47,.T.);
#47 = EDGE_CURVE('',#32,#48,#50,.T.);
#48 = VERTEX_POINT('',#49);
#49 = CARTESIAN_POINT('',(154.29082069444,-150.5230027484,
    -28.78279468338));
#50 = B_SPLINE_CURVE_WITH_KNOTS('',11,(#51,#52,#53,#54,#55,#56,#57,#58,
    #59,#60,#61,#62),.UNSPECIFIED.,.F.,.F.,(12,12),(-0.886193291641,
    14.049821249363),.PIECEWISE_BEZIER_KNOTS.);
#51 = CARTESIAN_POINT('',(167.79263534511,-155.7932880367,
    -32.39984810526));
#52 = CARTESIAN_POINT('',(166.59806230471,-155.2349699707,
    -32.07989570551));
#53 = CARTESIAN_POINT('',(165.39609109862,-154.6921348204,
    -31.75807601631));
#54 = CARTESIAN_POINT('',(164.18743840194,-154.165120391,-31.43414160119
    ));
#55 = CARTESIAN_POINT('',(162.97138968682,-153.6535778207,
    -31.10885578151));
#56 = CARTESIAN_POINT('',(161.74956442482,-153.1582725088,-30.7810758802
    ));
#57 = CARTESIAN_POINT('',(160.52060536577,-152.6785289591,
    -30.45245634774));
#58 = CARTESIAN_POINT('',(159.28613170827,-152.2151174752,
    -30.12139123362));
#59 = CARTESIAN_POINT('',(158.04546960468,-151.7676664106,
    -29.78937057457));
#60 = CARTESIAN_POINT('',(156.79923863256,-151.336474609,-29.45540518779
    ));
#61 = CARTESIAN_POINT('',(155.54771259743,-150.921589137,-29.12023897844
    ));
#62 = CARTESIAN_POINT('',(154.29082069444,-150.5230027484,
    -28.78279468338));
#63 = ORIENTED_EDGE('',*,*,#64,.T.);
#64 = EDGE_CURVE('',#48,#65,#67,.T.);
#65 = VERTEX_POINT('',#66);
#66 = CARTESIAN_POINT('',(154.29082069444,-150.5230027484,
    -32.92627957704));
#67 = LINE('',#68,#69);
#68 = CARTESIAN_POINT('',(154.29082069444,-150.5230027484,-4.));
#69 = VECTOR('',#70,1.);
#70 = DIRECTION('',(0.,0.,-1.));
#71 = ORIENTED_EDGE('',*,*,#72,.T.);
#72 = EDGE_CURVE('',#65,#22,#73,.T.);
#73 = B_SPLINE_CURVE_WITH_KNOTS('',14,(#74,#75,#76,#77,#78,#79,#80,#81,
    #82,#83,#84,#85,#86,#87,#88),.UNSPECIFIED.,.F.,.F.,(15,15),(
    374.05128953227,404.1340235452),.PIECEWISE_BEZIER_KNOTS.);
#74 = CARTESIAN_POINT('',(154.29082069444,-150.5230027484,
    -32.92627957704));
#75 = CARTESIAN_POINT('',(156.28766916305,-151.1562446508,
    -33.46123062644));
#76 = CARTESIAN_POINT('',(158.27004895362,-151.8293744949,
    -33.99324464672));
#77 = CARTESIAN_POINT('',(160.23877450835,-152.5425656829,
    -34.52046610046));
#78 = CARTESIAN_POINT('',(162.1917905504,-153.2950060488,-35.04420055573
    ));
#79 = CARTESIAN_POINT('',(164.12909314881,-154.0871819536,
    -35.56269593797));
#80 = CARTESIAN_POINT('',(166.04654061936,-154.9158524126,-36.0800327414
    ));
#81 = CARTESIAN_POINT('',(167.9503339919,-155.7863104611,-36.58031527344
    ));
#82 = CARTESIAN_POINT('',(169.82637132681,-156.6882824679,
    -37.10642365459));
#83 = CARTESIAN_POINT('',(171.69149730679,-157.6335091096,
    -37.56534954347));
#84 = CARTESIAN_POINT('',(173.52358341333,-158.6082422572,
    -38.11742046335));
#85 = CARTESIAN_POINT('',(175.33773022998,-159.6193880582,
    -38.52008406895));
#86 = CARTESIAN_POINT('',(177.13494722763,-160.6707754582,
    -39.07844730335));
#87 = CARTESIAN_POINT('',(178.8963627905,-161.7473248485,-39.51142364756
    ));
#88 = CARTESIAN_POINT('',(180.65666129494,-162.873237698,-39.99221671294
    ));
#89 = CYLINDRICAL_SURFACE('',#90,111.46535512408);
#90 = AXIS2_PLACEMENT_3D('',#91,#92,#93);
#91 = CARTESIAN_POINT('',(120.59651671616,-256.7737404981,-4.));
#92 = DIRECTION('',(0.,0.,1.));
#93 = DIRECTION('',(1.,0.,0.));
#94 = ADVANCED_FACE('',(#95),#156,.T.);
#95 = FACE_BOUND('',#96,.F.);
#96 = EDGE_LOOP('',(#97,#98,#123,#131));
#97 = ORIENTED_EDGE('',*,*,#21,.T.);
#98 = ORIENTED_EDGE('',*,*,#99,.F.);
#99 = EDGE_CURVE('',#100,#24,#102,.T.);
#100 = VERTEX_POINT('',#101);
#101 = CARTESIAN_POINT('',(188.21939721667,-161.1598712508,
    -11.16357105717));
#102 = B_SPLINE_CURVE_WITH_KNOTS('',10,(#103,#104,#105,#106,#107,#108,
    #109,#110,#111,#112,#113,#114,#115,#116,#117,#118,#119,#120,#121,
    #122),.UNSPECIFIED.,.F.,.F.,(11,9,11),(15.018321763886,
    26.253064661049,26.897291559901),.UNSPECIFIED.);
#103 = CARTESIAN_POINT('',(188.21939721667,-161.1598712508,
    -11.16357105717));
#104 = CARTESIAN_POINT('',(187.81472070729,-161.8607913131,
    -11.56824756655));
#105 = CARTESIAN_POINT('',(187.28916350156,-162.493245968,
    -12.10113683919));
#106 = CARTESIAN_POINT('',(186.66228511268,-163.040865655,
    -12.75289720026));
#107 = CARTESIAN_POINT('',(185.91812616184,-163.4603164146,
    -13.50178159671));
#108 = CARTESIAN_POINT('',(185.17063096572,-163.7809925952,
    -14.32855227278));
#109 = CARTESIAN_POINT('',(184.28067636721,-163.9212681484,
    -15.19273413366));
#110 = CARTESIAN_POINT('',(183.49379403873,-163.9481243915,
    -16.0654901255));
#111 = CARTESIAN_POINT('',(182.63602057532,-163.8306056825,
    -16.91838543063));
#112 = CARTESIAN_POINT('',(181.81474821029,-163.5454406048,
    -17.70046513322));
#113 = CARTESIAN_POINT('',(181.02944764432,-163.1071865716,
    -18.48376241044));
#114 = CARTESIAN_POINT('',(180.98709676345,-163.0829806533,
    -18.52613002441));
#115 = CARTESIAN_POINT('',(180.94498222926,-163.0583338078,
    -18.56838323762));
#116 = CARTESIAN_POINT('',(180.90310241177,-163.0332433893,
    -18.61052024905));
#117 = CARTESIAN_POINT('',(180.86145568155,-163.0077067527,
    -18.65253925774));
#118 = CARTESIAN_POINT('',(180.8200404085,-162.9817212518,
    -18.69443846262));
#119 = CARTESIAN_POINT('',(180.77885496315,-162.9552842416,
    -18.73621606275));
#120 = CARTESIAN_POINT('',(180.73789771557,-162.9283930762,
    -18.77787025707));
#121 = CARTESIAN_POINT('',(180.6971670361,-162.9010451102,
    -18.81939924462));
#122 = CARTESIAN_POINT('',(180.65666129494,-162.873237698,
    -18.86080122437));
#123 = ORIENTED_EDGE('',*,*,#124,.T.);
#124 = EDGE_CURVE('',#100,#125,#127,.T.);
#125 = VERTEX_POINT('',#126);
#126 = CARTESIAN_POINT('',(188.21939721667,-161.1598712508,
    -42.03057846617));
#127 = LINE('',#128,#129);
#128 = CARTESIAN_POINT('',(188.21939721667,-161.1598712508,-4.));
#129 = VECTOR('',#130,1.);
#130 = DIRECTION('',(0.,0.,-1.));
#131 = ORIENTED_EDGE('',*,*,#132,.F.);
#132 = EDGE_CURVE('',#22,#125,#133,.T.);
#133 = B_SPLINE_CURVE_WITH_KNOTS('',11,(#134,#135,#136,#137,#138,#139,
    #140,#141,#142,#143,#144,#145,#146,#147,#148,#149,#150,#151,#152,
    #153,#154,#155),.UNSPECIFIED.,.F.,.F.,(12,10,12),(404.1340235452,
    404.33710430247,413.22293458633),.UNSPECIFIED.);
#134 = CARTESIAN_POINT('',(180.65666129494,-162.873237698,
    -39.99221671294));
#135 = CARTESIAN_POINT('',(180.67150616463,-162.883428782,
    -39.99631490412));
#136 = CARTESIAN_POINT('',(180.68638454218,-162.8935609946,
    -40.00042410449));
#137 = CARTESIAN_POINT('',(180.70129646093,-162.9036344191,
    -40.00454373004));
#138 = CARTESIAN_POINT('',(180.71624195441,-162.913649139,
    -40.00867319685));
#139 = CARTESIAN_POINT('',(180.73122105569,-162.923605237,
    -40.01281192085));
#140 = CARTESIAN_POINT('',(180.74623379867,-162.9335027974,
    -40.01695931819));
#141 = CARTESIAN_POINT('',(180.7612802161,-162.9433419024,
    -40.02111480473));
#142 = CARTESIAN_POINT('',(180.77636034198,-162.9531226362,
    -40.02527779665));
#143 = CARTESIAN_POINT('',(180.79147420923,-162.9628450815,
    -40.02944770984));
#144 = CARTESIAN_POINT('',(180.80662185151,-162.9725093219,
    -40.0336239604));
#145 = CARTESIAN_POINT('',(181.48607004588,-163.4024326685,
    -40.22079019951));
#146 = CARTESIAN_POINT('',(182.21985086261,-163.7151586498,
    -40.4159332042));
#147 = CARTESIAN_POINT('',(183.02676282013,-163.9144911815,
    -40.60311143747));
#148 = CARTESIAN_POINT('',(183.77236345395,-163.9344125695,
    -40.84991323171));
#149 = CARTESIAN_POINT('',(184.60633206376,-163.9148914655,
    -41.03009337761));
#150 = CARTESIAN_POINT('',(185.35625934577,-163.6766843758,
    -41.27017027918));
#151 = CARTESIAN_POINT('',(186.09730784422,-163.3855023151,
    -41.45040816768));
#152 = CARTESIAN_POINT('',(186.75831086461,-162.9487526697,
    -41.63897028481));
#153 = CARTESIAN_POINT('',(187.34463584605,-162.429363385,
    -41.79512783751));
#154 = CARTESIAN_POINT('',(187.83491960086,-161.8258058138,
    -41.92755799951));
#155 = CARTESIAN_POINT('',(188.21939721667,-161.1598712508,
    -42.03057846617));
#156 = CYLINDRICAL_SURFACE('',#157,5.281250259068);
#157 = AXIS2_PLACEMENT_3D('',#158,#159,#160);
#158 = CARTESIAN_POINT('',(183.64570067542,-158.5192455206,-4.));
#159 = DIRECTION('',(0.,0.,1.));
#160 = DIRECTION('',(0.866026288806,-0.499998467095,0.));
#161 = ADVANCED_FACE('',(#162),#197,.F.);
#162 = FACE_BOUND('',#163,.F.);
#163 = EDGE_LOOP('',(#164,#171,#172,#179));
#164 = ORIENTED_EDGE('',*,*,#165,.T.);
#165 = EDGE_CURVE('',#166,#65,#168,.T.);
#166 = VERTEX_POINT('',#167);
#167 = CARTESIAN_POINT('',(154.29794705259,-150.0460191106,
    -33.44582063161));
#168 = B_SPLINE_CURVE_WITH_KNOTS('',1,(#169,#170),.UNSPECIFIED.,.F.,.F.,
  (2,2),(0.,25.488507605606),.PIECEWISE_BEZIER_KNOTS.);
#169 = CARTESIAN_POINT('',(154.29794705259,-150.0460191106,
    -33.44582063161));
#170 = CARTESIAN_POINT('',(154.29082069444,-150.5230027484,
    -32.92627957704));
#171 = ORIENTED_EDGE('',*,*,#72,.T.);
#172 = ORIENTED_EDGE('',*,*,#173,.F.);
#173 = EDGE_CURVE('',#174,#22,#176,.T.);
#174 = VERTEX_POINT('',#175);
#175 = CARTESIAN_POINT('',(180.77215570494,-162.4024594607,
    -40.53956346026));
#176 = B_SPLINE_CURVE_WITH_KNOTS('',1,(#177,#178),.UNSPECIFIED.,.F.,.F.,
  (2,2),(0.,30.082734012933),.PIECEWISE_BEZIER_KNOTS.);
#177 = CARTESIAN_POINT('',(180.77215570494,-162.4024594607,
    -40.53956346026));
#178 = CARTESIAN_POINT('',(180.65666129494,-162.873237698,
    -39.99221671294));
#179 = ORIENTED_EDGE('',*,*,#180,.F.);
#180 = EDGE_CURVE('',#166,#174,#181,.T.);
#181 = B_SPLINE_CURVE_WITH_KNOTS('',14,(#182,#183,#184,#185,#186,#187,
    #188,#189,#190,#191,#192,#193,#194,#195,#196),.UNSPECIFIED.,.F.,.F.,
  (15,15),(374.05128953227,404.1340235452),.PIECEWISE_BEZIER_KNOTS.);
#182 = CARTESIAN_POINT('',(154.29794705259,-150.0460191106,
    -33.44582063161));
#183 = CARTESIAN_POINT('',(156.31136315631,-150.6637283501,
    -33.98531385062));
#184 = CARTESIAN_POINT('',(158.30631094974,-151.3353556726,
    -34.51985850085));
#185 = CARTESIAN_POINT('',(160.28129044381,-152.049707369,
    -35.04905266124));
#186 = CARTESIAN_POINT('',(162.25157644018,-152.8038734728,
    -35.57698920309));
#187 = CARTESIAN_POINT('',(164.18316617423,-153.5947811999,
    -36.09455711196));
#188 = CARTESIAN_POINT('',(166.13385874123,-154.4260333679,
    -36.61724361067));
#189 = CARTESIAN_POINT('',(168.02082424213,-155.2917939776,
    -37.1228544919));
#190 = CARTESIAN_POINT('',(169.93394489013,-156.1992677822,
    -37.63547362547));
#191 = CARTESIAN_POINT('',(171.78985278142,-157.1435376579,
    -38.13276264539));
#192 = CARTESIAN_POINT('',(173.64220475737,-158.1371091292,
    -38.62909886199));
#193 = CARTESIAN_POINT('',(175.45107070456,-159.1826806341,
    -39.11378303144));
#194 = CARTESIAN_POINT('',(177.22543970438,-160.2861452206,
    -39.58922377216));
#195 = CARTESIAN_POINT('',(178.97627022216,-161.4024104539,
    -40.05835739544));
#196 = CARTESIAN_POINT('',(180.77215570494,-162.4024594607,
    -40.53956346026));
#197 = B_SPLINE_SURFACE_WITH_KNOTS('',1,14,(
    (#198,#199,#200,#201,#202,#203,#204,#205,#206,#207,#208,#209,#210
      ,#211,#212)
    ,(#213,#214,#215,#216,#217,#218,#219,#220,#221,#222,#223,#224,#225
      ,#226,#227
    )),.UNSPECIFIED.,.F.,.F.,.F.,(2,2),(15,15),(0.,30.082734012933),(
    374.05128953227,404.1340235452),.PIECEWISE_BEZIER_KNOTS.);
#198 = CARTESIAN_POINT('',(154.29794705259,-150.0460191106,
    -33.44582063161));
#199 = CARTESIAN_POINT('',(156.31136315631,-150.6637283501,
    -33.98531385062));
#200 = CARTESIAN_POINT('',(158.30631094974,-151.3353556726,
    -34.51985850085));
#201 = CARTESIAN_POINT('',(160.28129044381,-152.049707369,
    -35.04905266124));
#202 = CARTESIAN_POINT('',(162.25157644018,-152.8038734728,
    -35.57698920309));
#203 = CARTESIAN_POINT('',(164.18316617423,-153.5947811999,
    -36.09455711196));
#204 = CARTESIAN_POINT('',(166.13385874123,-154.4260333679,
    -36.61724361067));
#205 = CARTESIAN_POINT('',(168.02082424213,-155.2917939776,
    -37.1228544919));
#206 = CARTESIAN_POINT('',(169.93394489013,-156.1992677822,
    -37.63547362547));
#207 = CARTESIAN_POINT('',(171.78985278142,-157.1435376579,
    -38.13276264539));
#208 = CARTESIAN_POINT('',(173.64220475737,-158.1371091292,
    -38.62909886199));
#209 = CARTESIAN_POINT('',(175.45107070456,-159.1826806341,
    -39.11378303144));
#210 = CARTESIAN_POINT('',(177.22543970438,-160.2861452206,
    -39.58922377216));
#211 = CARTESIAN_POINT('',(178.97627022216,-161.4024104539,
    -40.05835739544));
#212 = CARTESIAN_POINT('',(180.77215570494,-162.4024594607,
    -40.53956346026));
#213 = CARTESIAN_POINT('',(154.29082069444,-150.5230027484,
    -32.92627957704));
#214 = CARTESIAN_POINT('',(156.28766916305,-151.1562446508,
    -33.46123062644));
#215 = CARTESIAN_POINT('',(158.27004895362,-151.8293744949,
    -33.99324464672));
#216 = CARTESIAN_POINT('',(160.23877450835,-152.5425656829,
    -34.52046610046));
#217 = CARTESIAN_POINT('',(162.1917905504,-153.2950060488,
    -35.04420055573));
#218 = CARTESIAN_POINT('',(164.12909314881,-154.0871819536,
    -35.56269593797));
#219 = CARTESIAN_POINT('',(166.04654061936,-154.9158524126,
    -36.0800327414));
#220 = CARTESIAN_POINT('',(167.9503339919,-155.7863104611,
    -36.58031527344));
#221 = CARTESIAN_POINT('',(169.82637132681,-156.6882824679,
    -37.10642365459));
#222 = CARTESIAN_POINT('',(171.69149730679,-157.6335091096,
    -37.56534954347));
#223 = CARTESIAN_POINT('',(173.52358341333,-158.6082422572,
    -38.11742046335));
#224 = CARTESIAN_POINT('',(175.33773022998,-159.6193880582,
    -38.52008406895));
#225 = CARTESIAN_POINT('',(177.13494722763,-160.6707754582,
    -39.07844730335));
#226 = CARTESIAN_POINT('',(178.8963627905,-161.7473248485,
    -39.51142364756));
#227 = CARTESIAN_POINT('',(180.65666129494,-162.873237698,
    -39.99221671294));
#228 = ADVANCED_FACE('',(#229),#264,.T.);
#229 = FACE_BOUND('',#230,.T.);
#230 = EDGE_LOOP('',(#231,#238,#254,#263));
#231 = ORIENTED_EDGE('',*,*,#232,.T.);
#232 = EDGE_CURVE('',#24,#233,#235,.T.);
#233 = VERTEX_POINT('',#234);
#234 = CARTESIAN_POINT('',(180.47368515027,-162.3223751444,
    -18.35026610377));
#235 = B_SPLINE_CURVE_WITH_KNOTS('',1,(#236,#237),.UNSPECIFIED.,.F.,.F.,
  (2,2),(0.,11.878969796015),.PIECEWISE_BEZIER_KNOTS.);
#236 = CARTESIAN_POINT('',(180.65666129494,-162.873237698,
    -18.86080122437));
#237 = CARTESIAN_POINT('',(180.47368515027,-162.3223751444,
    -18.35026610377));
#238 = ORIENTED_EDGE('',*,*,#239,.T.);
#239 = EDGE_CURVE('',#233,#240,#242,.T.);
#240 = VERTEX_POINT('',#241);
#241 = CARTESIAN_POINT('',(167.10268948084,-154.9490493508,
    -31.7212617732));
#242 = B_SPLINE_CURVE_WITH_KNOTS('',10,(#243,#244,#245,#246,#247,#248,
    #249,#250,#251,#252,#253),.UNSPECIFIED.,.F.,.F.,(11,11),(
    26.897291559901,47.985778586618),.PIECEWISE_BEZIER_KNOTS.);
#243 = CARTESIAN_POINT('',(180.47368515027,-162.3223751444,
    -18.35026610377));
#244 = CARTESIAN_POINT('',(179.12145379282,-161.5182988538,
    -19.70249746122));
#245 = CARTESIAN_POINT('',(177.7979735802,-160.6223694529,
    -21.02597767384));
#246 = CARTESIAN_POINT('',(176.42301358361,-159.7885953065,
    -22.40093767042));
#247 = CARTESIAN_POINT('',(175.0296992804,-158.9942567284,
    -23.79425197364));
#248 = CARTESIAN_POINT('',(173.62310883904,-158.2092152076,-25.200842415
    ));
#249 = CARTESIAN_POINT('',(172.20725970335,-157.4509147051,
    -26.61669155068));
#250 = CARTESIAN_POINT('',(170.78064450013,-156.7133439275,
    -28.04330675391));
#251 = CARTESIAN_POINT('',(169.34815848012,-156.0007088353,
    -29.47579277391));
#252 = CARTESIAN_POINT('',(167.91013902723,-155.3150874645,
    -30.91381222681));
#253 = CARTESIAN_POINT('',(166.46956973295,-154.6575043341,
    -32.35438152109));
#254 = ORIENTED_EDGE('',*,*,#255,.F.);
#255 = EDGE_CURVE('',#32,#240,#256,.T.);
#256 = B_SPLINE_CURVE_WITH_KNOTS('',5,(#257,#258,#259,#260,#261,#262),
  .UNSPECIFIED.,.F.,.F.,(6,6),(0.,1.),.PIECEWISE_BEZIER_KNOTS.);
#257 = CARTESIAN_POINT('',(167.24628743097,-155.5397324745,
    -32.25352157198));
#258 = CARTESIAN_POINT('',(167.21749948318,-155.4215034373,
    -32.1471158517));
#259 = CARTESIAN_POINT('',(167.18874673708,-155.3033213024,
    -32.04068655783));
#260 = CARTESIAN_POINT('',(167.16002778863,-155.1851850339,
    -31.93423431034));
#261 = CARTESIAN_POINT('',(167.13134218049,-155.0670944388,
    -31.82775931556));
#262 = CARTESIAN_POINT('',(167.10268948084,-154.9490493508,
    -31.7212617732));
#263 = ORIENTED_EDGE('',*,*,#31,.F.);
#264 = B_SPLINE_SURFACE_WITH_KNOTS('',1,10,(
    (#265,#266,#267,#268,#269,#270,#271,#272,#273,#274,#275)
    ,(#276,#277,#278,#279,#280,#281,#282,#283,#284,#285,#286
  )),.UNSPECIFIED.,.F.,.F.,.F.,(2,2),(11,11),(0.,21.088487026717),(
    26.897291559901,47.985778586618),.PIECEWISE_BEZIER_KNOTS.);
#265 = CARTESIAN_POINT('',(180.65666129494,-162.873237698,
    -18.86080122437));
#266 = CARTESIAN_POINT('',(179.30900031058,-162.0112538837,
    -20.22306235169));
#267 = CARTESIAN_POINT('',(177.96859613783,-161.1841983911,
    -21.53893634695));
#268 = CARTESIAN_POINT('',(176.59916299482,-160.3672214409,
    -22.92783886631));
#269 = CARTESIAN_POINT('',(175.20786922827,-159.5679253425,
    -24.27702417545));
#270 = CARTESIAN_POINT('',(173.80956533592,-158.7940422962,
    -25.72255075445));
#271 = CARTESIAN_POINT('',(172.39120485431,-158.0382791596,
    -27.10216897309));
#272 = CARTESIAN_POINT('',(170.96971203708,-157.3101701915,
    -28.54091170006));
#273 = CARTESIAN_POINT('',(169.53815859065,-156.6052352886,
    -29.96357692804));
#274 = CARTESIAN_POINT('',(168.10324850201,-155.9266990325,
    -31.39738309076));
#275 = CARTESIAN_POINT('',(166.66637790299,-155.2745125051,
    -32.83283817982));
#276 = CARTESIAN_POINT('',(180.47368515027,-162.3223751444,
    -18.35026610377));
#277 = CARTESIAN_POINT('',(179.12145379282,-161.5182988538,
    -19.70249746122));
#278 = CARTESIAN_POINT('',(177.7979735802,-160.6223694529,
    -21.02597767384));
#279 = CARTESIAN_POINT('',(176.42301358361,-159.7885953065,
    -22.40093767042));
#280 = CARTESIAN_POINT('',(175.0296992804,-158.9942567284,
    -23.79425197364));
#281 = CARTESIAN_POINT('',(173.62310883904,-158.2092152076,-25.200842415
    ));
#282 = CARTESIAN_POINT('',(172.20725970335,-157.4509147051,
    -26.61669155068));
#283 = CARTESIAN_POINT('',(170.78064450013,-156.7133439275,
    -28.04330675391));
#284 = CARTESIAN_POINT('',(169.34815848012,-156.0007088353,
    -29.47579277391));
#285 = CARTESIAN_POINT('',(167.91013902723,-155.3150874645,
    -30.91381222681));
#286 = CARTESIAN_POINT('',(166.46956973295,-154.6575043341,
    -32.35438152109));
#287 = ADVANCED_FACE('',(#288),#351,.F.);
#288 = FACE_BOUND('',#289,.T.);
#289 = EDGE_LOOP('',(#290,#291,#310,#318));
#290 = ORIENTED_EDGE('',*,*,#64,.F.);
#291 = ORIENTED_EDGE('',*,*,#292,.T.);
#292 = EDGE_CURVE('',#48,#293,#295,.T.);
#293 = VERTEX_POINT('',#294);
#294 = CARTESIAN_POINT('',(129.8023359999,-146.965524427,-22.22349760993
    ));
#295 = B_SPLINE_CURVE_WITH_KNOTS('',7,(#296,#297,#298,#299,#300,#301,
    #302,#303,#304,#305,#306,#307,#308,#309),.UNSPECIFIED.,.F.,.F.,(8,6,
    8),(14.049821249363,14.177294892374,39.64119922234),.UNSPECIFIED.);
#296 = CARTESIAN_POINT('',(154.29082069444,-150.5230027484,
    -28.78279468338));
#297 = CARTESIAN_POINT('',(154.27391240371,-150.5178192946,
    -28.77827210783));
#298 = CARTESIAN_POINT('',(154.25700279784,-150.5126401448,
    -28.77374914555));
#299 = CARTESIAN_POINT('',(154.24009187771,-150.5074652994,
    -28.76922579501));
#300 = CARTESIAN_POINT('',(154.22317964423,-150.5022947586,
    -28.76470205464));
#301 = CARTESIAN_POINT('',(154.20626609825,-150.4971285226,
    -28.76017792292));
#302 = CARTESIAN_POINT('',(154.18935124069,-150.4919665917,
    -28.75565339828));
#303 = CARTESIAN_POINT('',(150.79329189809,-149.4565310356,
    -27.8472388263));
#304 = CARTESIAN_POINT('',(147.36331181546,-148.5984975819,
    -26.92805120484));
#305 = CARTESIAN_POINT('',(143.89086741061,-147.9149705151,
    -25.99822343936));
#306 = CARTESIAN_POINT('',(140.38777305984,-147.4090254439,
    -25.05962811513));
#307 = CARTESIAN_POINT('',(136.86487950618,-147.0817223526,
    -24.11582583721));
#308 = CARTESIAN_POINT('',(133.33262305928,-146.933954929,
    -23.16945023726));
#309 = CARTESIAN_POINT('',(129.8023359999,-146.965524427,-22.22349760993
    ));
#310 = ORIENTED_EDGE('',*,*,#311,.T.);
#311 = EDGE_CURVE('',#293,#312,#314,.T.);
#312 = VERTEX_POINT('',#313);
#313 = CARTESIAN_POINT('',(129.8023359999,-146.965524427,-26.36462405772
    ));
#314 = LINE('',#315,#316);
#315 = CARTESIAN_POINT('',(129.8023359999,-146.965524427,-4.));
#316 = VECTOR('',#317,1.);
#317 = DIRECTION('',(0.,0.,-1.));
#318 = ORIENTED_EDGE('',*,*,#319,.T.);
#319 = EDGE_CURVE('',#312,#65,#320,.T.);
#320 = B_SPLINE_CURVE_WITH_KNOTS('',8,(#321,#322,#323,#324,#325,#326,
    #327,#328,#329,#330,#331,#332,#333,#334,#335,#336,#337,#338,#339,
    #340,#341,#342,#343,#344,#345,#346,#347,#348,#349,#350),
  .UNSPECIFIED.,.F.,.F.,(9,7,7,7,9),(348.56278192666,348.63405257382,
    348.68402454914,348.70532322097,374.05128953227),.UNSPECIFIED.);
#321 = CARTESIAN_POINT('',(129.8023359999,-146.965524427,-26.36462405772
    ));
#322 = CARTESIAN_POINT('',(129.81100305724,-146.9654469221,
    -26.36694889802));
#323 = CARTESIAN_POINT('',(129.81966916818,-146.9653704845,
    -26.36927348884));
#324 = CARTESIAN_POINT('',(129.82833441126,-146.9652951132,
    -26.37159782106));
#325 = CARTESIAN_POINT('',(129.83699886503,-146.9652208073,
    -26.37392188553));
#326 = CARTESIAN_POINT('',(129.84566260798,-146.9651475658,
    -26.37624567312));
#327 = CARTESIAN_POINT('',(129.85432571869,-146.9650753877,
    -26.3785691747));
#328 = CARTESIAN_POINT('',(129.86298827566,-146.965004272,
    -26.38089238113));
#329 = CARTESIAN_POINT('',(129.87772384425,-146.9648850988,
    -26.38484400441));
#330 = CARTESIAN_POINT('',(129.88379709691,-146.9648365016,
    -26.38647257799));
#331 = CARTESIAN_POINT('',(129.88987014117,-146.964788426,
    -26.38810100563));
#332 = CARTESIAN_POINT('',(129.89594300288,-146.9647408719,
    -26.38972928897));
#333 = CARTESIAN_POINT('',(129.9020157078,-146.9646938388,
    -26.39135742963));
#334 = CARTESIAN_POINT('',(129.90808828177,-146.9646473267,
    -26.39298542923));
#335 = CARTESIAN_POINT('',(129.91416075055,-146.9646013351,
    -26.3946132894));
#336 = CARTESIAN_POINT('',(129.9228212672,-146.9645364836,
    -26.39693476709));
#337 = CARTESIAN_POINT('',(129.9254090651,-146.9645172004,
    -26.39762841933));
#338 = CARTESIAN_POINT('',(129.92799224187,-146.9644980453,
    -26.39832078877));
#339 = CARTESIAN_POINT('',(129.93057549023,-146.9644789841,
    -26.39901313523));
#340 = CARTESIAN_POINT('',(129.93316093533,-146.964460001,
    -26.39970602705));
#341 = CARTESIAN_POINT('',(129.93574542,-146.9644411188,-26.40039860604)
  );
#342 = CARTESIAN_POINT('',(129.93832662712,-146.9644223543,
    -26.40109024802));
#343 = CARTESIAN_POINT('',(133.02476523362,-146.942098045,
    -27.22810421688));
#344 = CARTESIAN_POINT('',(136.11193631462,-147.0538257927,
    -28.05526631551));
#345 = CARTESIAN_POINT('',(139.19488434146,-147.3000605272,
    -28.88137588884));
#346 = CARTESIAN_POINT('',(142.26638019777,-147.6803860063,
    -29.70430806942));
#347 = CARTESIAN_POINT('',(145.31978834611,-148.1947473095,
    -30.52251346262));
#348 = CARTESIAN_POINT('',(148.3455097842,-148.8409890513,
    -31.33321694979));
#349 = CARTESIAN_POINT('',(151.33842612474,-149.6179082535,
    -32.13518439201));
#350 = CARTESIAN_POINT('',(154.29082069444,-150.5230027484,
    -32.92627957704));
#351 = CYLINDRICAL_SURFACE('',#352,81.076597415396);
#352 = AXIS2_PLACEMENT_3D('',#353,#354,#355);
#353 = CARTESIAN_POINT('',(130.52733232647,-228.0388802771,-4.));
#354 = DIRECTION('',(0.,0.,1.));
#355 = DIRECTION('',(1.,0.,0.));
#356 = ADVANCED_FACE('',(#357),#393,.F.);
#357 = FACE_BOUND('',#358,.F.);
#358 = EDGE_LOOP('',(#359,#360,#361,#368,#385));
#359 = ORIENTED_EDGE('',*,*,#255,.F.);
#360 = ORIENTED_EDGE('',*,*,#47,.T.);
#361 = ORIENTED_EDGE('',*,*,#362,.F.);
#362 = EDGE_CURVE('',#363,#48,#365,.T.);
#363 = VERTEX_POINT('',#364);
#364 = CARTESIAN_POINT('',(154.54550173188,-150.0900127718,
    -28.33577180595));
#365 = B_SPLINE_CURVE_WITH_KNOTS('',1,(#366,#367),.UNSPECIFIED.,.F.,.F.,
  (2,2),(0.,14.936014541004),.PIECEWISE_BEZIER_KNOTS.);
#366 = CARTESIAN_POINT('',(154.54550173188,-150.0900127718,
    -28.33577180595));
#367 = CARTESIAN_POINT('',(154.29082069444,-150.5230027484,
    -28.78279468338));
#368 = ORIENTED_EDGE('',*,*,#369,.F.);
#369 = EDGE_CURVE('',#370,#363,#372,.T.);
#370 = VERTEX_POINT('',#371);
#371 = CARTESIAN_POINT('',(167.11909522551,-154.9344508483,
    -31.70485602853));
#372 = B_SPLINE_CURVE_WITH_KNOTS('',11,(#373,#374,#375,#376,#377,#378,
    #379,#380,#381,#382,#383,#384),.UNSPECIFIED.,.F.,.F.,(12,12),(
    -0.886193291641,14.049821249363),.PIECEWISE_BEZIER_KNOTS.);
#373 = CARTESIAN_POINT('',(168.09853898405,-155.387697584,
    -31.96729719266));
#374 = CARTESIAN_POINT('',(166.90023567431,-154.8263431671,
    -31.64621278853));
#375 = CARTESIAN_POINT('',(165.69376333874,-154.279029684,
    -31.32293950052));
#376 = CARTESIAN_POINT('',(164.48203312666,-153.7513129025,
    -30.99825736876));
#377 = CARTESIAN_POINT('',(163.26051945103,-153.2321532151,
    -30.67095376581));
#378 = CARTESIAN_POINT('',(162.0360464523,-152.7389767887,
    -30.34285721467));
#379 = CARTESIAN_POINT('',(160.80166253698,-152.2511985839,
    -30.01210504139));
#380 = CARTESIAN_POINT('',(159.56369826088,-151.7878536234,
    -29.68039351337));
#381 = CARTESIAN_POINT('',(158.31843336629,-151.3358226836,
    -29.34672579049));
#382 = CARTESIAN_POINT('',(157.06800641908,-150.9018626195,
    -29.01167489979));
#383 = CARTESIAN_POINT('',(155.81129530765,-150.4843812589,
    -28.67494017237));
#384 = CARTESIAN_POINT('',(154.54550173188,-150.0900127718,
    -28.33577180595));
#385 = ORIENTED_EDGE('',*,*,#386,.F.);
#386 = EDGE_CURVE('',#240,#370,#387,.T.);
#387 = B_SPLINE_CURVE_WITH_KNOTS('',4,(#388,#389,#390,#391,#392),
  .UNSPECIFIED.,.F.,.F.,(5,5),(0.,1.),.PIECEWISE_BEZIER_KNOTS.);
#388 = CARTESIAN_POINT('',(167.10274847393,-154.94899686,-31.7212027801)
  );
#389 = CARTESIAN_POINT('',(167.10683516599,-154.9453606042,
    -31.71711608805));
#390 = CARTESIAN_POINT('',(167.11092185527,-154.9417244002,
    -31.71302939876));
#391 = CARTESIAN_POINT('',(167.11500854178,-154.9380882479,
    -31.70894271226));
#392 = CARTESIAN_POINT('',(167.11909522551,-154.9344521472,
    -31.70485602853));
#393 = B_SPLINE_SURFACE_WITH_KNOTS('',1,11,(
    (#394,#395,#396,#397,#398,#399,#400,#401,#402,#403,#404,#405)
    ,(#406,#407,#408,#409,#410,#411,#412,#413,#414,#415,#416,#417
  )),.UNSPECIFIED.,.F.,.F.,.F.,(2,2),(12,12),(0.,14.936014541004),(
    -0.886193291641,14.049821249363),.PIECEWISE_BEZIER_KNOTS.);
#394 = CARTESIAN_POINT('',(168.09853898405,-155.387697584,
    -31.96729719266));
#395 = CARTESIAN_POINT('',(166.90023567431,-154.8263431671,
    -31.64621278853));
#396 = CARTESIAN_POINT('',(165.69376333874,-154.279029684,
    -31.32293950052));
#397 = CARTESIAN_POINT('',(164.48203312666,-153.7513129025,
    -30.99825736876));
#398 = CARTESIAN_POINT('',(163.26051945103,-153.2321532151,
    -30.67095376581));
#399 = CARTESIAN_POINT('',(162.0360464523,-152.7389767887,
    -30.34285721467));
#400 = CARTESIAN_POINT('',(160.80166253698,-152.2511985839,
    -30.01210504139));
#401 = CARTESIAN_POINT('',(159.56369826088,-151.7878536234,
    -29.68039351337));
#402 = CARTESIAN_POINT('',(158.31843336629,-151.3358226836,
    -29.34672579049));
#403 = CARTESIAN_POINT('',(157.06800641908,-150.9018626195,
    -29.01167489979));
#404 = CARTESIAN_POINT('',(155.81129530765,-150.4843812589,
    -28.67494017237));
#405 = CARTESIAN_POINT('',(154.54550173188,-150.0900127718,
    -28.33577180595));
#406 = CARTESIAN_POINT('',(167.79263534511,-155.7932880367,
    -32.39984810526));
#407 = CARTESIAN_POINT('',(166.59806230471,-155.2349699707,
    -32.07989570551));
#408 = CARTESIAN_POINT('',(165.39609109862,-154.6921348204,
    -31.75807601631));
#409 = CARTESIAN_POINT('',(164.18743840194,-154.165120391,
    -31.43414160119));
#410 = CARTESIAN_POINT('',(162.97138968682,-153.6535778207,
    -31.10885578151));
#411 = CARTESIAN_POINT('',(161.74956442482,-153.1582725088,
    -30.7810758802));
#412 = CARTESIAN_POINT('',(160.52060536577,-152.6785289591,
    -30.45245634774));
#413 = CARTESIAN_POINT('',(159.28613170827,-152.2151174752,
    -30.12139123362));
#414 = CARTESIAN_POINT('',(158.04546960468,-151.7676664106,
    -29.78937057457));
#415 = CARTESIAN_POINT('',(156.79923863256,-151.336474609,
    -29.45540518779));
#416 = CARTESIAN_POINT('',(155.54771259743,-150.921589137,
    -29.12023897844));
#417 = CARTESIAN_POINT('',(154.29082069444,-150.5230027484,
    -28.78279468338));
#418 = ADVANCED_FACE('',(#419),#455,.F.);
#419 = FACE_BOUND('',#420,.F.);
#420 = EDGE_LOOP('',(#421,#422,#423,#430));
#421 = ORIENTED_EDGE('',*,*,#173,.T.);
#422 = ORIENTED_EDGE('',*,*,#132,.T.);
#423 = ORIENTED_EDGE('',*,*,#424,.F.);
#424 = EDGE_CURVE('',#425,#125,#427,.T.);
#425 = VERTEX_POINT('',#426);
#426 = CARTESIAN_POINT('',(187.77164594921,-160.9608431115,
    -42.41507121864));
#427 = B_SPLINE_CURVE_WITH_KNOTS('',1,(#428,#429),.UNSPECIFIED.,.F.,.F.,
  (2,2),(0.,9.088911041123),.PIECEWISE_BEZIER_KNOTS.);
#428 = CARTESIAN_POINT('',(187.77164594921,-160.9608431115,
    -42.41507121864));
#429 = CARTESIAN_POINT('',(188.21939721667,-161.1598712508,
    -42.03057846617));
#430 = ORIENTED_EDGE('',*,*,#431,.F.);
#431 = EDGE_CURVE('',#174,#425,#432,.T.);
#432 = B_SPLINE_CURVE_WITH_KNOTS('',11,(#433,#434,#435,#436,#437,#438,
    #439,#440,#441,#442,#443,#444,#445,#446,#447,#448,#449,#450,#451,
    #452,#453,#454),.UNSPECIFIED.,.F.,.F.,(12,10,12),(404.1340235452,
    404.33710430247,413.22293458633),.UNSPECIFIED.);
#433 = CARTESIAN_POINT('',(180.77215570493,-162.4024594607,
    -40.53956346026));
#434 = CARTESIAN_POINT('',(180.7875856884,-162.4110517344,
    -40.54369791187));
#435 = CARTESIAN_POINT('',(180.80301906352,-162.4196352483,
    -40.54783327226));
#436 = CARTESIAN_POINT('',(180.81845587799,-162.4282099128,
    -40.55196955424));
#437 = CARTESIAN_POINT('',(180.8338961793,-162.436775638,-40.5561067705)
  );
#438 = CARTESIAN_POINT('',(180.84934001531,-162.4453323344,
    -40.56024493389));
#439 = CARTESIAN_POINT('',(180.86478743342,-162.4538799122,
    -40.56438405709));
#440 = CARTESIAN_POINT('',(180.88023848145,-162.4624182816,
    -40.56852415294));
#441 = CARTESIAN_POINT('',(180.89569320694,-162.4709473531,
    -40.57266523415));
#442 = CARTESIAN_POINT('',(180.91115165755,-162.4794670368,
    -40.57680731351));
#443 = CARTESIAN_POINT('',(180.92661388093,-162.487977243,
    -40.58095040378));
#444 = CARTESIAN_POINT('',(181.61879908784,-162.8684246763,
    -40.76642087098));
#445 = CARTESIAN_POINT('',(182.25338361994,-163.1948465926,
    -40.93645728388));
#446 = CARTESIAN_POINT('',(182.93957856601,-163.3939104292,
    -41.12032266555));
#447 = CARTESIAN_POINT('',(183.64827824391,-163.4850632023,
    -41.31021817188));
#448 = CARTESIAN_POINT('',(184.39761709068,-163.4415440545,
    -41.5110029108));
#449 = CARTESIAN_POINT('',(185.10657886201,-163.278000025,-41.7009686448
    ));
#450 = CARTESIAN_POINT('',(185.79340056687,-162.9988272031,
    -41.88500196605));
#451 = CARTESIAN_POINT('',(186.41349843823,-162.6121579966,
    -42.05115668985));
#452 = CARTESIAN_POINT('',(186.96042559002,-162.1327573198,
    -42.19770537852));
#453 = CARTESIAN_POINT('',(187.41634951709,-161.5762343969,
    -42.31986982658));
#454 = CARTESIAN_POINT('',(187.77164594921,-160.9608431115,
    -42.41507121864));
#455 = B_SPLINE_SURFACE_WITH_KNOTS('',1,11,(
    (#456,#457,#458,#459,#460,#461,#462,#463,#464,#465,#466,#467,#468
      ,#469,#470,#471,#472,#473,#474,#475,#476,#477)
    ,(#478,#479,#480,#481,#482,#483,#484,#485,#486,#487,#488,#489,#490
      ,#491,#492,#493,#494,#495,#496,#497,#498,#499
  )),.UNSPECIFIED.,.F.,.F.,.F.,(2,2),(12,10,12),(0.,9.088911041123),(
    404.1340235452,404.33710430247,413.22293458633),.UNSPECIFIED.);
#456 = CARTESIAN_POINT('',(180.77215570493,-162.4024594607,
    -40.53956346026));
#457 = CARTESIAN_POINT('',(180.7875856884,-162.4110517344,
    -40.54369791187));
#458 = CARTESIAN_POINT('',(180.80301906352,-162.4196352483,
    -40.54783327226));
#459 = CARTESIAN_POINT('',(180.81845587799,-162.4282099128,
    -40.55196955424));
#460 = CARTESIAN_POINT('',(180.8338961793,-162.436775638,-40.5561067705)
  );
#461 = CARTESIAN_POINT('',(180.84934001531,-162.4453323344,
    -40.56024493389));
#462 = CARTESIAN_POINT('',(180.86478743342,-162.4538799122,
    -40.56438405709));
#463 = CARTESIAN_POINT('',(180.88023848145,-162.4624182816,
    -40.56852415294));
#464 = CARTESIAN_POINT('',(180.89569320694,-162.4709473531,
    -40.57266523415));
#465 = CARTESIAN_POINT('',(180.91115165755,-162.4794670368,
    -40.57680731351));
#466 = CARTESIAN_POINT('',(180.92661388093,-162.487977243,
    -40.58095040378));
#467 = CARTESIAN_POINT('',(181.61879908784,-162.8684246763,
    -40.76642087098));
#468 = CARTESIAN_POINT('',(182.25338361994,-163.1948465926,
    -40.93645728388));
#469 = CARTESIAN_POINT('',(182.93957856601,-163.3939104292,
    -41.12032266555));
#470 = CARTESIAN_POINT('',(183.64827824391,-163.4850632023,
    -41.31021817188));
#471 = CARTESIAN_POINT('',(184.39761709068,-163.4415440545,
    -41.5110029108));
#472 = CARTESIAN_POINT('',(185.10657886201,-163.278000025,-41.7009686448
    ));
#473 = CARTESIAN_POINT('',(185.79340056687,-162.9988272031,
    -41.88500196605));
#474 = CARTESIAN_POINT('',(186.41349843823,-162.6121579966,
    -42.05115668985));
#475 = CARTESIAN_POINT('',(186.96042559002,-162.1327573198,
    -42.19770537852));
#476 = CARTESIAN_POINT('',(187.41634951709,-161.5762343969,
    -42.31986982658));
#477 = CARTESIAN_POINT('',(187.77164594921,-160.9608431115,
    -42.41507121864));
#478 = CARTESIAN_POINT('',(180.65666129494,-162.873237698,
    -39.99221671294));
#479 = CARTESIAN_POINT('',(180.67150616463,-162.883428782,
    -39.99631490412));
#480 = CARTESIAN_POINT('',(180.68638454218,-162.8935609946,
    -40.00042410449));
#481 = CARTESIAN_POINT('',(180.70129646093,-162.9036344191,
    -40.00454373004));
#482 = CARTESIAN_POINT('',(180.71624195441,-162.913649139,
    -40.00867319685));
#483 = CARTESIAN_POINT('',(180.73122105569,-162.923605237,
    -40.01281192085));
#484 = CARTESIAN_POINT('',(180.74623379867,-162.9335027974,
    -40.01695931819));
#485 = CARTESIAN_POINT('',(180.7612802161,-162.9433419024,
    -40.02111480473));
#486 = CARTESIAN_POINT('',(180.77636034198,-162.9531226362,
    -40.02527779665));
#487 = CARTESIAN_POINT('',(180.79147420923,-162.9628450815,
    -40.02944770984));
#488 = CARTESIAN_POINT('',(180.80662185151,-162.9725093219,
    -40.0336239604));
#489 = CARTESIAN_POINT('',(181.48607004588,-163.4024326685,
    -40.22079019951));
#490 = CARTESIAN_POINT('',(182.21985086261,-163.7151586498,
    -40.4159332042));
#491 = CARTESIAN_POINT('',(183.02676282013,-163.9144911815,
    -40.60311143747));
#492 = CARTESIAN_POINT('',(183.77236345395,-163.9344125695,
    -40.84991323171));
#493 = CARTESIAN_POINT('',(184.60633206376,-163.9148914655,
    -41.03009337761));
#494 = CARTESIAN_POINT('',(185.35625934577,-163.6766843758,
    -41.27017027918));
#495 = CARTESIAN_POINT('',(186.09730784422,-163.3855023151,
    -41.45040816768));
#496 = CARTESIAN_POINT('',(186.75831086461,-162.9487526697,
    -41.63897028481));
#497 = CARTESIAN_POINT('',(187.34463584605,-162.429363385,
    -41.79512783751));
#498 = CARTESIAN_POINT('',(187.83491960086,-161.8258058138,
    -41.92755799951));
#499 = CARTESIAN_POINT('',(188.21939721667,-161.1598712508,
    -42.03057846617));
#500 = ADVANCED_FACE('',(#501),#536,.T.);
#501 = FACE_BOUND('',#502,.T.);
#502 = EDGE_LOOP('',(#503,#511,#534,#535));
#503 = ORIENTED_EDGE('',*,*,#504,.T.);
#504 = EDGE_CURVE('',#100,#505,#507,.T.);
#505 = VERTEX_POINT('',#506);
#506 = CARTESIAN_POINT('',(187.83373252649,-161.0372926151,
    -10.99021872755));
#507 = LINE('',#508,#509);
#508 = CARTESIAN_POINT('',(188.02656487158,-161.098581933,
    -11.07689489236));
#509 = VECTOR('',#510,1.);
#510 = DIRECTION('',(-0.876027065475,0.278434104175,0.39376519677));
#511 = ORIENTED_EDGE('',*,*,#512,.T.);
#512 = EDGE_CURVE('',#505,#233,#513,.T.);
#513 = B_SPLINE_CURVE_WITH_KNOTS('',10,(#514,#515,#516,#517,#518,#519,
    #520,#521,#522,#523,#524,#525,#526,#527,#528,#529,#530,#531,#532,
    #533),.UNSPECIFIED.,.F.,.F.,(11,9,11),(15.018321763886,
    26.253064661049,26.897291559901),.UNSPECIFIED.);
#514 = CARTESIAN_POINT('',(187.83373252649,-161.0372926151,
    -10.99021872755));
#515 = CARTESIAN_POINT('',(187.44514052176,-161.7103535066,
    -11.37881073227));
#516 = CARTESIAN_POINT('',(186.93035674286,-162.3188000103,
    -11.8935945112));
#517 = CARTESIAN_POINT('',(186.29997881083,-162.834771843,
    -12.52397244314));
#518 = CARTESIAN_POINT('',(185.57285312056,-163.2340609105,
    -13.25109813358));
#519 = CARTESIAN_POINT('',(184.78056839738,-163.4836360622,
    -14.04338285654));
#520 = CARTESIAN_POINT('',(183.9503091374,-163.5977208718,
    -14.87364211674));
#521 = CARTESIAN_POINT('',(183.11868039144,-163.5372683419,
    -15.70527086253));
#522 = CARTESIAN_POINT('',(182.32895894388,-163.334340784,
    -16.49499231019));
#523 = CARTESIAN_POINT('',(181.61449732319,-162.9755941513,
    -17.20945393083));
#524 = CARTESIAN_POINT('',(180.84664016455,-162.5399827557,
    -17.97731108949));
#525 = CARTESIAN_POINT('',(180.80504515866,-162.516234566,
    -18.01890609535));
#526 = CARTESIAN_POINT('',(180.7634953154,-162.4923673849,-18.0604559387
    ));
#527 = CARTESIAN_POINT('',(180.72198794618,-162.4683860905,
    -18.10196330775));
#528 = CARTESIAN_POINT('',(180.68052036336,-162.4442955617,
    -18.14343089079));
#529 = CARTESIAN_POINT('',(180.63908987794,-162.4201006765,-18.184861376
    ));
#530 = CARTESIAN_POINT('',(180.59769380241,-162.3958063138,
    -18.22625745168));
#531 = CARTESIAN_POINT('',(180.55632944798,-162.3714173519,
    -18.26762180603));
#532 = CARTESIAN_POINT('',(180.51499412673,-162.3469386693,
    -18.30895712732));
#533 = CARTESIAN_POINT('',(180.47368515027,-162.3223751444,
    -18.35026610377));
#534 = ORIENTED_EDGE('',*,*,#232,.F.);
#535 = ORIENTED_EDGE('',*,*,#99,.F.);
#536 = B_SPLINE_SURFACE_WITH_KNOTS('',1,10,(
    (#537,#538,#539,#540,#541,#542,#543,#544,#545,#546,#547,#548,#549
      ,#550,#551,#552,#553,#554,#555,#556)
    ,(#557,#558,#559,#560,#561,#562,#563,#564,#565,#566,#567,#568,#569
      ,#570,#571,#572,#573,#574,#575,#576
    )),.UNSPECIFIED.,.F.,.F.,.F.,(2,2),(11,9,11),(0.,11.878969796015),(
    15.018321763886,26.253064661049,26.897291559901),.UNSPECIFIED.);
#537 = CARTESIAN_POINT('',(188.21939721667,-161.1598712508,
    -11.16357105717));
#538 = CARTESIAN_POINT('',(187.81472070729,-161.8607913131,
    -11.56824756655));
#539 = CARTESIAN_POINT('',(187.28916350156,-162.493245968,
    -12.10113683919));
#540 = CARTESIAN_POINT('',(186.66228511268,-163.040865655,
    -12.75289720026));
#541 = CARTESIAN_POINT('',(185.91812616184,-163.4603164146,
    -13.50178159671));
#542 = CARTESIAN_POINT('',(185.17063096572,-163.7809925952,
    -14.32855227278));
#543 = CARTESIAN_POINT('',(184.28067636721,-163.9212681484,
    -15.19273413366));
#544 = CARTESIAN_POINT('',(183.49379403873,-163.9481243915,
    -16.0654901255));
#545 = CARTESIAN_POINT('',(182.63602057532,-163.8306056825,
    -16.91838543063));
#546 = CARTESIAN_POINT('',(181.81474821029,-163.5454406048,
    -17.70046513322));
#547 = CARTESIAN_POINT('',(181.02944764432,-163.1071865716,
    -18.48376241044));
#548 = CARTESIAN_POINT('',(180.98709676345,-163.0829806533,
    -18.52613002441));
#549 = CARTESIAN_POINT('',(180.94498222926,-163.0583338078,
    -18.56838323762));
#550 = CARTESIAN_POINT('',(180.90310241177,-163.0332433893,
    -18.61052024905));
#551 = CARTESIAN_POINT('',(180.86145568155,-163.0077067527,
    -18.65253925774));
#552 = CARTESIAN_POINT('',(180.8200404085,-162.9817212518,
    -18.69443846262));
#553 = CARTESIAN_POINT('',(180.77885496315,-162.9552842416,
    -18.73621606275));
#554 = CARTESIAN_POINT('',(180.73789771557,-162.9283930762,
    -18.77787025707));
#555 = CARTESIAN_POINT('',(180.6971670361,-162.9010451102,
    -18.81939924462));
#556 = CARTESIAN_POINT('',(180.65666129494,-162.873237698,
    -18.86080122437));
#557 = CARTESIAN_POINT('',(187.83373252649,-161.0372926151,
    -10.99021872755));
#558 = CARTESIAN_POINT('',(187.44514052176,-161.7103535066,
    -11.37881073227));
#559 = CARTESIAN_POINT('',(186.93035674286,-162.3188000103,
    -11.8935945112));
#560 = CARTESIAN_POINT('',(186.29997881083,-162.834771843,
    -12.52397244314));
#561 = CARTESIAN_POINT('',(185.57285312056,-163.2340609105,
    -13.25109813358));
#562 = CARTESIAN_POINT('',(184.78056839738,-163.4836360622,
    -14.04338285654));
#563 = CARTESIAN_POINT('',(183.9503091374,-163.5977208718,
    -14.87364211674));
#564 = CARTESIAN_POINT('',(183.11868039144,-163.5372683419,
    -15.70527086253));
#565 = CARTESIAN_POINT('',(182.32895894388,-163.334340784,
    -16.49499231019));
#566 = CARTESIAN_POINT('',(181.61449732319,-162.9755941513,
    -17.20945393083));
#567 = CARTESIAN_POINT('',(180.84664016455,-162.5399827557,
    -17.97731108949));
#568 = CARTESIAN_POINT('',(180.80504515866,-162.516234566,
    -18.01890609535));
#569 = CARTESIAN_POINT('',(180.7634953154,-162.4923673849,-18.0604559387
    ));
#570 = CARTESIAN_POINT('',(180.72198794618,-162.4683860905,
    -18.10196330775));
#571 = CARTESIAN_POINT('',(180.68052036336,-162.4442955617,
    -18.14343089079));
#572 = CARTESIAN_POINT('',(180.63908987794,-162.4201006765,-18.184861376
    ));
#573 = CARTESIAN_POINT('',(180.59769380241,-162.3958063138,
    -18.22625745168));
#574 = CARTESIAN_POINT('',(180.55632944798,-162.3714173519,
    -18.26762180603));
#575 = CARTESIAN_POINT('',(180.51499412673,-162.3469386693,
    -18.30895712732));
#576 = CARTESIAN_POINT('',(180.47368515027,-162.3223751444,
    -18.35026610377));
#577 = ADVANCED_FACE('',(#578),#619,.T.);
#578 = FACE_BOUND('',#579,.T.);
#579 = EDGE_LOOP('',(#580,#590,#598,#606,#612,#613));
#580 = ORIENTED_EDGE('',*,*,#581,.F.);
#581 = EDGE_CURVE('',#582,#584,#586,.T.);
#582 = VERTEX_POINT('',#583);
#583 = CARTESIAN_POINT('',(214.07369628219,-116.3789252588,-4.));
#584 = VERTEX_POINT('',#585);
#585 = CARTESIAN_POINT('',(214.07369628219,-116.3789252588,
    -48.95821702165));
#586 = LINE('',#587,#588);
#587 = CARTESIAN_POINT('',(214.07369628219,-116.3789252588,-4.));
#588 = VECTOR('',#589,1.);
#589 = DIRECTION('',(0.,0.,-1.));
#590 = ORIENTED_EDGE('',*,*,#591,.F.);
#591 = EDGE_CURVE('',#592,#582,#594,.T.);
#592 = VERTEX_POINT('',#593);
#593 = CARTESIAN_POINT('',(207.26940648052,-128.1642973298,-4.));
#594 = LINE('',#595,#596);
#595 = CARTESIAN_POINT('',(207.26940648052,-128.1642973298,-4.));
#596 = VECTOR('',#597,1.);
#597 = DIRECTION('',(0.500000113749,0.866025338112,0.));
#598 = ORIENTED_EDGE('',*,*,#599,.T.);
#599 = EDGE_CURVE('',#592,#600,#602,.T.);
#600 = VERTEX_POINT('',#601);
#601 = CARTESIAN_POINT('',(195.38296827385,-148.7522059798,-4.));
#602 = LINE('',#603,#604);
#603 = CARTESIAN_POINT('',(207.26940648052,-128.1642973298,-4.));
#604 = VECTOR('',#605,1.);
#605 = DIRECTION('',(-0.50000011375,-0.866025338111,0.));
#606 = ORIENTED_EDGE('',*,*,#607,.T.);
#607 = EDGE_CURVE('',#600,#100,#608,.T.);
#608 = LINE('',#609,#610);
#609 = CARTESIAN_POINT('',(194.9357546987,-149.5268023788,
    -4.447213575152));
#610 = VECTOR('',#611,1.);
#611 = DIRECTION('',(-0.447213676892,-0.774596575257,-0.447213676892));
#612 = ORIENTED_EDGE('',*,*,#124,.T.);
#613 = ORIENTED_EDGE('',*,*,#614,.T.);
#614 = EDGE_CURVE('',#125,#584,#615,.T.);
#615 = LINE('',#616,#617);
#616 = CARTESIAN_POINT('',(188.25259427567,-161.1023722754,
    -42.03947359132));
#617 = VECTOR('',#618,1.);
#618 = DIRECTION('',(0.495572330589,0.858356195039,-0.132788205773));
#619 = PLANE('',#620);
#620 = AXIS2_PLACEMENT_3D('',#621,#622,#623);
#621 = CARTESIAN_POINT('',(201.14654674943,-138.7693982548,-41.5));
#622 = DIRECTION('',(0.866025338111,-0.50000011375,0.));
#623 = DIRECTION('',(0.50000011375,0.866025338111,0.));
#624 = ADVANCED_FACE('',(#625),#669,.F.);
#625 = FACE_BOUND('',#626,.F.);
#626 = EDGE_LOOP('',(#627,#634,#635,#636));
#627 = ORIENTED_EDGE('',*,*,#628,.T.);
#628 = EDGE_CURVE('',#629,#312,#631,.T.);
#629 = VERTEX_POINT('',#630);
#630 = CARTESIAN_POINT('',(129.68324883563,-146.4701127799,
    -26.85033212244));
#631 = B_SPLINE_CURVE_WITH_KNOTS('',1,(#632,#633),.UNSPECIFIED.,.F.,.F.,
  (2,2),(0.,2.126387932793E-02),.PIECEWISE_BEZIER_KNOTS.);
#632 = CARTESIAN_POINT('',(129.68324883563,-146.4701127799,
    -26.85033212244));
#633 = CARTESIAN_POINT('',(129.8023359999,-146.965524427,-26.36462405772
    ));
#634 = ORIENTED_EDGE('',*,*,#319,.T.);
#635 = ORIENTED_EDGE('',*,*,#165,.F.);
#636 = ORIENTED_EDGE('',*,*,#637,.F.);
#637 = EDGE_CURVE('',#629,#166,#638,.T.);
#638 = B_SPLINE_CURVE_WITH_KNOTS('',8,(#639,#640,#641,#642,#643,#644,
    #645,#646,#647,#648,#649,#650,#651,#652,#653,#654,#655,#656,#657,
    #658,#659,#660,#661,#662,#663,#664,#665,#666,#667,#668),
  .UNSPECIFIED.,.F.,.F.,(9,7,7,7,9),(348.56278192666,348.63405257382,
    348.68402454914,348.70532322097,374.05128953227),.UNSPECIFIED.);
#639 = CARTESIAN_POINT('',(129.68324883563,-146.4701127799,
    -26.85033212244));
#640 = CARTESIAN_POINT('',(129.6911510609,-146.4702891629,
    -26.85244951732));
#641 = CARTESIAN_POINT('',(129.69905356975,-146.4704506995,
    -26.85456698818));
#642 = CARTESIAN_POINT('',(129.70695632859,-146.4705973881,
    -26.85668452603));
#643 = CARTESIAN_POINT('',(129.71485930389,-146.470729227,
    -26.85880212188));
#644 = CARTESIAN_POINT('',(129.72276246206,-146.4708462147,
    -26.86091976673));
#645 = CARTESIAN_POINT('',(129.73066576957,-146.4709483495,
    -26.86303745159));
#646 = CARTESIAN_POINT('',(129.73856919285,-146.4710356297,
    -26.86515516748));
#647 = CARTESIAN_POINT('',(129.75201430344,-146.4711588343,-26.868757774
    ));
#648 = CARTESIAN_POINT('',(129.75755594895,-146.4712023114,
    -26.87024265344));
#649 = CARTESIAN_POINT('',(129.7630976233,-146.4712384844,
    -26.87172754061));
#650 = CARTESIAN_POINT('',(129.76863931492,-146.4712673529,
    -26.8732124324));
#651 = CARTESIAN_POINT('',(129.77418101221,-146.4712889164,
    -26.87469732572));
#652 = CARTESIAN_POINT('',(129.77972270364,-146.4713031746,
    -26.87618221746));
#653 = CARTESIAN_POINT('',(129.78526437759,-146.4713101269,
    -26.87766710452));
#654 = CARTESIAN_POINT('',(129.79316793989,-146.4713096219,
    -26.87978485765));
#655 = CARTESIAN_POINT('',(129.79550585485,-146.4713082117,
    -26.88041130008));
#656 = CARTESIAN_POINT('',(129.79750585548,-146.4713051121,
    -26.88094719864));
#657 = CARTESIAN_POINT('',(129.79951287394,-146.4712992365,
    -26.88148497761));
#658 = CARTESIAN_POINT('',(129.80168272968,-146.4712904011,
    -26.88206638871));
#659 = CARTESIAN_POINT('',(129.80378288681,-146.4712793541,
    -26.88262912411));
#660 = CARTESIAN_POINT('',(129.8056419249,-146.4712662742,
    -26.88312725187));
#661 = CARTESIAN_POINT('',(132.90921561214,-146.4491903017,
    -27.71472731501));
#662 = CARTESIAN_POINT('',(136.01414356618,-146.558924643,
    -28.54669025285));
#663 = CARTESIAN_POINT('',(139.11470471623,-146.806907695,
    -29.37748310909));
#664 = CARTESIAN_POINT('',(142.20404013066,-147.1877414614,
    -30.20526803854));
#665 = CARTESIAN_POINT('',(145.27406024223,-147.7043922328,
    -31.02787744818));
#666 = CARTESIAN_POINT('',(148.31930939652,-148.348363694,
    -31.84384949982));
#667 = CARTESIAN_POINT('',(151.32926876526,-149.1352386693,
    -32.65036568193));
#668 = CARTESIAN_POINT('',(154.29794705259,-150.0460191106,
    -33.44582063161));
#669 = B_SPLINE_SURFACE_WITH_KNOTS('',1,8,(
    (#670,#671,#672,#673,#674,#675,#676,#677,#678,#679,#680,#681,#682
      ,#683,#684,#685,#686,#687,#688,#689,#690,#691,#692,#693,#694,#695
      ,#696,#697,#698,#699)
    ,(#700,#701,#702,#703,#704,#705,#706,#707,#708,#709,#710,#711,#712
      ,#713,#714,#715,#716,#717,#718,#719,#720,#721,#722,#723,#724,#725
      ,#726,#727,#728,#729
  )),.UNSPECIFIED.,.F.,.F.,.F.,(2,2),(9,7,7,7,9),(0.,25.488507605606),(
    348.56278192666,348.63405257382,348.68402454914,348.70532322097,
    374.05128953227),.UNSPECIFIED.);
#670 = CARTESIAN_POINT('',(129.68324883563,-146.4701127799,
    -26.85033212244));
#671 = CARTESIAN_POINT('',(129.6911510609,-146.4702891629,
    -26.85244951732));
#672 = CARTESIAN_POINT('',(129.69905356975,-146.4704506995,
    -26.85456698818));
#673 = CARTESIAN_POINT('',(129.70695632859,-146.4705973881,
    -26.85668452603));
#674 = CARTESIAN_POINT('',(129.71485930389,-146.470729227,
    -26.85880212188));
#675 = CARTESIAN_POINT('',(129.72276246206,-146.4708462147,
    -26.86091976673));
#676 = CARTESIAN_POINT('',(129.73066576957,-146.4709483495,
    -26.86303745159));
#677 = CARTESIAN_POINT('',(129.73856919285,-146.4710356297,
    -26.86515516748));
#678 = CARTESIAN_POINT('',(129.75201430344,-146.4711588343,-26.868757774
    ));
#679 = CARTESIAN_POINT('',(129.75755594895,-146.4712023114,
    -26.87024265344));
#680 = CARTESIAN_POINT('',(129.7630976233,-146.4712384844,
    -26.87172754061));
#681 = CARTESIAN_POINT('',(129.76863931492,-146.4712673529,
    -26.8732124324));
#682 = CARTESIAN_POINT('',(129.77418101221,-146.4712889164,
    -26.87469732572));
#683 = CARTESIAN_POINT('',(129.77972270364,-146.4713031746,
    -26.87618221746));
#684 = CARTESIAN_POINT('',(129.78526437759,-146.4713101269,
    -26.87766710452));
#685 = CARTESIAN_POINT('',(129.79316793989,-146.4713096219,
    -26.87978485765));
#686 = CARTESIAN_POINT('',(129.79550585485,-146.4713082117,
    -26.88041130008));
#687 = CARTESIAN_POINT('',(129.79750585548,-146.4713051121,
    -26.88094719864));
#688 = CARTESIAN_POINT('',(129.79951287394,-146.4712992365,
    -26.88148497761));
#689 = CARTESIAN_POINT('',(129.80168272968,-146.4712904011,
    -26.88206638871));
#690 = CARTESIAN_POINT('',(129.80378288681,-146.4712793541,
    -26.88262912411));
#691 = CARTESIAN_POINT('',(129.8056419249,-146.4712662742,
    -26.88312725187));
#692 = CARTESIAN_POINT('',(132.90921561214,-146.4491903017,
    -27.71472731501));
#693 = CARTESIAN_POINT('',(136.01414356618,-146.558924643,
    -28.54669025285));
#694 = CARTESIAN_POINT('',(139.11470471623,-146.806907695,
    -29.37748310909));
#695 = CARTESIAN_POINT('',(142.20404013066,-147.1877414614,
    -30.20526803854));
#696 = CARTESIAN_POINT('',(145.27406024223,-147.7043922328,
    -31.02787744818));
#697 = CARTESIAN_POINT('',(148.31930939652,-148.348363694,
    -31.84384949982));
#698 = CARTESIAN_POINT('',(151.32926876526,-149.1352386693,
    -32.65036568193));
#699 = CARTESIAN_POINT('',(154.29794705259,-150.0460191106,
    -33.44582063161));
#700 = CARTESIAN_POINT('',(129.8023359999,-146.965524427,-26.36462405772
    ));
#701 = CARTESIAN_POINT('',(129.81100305724,-146.9654469221,
    -26.36694889802));
#702 = CARTESIAN_POINT('',(129.81966916818,-146.9653704845,
    -26.36927348884));
#703 = CARTESIAN_POINT('',(129.82833441126,-146.9652951132,
    -26.37159782106));
#704 = CARTESIAN_POINT('',(129.83699886503,-146.9652208073,
    -26.37392188553));
#705 = CARTESIAN_POINT('',(129.84566260798,-146.9651475658,
    -26.37624567312));
#706 = CARTESIAN_POINT('',(129.85432571869,-146.9650753877,
    -26.3785691747));
#707 = CARTESIAN_POINT('',(129.86298827566,-146.965004272,
    -26.38089238113));
#708 = CARTESIAN_POINT('',(129.87772384425,-146.9648850988,
    -26.38484400441));
#709 = CARTESIAN_POINT('',(129.88379709691,-146.9648365016,
    -26.38647257799));
#710 = CARTESIAN_POINT('',(129.88987014117,-146.964788426,
    -26.38810100563));
#711 = CARTESIAN_POINT('',(129.89594300288,-146.9647408719,
    -26.38972928897));
#712 = CARTESIAN_POINT('',(129.9020157078,-146.9646938388,
    -26.39135742963));
#713 = CARTESIAN_POINT('',(129.90808828177,-146.9646473267,
    -26.39298542923));
#714 = CARTESIAN_POINT('',(129.91416075055,-146.9646013351,
    -26.3946132894));
#715 = CARTESIAN_POINT('',(129.9228212672,-146.9645364836,
    -26.39693476709));
#716 = CARTESIAN_POINT('',(129.9254090651,-146.9645172004,
    -26.39762841933));
#717 = CARTESIAN_POINT('',(129.92799224187,-146.9644980453,
    -26.39832078877));
#718 = CARTESIAN_POINT('',(129.93057549023,-146.9644789841,
    -26.39901313523));
#719 = CARTESIAN_POINT('',(129.93316093533,-146.964460001,
    -26.39970602705));
#720 = CARTESIAN_POINT('',(129.93574542,-146.9644411188,-26.40039860604)
  );
#721 = CARTESIAN_POINT('',(129.93832662712,-146.9644223543,
    -26.40109024802));
#722 = CARTESIAN_POINT('',(133.02476523362,-146.942098045,
    -27.22810421688));
#723 = CARTESIAN_POINT('',(136.11193631462,-147.0538257927,
    -28.05526631551));
#724 = CARTESIAN_POINT('',(139.19488434146,-147.3000605272,
    -28.88137588884));
#725 = CARTESIAN_POINT('',(142.26638019777,-147.6803860063,
    -29.70430806942));
#726 = CARTESIAN_POINT('',(145.31978834611,-148.1947473095,
    -30.52251346262));
#727 = CARTESIAN_POINT('',(148.3455097842,-148.8409890513,
    -31.33321694979));
#728 = CARTESIAN_POINT('',(151.33842612474,-149.6179082535,
    -32.13518439201));
#729 = CARTESIAN_POINT('',(154.29082069444,-150.5230027484,
    -32.92627957704));
#730 = ADVANCED_FACE('',(#731,#1129),#1358,.F.);
#731 = FACE_BOUND('',#732,.F.);
#732 = EDGE_LOOP('',(#733,#743,#948,#956,#977,#985,#998,#1006,#1019,
    #1027,#1048,#1056,#1069,#1076,#1077,#1078,#1079,#1087,#1104,#1112));
#733 = ORIENTED_EDGE('',*,*,#734,.T.);
#734 = EDGE_CURVE('',#735,#737,#739,.T.);
#735 = VERTEX_POINT('',#736);
#736 = CARTESIAN_POINT('',(209.37059039994,-32.62129799999,
    -48.20249094158));
#737 = VERTEX_POINT('',#738);
#738 = CARTESIAN_POINT('',(93.948634847847,-32.62129799999,
    -17.27527116257));
#739 = LINE('',#740,#741);
#740 = CARTESIAN_POINT('',(209.49999992249,-32.62129799999,
    -48.23716611864));
#741 = VECTOR('',#742,1.);
#742 = DIRECTION('',(-0.965925826289,5.946282714323E-16,0.258819045103)
  );
#743 = ORIENTED_EDGE('',*,*,#744,.T.);
#744 = EDGE_CURVE('',#737,#745,#747,.T.);
#745 = VERTEX_POINT('',#746);
#746 = CARTESIAN_POINT('',(89.279759216491,-37.398385925,-16.02424970759
    ));
#747 = B_SPLINE_CURVE_WITH_KNOTS('',12,(#748,#749,#750,#751,#752,#753,
    #754,#755,#756,#757,#758,#759,#760,#761,#762,#763,#764,#765,#766,
    #767,#768,#769,#770,#771,#772,#773,#774,#775,#776,#777,#778,#779,
    #780,#781,#782,#783,#784,#785,#786,#787,#788,#789,#790,#791,#792,
    #793,#794,#795,#796,#797,#798,#799,#800,#801,#802,#803,#804,#805,
    #806,#807,#808,#809,#810,#811,#812,#813,#814,#815,#816,#817,#818,
    #819,#820,#821,#822,#823,#824,#825,#826,#827,#828,#829,#830,#831,
    #832,#833,#834,#835,#836,#837,#838,#839,#840,#841,#842,#843,#844,
    #845,#846,#847,#848,#849,#850,#851,#852,#853,#854,#855,#856,#857,
    #858,#859,#860,#861,#862,#863,#864,#865,#866,#867,#868,#869,#870,
    #871,#872,#873,#874,#875,#876,#877,#878,#879,#880,#881,#882,#883,
    #884,#885,#886,#887,#888,#889,#890,#891,#892,#893,#894,#895,#896,
    #897,#898,#899,#900,#901,#902,#903,#904,#905,#906,#907,#908,#909,
    #910,#911,#912,#913,#914,#915,#916,#917,#918,#919,#920,#921,#922,
    #923,#924,#925,#926,#927,#928,#929,#930,#931,#932,#933,#934,#935,
    #936,#937,#938,#939,#940,#941,#942,#943,#944,#945,#946,#947),
  .UNSPECIFIED.,.F.,.F.,(13,11,11,11,11,11,11,11,11,11,11,11,11,11,11,11
    ,11,11,13),(119.62758838798,123.7789860733,125.85468491596,
    126.89253433729,127.41145904795,127.67092140328,127.80065258095,
    127.86551816978,127.8979509642,127.91416736141,127.92227556001,
    127.92632965931,127.92835670896,127.92937023379,127.9298769962,
    127.93013037741,127.93025706801,127.93032041331,127.93038375862),
  .UNSPECIFIED.);
#748 = CARTESIAN_POINT('',(93.948864019368,-32.6212979437,
    -17.27533256889));
#749 = CARTESIAN_POINT('',(93.640794830841,-32.62144928288,
    -17.19278567862));
#750 = CARTESIAN_POINT('',(93.333270841758,-32.64453527492,
    -17.11038487409));
#751 = CARTESIAN_POINT('',(93.027940201297,-32.69044898215,
    -17.02857177554));
#752 = CARTESIAN_POINT('',(92.726454656227,-32.75892876449,
    -16.94778896723));
#753 = CARTESIAN_POINT('',(92.43045560233,-32.84956279858,
    -16.86847625975));
#754 = CARTESIAN_POINT('',(92.141560137202,-32.96179359902,
    -16.79106695321));
#755 = CARTESIAN_POINT('',(91.86134711085,-33.09492253622,
    -16.71598409905));
#756 = CARTESIAN_POINT('',(91.591343179159,-33.24811435876,
    -16.64363676363));
#757 = CARTESIAN_POINT('',(91.333008854254,-33.42040171076,
    -16.57441628988));
#758 = CARTESIAN_POINT('',(91.087724557723,-33.61068965389,
    -16.50869256071));
#759 = CARTESIAN_POINT('',(90.856776671524,-33.81776018571,
    -16.44681026111));
#760 = CARTESIAN_POINT('',(90.533627050124,-34.15153504788,
    -16.36022258102));
#761 = CARTESIAN_POINT('',(90.429787628073,-34.26665910273,
    -16.33239889175));
#762 = CARTESIAN_POINT('',(90.329974924661,-34.38548033688,
    -16.30565415844));
#763 = CARTESIAN_POINT('',(90.234330680928,-34.50782518932,
    -16.28002636065));
#764 = CARTESIAN_POINT('',(90.142988784593,-34.63351512845,
    -16.25555137317));
#765 = CARTESIAN_POINT('',(90.056075259384,-34.76236664807,
    -16.23226296444));
#766 = CARTESIAN_POINT('',(89.97370828056,-34.89419127311,
    -16.21019279882));
#767 = CARTESIAN_POINT('',(89.895998156429,-35.0287955529,
    -16.18937043394));
#768 = CARTESIAN_POINT('',(89.823047346566,-35.16598106773,
    -16.16982332327));
#769 = CARTESIAN_POINT('',(89.7549504469,-35.30554442352,-16.15157681404
    ));
#770 = CARTESIAN_POINT('',(89.69179419981,-35.44727725543,
    -16.13465414862));
#771 = CARTESIAN_POINT('',(89.604589132909,-35.66281071101,
    -16.11128762137));
#772 = CARTESIAN_POINT('',(89.576775263694,-35.735145013,-16.10383491757
    ));
#773 = CARTESIAN_POINT('',(89.550225546898,-35.8079427671,
    -16.09672094241));
#774 = CARTESIAN_POINT('',(89.524949088667,-35.88117748007,
    -16.08994813582));
#775 = CARTESIAN_POINT('',(89.500954431725,-35.95482252849,
    -16.08351878689));
#776 = CARTESIAN_POINT('',(89.478249561502,-36.02885116163,
    -16.07743503523));
#777 = CARTESIAN_POINT('',(89.456841897678,-36.10323649736,
    -16.07169886901));
#778 = CARTESIAN_POINT('',(89.436738303751,-36.17795152688,
    -16.06631212724));
#779 = CARTESIAN_POINT('',(89.417945078049,-36.25296911022,
    -16.0612764976));
#780 = CARTESIAN_POINT('',(89.400467960789,-36.32826197982,
    -16.05659351814));
#781 = CARTESIAN_POINT('',(89.384312129432,-36.40380273813,
    -16.05226457618));
#782 = CARTESIAN_POINT('',(89.362067237136,-36.51744441938,
    -16.04630407525));
#783 = CARTESIAN_POINT('',(89.354984011981,-36.55538011303,
    -16.04440613079));
#784 = CARTESIAN_POINT('',(89.348232940875,-36.59336750063,
    -16.04259718673));
#785 = CARTESIAN_POINT('',(89.341814437704,-36.63140314219,
    -16.04087735402));
#786 = CARTESIAN_POINT('',(89.335728919037,-36.66948359919,
    -16.03924674415));
#787 = CARTESIAN_POINT('',(89.329976796885,-36.70760543068,
    -16.03770546774));
#788 = CARTESIAN_POINT('',(89.324558489439,-36.74576519898,
    -16.03625363656));
#789 = CARTESIAN_POINT('',(89.319474408095,-36.78395946281,
    -16.03489136113));
#790 = CARTESIAN_POINT('',(89.314724970347,-36.82218478412,
    -16.03361875308));
#791 = CARTESIAN_POINT('',(89.310310589227,-36.86043772251,
    -16.03243592325));
#792 = CARTESIAN_POINT('',(89.306231680403,-36.89871483896,
    -16.03134298291));
#793 = CARTESIAN_POINT('',(89.300617147273,-36.95616162123,
    -16.0298385733));
#794 = CARTESIAN_POINT('',(89.298829557841,-36.97531572976,
    -16.02935959015));
#795 = CARTESIAN_POINT('',(89.297125911729,-36.99447458883,
    -16.02890309957));
#796 = CARTESIAN_POINT('',(89.295506231083,-37.0136377679,-16.0284691074
    ));
#797 = CARTESIAN_POINT('',(89.293970537165,-37.03280483637,
    -16.02805761953));
#798 = CARTESIAN_POINT('',(89.292518852679,-37.05197536373,
    -16.02766864175));
#799 = CARTESIAN_POINT('',(89.29115119839,-37.07114891938,
    -16.02730217998));
#800 = CARTESIAN_POINT('',(89.289867597226,-37.0903250728,
    -16.02695824001));
#801 = CARTESIAN_POINT('',(89.288668070114,-37.10950339338,
    -16.02663682774));
#802 = CARTESIAN_POINT('',(89.287552639509,-37.12868345061,
    -16.02633794899));
#803 = CARTESIAN_POINT('',(89.28652132691,-37.1478648139,-16.02606160961
    ));
#804 = CARTESIAN_POINT('',(89.285100567997,-37.17663817211,
    -16.02568091841));
#805 = CARTESIAN_POINT('',(89.284648013519,-37.18622951043,
    -16.02555965681));
#806 = CARTESIAN_POINT('',(89.284216491923,-37.19582101402,
    -16.02544403093));
#807 = CARTESIAN_POINT('',(89.283806003563,-37.20541262887,
    -16.02533404093));
#808 = CARTESIAN_POINT('',(89.283416550279,-37.21500430175,
    -16.0252296872));
#809 = CARTESIAN_POINT('',(89.283048131467,-37.22459597815,
    -16.02513096973));
#810 = CARTESIAN_POINT('',(89.282700749756,-37.23418760526,
    -16.02503788903));
#811 = CARTESIAN_POINT('',(89.282374404282,-37.24377912843,
    -16.02495044506));
#812 = CARTESIAN_POINT('',(89.282069097278,-37.25337049464,
    -16.02486863827));
#813 = CARTESIAN_POINT('',(89.281784828732,-37.26296164968,
    -16.02479246875));
#814 = CARTESIAN_POINT('',(89.281521599942,-37.27255254005,
    -16.02472193681));
#815 = CARTESIAN_POINT('',(89.281158317451,-37.28693839784,
    -16.02462459556));
#816 = CARTESIAN_POINT('',(89.281042483204,-37.29173360416,
    -16.02459355787));
#817 = CARTESIAN_POINT('',(89.280931908939,-37.29652872418,
    -16.02456392958));
#818 = CARTESIAN_POINT('',(89.280826594436,-37.30132375113,
    -16.02453571065));
#819 = CARTESIAN_POINT('',(89.280726540099,-37.30611867841,
    -16.02450890116));
#820 = CARTESIAN_POINT('',(89.280631745307,-37.31091349915,
    -16.02448350099));
#821 = CARTESIAN_POINT('',(89.280542210776,-37.31570820683,
    -16.02445951027));
#822 = CARTESIAN_POINT('',(89.280457935801,-37.32050279458,
    -16.02443692887));
#823 = CARTESIAN_POINT('',(89.28037892092,-37.32529725578,
    -16.02441575689));
#824 = CARTESIAN_POINT('',(89.280305165781,-37.3300915837,
    -16.02439599426));
#825 = CARTESIAN_POINT('',(89.28023667054,-37.33488577162,
    -16.02437764101));
#826 = CARTESIAN_POINT('',(89.280141817437,-37.34207683345,
    -16.0243522252));
#827 = CARTESIAN_POINT('',(89.280111514656,-37.34447381737,
    -16.0243441056));
#828 = CARTESIAN_POINT('',(89.280082526941,-37.34687076387,
    -16.02433633835));
#829 = CARTESIAN_POINT('',(89.280054853845,-37.34926767177,
    -16.0243289234));
#830 = CARTESIAN_POINT('',(89.280028496245,-37.35166454093,
    -16.02432186084));
#831 = CARTESIAN_POINT('',(89.280003452755,-37.35406136944,
    -16.02431515054));
#832 = CARTESIAN_POINT('',(89.279979725076,-37.35645815778,
    -16.02430879265));
#833 = CARTESIAN_POINT('',(89.279957311484,-37.3588549038,
    -16.02430278701));
#834 = CARTESIAN_POINT('',(89.279936213366,-37.36125160771,
    -16.02429713374));
#835 = CARTESIAN_POINT('',(89.279916429805,-37.36364826801,
    -16.02429183277));
#836 = CARTESIAN_POINT('',(89.279897961251,-37.36604488419,
    -16.02428688413));
#837 = CARTESIAN_POINT('',(89.279872230673,-37.36963974083,
    -16.02427998965));
#838 = CARTESIAN_POINT('',(89.279863982508,-37.37083801512,
    -16.02427777956));
#839 = CARTESIAN_POINT('',(89.279856063153,-37.37203627805,
    -16.02427565757));
#840 = CARTESIAN_POINT('',(89.279848472291,-37.37323452946,
    -16.02427362362));
#841 = CARTESIAN_POINT('',(89.279841210493,-37.37443276937,
    -16.0242716778));
#842 = CARTESIAN_POINT('',(89.279834276979,-37.37563099752,
    -16.02426982001));
#843 = CARTESIAN_POINT('',(89.279827672571,-37.37682921394,
    -16.02426805032));
#844 = CARTESIAN_POINT('',(89.27982139658,-37.37802741844,-16.0242663687
    ));
#845 = CARTESIAN_POINT('',(89.279815449457,-37.37922561095,
    -16.02426477516));
#846 = CARTESIAN_POINT('',(89.279809830972,-37.38042379136,
    -16.0242632697));
#847 = CARTESIAN_POINT('',(89.279804541203,-37.38162195956,
    -16.02426185231));
#848 = CARTESIAN_POINT('',(89.279797099609,-37.3834191934,
    -16.02425985834));
#849 = CARTESIAN_POINT('',(89.279794701216,-37.38401826825,
    -16.02425921569));
#850 = CARTESIAN_POINT('',(89.279792385155,-37.38461734009,
    -16.02425859511));
#851 = CARTESIAN_POINT('',(89.279790150875,-37.38521640862,
    -16.02425799642));
#852 = CARTESIAN_POINT('',(89.27978799948,-37.38581547441,
    -16.02425741998));
#853 = CARTESIAN_POINT('',(89.279785929274,-37.38641453655,
    -16.02425686524));
#854 = CARTESIAN_POINT('',(89.279783942321,-37.38701359612,
    -16.02425633287));
#855 = CARTESIAN_POINT('',(89.2797820366,-37.38761265202,-16.02425582221
    ));
#856 = CARTESIAN_POINT('',(89.279780213706,-37.38821170511,
    -16.02425533378));
#857 = CARTESIAN_POINT('',(89.279778472635,-37.38881075483,
    -16.02425486725));
#858 = CARTESIAN_POINT('',(89.279776813871,-37.38940980143,
    -16.02425442279));
#859 = CARTESIAN_POINT('',(89.279774448945,-37.39030836648,
    -16.02425378911));
#860 = CARTESIAN_POINT('',(89.279773681144,-37.39060788735,
    -16.02425358339));
#861 = CARTESIAN_POINT('',(89.279772934039,-37.39090740748,
    -16.02425338317));
#862 = CARTESIAN_POINT('',(89.279772207121,-37.39120692666,
    -16.02425318846));
#863 = CARTESIAN_POINT('',(89.279771501332,-37.39150644527,
    -16.02425299925));
#864 = CARTESIAN_POINT('',(89.279770815354,-37.39180596276,
    -16.02425281555));
#865 = CARTESIAN_POINT('',(89.279770150634,-37.39210547976,
    -16.02425263733));
#866 = CARTESIAN_POINT('',(89.279769505909,-37.39240499569,
    -16.02425246466));
#867 = CARTESIAN_POINT('',(89.279768882051,-37.39270451098,
    -16.02425229745));
#868 = CARTESIAN_POINT('',(89.279768278599,-37.39300402536,
    -16.02425213578));
#869 = CARTESIAN_POINT('',(89.279767695718,-37.39330353895,
    -16.02425197959));
#870 = CARTESIAN_POINT('',(89.279766852231,-37.39375280812,
    -16.02425175358));
#871 = CARTESIAN_POINT('',(89.279766576123,-37.39390256427,
    -16.0242516796));
#872 = CARTESIAN_POINT('',(89.279766305473,-37.39405232033,
    -16.02425160705));
#873 = CARTESIAN_POINT('',(89.279766039214,-37.39420207595,
    -16.02425153578));
#874 = CARTESIAN_POINT('',(89.279765779336,-37.39435183174,
    -16.02425146603));
#875 = CARTESIAN_POINT('',(89.279765522975,-37.39450158684,
    -16.02425139747));
#876 = CARTESIAN_POINT('',(89.279765273437,-37.39465134223,
    -16.02425133048));
#877 = CARTESIAN_POINT('',(89.279765027605,-37.39480109701,
    -16.02425126471));
#878 = CARTESIAN_POINT('',(89.279764787894,-37.39495085185,
    -16.02425120042));
#879 = CARTESIAN_POINT('',(89.279764552776,-37.39510060635,
    -16.02425113745));
#880 = CARTESIAN_POINT('',(89.279764323022,-37.39525036069,
    -16.02425107588));
#881 = CARTESIAN_POINT('',(89.279763985996,-37.39547499187,
    -16.02425098557));
#882 = CARTESIAN_POINT('',(89.279763874958,-37.39554986889,
    -16.02425095582));
#883 = CARTESIAN_POINT('',(89.279763765154,-37.39562474584,
    -16.02425092641));
#884 = CARTESIAN_POINT('',(89.279763656728,-37.39569962277,
    -16.02425089733));
#885 = CARTESIAN_POINT('',(89.279763549446,-37.39577449958,
    -16.02425086862));
#886 = CARTESIAN_POINT('',(89.279763443613,-37.39584937644,
    -16.02425084022));
#887 = CARTESIAN_POINT('',(89.279763338911,-37.39592425313,
    -16.0242508122));
#888 = CARTESIAN_POINT('',(89.279763235604,-37.39599912989,
    -16.0242507845));
#889 = CARTESIAN_POINT('',(89.279763133519,-37.3960740065,
    -16.02425075716));
#890 = CARTESIAN_POINT('',(89.27976303274,-37.39614888311,
    -16.02425073015));
#891 = CARTESIAN_POINT('',(89.279762933246,-37.39622375965,
    -16.02425070349));
#892 = CARTESIAN_POINT('',(89.279762785919,-37.39633607439,
    -16.02425066401));
#893 = CARTESIAN_POINT('',(89.279762737158,-37.39637351263,
    -16.02425065094));
#894 = CARTESIAN_POINT('',(89.279762688619,-37.39641095083,
    -16.02425063795));
#895 = CARTESIAN_POINT('',(89.279762640606,-37.39644838906,
    -16.02425062506));
#896 = CARTESIAN_POINT('',(89.279762592619,-37.39648582724,
    -16.02425061224));
#897 = CARTESIAN_POINT('',(89.27976254527,-37.39652326541,
    -16.02425059951));
#898 = CARTESIAN_POINT('',(89.279762497978,-37.39656070361,
    -16.02425058688));
#899 = CARTESIAN_POINT('',(89.27976245118,-37.39659814174,
    -16.02425057431));
#900 = CARTESIAN_POINT('',(89.279762404617,-37.3966355799,
    -16.02425056185));
#901 = CARTESIAN_POINT('',(89.2797623584,-37.39667301802,-16.02425054946
    ));
#902 = CARTESIAN_POINT('',(89.27976231251,-37.39671045614,
    -16.02425053716));
#903 = CARTESIAN_POINT('',(89.279762244135,-37.39676661329,
    -16.02425051884));
#904 = CARTESIAN_POINT('',(89.279762221474,-37.39678533234,
    -16.02425051276));
#905 = CARTESIAN_POINT('',(89.279762198691,-37.39680405137,
    -16.02425050669));
#906 = CARTESIAN_POINT('',(89.279762176477,-37.39682277045,
    -16.02425050067));
#907 = CARTESIAN_POINT('',(89.27976215348,-37.39684148944,
    -16.02425049461));
#908 = CARTESIAN_POINT('',(89.279762131748,-37.39686020852,
    -16.02425048866));
#909 = CARTESIAN_POINT('',(89.279762108797,-37.39687892753,
    -16.02425048264));
#910 = CARTESIAN_POINT('',(89.279762087078,-37.39689764656,
    -16.02425047672));
#911 = CARTESIAN_POINT('',(89.279762064619,-37.39691636559,
    -16.02425047076));
#912 = CARTESIAN_POINT('',(89.279762042695,-37.39693508461,
    -16.02425046486));
#913 = CARTESIAN_POINT('',(89.279762020669,-37.39695380363,
    -16.02425045897));
#914 = CARTESIAN_POINT('',(89.279761987812,-37.39698188215,
    -16.02425045016));
#915 = CARTESIAN_POINT('',(89.279761976914,-37.39699124167,
    -16.02425044724));
#916 = CARTESIAN_POINT('',(89.279761965877,-37.39700060114,
    -16.02425044429));
#917 = CARTESIAN_POINT('',(89.279761955257,-37.39700996072,
    -16.02425044143));
#918 = CARTESIAN_POINT('',(89.27976194395,-37.3970193201,-16.02425043842
    ));
#919 = CARTESIAN_POINT('',(89.279761933627,-37.39702867976,
    -16.02425043563));
#920 = CARTESIAN_POINT('',(89.279761922291,-37.39703803912,
    -16.02425043262));
#921 = CARTESIAN_POINT('',(89.279761911856,-37.39704739873,
    -16.0242504298));
#922 = CARTESIAN_POINT('',(89.279761900844,-37.39705675816,
    -16.02425042686));
#923 = CARTESIAN_POINT('',(89.279761890167,-37.39706611769,-16.024250424
    ));
#924 = CARTESIAN_POINT('',(89.279761879388,-37.39707547718,
    -16.02425042111));
#925 = CARTESIAN_POINT('',(89.279761863292,-37.39708951643,
    -16.0242504168));
#926 = CARTESIAN_POINT('',(89.279761857946,-37.39709419619,
    -16.02425041536));
#927 = CARTESIAN_POINT('',(89.279761852536,-37.39709887592,
    -16.02425041392));
#928 = CARTESIAN_POINT('',(89.279761847302,-37.39710355571,
    -16.0242504125));
#929 = CARTESIAN_POINT('',(89.279761841779,-37.39710823539,
    -16.02425041104));
#930 = CARTESIAN_POINT('',(89.279761836633,-37.39711291521,
    -16.02425040964));
#931 = CARTESIAN_POINT('',(89.279761831138,-37.39711759491,
    -16.02425040819));
#932 = CARTESIAN_POINT('',(89.279761825903,-37.39712227468,
    -16.02425040677));
#933 = CARTESIAN_POINT('',(89.279761820535,-37.39712695442,
    -16.02425040534));
#934 = CARTESIAN_POINT('',(89.279761815228,-37.39713163417,
    -16.02425040392));
#935 = CARTESIAN_POINT('',(89.279761809908,-37.39713631392,
    -16.02425040249));
#936 = CARTESIAN_POINT('',(89.279761799288,-37.39714567341,
    -16.02425039965));
#937 = CARTESIAN_POINT('',(89.279761749005,-37.39719039849,
    -16.02425038617));
#938 = CARTESIAN_POINT('',(89.279762080126,-37.39689553732,
    -16.0242504749));
#939 = CARTESIAN_POINT('',(89.279760833482,-37.39800548359,
    -16.02425014086));
#940 = CARTESIAN_POINT('',(89.279763757082,-37.39540234939,
    -16.02425092424));
#941 = CARTESIAN_POINT('',(89.2797589103,-37.3997177805,-16.02424962554)
  );
#942 = CARTESIAN_POINT('',(89.279764736117,-37.39453059032,
    -16.02425118656));
#943 = CARTESIAN_POINT('',(89.279759545634,-37.39915205568,
    -16.02424979578));
#944 = CARTESIAN_POINT('',(89.279762922927,-37.39614498081,
    -16.02425070072));
#945 = CARTESIAN_POINT('',(89.279761346829,-37.39754829173,
    -16.02425027841));
#946 = CARTESIAN_POINT('',(89.279761822612,-37.39712466266,
    -16.0242504059));
#947 = CARTESIAN_POINT('',(89.279759216491,-37.398385925,-16.02424970759
    ));
#948 = ORIENTED_EDGE('',*,*,#949,.T.);
#949 = EDGE_CURVE('',#745,#950,#952,.T.);
#950 = VERTEX_POINT('',#951);
#951 = CARTESIAN_POINT('',(89.266248228815,-41.34939786291,
    -16.02062944935));
#952 = LINE('',#953,#954);
#953 = CARTESIAN_POINT('',(89.279759216438,-37.398385925,-16.02424970757
    ));
#954 = VECTOR('',#955,1.);
#955 = DIRECTION('',(-3.41960570263E-03,-0.999993733344,
    9.162805864528E-04));
#956 = ORIENTED_EDGE('',*,*,#957,.T.);
#957 = EDGE_CURVE('',#950,#958,#960,.T.);
#958 = VERTEX_POINT('',#959);
#959 = CARTESIAN_POINT('',(87.653886233216,-42.84374999999,
    -15.58859835472));
#960 = B_SPLINE_CURVE_WITH_KNOTS('',8,(#961,#962,#963,#964,#965,#966,
    #967,#968,#969,#970,#971,#972,#973,#974,#975,#976),.UNSPECIFIED.,.F.
  ,.F.,(9,7,9),(131.88142845101,133.47826640527,133.61014752086),
  .UNSPECIFIED.);
#961 = CARTESIAN_POINT('',(89.266248228815,-41.34939786291,
    -16.02062944935));
#962 = CARTESIAN_POINT('',(89.2652313743,-41.64675616401,-16.020356984)
  );
#963 = CARTESIAN_POINT('',(89.19751405925,-41.94384886214,
    -16.00221218412));
#964 = CARTESIAN_POINT('',(89.063699228578,-42.22189064503,
    -15.96635660831));
#965 = CARTESIAN_POINT('',(88.868739721351,-42.46272633295,
    -15.91411736579));
#966 = CARTESIAN_POINT('',(88.630180367116,-42.64983204558,
    -15.85019557948));
#967 = CARTESIAN_POINT('',(88.357633463039,-42.78157820161,
    -15.77716685663));
#968 = CARTESIAN_POINT('',(88.067049830491,-42.84164331415,
    -15.69930520696));
#969 = CARTESIAN_POINT('',(87.763638038637,-42.84390991392,
    -15.61800626235));
#970 = CARTESIAN_POINT('',(87.750901725913,-42.8436647347,
    -15.61459357764));
#971 = CARTESIAN_POINT('',(87.734906959643,-42.84377765118,
    -15.61030779294));
#972 = CARTESIAN_POINT('',(87.718399118082,-42.84378286135,
    -15.60588453012));
#973 = CARTESIAN_POINT('',(87.702552648164,-42.84370621505,
    -15.60163848131));
#974 = CARTESIAN_POINT('',(87.686195856065,-42.84376699842,
    -15.59725569207));
#975 = CARTESIAN_POINT('',(87.670062408588,-42.84374999999,
    -15.59293274785));
#976 = CARTESIAN_POINT('',(87.653886233216,-42.84374999999,
    -15.58859835472));
#977 = ORIENTED_EDGE('',*,*,#978,.T.);
#978 = EDGE_CURVE('',#958,#979,#981,.T.);
#979 = VERTEX_POINT('',#980);
#980 = CARTESIAN_POINT('',(57.020590554952,-42.84374999999,
    -7.380431516233));
#981 = LINE('',#982,#983);
#982 = CARTESIAN_POINT('',(87.783295755767,-42.84374999999,
    -15.62327353178));
#983 = VECTOR('',#984,1.);
#984 = DIRECTION('',(-0.965925826289,-6.004475167961E-14,0.258819045103)
  );
#985 = ORIENTED_EDGE('',*,*,#986,.T.);
#986 = EDGE_CURVE('',#979,#987,#989,.T.);
#987 = VERTEX_POINT('',#988);
#988 = CARTESIAN_POINT('',(52.351712913145,-47.6250000775,
    -6.129409522551));
#989 = B_SPLINE_CURVE_WITH_KNOTS('',7,(#990,#991,#992,#993,#994,#995,
    #996,#997),.UNSPECIFIED.,.F.,.F.,(8,8),(165.32408137635,
    173.63281803558),.PIECEWISE_BEZIER_KNOTS.);
#990 = CARTESIAN_POINT('',(57.020820062125,-42.84374994354,
    -7.380493012495));
#991 = CARTESIAN_POINT('',(55.963810068663,-42.8442699609,
    -7.097268038355));
#992 = CARTESIAN_POINT('',(54.913674297949,-43.13363169118,
    -6.815885006649));
#993 = CARTESIAN_POINT('',(53.953448361393,-43.70560271473,
    -6.558593242398));
#994 = CARTESIAN_POINT('',(53.166890685762,-44.5226046013,
    -6.347835748412));
#995 = CARTESIAN_POINT('',(52.622921245208,-45.50916921696,
    -6.202079576108));
#996 = CARTESIAN_POINT('',(52.351712913145,-46.57272917893,
    -6.129409522551));
#997 = CARTESIAN_POINT('',(52.351712913145,-47.6250000775,
    -6.129409522551));
#998 = ORIENTED_EDGE('',*,*,#999,.T.);
#999 = EDGE_CURVE('',#987,#1000,#1002,.T.);
#1000 = VERTEX_POINT('',#1001);
#1001 = CARTESIAN_POINT('',(52.351712913145,-127.3968749224,
    -6.129409522551));
#1002 = LINE('',#1003,#1004);
#1003 = CARTESIAN_POINT('',(52.351712913145,-47.6250000775,
    -6.129409522551));
#1004 = VECTOR('',#1005,1.);
#1005 = DIRECTION('',(0.,-1.,2.22044604925E-16));
#1006 = ORIENTED_EDGE('',*,*,#1007,.T.);
#1007 = EDGE_CURVE('',#1000,#1008,#1010,.T.);
#1008 = VERTEX_POINT('',#1009);
#1009 = CARTESIAN_POINT('',(57.020820062119,-132.1781250563,
    -7.380493012493));
#1010 = B_SPLINE_CURVE_WITH_KNOTS('',7,(#1011,#1012,#1013,#1014,#1015,
    #1016,#1017,#1018),.UNSPECIFIED.,.F.,.F.,(8,8),(253.40469288048,
    261.7134295397),.PIECEWISE_BEZIER_KNOTS.);
#1011 = CARTESIAN_POINT('',(52.351712913145,-127.3968749224,
    -6.129409522551));
#1012 = CARTESIAN_POINT('',(52.351712913145,-128.4491458209,
    -6.129409522551));
#1013 = CARTESIAN_POINT('',(52.622921245206,-129.5127057829,
    -6.202079576108));
#1014 = CARTESIAN_POINT('',(53.166890685763,-130.4992703985,
    -6.347835748412));
#1015 = CARTESIAN_POINT('',(53.953448361389,-131.3162722851,
    -6.558593242397));
#1016 = CARTESIAN_POINT('',(54.913674297946,-131.8882433087,
    -6.815885006648));
#1017 = CARTESIAN_POINT('',(55.963810068658,-132.1776050389,
    -7.097268038354));
#1018 = CARTESIAN_POINT('',(57.020820062119,-132.1781250563,
    -7.380493012493));
#1019 = ORIENTED_EDGE('',*,*,#1020,.T.);
#1020 = EDGE_CURVE('',#1008,#1021,#1023,.T.);
#1021 = VERTEX_POINT('',#1022);
#1022 = CARTESIAN_POINT('',(123.36746547744,-132.1781249999,
    -25.15802307204));
#1023 = LINE('',#1024,#1025);
#1024 = CARTESIAN_POINT('',(57.150000077497,-132.1781249999,
    -7.415106693292));
#1025 = VECTOR('',#1026,1.);
#1026 = DIRECTION('',(0.965925826289,-1.309211997687E-12,-0.258819045103
    ));
#1027 = ORIENTED_EDGE('',*,*,#1028,.T.);
#1028 = EDGE_CURVE('',#1021,#1029,#1031,.T.);
#1029 = VERTEX_POINT('',#1030);
#1030 = CARTESIAN_POINT('',(124.97983791313,-133.6781249999,
    -25.59005696408));
#1031 = B_SPLINE_CURVE_WITH_KNOTS('',8,(#1032,#1033,#1034,#1035,#1036,
    #1037,#1038,#1039,#1040,#1041,#1042,#1043,#1044,#1045,#1046,#1047),
  .UNSPECIFIED.,.F.,.F.,(9,7,9),(330.40078130393,330.53265679197,
    332.13337812856),.UNSPECIFIED.);
#1032 = CARTESIAN_POINT('',(123.36746547744,-132.1781249999,
    -25.15802307204));
#1033 = CARTESIAN_POINT('',(123.38364166776,-132.1781249999,
    -25.16235746917));
#1034 = CARTESIAN_POINT('',(123.39977495266,-132.1781079948,
    -25.16668036983));
#1035 = CARTESIAN_POINT('',(123.41613150538,-132.178168805,
    -25.17106309492));
#1036 = CARTESIAN_POINT('',(123.43197741128,-132.1780921297,
    -25.17530899261));
#1037 = CARTESIAN_POINT('',(123.44848474923,-132.1780973403,
    -25.17973212048));
#1038 = CARTESIAN_POINT('',(123.46447879375,-132.1782103077,
    -25.1840177118));
#1039 = CARTESIAN_POINT('',(123.4772133039,-132.1779650543,
    -25.18742991351));
#1040 = CARTESIAN_POINT('',(123.78132888106,-132.1802375493,
    -25.26891743682));
#1041 = CARTESIAN_POINT('',(124.07261487333,-132.2406118484,
    -25.34696728321));
#1042 = CARTESIAN_POINT('',(124.34574735958,-132.3730246807,
    -25.42015291233));
#1043 = CARTESIAN_POINT('',(124.58462306673,-132.561064585,
    -25.48415946515));
#1044 = CARTESIAN_POINT('',(124.77954362272,-132.8030171771,
    -25.53638827072));
#1045 = CARTESIAN_POINT('',(124.91290286817,-133.0821420732,
    -25.57212177284));
#1046 = CARTESIAN_POINT('',(124.97983791313,-133.3801388219,
    -25.59005696408));
#1047 = CARTESIAN_POINT('',(124.97983791313,-133.6781249999,
    -25.59005696408));
#1048 = ORIENTED_EDGE('',*,*,#1049,.T.);
#1049 = EDGE_CURVE('',#1029,#1050,#1052,.T.);
#1050 = VERTEX_POINT('',#1051);
#1051 = CARTESIAN_POINT('',(124.97983791314,-141.6843749224,
    -25.59005696408));
#1052 = LINE('',#1053,#1054);
#1053 = CARTESIAN_POINT('',(124.97983791313,-133.6781249999,
    -25.59005696408));
#1054 = VECTOR('',#1055,1.);
#1055 = DIRECTION('',(2.094464790189E-13,-1.,-5.590115173994E-14));
#1056 = ORIENTED_EDGE('',*,*,#1057,.T.);
#1057 = EDGE_CURVE('',#1050,#1058,#1060,.T.);
#1058 = VERTEX_POINT('',#1059);
#1059 = CARTESIAN_POINT('',(129.66438831102,-146.4696547833,
    -26.8452784601));
#1060 = B_SPLINE_CURVE_WITH_KNOTS('',7,(#1061,#1062,#1063,#1064,#1065,
    #1066,#1067,#1068),.UNSPECIFIED.,.F.,.F.,(8,8),(340.13962805097,
    348.54151804734),.PIECEWISE_BEZIER_KNOTS.);
#1061 = CARTESIAN_POINT('',(124.97983791314,-141.6843749224,
    -25.59005696408));
#1062 = CARTESIAN_POINT('',(124.97983791314,-142.7357579602,
    -25.59005696408));
#1063 = CARTESIAN_POINT('',(125.25108306477,-143.7875462784,
    -25.66273688341));
#1064 = CARTESIAN_POINT('',(125.79332804768,-144.7578310878,
    -25.80803098868));
#1065 = CARTESIAN_POINT('',(126.57764573523,-145.5657848998,
    -26.01818827967));
#1066 = CARTESIAN_POINT('',(127.54164706088,-146.1387484929,
    -26.27649165638));
#1067 = CARTESIAN_POINT('',(128.59982462007,-146.4417141456,
    -26.56002947882));
#1068 = CARTESIAN_POINT('',(129.66438831102,-146.4696547833,
    -26.8452784601));
#1069 = ORIENTED_EDGE('',*,*,#1070,.T.);
#1070 = EDGE_CURVE('',#1058,#629,#1071,.T.);
#1071 = B_SPLINE_CURVE_WITH_KNOTS('',3,(#1072,#1073,#1074,#1075),
  .UNSPECIFIED.,.F.,.F.,(4,4),(348.54151804734,348.56278192666),
  .PIECEWISE_BEZIER_KNOTS.);
#1072 = CARTESIAN_POINT('',(129.66438831102,-146.4696547833,
    -26.8452784601));
#1073 = CARTESIAN_POINT('',(129.67067488373,-146.4698197813,
    -26.84696294218));
#1074 = CARTESIAN_POINT('',(129.67696174189,-146.4699724478,
    -26.84864750075));
#1075 = CARTESIAN_POINT('',(129.68324883563,-146.4701127799,
    -26.85033212244));
#1076 = ORIENTED_EDGE('',*,*,#637,.T.);
#1077 = ORIENTED_EDGE('',*,*,#180,.T.);
#1078 = ORIENTED_EDGE('',*,*,#431,.T.);
#1079 = ORIENTED_EDGE('',*,*,#1080,.T.);
#1080 = EDGE_CURVE('',#425,#1081,#1083,.T.);
#1081 = VERTEX_POINT('',#1082);
#1082 = CARTESIAN_POINT('',(213.62594501472,-116.1798971194,
    -49.34270977412));
#1083 = LINE('',#1084,#1085);
#1084 = CARTESIAN_POINT('',(187.8048430082,-160.9033441361,
    -42.42396634379));
#1085 = VECTOR('',#1086,1.);
#1086 = DIRECTION('',(0.495572330589,0.858356195039,-0.132788205773));
#1087 = ORIENTED_EDGE('',*,*,#1088,.T.);
#1088 = EDGE_CURVE('',#1081,#1089,#1091,.T.);
#1089 = VERTEX_POINT('',#1090);
#1090 = CARTESIAN_POINT('',(214.29828708685,-113.7382995285,
    -49.52286328938));
#1091 = B_SPLINE_CURVE_WITH_KNOTS('',6,(#1092,#1093,#1094,#1095,#1096,
    #1097,#1098,#1099,#1100,#1101,#1102,#1103),.UNSPECIFIED.,.F.,.F.,(7,
    5,7),(465.39352273909,465.4601315454,468.2343306022),.UNSPECIFIED.);
#1092 = CARTESIAN_POINT('',(213.62594501473,-116.1798971194,
    -49.34270977412));
#1093 = CARTESIAN_POINT('',(213.63147785789,-116.1703139568,
    -49.34419229497));
#1094 = CARTESIAN_POINT('',(213.63697947731,-116.1607826466,
    -49.34566644945));
#1095 = CARTESIAN_POINT('',(213.64265416289,-116.1509637363,
    -49.34718697687));
#1096 = CARTESIAN_POINT('',(213.64786474192,-116.1419175703,
    -49.34858314732));
#1097 = CARTESIAN_POINT('',(213.65393832935,-116.1314269865,
    -49.35021056016));
#1098 = CARTESIAN_POINT('',(213.8676319004,-115.7606422305,
    -49.40746957995));
#1099 = CARTESIAN_POINT('',(214.03801074641,-115.3793202805,
    -49.45312245415));
#1100 = CARTESIAN_POINT('',(214.16768646205,-114.9796045355,
    -49.48786895743));
#1101 = CARTESIAN_POINT('',(214.25475676703,-114.5697743148,
    -49.51119937534));
#1102 = CARTESIAN_POINT('',(214.29828708685,-114.1540032133,
    -49.52286328938));
#1103 = CARTESIAN_POINT('',(214.29828708685,-113.7382995285,
    -49.52286328938));
#1104 = ORIENTED_EDGE('',*,*,#1105,.T.);
#1105 = EDGE_CURVE('',#1089,#1106,#1108,.T.);
#1106 = VERTEX_POINT('',#1107);
#1107 = CARTESIAN_POINT('',(214.29828708685,-37.40254807749,
    -49.52286328938));
#1108 = LINE('',#1109,#1110);
#1109 = CARTESIAN_POINT('',(214.29828708685,-113.7382995285,
    -49.52286328938));
#1110 = VECTOR('',#1111,1.);
#1111 = DIRECTION('',(0.,1.,-2.22044604925E-16));
#1112 = ORIENTED_EDGE('',*,*,#1113,.T.);
#1113 = EDGE_CURVE('',#1106,#735,#1114,.T.);
#1114 = B_SPLINE_CURVE_WITH_KNOTS('',7,(#1115,#1116,#1117,#1118,#1119,
    #1120,#1121,#1122,#1123,#1124,#1125,#1126,#1127,#1128),
  .UNSPECIFIED.,.F.,.F.,(8,6,8),(544.57008205323,553.01504296586,
    553.14678041721),.UNSPECIFIED.);
#1115 = CARTESIAN_POINT('',(214.29828708685,-37.40254807749,
    -49.52286328938));
#1116 = CARTESIAN_POINT('',(214.29828708685,-36.33360094074,
    -49.52286328938));
#1117 = CARTESIAN_POINT('',(214.01837584204,-35.26464528212,
    -49.44786129738));
#1118 = CARTESIAN_POINT('',(213.4589649373,-34.28154703024,
    -49.29796759722));
#1119 = CARTESIAN_POINT('',(212.65087865341,-33.47009573754,
    -49.08144153004));
#1120 = CARTESIAN_POINT('',(211.66053004968,-32.90353240445,
    -48.81607842144));
#1121 = CARTESIAN_POINT('',(210.58132586372,-32.622929116,
    -48.52690653134));
#1122 = CARTESIAN_POINT('',(209.48241730082,-32.62127201667,
    -48.23245486936));
#1123 = CARTESIAN_POINT('',(209.46282607749,-32.6213080052,
    -48.22720541689));
#1124 = CARTESIAN_POINT('',(209.44444083088,-32.62130062246,
    -48.22227910491));
#1125 = CARTESIAN_POINT('',(209.42622740932,-32.62129130265,
    -48.21739883331));
#1126 = CARTESIAN_POINT('',(209.40748595925,-32.62130110802,
    -48.2123770769));
#1127 = CARTESIAN_POINT('',(209.38907747459,-32.62129799999,
    -48.2074445383));
#1128 = CARTESIAN_POINT('',(209.37059039994,-32.62129799999,
    -48.20249094158));
#1129 = FACE_BOUND('',#1130,.F.);
#1130 = EDGE_LOOP('',(#1131,#1141,#1149,#1157,#1166,#1174,#1183,#1191,
    #1199,#1207,#1216,#1225,#1233,#1242,#1250,#1258,#1266,#1274,#1282,
    #1290,#1299,#1307,#1316,#1325,#1334,#1343,#1351));
#1131 = ORIENTED_EDGE('',*,*,#1132,.F.);
#1132 = EDGE_CURVE('',#1133,#1135,#1137,.T.);
#1133 = VERTEX_POINT('',#1134);
#1134 = CARTESIAN_POINT('',(67.150000077504,-130.1781249999,
    -10.0945986176));
#1135 = VERTEX_POINT('',#1136);
#1136 = CARTESIAN_POINT('',(123.49687499999,-130.1781249999,
    -25.1926982491));
#1137 = LINE('',#1138,#1139);
#1138 = CARTESIAN_POINT('',(125.76185021877,-130.1781249999,
    -25.79959652985));
#1139 = VECTOR('',#1140,1.);
#1140 = DIRECTION('',(0.965925826289,-1.309211997687E-12,-0.258819045103
    ));
#1141 = ORIENTED_EDGE('',*,*,#1142,.T.);
#1142 = EDGE_CURVE('',#1133,#1143,#1145,.T.);
#1143 = VERTEX_POINT('',#1144);
#1144 = CARTESIAN_POINT('',(67.150000077504,-127.1781249999,
    -10.0945986176));
#1145 = LINE('',#1146,#1147);
#1146 = CARTESIAN_POINT('',(67.150000077504,-63.58906249995,
    -10.0945986176));
#1147 = VECTOR('',#1148,1.);
#1148 = DIRECTION('',(0.,1.,-2.198631707296E-16));
#1149 = ORIENTED_EDGE('',*,*,#1150,.T.);
#1150 = EDGE_CURVE('',#1143,#1151,#1153,.T.);
#1151 = VERTEX_POINT('',#1152);
#1152 = CARTESIAN_POINT('',(62.426717888089,-127.1781249999,
    -8.828998969327));
#1153 = LINE('',#1154,#1155);
#1154 = CARTESIAN_POINT('',(94.62311170209,-127.1781249999,
    -17.45599669098));
#1155 = VECTOR('',#1156,1.);
#1156 = DIRECTION('',(-0.965925826289,0.,0.258819045103));
#1157 = ORIENTED_EDGE('',*,*,#1158,.T.);
#1158 = EDGE_CURVE('',#1151,#1159,#1161,.T.);
#1159 = VERTEX_POINT('',#1160);
#1160 = CARTESIAN_POINT('',(54.36875,-122.9073036302,-6.669872981078));
#1161 = ELLIPSE('',#1162,5.467552408029,5.281250077504);
#1162 = AXIS2_PLACEMENT_3D('',#1163,#1164,#1165);
#1163 = CARTESIAN_POINT('',(57.150000077504,-127.3968749224,
    -7.415106693294));
#1164 = DIRECTION('',(0.258819045103,2.123715148576E-16,0.965925826289)
  );
#1165 = DIRECTION('',(-0.965925826289,-7.925812835288E-16,0.258819045103
    ));
#1166 = ORIENTED_EDGE('',*,*,#1167,.F.);
#1167 = EDGE_CURVE('',#1168,#1159,#1170,.T.);
#1168 = VERTEX_POINT('',#1169);
#1169 = CARTESIAN_POINT('',(54.36875,-52.11457136967,-6.669872981078));
#1170 = LINE('',#1171,#1172);
#1171 = CARTESIAN_POINT('',(54.36875,-63.6984374612,-6.669872981078));
#1172 = VECTOR('',#1173,1.);
#1173 = DIRECTION('',(0.,-1.,2.198631707296E-16));
#1174 = ORIENTED_EDGE('',*,*,#1175,.T.);
#1175 = EDGE_CURVE('',#1168,#1176,#1178,.T.);
#1176 = VERTEX_POINT('',#1177);
#1177 = CARTESIAN_POINT('',(62.426717888089,-47.84374999999,
    -8.828998969327));
#1178 = ELLIPSE('',#1179,5.467552408029,5.281250077504);
#1179 = AXIS2_PLACEMENT_3D('',#1180,#1181,#1182);
#1180 = CARTESIAN_POINT('',(57.150000077504,-47.6250000775,
    -7.415106693294));
#1181 = DIRECTION('',(0.258819045103,2.123715148576E-16,0.965925826289)
  );
#1182 = DIRECTION('',(-0.965925826289,-7.925812835288E-16,0.258819045103
    ));
#1183 = ORIENTED_EDGE('',*,*,#1184,.T.);
#1184 = EDGE_CURVE('',#1176,#1185,#1187,.T.);
#1185 = VERTEX_POINT('',#1186);
#1186 = CARTESIAN_POINT('',(67.150000077504,-47.84374999999,
    -10.0945986176));
#1187 = LINE('',#1188,#1189);
#1188 = CARTESIAN_POINT('',(99.288175211551,-47.84374999999,
    -18.70599669098));
#1189 = VECTOR('',#1190,1.);
#1190 = DIRECTION('',(0.965925826289,0.,-0.258819045103));
#1191 = ORIENTED_EDGE('',*,*,#1192,.T.);
#1192 = EDGE_CURVE('',#1185,#1193,#1195,.T.);
#1193 = VERTEX_POINT('',#1194);
#1194 = CARTESIAN_POINT('',(67.150000077504,-44.84374999999,
    -10.0945986176));
#1195 = LINE('',#1196,#1197);
#1196 = CARTESIAN_POINT('',(67.150000077504,-22.42187499999,
    -10.0945986176));
#1197 = VECTOR('',#1198,1.);
#1198 = DIRECTION('',(0.,1.,-2.198631707296E-16));
#1199 = ORIENTED_EDGE('',*,*,#1200,.F.);
#1200 = EDGE_CURVE('',#1201,#1193,#1203,.T.);
#1201 = VERTEX_POINT('',#1202);
#1202 = CARTESIAN_POINT('',(87.783295755767,-44.84374999999,
    -15.62327353178));
#1203 = LINE('',#1204,#1205);
#1204 = CARTESIAN_POINT('',(94.810611702091,-44.84374999999,
    -17.50623716456));
#1205 = VECTOR('',#1206,1.);
#1206 = DIRECTION('',(-0.965925826289,-5.959665651782E-14,0.258819045103
    ));
#1207 = ORIENTED_EDGE('',*,*,#1208,.T.);
#1208 = EDGE_CURVE('',#1201,#1209,#1211,.T.);
#1209 = VERTEX_POINT('',#1210);
#1210 = CARTESIAN_POINT('',(91.24506451459,-41.85965411941,
    -16.55085167509));
#1211 = ELLIPSE('',#1212,3.623466631435,3.5);
#1212 = AXIS2_PLACEMENT_3D('',#1213,#1214,#1215);
#1213 = CARTESIAN_POINT('',(87.783295755767,-41.34374999999,
    -15.62327353178));
#1214 = DIRECTION('',(0.258819045103,2.123715148576E-16,0.965925826289)
  );
#1215 = DIRECTION('',(-0.965925826289,-7.925812835288E-16,0.258819045103
    ));
#1216 = ORIENTED_EDGE('',*,*,#1217,.T.);
#1217 = EDGE_CURVE('',#1209,#1218,#1220,.T.);
#1218 = VERTEX_POINT('',#1219);
#1219 = CARTESIAN_POINT('',(98.567614711977,-34.62129799999,
    -18.51292308702));
#1220 = ELLIPSE('',#1221,5.467550640703,5.281248370398);
#1221 = AXIS2_PLACEMENT_3D('',#1222,#1223,#1224);
#1222 = CARTESIAN_POINT('',(94.078044370398,-37.40254637039,
    -17.30994633963));
#1223 = DIRECTION('',(0.258819045103,2.123715148576E-16,0.965925826289)
  );
#1224 = DIRECTION('',(-0.965925826289,-7.925812835288E-16,0.258819045103
    ));
#1225 = ORIENTED_EDGE('',*,*,#1226,.F.);
#1226 = EDGE_CURVE('',#1227,#1218,#1229,.T.);
#1227 = VERTEX_POINT('',#1228);
#1228 = CARTESIAN_POINT('',(205.01042863032,-34.62129799999,
    -47.03418911654));
#1229 = LINE('',#1230,#1231);
#1230 = CARTESIAN_POINT('',(112.03777889274,-34.62129799999,
    -22.12224270117));
#1231 = VECTOR('',#1232,1.);
#1232 = DIRECTION('',(-0.965925826289,5.946282714323E-16,0.258819045103)
  );
#1233 = ORIENTED_EDGE('',*,*,#1234,.T.);
#1234 = EDGE_CURVE('',#1227,#1235,#1237,.T.);
#1235 = VERTEX_POINT('',#1236);
#1236 = CARTESIAN_POINT('',(209.28125,-42.67926588808,-48.17855225356));
#1237 = ELLIPSE('',#1238,5.467552408029,5.281250077504);
#1238 = AXIS2_PLACEMENT_3D('',#1239,#1240,#1241);
#1239 = CARTESIAN_POINT('',(209.49999992249,-37.40254807749,
    -48.23716611864));
#1240 = DIRECTION('',(0.258819045103,2.123715148576E-16,0.965925826289)
  );
#1241 = DIRECTION('',(-0.965925826289,-7.925812835288E-16,0.258819045103
    ));
#1242 = ORIENTED_EDGE('',*,*,#1243,.T.);
#1243 = EDGE_CURVE('',#1235,#1244,#1246,.T.);
#1244 = VERTEX_POINT('',#1245);
#1245 = CARTESIAN_POINT('',(209.28125,-47.40254807749,-48.17855225356));
#1246 = LINE('',#1247,#1248);
#1247 = CARTESIAN_POINT('',(209.28125,-23.70127403874,-48.17855225356));
#1248 = VECTOR('',#1249,1.);
#1249 = DIRECTION('',(0.,-1.,2.198631707296E-16));
#1250 = ORIENTED_EDGE('',*,*,#1251,.T.);
#1251 = EDGE_CURVE('',#1244,#1252,#1254,.T.);
#1252 = VERTEX_POINT('',#1253);
#1253 = CARTESIAN_POINT('',(212.28125,-47.40254807749,-48.98239983085));
#1254 = LINE('',#1255,#1256);
#1255 = CARTESIAN_POINT('',(166.99282502114,-47.40254807749,
    -36.84740293129));
#1256 = VECTOR('',#1257,1.);
#1257 = DIRECTION('',(0.965925826289,0.,-0.258819045103));
#1258 = ORIENTED_EDGE('',*,*,#1259,.F.);
#1259 = EDGE_CURVE('',#1260,#1252,#1262,.T.);
#1260 = VERTEX_POINT('',#1261);
#1261 = CARTESIAN_POINT('',(212.28125,-103.7382995285,-48.98239983085));
#1262 = LINE('',#1263,#1264);
#1263 = CARTESIAN_POINT('',(212.28125,-18.70127403874,-48.98239983085));
#1264 = VECTOR('',#1265,1.);
#1265 = DIRECTION('',(0.,1.,-2.198631707296E-16));
#1266 = ORIENTED_EDGE('',*,*,#1267,.T.);
#1267 = EDGE_CURVE('',#1260,#1268,#1270,.T.);
#1268 = VERTEX_POINT('',#1269);
#1269 = CARTESIAN_POINT('',(209.28125,-103.7382995285,-48.17855225356));
#1270 = LINE('',#1271,#1272);
#1271 = CARTESIAN_POINT('',(165.5933059683,-103.7382995285,
    -36.47240293129));
#1272 = VECTOR('',#1273,1.);
#1273 = DIRECTION('',(-0.965925826289,0.,0.258819045103));
#1274 = ORIENTED_EDGE('',*,*,#1275,.T.);
#1275 = EDGE_CURVE('',#1268,#1276,#1278,.T.);
#1276 = VERTEX_POINT('',#1277);
#1277 = CARTESIAN_POINT('',(209.28125,-113.7382995285,-48.17855225356));
#1278 = LINE('',#1279,#1280);
#1279 = CARTESIAN_POINT('',(209.28125,-56.86914976427,-48.17855225356));
#1280 = VECTOR('',#1281,1.);
#1281 = DIRECTION('',(0.,-1.,2.198631707296E-16));
#1282 = ORIENTED_EDGE('',*,*,#1283,.T.);
#1283 = EDGE_CURVE('',#1276,#1284,#1286,.T.);
#1284 = VERTEX_POINT('',#1285);
#1285 = CARTESIAN_POINT('',(212.28125,-113.7382995285,-48.98239983085));
#1286 = LINE('',#1287,#1288);
#1287 = CARTESIAN_POINT('',(166.99282502114,-113.7382995285,
    -36.84740293129));
#1288 = VECTOR('',#1289,1.);
#1289 = DIRECTION('',(0.965925826289,0.,-0.258819045103));
#1290 = ORIENTED_EDGE('',*,*,#1291,.F.);
#1291 = EDGE_CURVE('',#1292,#1284,#1294,.T.);
#1292 = VERTEX_POINT('',#1293);
#1293 = CARTESIAN_POINT('',(211.90863293691,-115.1289249744,
    -48.88255738971));
#1294 = ELLIPSE('',#1295,2.879362144972,2.781250259068);
#1295 = AXIS2_PLACEMENT_3D('',#1296,#1297,#1298);
#1296 = CARTESIAN_POINT('',(209.49999974093,-113.7382995285,
    -48.23716606999));
#1297 = DIRECTION('',(0.258819045103,2.123715148576E-16,0.965925826289)
  );
#1298 = DIRECTION('',(-0.965925826289,-7.925812835288E-16,0.258819045103
    ));
#1299 = ORIENTED_EDGE('',*,*,#1300,.F.);
#1300 = EDGE_CURVE('',#1301,#1292,#1303,.T.);
#1301 = VERTEX_POINT('',#1302);
#1302 = CARTESIAN_POINT('',(188.29912007869,-156.0217883826,
    -42.55640748566));
#1303 = LINE('',#1304,#1305);
#1304 = CARTESIAN_POINT('',(219.46017702485,-102.049270906,
    -50.90598752968));
#1305 = VECTOR('',#1306,1.);
#1306 = DIRECTION('',(0.49557233059,0.858356195038,-0.132788205773));
#1307 = ORIENTED_EDGE('',*,*,#1308,.T.);
#1308 = EDGE_CURVE('',#1301,#1309,#1311,.T.);
#1309 = VERTEX_POINT('',#1310);
#1310 = CARTESIAN_POINT('',(178.3644721962,-158.5344128929,
    -39.89442660846));
#1311 = ELLIPSE('',#1312,5.467552595998,5.281250259068);
#1312 = AXIS2_PLACEMENT_3D('',#1313,#1314,#1315);
#1313 = CARTESIAN_POINT('',(183.64570067542,-158.5192455206,
    -41.30952751451));
#1314 = DIRECTION('',(0.258819045103,2.123715148576E-16,0.965925826289)
  );
#1315 = DIRECTION('',(-0.965925826289,-7.925812835288E-16,0.258819045103
    ));
#1316 = ORIENTED_EDGE('',*,*,#1317,.T.);
#1317 = EDGE_CURVE('',#1309,#1318,#1320,.T.);
#1318 = VERTEX_POINT('',#1319);
#1319 = CARTESIAN_POINT('',(155.03509148216,-148.1363310263,
    -33.64333788622));
#1320 = ELLIPSE('',#1321,117.98561755236,113.96535512448);
#1321 = AXIS2_PLACEMENT_3D('',#1322,#1323,#1324);
#1322 = CARTESIAN_POINT('',(120.59651671616,-256.7737404981,
    -24.41554958919));
#1323 = DIRECTION('',(0.258819045103,2.123715148576E-16,0.965925826289)
  );
#1324 = DIRECTION('',(-0.965925826289,-7.925812835288E-16,0.258819045103
    ));
#1325 = ORIENTED_EDGE('',*,*,#1326,.T.);
#1326 = EDGE_CURVE('',#1318,#1327,#1329,.T.);
#1327 = VERTEX_POINT('',#1328);
#1328 = CARTESIAN_POINT('',(129.77998071029,-144.4656243804,
    -26.87625135013));
#1329 = ELLIPSE('',#1330,86.524860544298,83.576597415798);
#1330 = AXIS2_PLACEMENT_3D('',#1331,#1332,#1333);
#1331 = CARTESIAN_POINT('',(130.52733232647,-228.0388802771,
    -27.07650361215));
#1332 = DIRECTION('',(0.258819045103,2.123715148576E-16,0.965925826289)
  );
#1333 = DIRECTION('',(-0.965925826289,-7.925812835288E-16,0.258819045103
    ));
#1334 = ORIENTED_EDGE('',*,*,#1335,.F.);
#1335 = EDGE_CURVE('',#1336,#1327,#1338,.T.);
#1336 = VERTEX_POINT('',#1337);
#1337 = CARTESIAN_POINT('',(126.99687499999,-141.6843749224,
    -26.13052042261));
#1338 = ELLIPSE('',#1339,2.879361956588,2.781250077103);
#1339 = AXIS2_PLACEMENT_3D('',#1340,#1341,#1342);
#1340 = CARTESIAN_POINT('',(129.77812507709,-141.6843749224,
    -26.87575413472));
#1341 = DIRECTION('',(0.258819045103,2.123715148576E-16,0.965925826289)
  );
#1342 = DIRECTION('',(-0.965925826289,-7.925812835288E-16,0.258819045103
    ));
#1343 = ORIENTED_EDGE('',*,*,#1344,.F.);
#1344 = EDGE_CURVE('',#1345,#1336,#1347,.T.);
#1345 = VERTEX_POINT('',#1346);
#1346 = CARTESIAN_POINT('',(126.99687499999,-133.6781249999,
    -26.13052042261));
#1347 = LINE('',#1348,#1349);
#1348 = CARTESIAN_POINT('',(126.99687499998,-70.8421874612,
    -26.1305204226));
#1349 = VECTOR('',#1350,1.);
#1350 = DIRECTION('',(2.076715088578E-13,-1.,-5.542554991866E-14));
#1351 = ORIENTED_EDGE('',*,*,#1352,.T.);
#1352 = EDGE_CURVE('',#1345,#1135,#1353,.T.);
#1353 = ELLIPSE('',#1354,3.623466631435,3.5);
#1354 = AXIS2_PLACEMENT_3D('',#1355,#1356,#1357);
#1355 = CARTESIAN_POINT('',(123.49687499999,-133.6781249999,
    -25.1926982491));
#1356 = DIRECTION('',(0.258819045103,2.123715148576E-16,0.965925826289)
  );
#1357 = DIRECTION('',(-0.965925826289,-7.925812835288E-16,0.258819045103
    ));
#1358 = PLANE('',#1359);
#1359 = AXIS2_PLACEMENT_3D('',#1360,#1361,#1362);
#1360 = CARTESIAN_POINT('',(133.325,-6.316880944284E-15,-27.82613640596)
  );
#1361 = DIRECTION('',(0.258819045103,2.123715148576E-16,0.965925826289)
  );
#1362 = DIRECTION('',(0.965925826289,-1.967793514776E-33,-0.258819045103
    ));
#1363 = ADVANCED_FACE('',(#1364),#1417,.T.);
#1364 = FACE_BOUND('',#1365,.T.);
#1365 = EDGE_LOOP('',(#1366,#1376,#1384,#1393,#1402,#1408,#1409,#1410,
    #1411));
#1366 = ORIENTED_EDGE('',*,*,#1367,.F.);
#1367 = EDGE_CURVE('',#1368,#1370,#1372,.T.);
#1368 = VERTEX_POINT('',#1369);
#1369 = CARTESIAN_POINT('',(194.82395125404,-144.7204527041,-4.));
#1370 = VERTEX_POINT('',#1371);
#1371 = CARTESIAN_POINT('',(194.82395125404,-148.9298822956,-4.));
#1372 = LINE('',#1373,#1374);
#1373 = CARTESIAN_POINT('',(194.82395125404,-44.68344092948,-4.));
#1374 = VECTOR('',#1375,1.);
#1375 = DIRECTION('',(-2.22044604925E-16,-1.,0.));
#1376 = ORIENTED_EDGE('',*,*,#1377,.F.);
#1377 = EDGE_CURVE('',#1378,#1368,#1380,.T.);
#1378 = VERTEX_POINT('',#1379);
#1379 = CARTESIAN_POINT('',(188.29912007869,-156.0217883826,
    -10.52483117535));
#1380 = LINE('',#1381,#1382);
#1381 = CARTESIAN_POINT('',(212.26230859361,-114.5163409534,
    13.438357339569));
#1382 = VECTOR('',#1383,1.);
#1383 = DIRECTION('',(0.447213676893,0.774596575257,0.447213676893));
#1384 = ORIENTED_EDGE('',*,*,#1385,.T.);
#1385 = EDGE_CURVE('',#1378,#1386,#1388,.T.);
#1386 = VERTEX_POINT('',#1387);
#1387 = CARTESIAN_POINT('',(178.3644721962,-158.5344128929,
    -20.45947905784));
#1388 = ELLIPSE('',#1389,7.46881574266,5.281250259068);
#1389 = AXIS2_PLACEMENT_3D('',#1390,#1391,#1392);
#1390 = CARTESIAN_POINT('',(183.64570067542,-158.5192455206,
    -15.17825057862));
#1391 = DIRECTION('',(-0.707106781187,1.570092458684E-16,0.707106781187)
  );
#1392 = DIRECTION('',(0.707106781187,-1.570092458684E-16,0.707106781187)
  );
#1393 = ORIENTED_EDGE('',*,*,#1394,.T.);
#1394 = EDGE_CURVE('',#1386,#1395,#1397,.T.);
#1395 = VERTEX_POINT('',#1396);
#1396 = CARTESIAN_POINT('',(167.11909522551,-152.7364786277,
    -31.70485602853));
#1397 = ELLIPSE('',#1398,161.17135085771,113.96535512448);
#1398 = AXIS2_PLACEMENT_3D('',#1399,#1400,#1401);
#1399 = CARTESIAN_POINT('',(120.59651671616,-256.7737404981,
    -78.22743453787));
#1400 = DIRECTION('',(-0.707106781187,1.570092458684E-16,0.707106781187)
  );
#1401 = DIRECTION('',(0.707106781187,-1.570092458684E-16,0.707106781187)
  );
#1402 = ORIENTED_EDGE('',*,*,#1403,.T.);
#1403 = EDGE_CURVE('',#1395,#370,#1404,.T.);
#1404 = LINE('',#1405,#1406);
#1405 = CARTESIAN_POINT('',(167.11909522551,-7.039892231061E-15,
    -31.70485602853));
#1406 = VECTOR('',#1407,1.);
#1407 = DIRECTION('',(0.,-1.,2.22044604925E-16));
#1408 = ORIENTED_EDGE('',*,*,#386,.F.);
#1409 = ORIENTED_EDGE('',*,*,#239,.F.);
#1410 = ORIENTED_EDGE('',*,*,#512,.F.);
#1411 = ORIENTED_EDGE('',*,*,#1412,.F.);
#1412 = EDGE_CURVE('',#1370,#505,#1413,.T.);
#1413 = LINE('',#1414,#1415);
#1414 = CARTESIAN_POINT('',(194.55009000852,-149.4042237431,
    -4.273861245524));
#1415 = VECTOR('',#1416,1.);
#1416 = DIRECTION('',(-0.447213676892,-0.774596575257,-0.447213676892));
#1417 = PLANE('',#1418);
#1418 = AXIS2_PLACEMENT_3D('',#1419,#1420,#1421);
#1419 = CARTESIAN_POINT('',(167.11909522551,-7.039892231061E-15,
    -31.70485602853));
#1420 = DIRECTION('',(-0.707106781187,1.570092458684E-16,0.707106781187)
  );
#1421 = DIRECTION('',(0.707106781187,1.570092458684E-16,0.707106781187)
  );
#1422 = ADVANCED_FACE('',(#1423),#1451,.F.);
#1423 = FACE_BOUND('',#1424,.F.);
#1424 = EDGE_LOOP('',(#1425,#1426,#1427,#1434));
#1425 = ORIENTED_EDGE('',*,*,#362,.T.);
#1426 = ORIENTED_EDGE('',*,*,#292,.T.);
#1427 = ORIENTED_EDGE('',*,*,#1428,.F.);
#1428 = EDGE_CURVE('',#1429,#293,#1431,.T.);
#1429 = VERTEX_POINT('',#1430);
#1430 = CARTESIAN_POINT('',(129.92854030505,-146.4645476038,
    -21.73967687153));
#1431 = B_SPLINE_CURVE_WITH_KNOTS('',1,(#1432,#1433),.UNSPECIFIED.,.F.,
  .F.,(2,2),(0.,25.591377972977),.PIECEWISE_BEZIER_KNOTS.);
#1432 = CARTESIAN_POINT('',(129.92854030505,-146.4645476038,
    -21.73967687153));
#1433 = CARTESIAN_POINT('',(129.8023359999,-146.965524427,
    -22.22349760993));
#1434 = ORIENTED_EDGE('',*,*,#1435,.F.);
#1435 = EDGE_CURVE('',#363,#1429,#1436,.T.);
#1436 = B_SPLINE_CURVE_WITH_KNOTS('',7,(#1437,#1438,#1439,#1440,#1441,
    #1442,#1443,#1444,#1445,#1446,#1447,#1448,#1449,#1450),
  .UNSPECIFIED.,.F.,.F.,(8,6,8),(14.049821249363,14.177294892374,
    39.64119922234),.UNSPECIFIED.);
#1437 = CARTESIAN_POINT('',(154.54550173188,-150.0900127718,
    -28.33577180595));
#1438 = CARTESIAN_POINT('',(154.5285254256,-150.0847236628,
    -28.3312230184));
#1439 = CARTESIAN_POINT('',(154.51154738377,-150.0794389506,
    -28.3266737658));
#1440 = CARTESIAN_POINT('',(154.49456759749,-150.0741586537,
    -28.32212404578));
#1441 = CARTESIAN_POINT('',(154.47758605789,-150.0688827903,
    -28.31757385595));
#1442 = CARTESIAN_POINT('',(154.46060275604,-150.0636113788,
    -28.31302319394));
#1443 = CARTESIAN_POINT('',(154.44361768308,-150.0583444374,
    -28.30847205736));
#1444 = CARTESIAN_POINT('',(151.033367807,-149.0018639114,
    -27.39469835707));
#1445 = CARTESIAN_POINT('',(147.58500716954,-148.1347819207,
    -26.47071290906));
#1446 = CARTESIAN_POINT('',(144.09508043668,-147.4415587531,
    -25.53558985934));
#1447 = CARTESIAN_POINT('',(140.57326513655,-146.9281574221,
    -24.59192229378));
#1448 = CARTESIAN_POINT('',(137.0310780248,-146.5915533527,
    -23.64279611775));
#1449 = CARTESIAN_POINT('',(133.47869601732,-146.4402050857,
    -22.69093822764));
#1450 = CARTESIAN_POINT('',(129.92854030505,-146.4645476038,
    -21.73967687153));
#1451 = B_SPLINE_SURFACE_WITH_KNOTS('',1,7,(
    (#1452,#1453,#1454,#1455,#1456,#1457,#1458,#1459,#1460,#1461,#1462
      ,#1463,#1464,#1465)
    ,(#1466,#1467,#1468,#1469,#1470,#1471,#1472,#1473,#1474,#1475,#1476
      ,#1477,#1478,#1479
    )),.UNSPECIFIED.,.F.,.F.,.F.,(2,2),(8,6,8),(0.,25.591377972977),(
    14.049821249363,14.177294892374,39.64119922234),.UNSPECIFIED.);
#1452 = CARTESIAN_POINT('',(154.54550173188,-150.0900127718,
    -28.33577180595));
#1453 = CARTESIAN_POINT('',(154.5285254256,-150.0847236628,
    -28.3312230184));
#1454 = CARTESIAN_POINT('',(154.51154738377,-150.0794389506,
    -28.3266737658));
#1455 = CARTESIAN_POINT('',(154.49456759749,-150.0741586537,
    -28.32212404578));
#1456 = CARTESIAN_POINT('',(154.47758605789,-150.0688827903,
    -28.31757385595));
#1457 = CARTESIAN_POINT('',(154.46060275604,-150.0636113788,
    -28.31302319394));
#1458 = CARTESIAN_POINT('',(154.44361768308,-150.0583444374,
    -28.30847205736));
#1459 = CARTESIAN_POINT('',(151.033367807,-149.0018639114,
    -27.39469835707));
#1460 = CARTESIAN_POINT('',(147.58500716954,-148.1347819207,
    -26.47071290906));
#1461 = CARTESIAN_POINT('',(144.09508043668,-147.4415587531,
    -25.53558985934));
#1462 = CARTESIAN_POINT('',(140.57326513655,-146.9281574221,
    -24.59192229378));
#1463 = CARTESIAN_POINT('',(137.0310780248,-146.5915533527,
    -23.64279611775));
#1464 = CARTESIAN_POINT('',(133.47869601732,-146.4402050857,
    -22.69093822764));
#1465 = CARTESIAN_POINT('',(129.92854030505,-146.4645476038,
    -21.73967687153));
#1466 = CARTESIAN_POINT('',(154.29082069444,-150.5230027484,
    -28.78279468338));
#1467 = CARTESIAN_POINT('',(154.27391240371,-150.5178192946,
    -28.77827210783));
#1468 = CARTESIAN_POINT('',(154.25700279784,-150.5126401448,
    -28.77374914555));
#1469 = CARTESIAN_POINT('',(154.24009187771,-150.5074652994,
    -28.76922579501));
#1470 = CARTESIAN_POINT('',(154.22317964423,-150.5022947586,
    -28.76470205464));
#1471 = CARTESIAN_POINT('',(154.20626609825,-150.4971285226,
    -28.76017792292));
#1472 = CARTESIAN_POINT('',(154.18935124069,-150.4919665917,
    -28.75565339828));
#1473 = CARTESIAN_POINT('',(150.79329189809,-149.4565310356,
    -27.8472388263));
#1474 = CARTESIAN_POINT('',(147.36331181546,-148.5984975819,
    -26.92805120484));
#1475 = CARTESIAN_POINT('',(143.89086741061,-147.9149705151,
    -25.99822343936));
#1476 = CARTESIAN_POINT('',(140.38777305984,-147.4090254439,
    -25.05962811513));
#1477 = CARTESIAN_POINT('',(136.86487950618,-147.0817223526,
    -24.11582583721));
#1478 = CARTESIAN_POINT('',(133.33262305928,-146.933954929,
    -23.16945023726));
#1479 = CARTESIAN_POINT('',(129.8023359999,-146.965524427,
    -22.22349760993));
#1480 = ADVANCED_FACE('',(#1481),#1508,.T.);
#1481 = FACE_BOUND('',#1482,.F.);
#1482 = EDGE_LOOP('',(#1483,#1493,#1500,#1501));
#1483 = ORIENTED_EDGE('',*,*,#1484,.F.);
#1484 = EDGE_CURVE('',#1485,#1487,#1489,.T.);
#1485 = VERTEX_POINT('',#1486);
#1486 = CARTESIAN_POINT('',(129.78164869477,-146.9656238244,
    -22.2179545532));
#1487 = VERTEX_POINT('',#1488);
#1488 = CARTESIAN_POINT('',(129.78164869477,-146.9656238244,
    -26.35907571331));
#1489 = LINE('',#1490,#1491);
#1490 = CARTESIAN_POINT('',(129.78164869477,-146.9656238244,-4.));
#1491 = VECTOR('',#1492,1.);
#1492 = DIRECTION('',(0.,0.,-1.));
#1493 = ORIENTED_EDGE('',*,*,#1494,.F.);
#1494 = EDGE_CURVE('',#293,#1485,#1495,.T.);
#1495 = B_SPLINE_CURVE_WITH_KNOTS('',3,(#1496,#1497,#1498,#1499),
  .UNSPECIFIED.,.F.,.F.,(4,4),(39.64119922234,39.662515347244),
  .PIECEWISE_BEZIER_KNOTS.);
#1496 = CARTESIAN_POINT('',(129.8023359999,-146.965524427,
    -22.22349760993));
#1497 = CARTESIAN_POINT('',(129.79544043154,-146.9655860905,
    -22.22164991854));
#1498 = CARTESIAN_POINT('',(129.78854466922,-146.9656192234,
    -22.21980223732));
#1499 = CARTESIAN_POINT('',(129.78164869477,-146.9656238244,
    -22.2179545532));
#1500 = ORIENTED_EDGE('',*,*,#311,.T.);
#1501 = ORIENTED_EDGE('',*,*,#1502,.F.);
#1502 = EDGE_CURVE('',#1487,#312,#1503,.T.);
#1503 = B_SPLINE_CURVE_WITH_KNOTS('',3,(#1504,#1505,#1506,#1507),
  .UNSPECIFIED.,.F.,.F.,(4,4),(348.54151804734,348.56278192666),
  .PIECEWISE_BEZIER_KNOTS.);
#1504 = CARTESIAN_POINT('',(129.78164869477,-146.9656238244,
    -26.35907571331));
#1505 = CARTESIAN_POINT('',(129.78854455212,-146.9656192235,
    -26.36092494012));
#1506 = CARTESIAN_POINT('',(129.79544039772,-146.9655860908,
    -26.36277439027));
#1507 = CARTESIAN_POINT('',(129.8023359999,-146.965524427,
    -26.36462405772));
#1508 = CYLINDRICAL_SURFACE('',#1509,2.5);
#1509 = AXIS2_PLACEMENT_3D('',#1510,#1511,#1512);
#1510 = CARTESIAN_POINT('',(129.77998071029,-144.4656243808,-4.));
#1511 = DIRECTION('',(0.,0.,1.));
#1512 = DIRECTION('',(-0.999999777426,-6.671937940169E-04,0.));
#1513 = ADVANCED_FACE('',(#1514),#1641,.T.);
#1514 = FACE_BOUND('',#1515,.T.);
#1515 = EDGE_LOOP('',(#1516,#1517,#1526,#1535,#1544,#1552,#1561,#1569,
    #1577,#1585,#1599,#1607,#1632,#1639,#1640));
#1516 = ORIENTED_EDGE('',*,*,#1403,.F.);
#1517 = ORIENTED_EDGE('',*,*,#1518,.T.);
#1518 = EDGE_CURVE('',#1395,#1519,#1521,.T.);
#1519 = VERTEX_POINT('',#1520);
#1520 = CARTESIAN_POINT('',(155.03509148216,-148.1363310263,
    -28.46695698417));
#1521 = ELLIPSE('',#1522,117.98561755236,113.96535512448);
#1522 = AXIS2_PLACEMENT_3D('',#1523,#1524,#1525);
#1523 = CARTESIAN_POINT('',(120.59651671616,-256.7737404981,
    -19.23916868714));
#1524 = DIRECTION('',(0.258819045103,2.144786184852E-16,0.965925826289)
  );
#1525 = DIRECTION('',(-0.965925826289,-8.004451013241E-16,0.258819045103
    ));
#1526 = ORIENTED_EDGE('',*,*,#1527,.T.);
#1527 = EDGE_CURVE('',#1519,#1528,#1530,.T.);
#1528 = VERTEX_POINT('',#1529);
#1529 = CARTESIAN_POINT('',(129.77998071029,-144.4656243804,
    -21.69987044808));
#1530 = ELLIPSE('',#1531,86.524860544298,83.576597415798);
#1531 = AXIS2_PLACEMENT_3D('',#1532,#1533,#1534);
#1532 = CARTESIAN_POINT('',(130.52733232647,-228.0388802771,
    -21.9001227101));
#1533 = DIRECTION('',(0.258819045103,2.144786184852E-16,0.965925826289)
  );
#1534 = DIRECTION('',(-0.965925826289,-8.004451013241E-16,0.258819045103
    ));
#1535 = ORIENTED_EDGE('',*,*,#1536,.F.);
#1536 = EDGE_CURVE('',#1537,#1528,#1539,.T.);
#1537 = VERTEX_POINT('',#1538);
#1538 = CARTESIAN_POINT('',(126.99687499999,-141.6843749224,
    -20.95413952056));
#1539 = ELLIPSE('',#1540,2.879361956588,2.781250077103);
#1540 = AXIS2_PLACEMENT_3D('',#1541,#1542,#1543);
#1541 = CARTESIAN_POINT('',(129.77812507709,-141.6843749224,
    -21.69937323267));
#1542 = DIRECTION('',(0.258819045103,2.144786184852E-16,0.965925826289)
  );
#1543 = DIRECTION('',(-0.965925826289,-8.004451013241E-16,0.258819045103
    ));
#1544 = ORIENTED_EDGE('',*,*,#1545,.F.);
#1545 = EDGE_CURVE('',#1546,#1537,#1548,.T.);
#1546 = VERTEX_POINT('',#1547);
#1547 = CARTESIAN_POINT('',(126.99687499999,-133.6781249999,
    -20.95413952056));
#1548 = LINE('',#1549,#1550);
#1549 = CARTESIAN_POINT('',(126.99687499998,-70.84218746119,
    -20.95413952055));
#1550 = VECTOR('',#1551,1.);
#1551 = DIRECTION('',(2.076715088578E-13,-1.,-5.542336848446E-14));
#1552 = ORIENTED_EDGE('',*,*,#1553,.T.);
#1553 = EDGE_CURVE('',#1546,#1554,#1556,.T.);
#1554 = VERTEX_POINT('',#1555);
#1555 = CARTESIAN_POINT('',(123.49687499999,-130.1781249999,
    -20.01631734705));
#1556 = ELLIPSE('',#1557,3.623466631435,3.5);
#1557 = AXIS2_PLACEMENT_3D('',#1558,#1559,#1560);
#1558 = CARTESIAN_POINT('',(123.49687499999,-133.6781249999,
    -20.01631734705));
#1559 = DIRECTION('',(0.258819045103,2.144786184852E-16,0.965925826289)
  );
#1560 = DIRECTION('',(-0.965925826289,-8.004451013241E-16,0.258819045103
    ));
#1561 = ORIENTED_EDGE('',*,*,#1562,.F.);
#1562 = EDGE_CURVE('',#1563,#1554,#1565,.T.);
#1563 = VERTEX_POINT('',#1564);
#1564 = CARTESIAN_POINT('',(102.11909522551,-130.1781249999,
    -14.28815852051));
#1565 = LINE('',#1566,#1567);
#1566 = CARTESIAN_POINT('',(110.80594544429,-130.1781249999,
    -16.6157930214));
#1567 = VECTOR('',#1568,1.);
#1568 = DIRECTION('',(0.965925826289,-1.309211997687E-12,-0.258819045103
    ));
#1569 = ORIENTED_EDGE('',*,*,#1570,.T.);
#1570 = EDGE_CURVE('',#1563,#1571,#1573,.T.);
#1571 = VERTEX_POINT('',#1572);
#1572 = CARTESIAN_POINT('',(102.11909522551,-132.1781249999,
    -14.28815852051));
#1573 = LINE('',#1574,#1575);
#1574 = CARTESIAN_POINT('',(102.11909522551,-3.172608513793E-15,
    -14.28815852051));
#1575 = VECTOR('',#1576,1.);
#1576 = DIRECTION('',(0.,-1.,2.22044604925E-16));
#1577 = ORIENTED_EDGE('',*,*,#1578,.F.);
#1578 = EDGE_CURVE('',#1579,#1571,#1581,.T.);
#1579 = VERTEX_POINT('',#1580);
#1580 = CARTESIAN_POINT('',(123.62734475479,-132.1781262047,
    -20.05127661248));
#1581 = LINE('',#1582,#1583);
#1582 = CARTESIAN_POINT('',(123.49687499999,-132.1781249999,
    -20.01631734705));
#1583 = VECTOR('',#1584,1.);
#1584 = DIRECTION('',(-0.965925826289,1.309211997687E-12,0.258819045103)
  );
#1585 = ORIENTED_EDGE('',*,*,#1586,.F.);
#1586 = EDGE_CURVE('',#1587,#1579,#1589,.T.);
#1587 = VERTEX_POINT('',#1588);
#1588 = CARTESIAN_POINT('',(124.97983791313,-133.6781249999,
    -20.41367606203));
#1589 = B_SPLINE_CURVE_WITH_KNOTS('',8,(#1590,#1591,#1592,#1593,#1594,
    #1595,#1596,#1597,#1598),.UNSPECIFIED.,.F.,.F.,(9,9),(
    56.353460888934,57.817756913732),.PIECEWISE_BEZIER_KNOTS.);
#1590 = CARTESIAN_POINT('',(124.97983791313,-133.6781249999,
    -20.41367606203));
#1591 = CARTESIAN_POINT('',(124.97983791313,-133.4047568512,
    -20.41367606203));
#1592 = CARTESIAN_POINT('',(124.92341517088,-133.1317193475,
    -20.39855763381));
#1593 = CARTESIAN_POINT('',(124.81720127111,-132.8701706486,
    -20.37009770514));
#1594 = CARTESIAN_POINT('',(124.65953388302,-132.6303754716,
    -20.32785085583));
#1595 = CARTESIAN_POINT('',(124.46108396835,-132.4234855889,
    -20.27467636146));
#1596 = CARTESIAN_POINT('',(124.20794046971,-132.2618156945,
    -20.20684676543));
#1597 = CARTESIAN_POINT('',(123.92081819249,-132.1787931855,
    -20.12991258312));
#1598 = CARTESIAN_POINT('',(123.62734475479,-132.1781262047,
    -20.05127661248));
#1599 = ORIENTED_EDGE('',*,*,#1600,.F.);
#1600 = EDGE_CURVE('',#1601,#1587,#1603,.T.);
#1601 = VERTEX_POINT('',#1602);
#1602 = CARTESIAN_POINT('',(124.97983791314,-141.6843749224,
    -20.41367606203));
#1603 = LINE('',#1604,#1605);
#1604 = CARTESIAN_POINT('',(124.97983791314,-141.6843749224,
    -20.41367606203));
#1605 = VECTOR('',#1606,1.);
#1606 = DIRECTION('',(-2.094464790189E-13,1.,5.589897030574E-14));
#1607 = ORIENTED_EDGE('',*,*,#1608,.F.);
#1608 = EDGE_CURVE('',#1609,#1601,#1611,.T.);
#1609 = VERTEX_POINT('',#1610);
#1610 = CARTESIAN_POINT('',(129.907737207,-146.4646928295,
    -21.73410269821));
#1611 = B_SPLINE_CURVE_WITH_KNOTS('',7,(#1612,#1613,#1614,#1615,#1616,
    #1617,#1618,#1619,#1620,#1621,#1622,#1623,#1624,#1625,#1626,#1627,
    #1628,#1629,#1630,#1631),.UNSPECIFIED.,.F.,.F.,(8,6,6,8),(
    39.662515347242,39.774536841364,39.795852866451,48.347210965916),
  .UNSPECIFIED.);
#1612 = CARTESIAN_POINT('',(129.90773720701,-146.4646928295,
    -21.73410269821));
#1613 = CARTESIAN_POINT('',(129.89211931603,-146.4648037973,
    -21.72991789693));
#1614 = CARTESIAN_POINT('',(129.87650146911,-146.4649181628,
    -21.72573310746));
#1615 = CARTESIAN_POINT('',(129.86088366727,-146.4650359249,
    -21.72154833007));
#1616 = CARTESIAN_POINT('',(129.84526591159,-146.4651570829,
    -21.71736356505));
#1617 = CARTESIAN_POINT('',(129.82964820312,-146.4652816358,
    -21.71317881268));
#1618 = CARTESIAN_POINT('',(129.81403054293,-146.4654095827,
    -21.70899407324));
#1619 = CARTESIAN_POINT('',(129.79544113287,-146.4655659148,
    -21.70401305583));
#1620 = CARTESIAN_POINT('',(129.79341321063,-146.4655825124,
    -21.7034696757));
#1621 = CARTESIAN_POINT('',(129.79101921733,-146.4655972986,
    -21.70282820713));
#1622 = CARTESIAN_POINT('',(129.78846937235,-146.465609506,
    -21.70214497823));
#1623 = CARTESIAN_POINT('',(129.78613700954,-146.4656174295,
    -21.7015200235));
#1624 = CARTESIAN_POINT('',(129.78390429271,-146.465621501,
    -21.70092176883));
#1625 = CARTESIAN_POINT('',(128.70062090653,-146.4666385784,
    -21.41065686032));
#1626 = CARTESIAN_POINT('',(127.61935973081,-146.1838551692,
    -21.12093380148));
#1627 = CARTESIAN_POINT('',(126.62863780532,-145.6185245399,
    -20.85547066162));
#1628 = CARTESIAN_POINT('',(125.81991784228,-144.8065028912,
    -20.63877480062));
#1629 = CARTESIAN_POINT('',(125.25996890914,-143.8232146069,
    -20.48873693619));
#1630 = CARTESIAN_POINT('',(124.97983791314,-142.7537760807,
    -20.41367606203));
#1631 = CARTESIAN_POINT('',(124.97983791314,-141.6843749224,
    -20.41367606203));
#1632 = ORIENTED_EDGE('',*,*,#1633,.F.);
#1633 = EDGE_CURVE('',#1429,#1609,#1634,.T.);
#1634 = B_SPLINE_CURVE_WITH_KNOTS('',3,(#1635,#1636,#1637,#1638),
  .UNSPECIFIED.,.F.,.F.,(4,4),(39.64119922234,39.662515347244),
  .PIECEWISE_BEZIER_KNOTS.);
#1635 = CARTESIAN_POINT('',(129.92854030505,-146.4645476038,
    -21.73967687153));
#1636 = CARTESIAN_POINT('',(129.92160592804,-146.4645951511,
    -21.73781881081));
#1637 = CARTESIAN_POINT('',(129.91467156194,-146.4646435597,
    -21.73596075301));
#1638 = CARTESIAN_POINT('',(129.907737207,-146.4646928295,
    -21.73410269821));
#1639 = ORIENTED_EDGE('',*,*,#1435,.F.);
#1640 = ORIENTED_EDGE('',*,*,#369,.F.);
#1641 = PLANE('',#1642);
#1642 = AXIS2_PLACEMENT_3D('',#1643,#1644,#1645);
#1643 = CARTESIAN_POINT('',(102.11909522551,-3.172608513793E-15,
    -14.28815852051));
#1644 = DIRECTION('',(0.258819045103,2.144786184852E-16,0.965925826289)
  );
#1645 = DIRECTION('',(0.965925826289,-5.746937261686E-17,-0.258819045103
    ));
#1646 = ADVANCED_FACE('',(#1647),#1658,.F.);
#1647 = FACE_BOUND('',#1648,.T.);
#1648 = EDGE_LOOP('',(#1649,#1650,#1651,#1657));
#1649 = ORIENTED_EDGE('',*,*,#424,.F.);
#1650 = ORIENTED_EDGE('',*,*,#1080,.T.);
#1651 = ORIENTED_EDGE('',*,*,#1652,.T.);
#1652 = EDGE_CURVE('',#1081,#584,#1653,.T.);
#1653 = LINE('',#1654,#1655);
#1654 = CARTESIAN_POINT('',(213.84982064846,-116.2794111891,
    -49.15046339788));
#1655 = VECTOR('',#1656,1.);
#1656 = DIRECTION('',(0.718887973978,-0.319550040989,0.617323134326));
#1657 = ORIENTED_EDGE('',*,*,#614,.F.);
#1658 = PLANE('',#1659);
#1659 = AXIS2_PLACEMENT_3D('',#1660,#1661,#1662);
#1660 = CARTESIAN_POINT('',(188.02871864194,-161.0028582057,
    -42.23171996755));
#1661 = DIRECTION('',(-0.487450660092,0.401388108621,0.775422104556));
#1662 = DIRECTION('',(-0.495572330589,-0.858356195039,0.132788205773));
#1663 = ADVANCED_FACE('',(#1664),#1675,.T.);
#1664 = FACE_BOUND('',#1665,.F.);
#1665 = EDGE_LOOP('',(#1666,#1672,#1673,#1674));
#1666 = ORIENTED_EDGE('',*,*,#1667,.F.);
#1667 = EDGE_CURVE('',#600,#1370,#1668,.T.);
#1668 = LINE('',#1669,#1670);
#1669 = CARTESIAN_POINT('',(176.3368601072,-154.8057646524,-4.));
#1670 = VECTOR('',#1671,1.);
#1671 = DIRECTION('',(-0.953020669899,-0.302905270249,0.));
#1672 = ORIENTED_EDGE('',*,*,#607,.T.);
#1673 = ORIENTED_EDGE('',*,*,#504,.T.);
#1674 = ORIENTED_EDGE('',*,*,#1412,.F.);
#1675 = PLANE('',#1676);
#1676 = AXIS2_PLACEMENT_3D('',#1677,#1678,#1679);
#1677 = CARTESIAN_POINT('',(194.74292235361,-149.465513061,
    -4.360537410338));
#1678 = DIRECTION('',(0.180489633373,-0.567868466488,0.80308710425));
#1679 = DIRECTION('',(0.447213676892,0.774596575257,0.447213676892));
#1680 = ADVANCED_FACE('',(#1681),#1716,.T.);
#1681 = FACE_BOUND('',#1682,.F.);
#1682 = EDGE_LOOP('',(#1683,#1684,#1693,#1701));
#1683 = ORIENTED_EDGE('',*,*,#581,.F.);
#1684 = ORIENTED_EDGE('',*,*,#1685,.F.);
#1685 = EDGE_CURVE('',#1686,#582,#1688,.T.);
#1686 = VERTEX_POINT('',#1687);
#1687 = CARTESIAN_POINT('',(214.78125,-113.7382995285,-4.));
#1688 = CIRCLE('',#1689,5.281250259068);
#1689 = AXIS2_PLACEMENT_3D('',#1690,#1691,#1692);
#1690 = CARTESIAN_POINT('',(209.49999974093,-113.7382995285,-4.));
#1691 = DIRECTION('',(0.,0.,-1.));
#1692 = DIRECTION('',(1.,0.,0.));
#1693 = ORIENTED_EDGE('',*,*,#1694,.T.);
#1694 = EDGE_CURVE('',#1686,#1695,#1697,.T.);
#1695 = VERTEX_POINT('',#1696);
#1696 = CARTESIAN_POINT('',(214.78125,-113.7382995285,-49.15227281193));
#1697 = LINE('',#1698,#1699);
#1698 = CARTESIAN_POINT('',(214.78125,-113.7382995285,-4.));
#1699 = VECTOR('',#1700,1.);
#1700 = DIRECTION('',(0.,0.,-1.));
#1701 = ORIENTED_EDGE('',*,*,#1702,.F.);
#1702 = EDGE_CURVE('',#584,#1695,#1703,.T.);
#1703 = B_SPLINE_CURVE_WITH_KNOTS('',6,(#1704,#1705,#1706,#1707,#1708,
    #1709,#1710,#1711,#1712,#1713,#1714,#1715),.UNSPECIFIED.,.F.,.F.,(7,
    5,7),(465.39352273909,465.4601315454,468.2343306022),.UNSPECIFIED.);
#1704 = CARTESIAN_POINT('',(214.07369628219,-116.3789252588,
    -48.95821702165));
#1705 = CARTESIAN_POINT('',(214.07922912536,-116.3693420962,
    -48.95969954251));
#1706 = CARTESIAN_POINT('',(214.08473129224,-116.3597570257,
    -48.96117991068));
#1707 = CARTESIAN_POINT('',(214.09024589383,-116.3500915416,
    -48.96267214531));
#1708 = CARTESIAN_POINT('',(214.09563811679,-116.3405904236,
    -48.96413290102));
#1709 = CARTESIAN_POINT('',(214.10119035287,-116.3307436718,
    -48.96565106921));
#1710 = CARTESIAN_POINT('',(214.32718729059,-115.9277026476,
    -49.02747531172));
#1711 = CARTESIAN_POINT('',(214.50699673582,-115.5124460156,
    -49.07696988296));
#1712 = CARTESIAN_POINT('',(214.64373212527,-115.0802064212,
    -49.11442367984));
#1713 = CARTESIAN_POINT('',(214.73540083333,-114.6366636372,
    -49.13968027399));
#1714 = CARTESIAN_POINT('',(214.78125,-114.1874841774,-49.15227281193));
#1715 = CARTESIAN_POINT('',(214.78125,-113.7382995285,-49.15227281193));
#1716 = CYLINDRICAL_SURFACE('',#1717,5.281250259068);
#1717 = AXIS2_PLACEMENT_3D('',#1718,#1719,#1720);
#1718 = CARTESIAN_POINT('',(209.49999974093,-113.7382995285,-4.));
#1719 = DIRECTION('',(0.,0.,1.));
#1720 = DIRECTION('',(1.,0.,0.));
#1721 = ADVANCED_FACE('',(#1722),#1850,.T.);
#1722 = FACE_BOUND('',#1723,.T.);
#1723 = EDGE_LOOP('',(#1724,#1725,#1726,#1727,#1728,#1729,#1737,#1746,
    #1754,#1762,#1770,#1778,#1787,#1795,#1803,#1811,#1819,#1827,#1836,
    #1844));
#1724 = ORIENTED_EDGE('',*,*,#1367,.T.);
#1725 = ORIENTED_EDGE('',*,*,#1667,.F.);
#1726 = ORIENTED_EDGE('',*,*,#599,.F.);
#1727 = ORIENTED_EDGE('',*,*,#591,.T.);
#1728 = ORIENTED_EDGE('',*,*,#1685,.F.);
#1729 = ORIENTED_EDGE('',*,*,#1730,.F.);
#1730 = EDGE_CURVE('',#1731,#1686,#1733,.T.);
#1731 = VERTEX_POINT('',#1732);
#1732 = CARTESIAN_POINT('',(214.78125,-37.40254807749,-4.));
#1733 = LINE('',#1734,#1735);
#1734 = CARTESIAN_POINT('',(214.78125,-37.40254807749,-4.));
#1735 = VECTOR('',#1736,1.);
#1736 = DIRECTION('',(0.,-1.,0.));
#1737 = ORIENTED_EDGE('',*,*,#1738,.F.);
#1738 = EDGE_CURVE('',#1739,#1731,#1741,.T.);
#1739 = VERTEX_POINT('',#1740);
#1740 = CARTESIAN_POINT('',(209.49999992249,-32.12129799999,-4.));
#1741 = CIRCLE('',#1742,5.281250077504);
#1742 = AXIS2_PLACEMENT_3D('',#1743,#1744,#1745);
#1743 = CARTESIAN_POINT('',(209.49999992249,-37.40254807749,-4.));
#1744 = DIRECTION('',(0.,0.,-1.));
#1745 = DIRECTION('',(1.,0.,0.));
#1746 = ORIENTED_EDGE('',*,*,#1747,.F.);
#1747 = EDGE_CURVE('',#1748,#1739,#1750,.T.);
#1748 = VERTEX_POINT('',#1749);
#1749 = CARTESIAN_POINT('',(195.53105803523,-32.12129799999,-4.));
#1750 = LINE('',#1751,#1752);
#1751 = CARTESIAN_POINT('',(94.078044370398,-32.12129799999,-4.));
#1752 = VECTOR('',#1753,1.);
#1753 = DIRECTION('',(1.,-6.156044856123E-16,0.));
#1754 = ORIENTED_EDGE('',*,*,#1755,.T.);
#1755 = EDGE_CURVE('',#1748,#1756,#1758,.T.);
#1756 = VERTEX_POINT('',#1757);
#1757 = CARTESIAN_POINT('',(194.82395125404,-32.62129799999,-4.));
#1758 = LINE('',#1759,#1760);
#1759 = CARTESIAN_POINT('',(161.77027864488,-55.99377404504,-4.));
#1760 = VECTOR('',#1761,1.);
#1761 = DIRECTION('',(-0.816496580928,-0.57735026919,0.));
#1762 = ORIENTED_EDGE('',*,*,#1763,.T.);
#1763 = EDGE_CURVE('',#1756,#1764,#1766,.T.);
#1764 = VERTEX_POINT('',#1765);
#1765 = CARTESIAN_POINT('',(194.82395125404,-34.62129799999,-4.));
#1766 = LINE('',#1767,#1768);
#1767 = CARTESIAN_POINT('',(194.82395125404,-44.68344092948,-4.));
#1768 = VECTOR('',#1769,1.);
#1769 = DIRECTION('',(-2.22044604925E-16,-1.,0.));
#1770 = ORIENTED_EDGE('',*,*,#1771,.T.);
#1771 = EDGE_CURVE('',#1764,#1772,#1774,.T.);
#1772 = VERTEX_POINT('',#1773);
#1773 = CARTESIAN_POINT('',(205.01042863032,-34.62129799999,-4.));
#1774 = LINE('',#1775,#1776);
#1775 = CARTESIAN_POINT('',(94.078044370398,-34.62129799999,-4.));
#1776 = VECTOR('',#1777,1.);
#1777 = DIRECTION('',(1.,-6.156044856123E-16,0.));
#1778 = ORIENTED_EDGE('',*,*,#1779,.T.);
#1779 = EDGE_CURVE('',#1772,#1780,#1782,.T.);
#1780 = VERTEX_POINT('',#1781);
#1781 = CARTESIAN_POINT('',(209.28125,-42.67926588808,-4.));
#1782 = CIRCLE('',#1783,5.281250077504);
#1783 = AXIS2_PLACEMENT_3D('',#1784,#1785,#1786);
#1784 = CARTESIAN_POINT('',(209.49999992249,-37.40254807749,-4.));
#1785 = DIRECTION('',(0.,0.,1.));
#1786 = DIRECTION('',(1.,0.,0.));
#1787 = ORIENTED_EDGE('',*,*,#1788,.F.);
#1788 = EDGE_CURVE('',#1789,#1780,#1791,.T.);
#1789 = VERTEX_POINT('',#1790);
#1790 = CARTESIAN_POINT('',(209.28125,-37.40254807749,-4.));
#1791 = LINE('',#1792,#1793);
#1792 = CARTESIAN_POINT('',(209.28125,-64.53589723066,-4.));
#1793 = VECTOR('',#1794,1.);
#1794 = DIRECTION('',(0.,-1.,0.));
#1795 = ORIENTED_EDGE('',*,*,#1796,.F.);
#1796 = EDGE_CURVE('',#1797,#1789,#1799,.T.);
#1797 = VERTEX_POINT('',#1798);
#1798 = CARTESIAN_POINT('',(212.28125,-37.40254807749,-4.));
#1799 = LINE('',#1800,#1801);
#1800 = CARTESIAN_POINT('',(164.79300057784,-37.40254807749,-4.));
#1801 = VECTOR('',#1802,1.);
#1802 = DIRECTION('',(-1.,0.,0.));
#1803 = ORIENTED_EDGE('',*,*,#1804,.T.);
#1804 = EDGE_CURVE('',#1797,#1805,#1807,.T.);
#1805 = VERTEX_POINT('',#1806);
#1806 = CARTESIAN_POINT('',(212.28125,-47.40254807749,-4.));
#1807 = LINE('',#1808,#1809);
#1808 = CARTESIAN_POINT('',(212.28125,-37.40254807749,-4.));
#1809 = VECTOR('',#1810,1.);
#1810 = DIRECTION('',(0.,-1.,0.));
#1811 = ORIENTED_EDGE('',*,*,#1812,.T.);
#1812 = EDGE_CURVE('',#1805,#1813,#1815,.T.);
#1813 = VERTEX_POINT('',#1814);
#1814 = CARTESIAN_POINT('',(212.28125,-103.7382995285,-4.));
#1815 = LINE('',#1816,#1817);
#1816 = CARTESIAN_POINT('',(212.28125,-37.40254807749,-4.));
#1817 = VECTOR('',#1818,1.);
#1818 = DIRECTION('',(0.,-1.,0.));
#1819 = ORIENTED_EDGE('',*,*,#1820,.T.);
#1820 = EDGE_CURVE('',#1813,#1821,#1823,.T.);
#1821 = VERTEX_POINT('',#1822);
#1822 = CARTESIAN_POINT('',(212.28125,-113.7382995285,-4.));
#1823 = LINE('',#1824,#1825);
#1824 = CARTESIAN_POINT('',(212.28125,-37.40254807749,-4.));
#1825 = VECTOR('',#1826,1.);
#1826 = DIRECTION('',(0.,-1.,0.));
#1827 = ORIENTED_EDGE('',*,*,#1828,.T.);
#1828 = EDGE_CURVE('',#1821,#1829,#1831,.T.);
#1829 = VERTEX_POINT('',#1830);
#1830 = CARTESIAN_POINT('',(211.90863293691,-115.1289249744,-4.));
#1831 = CIRCLE('',#1832,2.781250259068);
#1832 = AXIS2_PLACEMENT_3D('',#1833,#1834,#1835);
#1833 = CARTESIAN_POINT('',(209.49999974093,-113.7382995285,-4.));
#1834 = DIRECTION('',(0.,0.,-1.));
#1835 = DIRECTION('',(1.,0.,0.));
#1836 = ORIENTED_EDGE('',*,*,#1837,.F.);
#1837 = EDGE_CURVE('',#1838,#1829,#1840,.T.);
#1838 = VERTEX_POINT('',#1839);
#1839 = CARTESIAN_POINT('',(205.10434313524,-126.9142970455,-4.));
#1840 = LINE('',#1841,#1842);
#1841 = CARTESIAN_POINT('',(205.10434313524,-126.9142970455,-4.));
#1842 = VECTOR('',#1843,1.);
#1843 = DIRECTION('',(0.500000113749,0.866025338112,0.));
#1844 = ORIENTED_EDGE('',*,*,#1845,.T.);
#1845 = EDGE_CURVE('',#1838,#1368,#1846,.T.);
#1846 = LINE('',#1847,#1848);
#1847 = CARTESIAN_POINT('',(205.10434313524,-126.9142970455,-4.));
#1848 = VECTOR('',#1849,1.);
#1849 = DIRECTION('',(-0.500000113751,-0.86602533811,0.));
#1850 = PLANE('',#1851);
#1851 = AXIS2_PLACEMENT_3D('',#1852,#1853,#1854);
#1852 = CARTESIAN_POINT('',(135.43456718505,-89.36688185897,-4.));
#1853 = DIRECTION('',(0.,0.,1.));
#1854 = DIRECTION('',(1.,0.,0.));
#1855 = ADVANCED_FACE('',(#1856),#1866,.F.);
#1856 = FACE_BOUND('',#1857,.F.);
#1857 = EDGE_LOOP('',(#1858,#1863,#1864,#1865));
#1858 = ORIENTED_EDGE('',*,*,#1859,.T.);
#1859 = EDGE_CURVE('',#1058,#1487,#1860,.T.);
#1860 = B_SPLINE_CURVE_WITH_KNOTS('',1,(#1861,#1862),.UNSPECIFIED.,.F.,
  .F.,(2,2),(0.,8.401889996362),.PIECEWISE_BEZIER_KNOTS.);
#1861 = CARTESIAN_POINT('',(129.66438831102,-146.4696547833,
    -26.8452784601));
#1862 = CARTESIAN_POINT('',(129.78164869477,-146.9656238244,
    -26.35907571331));
#1863 = ORIENTED_EDGE('',*,*,#1502,.T.);
#1864 = ORIENTED_EDGE('',*,*,#628,.F.);
#1865 = ORIENTED_EDGE('',*,*,#1070,.F.);
#1866 = B_SPLINE_SURFACE_WITH_KNOTS('',1,3,(
    (#1867,#1868,#1869,#1870)
    ,(#1871,#1872,#1873,#1874
    )),.UNSPECIFIED.,.F.,.F.,.F.,(2,2),(4,4),(0.,2.126387932793E-02),(
    348.54151804734,348.56278192666),.PIECEWISE_BEZIER_KNOTS.);
#1867 = CARTESIAN_POINT('',(129.66438831102,-146.4696547833,
    -26.8452784601));
#1868 = CARTESIAN_POINT('',(129.67067488373,-146.4698197813,
    -26.84696294218));
#1869 = CARTESIAN_POINT('',(129.67696174189,-146.4699724478,
    -26.84864750075));
#1870 = CARTESIAN_POINT('',(129.68324883563,-146.4701127799,
    -26.85033212244));
#1871 = CARTESIAN_POINT('',(129.78164869477,-146.9656238244,
    -26.35907571331));
#1872 = CARTESIAN_POINT('',(129.78854455212,-146.9656192235,
    -26.36092494012));
#1873 = CARTESIAN_POINT('',(129.79544039772,-146.9655860908,
    -26.36277439027));
#1874 = CARTESIAN_POINT('',(129.8023359999,-146.965524427,
    -26.36462405772));
#1875 = ADVANCED_FACE('',(#1876),#1901,.T.);
#1876 = FACE_BOUND('',#1877,.T.);
#1877 = EDGE_LOOP('',(#1878,#1886,#1887,#1895));
#1878 = ORIENTED_EDGE('',*,*,#1879,.F.);
#1879 = EDGE_CURVE('',#735,#1880,#1882,.T.);
#1880 = VERTEX_POINT('',#1881);
#1881 = CARTESIAN_POINT('',(209.49999992249,-32.12129799999,
    -47.71952802843));
#1882 = LINE('',#1883,#1884);
#1883 = CARTESIAN_POINT('',(209.43529516122,-32.37129799999,
    -47.961009485));
#1884 = VECTOR('',#1885,1.);
#1885 = DIRECTION('',(0.183012701892,0.707106781187,0.683012701892));
#1886 = ORIENTED_EDGE('',*,*,#734,.T.);
#1887 = ORIENTED_EDGE('',*,*,#1888,.T.);
#1888 = EDGE_CURVE('',#737,#1889,#1891,.T.);
#1889 = VERTEX_POINT('',#1890);
#1890 = CARTESIAN_POINT('',(94.078044370398,-32.12129799999,
    -16.79230824943));
#1891 = LINE('',#1892,#1893);
#1892 = CARTESIAN_POINT('',(94.013339609122,-32.37129799999,
    -17.033789706));
#1893 = VECTOR('',#1894,1.);
#1894 = DIRECTION('',(0.183012701892,0.707106781187,0.683012701892));
#1895 = ORIENTED_EDGE('',*,*,#1896,.F.);
#1896 = EDGE_CURVE('',#1880,#1889,#1897,.T.);
#1897 = LINE('',#1898,#1899);
#1898 = CARTESIAN_POINT('',(209.62940944504,-32.12129799999,
    -47.75420320549));
#1899 = VECTOR('',#1900,1.);
#1900 = DIRECTION('',(-0.965925826289,5.946282714323E-16,0.258819045103)
  );
#1901 = PLANE('',#1902);
#1902 = AXIS2_PLACEMENT_3D('',#1903,#1904,#1905);
#1903 = CARTESIAN_POINT('',(209.56470468377,-32.37129799999,
    -47.99568466206));
#1904 = DIRECTION('',(-0.183012701892,0.707106781187,-0.683012701892));
#1905 = DIRECTION('',(-0.965925826289,5.421830825714E-16,0.258819045103)
  );
#1906 = ADVANCED_FACE('',(#1907),#1936,.F.);
#1907 = FACE_BOUND('',#1908,.F.);
#1908 = EDGE_LOOP('',(#1909,#1917,#1934,#1935));
#1909 = ORIENTED_EDGE('',*,*,#1910,.T.);
#1910 = EDGE_CURVE('',#1106,#1911,#1913,.T.);
#1911 = VERTEX_POINT('',#1912);
#1912 = CARTESIAN_POINT('',(214.78125,-37.40254807749,-49.15227281193));
#1913 = LINE('',#1914,#1915);
#1914 = CARTESIAN_POINT('',(214.53976854342,-37.40254807749,
    -49.33756805066));
#1915 = VECTOR('',#1916,1.);
#1916 = DIRECTION('',(0.793353340291,1.351721909978E-16,0.608761429009)
  );
#1917 = ORIENTED_EDGE('',*,*,#1918,.T.);
#1918 = EDGE_CURVE('',#1911,#1880,#1919,.T.);
#1919 = B_SPLINE_CURVE_WITH_KNOTS('',7,(#1920,#1921,#1922,#1923,#1924,
    #1925,#1926,#1927,#1928,#1929,#1930,#1931,#1932,#1933),
  .UNSPECIFIED.,.F.,.F.,(8,6,8),(544.57008205323,553.01504296586,
    553.14678041721),.UNSPECIFIED.);
#1920 = CARTESIAN_POINT('',(214.78125,-37.40254807749,-49.15227281193));
#1921 = CARTESIAN_POINT('',(214.78125,-36.24750744814,-49.15227281193));
#1922 = CARTESIAN_POINT('',(214.4863505264,-35.09245243009,
    -49.07123298508));
#1923 = CARTESIAN_POINT('',(213.8977938285,-34.02471291796,
    -48.9092590606));
#1924 = CARTESIAN_POINT('',(213.04156949991,-33.13089201488,
    -48.67503630255));
#1925 = CARTESIAN_POINT('',(211.98504147095,-32.49112599153,
    -48.38743378484));
#1926 = CARTESIAN_POINT('',(210.81412340349,-32.15192153895,
    -48.07173842913));
#1927 = CARTESIAN_POINT('',(209.61092553322,-32.1224306883,
    -47.74925166357));
#1928 = CARTESIAN_POINT('',(209.59243333642,-32.12205297213,
    -47.74429579041));
#1929 = CARTESIAN_POINT('',(209.57394792777,-32.12175100103,
    -47.73934240783));
#1930 = CARTESIAN_POINT('',(209.55546237263,-32.12152453843,
    -47.73438918964));
#1931 = CARTESIAN_POINT('',(209.53697345348,-32.12137347958,
    -47.72943503338));
#1932 = CARTESIAN_POINT('',(209.51848699714,-32.12129799999,
    -47.72448162515));
#1933 = CARTESIAN_POINT('',(209.49999992249,-32.12129799999,
    -47.71952802843));
#1934 = ORIENTED_EDGE('',*,*,#1879,.F.);
#1935 = ORIENTED_EDGE('',*,*,#1113,.F.);
#1936 = B_SPLINE_SURFACE_WITH_KNOTS('',1,7,(
    (#1937,#1938,#1939,#1940,#1941,#1942,#1943,#1944,#1945,#1946,#1947
      ,#1948,#1949,#1950)
    ,(#1951,#1952,#1953,#1954,#1955,#1956,#1957,#1958,#1959,#1960,#1961
      ,#1962,#1963,#1964
    )),.UNSPECIFIED.,.F.,.F.,.F.,(2,2),(8,6,8),(0.,8.57669836398),(
    544.57008205323,553.01504296586,553.14678041721),.UNSPECIFIED.);
#1937 = CARTESIAN_POINT('',(214.29828708685,-37.40254807749,
    -49.52286328938));
#1938 = CARTESIAN_POINT('',(214.29828708685,-36.33360094074,
    -49.52286328938));
#1939 = CARTESIAN_POINT('',(214.01837584204,-35.26464528212,
    -49.44786129738));
#1940 = CARTESIAN_POINT('',(213.4589649373,-34.28154703024,
    -49.29796759722));
#1941 = CARTESIAN_POINT('',(212.65087865341,-33.47009573754,
    -49.08144153004));
#1942 = CARTESIAN_POINT('',(211.66053004968,-32.90353240445,
    -48.81607842144));
#1943 = CARTESIAN_POINT('',(210.58132586372,-32.622929116,
    -48.52690653134));
#1944 = CARTESIAN_POINT('',(209.48241730082,-32.62127201667,
    -48.23245486936));
#1945 = CARTESIAN_POINT('',(209.46282607749,-32.6213080052,
    -48.22720541689));
#1946 = CARTESIAN_POINT('',(209.44444083088,-32.62130062246,
    -48.22227910491));
#1947 = CARTESIAN_POINT('',(209.42622740932,-32.62129130265,
    -48.21739883331));
#1948 = CARTESIAN_POINT('',(209.40748595925,-32.62130110802,
    -48.2123770769));
#1949 = CARTESIAN_POINT('',(209.38907747459,-32.62129799999,
    -48.2074445383));
#1950 = CARTESIAN_POINT('',(209.37059039994,-32.62129799999,
    -48.20249094158));
#1951 = CARTESIAN_POINT('',(214.78125,-37.40254807749,-49.15227281193));
#1952 = CARTESIAN_POINT('',(214.78125,-36.24750744814,-49.15227281193));
#1953 = CARTESIAN_POINT('',(214.4863505264,-35.09245243009,
    -49.07123298508));
#1954 = CARTESIAN_POINT('',(213.8977938285,-34.02471291796,
    -48.9092590606));
#1955 = CARTESIAN_POINT('',(213.04156949991,-33.13089201488,
    -48.67503630255));
#1956 = CARTESIAN_POINT('',(211.98504147095,-32.49112599153,
    -48.38743378484));
#1957 = CARTESIAN_POINT('',(210.81412340349,-32.15192153895,
    -48.07173842913));
#1958 = CARTESIAN_POINT('',(209.61092553322,-32.1224306883,
    -47.74925166357));
#1959 = CARTESIAN_POINT('',(209.59243333642,-32.12205297213,
    -47.74429579041));
#1960 = CARTESIAN_POINT('',(209.57394792777,-32.12175100103,
    -47.73934240783));
#1961 = CARTESIAN_POINT('',(209.55546237263,-32.12152453843,
    -47.73438918964));
#1962 = CARTESIAN_POINT('',(209.53697345348,-32.12137347958,
    -47.72943503338));
#1963 = CARTESIAN_POINT('',(209.51848699714,-32.12129799999,
    -47.72448162515));
#1964 = CARTESIAN_POINT('',(209.49999992249,-32.12129799999,
    -47.71952802843));
#1965 = ADVANCED_FACE('',(#1966),#2180,.F.);
#1966 = FACE_BOUND('',#1967,.F.);
#1967 = EDGE_LOOP('',(#1968,#1969,#2174,#2179));
#1968 = ORIENTED_EDGE('',*,*,#1888,.T.);
#1969 = ORIENTED_EDGE('',*,*,#1970,.T.);
#1970 = EDGE_CURVE('',#1889,#1971,#1973,.T.);
#1971 = VERTEX_POINT('',#1972);
#1972 = CARTESIAN_POINT('',(88.796799329856,-37.39661580683,
    -15.39484078609));
#1973 = B_SPLINE_CURVE_WITH_KNOTS('',12,(#1974,#1975,#1976,#1977,#1978,
    #1979,#1980,#1981,#1982,#1983,#1984,#1985,#1986,#1987,#1988,#1989,
    #1990,#1991,#1992,#1993,#1994,#1995,#1996,#1997,#1998,#1999,#2000,
    #2001,#2002,#2003,#2004,#2005,#2006,#2007,#2008,#2009,#2010,#2011,
    #2012,#2013,#2014,#2015,#2016,#2017,#2018,#2019,#2020,#2021,#2022,
    #2023,#2024,#2025,#2026,#2027,#2028,#2029,#2030,#2031,#2032,#2033,
    #2034,#2035,#2036,#2037,#2038,#2039,#2040,#2041,#2042,#2043,#2044,
    #2045,#2046,#2047,#2048,#2049,#2050,#2051,#2052,#2053,#2054,#2055,
    #2056,#2057,#2058,#2059,#2060,#2061,#2062,#2063,#2064,#2065,#2066,
    #2067,#2068,#2069,#2070,#2071,#2072,#2073,#2074,#2075,#2076,#2077,
    #2078,#2079,#2080,#2081,#2082,#2083,#2084,#2085,#2086,#2087,#2088,
    #2089,#2090,#2091,#2092,#2093,#2094,#2095,#2096,#2097,#2098,#2099,
    #2100,#2101,#2102,#2103,#2104,#2105,#2106,#2107,#2108,#2109,#2110,
    #2111,#2112,#2113,#2114,#2115,#2116,#2117,#2118,#2119,#2120,#2121,
    #2122,#2123,#2124,#2125,#2126,#2127,#2128,#2129,#2130,#2131,#2132,
    #2133,#2134,#2135,#2136,#2137,#2138,#2139,#2140,#2141,#2142,#2143,
    #2144,#2145,#2146,#2147,#2148,#2149,#2150,#2151,#2152,#2153,#2154,
    #2155,#2156,#2157,#2158,#2159,#2160,#2161,#2162,#2163,#2164,#2165,
    #2166,#2167,#2168,#2169,#2170,#2171,#2172,#2173),.UNSPECIFIED.,.F.,
  .F.,(13,11,11,11,11,11,11,11,11,11,11,11,11,11,11,11,11,11,13),(
    119.62758838798,123.7789860733,125.85468491596,126.89253433729,
    127.41145904795,127.67092140328,127.80065258095,127.86551816978,
    127.8979509642,127.91416736141,127.92227556001,127.92632965931,
    127.92835670896,127.92937023379,127.9298769962,127.93013037741,
    127.93025706801,127.93032041331,127.93038375862),.UNSPECIFIED.);
#1974 = CARTESIAN_POINT('',(94.078044370398,-32.12129799999,
    -16.79230824943));
#1975 = CARTESIAN_POINT('',(93.738130609794,-32.12129799999,
    -16.70122863178));
#1976 = CARTESIAN_POINT('',(93.398815304967,-32.1451711821,
    -16.61030682563));
#1977 = CARTESIAN_POINT('',(93.061540336555,-32.19276996107,
    -16.51993285954));
#1978 = CARTESIAN_POINT('',(92.727804063862,-32.26392760955,
    -16.43053429556));
#1979 = CARTESIAN_POINT('',(92.399154003207,-32.35843194003,
    -16.3425665967));
#1980 = CARTESIAN_POINT('',(92.077179508453,-32.47599898798,
    -16.2565034953));
#1981 = CARTESIAN_POINT('',(91.763504448299,-32.61624669303,
    -16.17282735985));
#1982 = CARTESIAN_POINT('',(91.459779887452,-32.77866858276,
    -16.09201956389));
#1983 = CARTESIAN_POINT('',(91.167676763995,-32.96260745361,
    -16.01455085261));
#1984 = CARTESIAN_POINT('',(90.888878569875,-33.16722905445,
    -15.94087171158));
#1985 = CARTESIAN_POINT('',(90.625074029156,-33.3914957681,
    -15.87140273383));
#1986 = CARTESIAN_POINT('',(90.254387652072,-33.75546255718,
    -15.7740861151));
#1987 = CARTESIAN_POINT('',(90.134978033082,-33.88138466834,
    -15.74279446376));
#1988 = CARTESIAN_POINT('',(90.019931434493,-34.01174663619,
    -15.71269785972));
#1989 = CARTESIAN_POINT('',(89.909448547575,-34.14637750616,
    -15.683841585));
#1990 = CARTESIAN_POINT('',(89.803720246997,-34.28509536226,
    -15.65626837868));
#1991 = CARTESIAN_POINT('',(89.7029275803,-34.42770732405,
    -15.63001843551));
#1992 = CARTESIAN_POINT('',(89.607241783069,-34.57400955095,
    -15.60512940789));
#1993 = CARTESIAN_POINT('',(89.516824261063,-34.7237872372,
    -15.58163640359));
#1994 = CARTESIAN_POINT('',(89.431826607637,-34.87681461674,
    -15.55957198793));
#1995 = CARTESIAN_POINT('',(89.352390589613,-35.0328549593,
    -15.53896618204));
#1996 = CARTESIAN_POINT('',(89.27864815679,-35.19166057297,-15.519846464
    ));
#1997 = CARTESIAN_POINT('',(89.176758076635,-35.43362891776,
    -15.49343342036));
#1998 = CARTESIAN_POINT('',(89.144246834025,-35.51491315217,
    -15.48500680616));
#1999 = CARTESIAN_POINT('',(89.113202079556,-35.59679364559,
    -15.47696104255));
#2000 = CARTESIAN_POINT('',(89.083637248267,-35.6792382587,
    -15.46929908338));
#2001 = CARTESIAN_POINT('',(89.055564835373,-35.7622145722,
    -15.46202371907));
#2002 = CARTESIAN_POINT('',(89.028996403537,-35.84568988873,
    -15.45513757712));
#2003 = CARTESIAN_POINT('',(89.003942572685,-35.92963123028,
    -15.44864312152));
#2004 = CARTESIAN_POINT('',(88.980413031691,-36.01400534104,
    -15.4425426533));
#2005 = CARTESIAN_POINT('',(88.958416527259,-36.0987786848,
    -15.43683831012));
#2006 = CARTESIAN_POINT('',(88.937960872751,-36.18391744694,
    -15.43153206654));
#2007 = CARTESIAN_POINT('',(88.919052942338,-36.26938753314,
    -15.42662573384));
#2008 = CARTESIAN_POINT('',(88.893021540138,-36.39803808857,
    -15.41986857328));
#2009 = CARTESIAN_POINT('',(88.884733257799,-36.4409959249,
    -15.41771665509));
#2010 = CARTESIAN_POINT('',(88.876834289548,-36.4840238075,
    -15.41566536206));
#2011 = CARTESIAN_POINT('',(88.869325096758,-36.52711746422,
    -15.41371485045));
#2012 = CARTESIAN_POINT('',(88.862206142938,-36.57027262412,
    -15.41186527703));
#2013 = CARTESIAN_POINT('',(88.855477888015,-36.61348501422,
    -15.4101167977));
#2014 = CARTESIAN_POINT('',(88.84914079672,-36.65675036432,
    -15.40846956955));
#2015 = CARTESIAN_POINT('',(88.84319532855,-36.70006440114,
    -15.40692374835));
#2016 = CARTESIAN_POINT('',(88.837641947666,-36.74342285418,
    -15.40547949107));
#2017 = CARTESIAN_POINT('',(88.832481114833,-36.7868214509,
    -15.40413695379));
#2018 = CARTESIAN_POINT('',(88.827713292816,-36.83025591997,
    -15.40289629311));
#2019 = CARTESIAN_POINT('',(88.821151768769,-36.89545502424,
    -15.40118835155));
#2020 = CARTESIAN_POINT('',(88.819062877227,-36.91719595631,
    -15.40064453077));
#2021 = CARTESIAN_POINT('',(88.817072276248,-36.93894425412,
    -15.4001262133));
#2022 = CARTESIAN_POINT('',(88.815179973503,-36.96069938632,
    -15.39963340945));
#2023 = CARTESIAN_POINT('',(88.813385976162,-36.98246082109,
    -15.39916612942));
#2024 = CARTESIAN_POINT('',(88.81169029224,-37.00422802738,
    -15.39872438355));
#2025 = CARTESIAN_POINT('',(88.81009292854,-37.02600047312,
    -15.39830818201));
#2026 = CARTESIAN_POINT('',(88.808593893338,-37.04777762736,
    -15.39791753516));
#2027 = CARTESIAN_POINT('',(88.807193193409,-37.06955895813,
    -15.39755245317));
#2028 = CARTESIAN_POINT('',(88.805890836796,-37.09134393422,
    -15.39721294638));
#2029 = CARTESIAN_POINT('',(88.804686830667,-37.11313202395,
    -15.396899025));
#2030 = CARTESIAN_POINT('',(88.803028358676,-37.14581803187,
    -15.39646653648));
#2031 = CARTESIAN_POINT('',(88.802500118981,-37.15671401396,
    -15.39632877157));
#2032 = CARTESIAN_POINT('',(88.801996461716,-37.16761057632,
    -15.39619740532));
#2033 = CARTESIAN_POINT('',(88.801517384077,-37.17850765268,
    -15.39607243832));
#2034 = CARTESIAN_POINT('',(88.801062885294,-37.18940517768,
    -15.39595387144));
#2035 = CARTESIAN_POINT('',(88.800632961159,-37.20030308446,
    -15.39584170511));
#2036 = CARTESIAN_POINT('',(88.800227612131,-37.21120130817,
    -15.39573594032));
#2037 = CARTESIAN_POINT('',(88.799846833495,-37.22209978174,
    -15.39563657746));
#2038 = CARTESIAN_POINT('',(88.799490625248,-37.2329984401,
    -15.39554361746));
#2039 = CARTESIAN_POINT('',(88.799158983873,-37.24389721673,
    -15.39545706086));
#2040 = CARTESIAN_POINT('',(88.798851907969,-37.25479604594,
    -15.39537690842));
#2041 = CARTESIAN_POINT('',(88.798428138725,-37.27114426955,
    -15.39526628699));
#2042 = CARTESIAN_POINT('',(88.798293022785,-37.27659367411,
    -15.39523101432));
#2043 = CARTESIAN_POINT('',(88.798164046857,-37.28204306719,
    -15.39519734286));
#2044 = CARTESIAN_POINT('',(88.79804121049,-37.28749244049,
    -15.3951652726));
#2045 = CARTESIAN_POINT('',(88.79792451324,-37.29294178599,
    -15.3951348037));
#2046 = CARTESIAN_POINT('',(88.797813954638,-37.2983910952,
    -15.39510593606));
#2047 = CARTESIAN_POINT('',(88.797709534253,-37.30384036027,
    -15.39507866988));
#2048 = CARTESIAN_POINT('',(88.797611251605,-37.30928957264,
    -15.39505300508));
#2049 = CARTESIAN_POINT('',(88.797519106273,-37.31473872439,
    -15.3950289418));
#2050 = CARTESIAN_POINT('',(88.797433097775,-37.32018780712,
    -15.39500648004));
#2051 = CARTESIAN_POINT('',(88.797353225676,-37.32563681274,
    -15.39498561987));
#2052 = CARTESIAN_POINT('',(88.79724262144,-37.33381019312,
    -15.39495673205));
#2053 = CARTESIAN_POINT('',(88.797207287317,-37.3365346319,
    -15.39494750318));
#2054 = CARTESIAN_POINT('',(88.797173487134,-37.33925904838,
    -15.39493867473));
#2055 = CARTESIAN_POINT('',(88.797141220683,-37.34198344134,
    -15.39493024665));
#2056 = CARTESIAN_POINT('',(88.79711048815,-37.34470781013,
    -15.39492221907));
#2057 = CARTESIAN_POINT('',(88.797081289129,-37.3474321532,
    -15.39491459179));
#2058 = CARTESIAN_POINT('',(88.797053623883,-37.35015647012,
    -15.39490736505));
#2059 = CARTESIAN_POINT('',(88.797027492112,-37.35288075933,
    -15.39490053865));
#2060 = CARTESIAN_POINT('',(88.797002893849,-37.3556050202,
    -15.39489411273));
#2061 = CARTESIAN_POINT('',(88.79697982902,-37.35832925148,
    -15.39488808722));
#2062 = CARTESIAN_POINT('',(88.796958297523,-37.36105345224,
    -15.39488246216));
#2063 = CARTESIAN_POINT('',(88.796928300227,-37.36513970603,
    -15.39487462522));
#2064 = CARTESIAN_POINT('',(88.796918684415,-37.36650178272,
    -15.39487211302));
#2065 = CARTESIAN_POINT('',(88.796909452038,-37.36786385147,
    -15.39486970094));
#2066 = CARTESIAN_POINT('',(88.796900602678,-37.3692259119,
    -15.39486738893));
#2067 = CARTESIAN_POINT('',(88.796892137085,-37.37058796434,
    -15.3948651771));
#2068 = CARTESIAN_POINT('',(88.796884054161,-37.371950008,
    -15.39486306529));
#2069 = CARTESIAN_POINT('',(88.796876355141,-37.37331204354,
    -15.39486105369));
#2070 = CARTESIAN_POINT('',(88.796869038867,-37.37467407008,
    -15.39485914212));
#2071 = CARTESIAN_POINT('',(88.796862106186,-37.37603608806,
    -15.39485733072));
#2072 = CARTESIAN_POINT('',(88.796855556584,-37.37739809701,
    -15.3948556194));
#2073 = CARTESIAN_POINT('',(88.796849390273,-37.37876009697,
    -15.39485400821));
#2074 = CARTESIAN_POINT('',(88.796840715643,-37.38080308314,
    -15.39485174158));
#2075 = CARTESIAN_POINT('',(88.79683791986,-37.38148407623,
    -15.39485101106));
#2076 = CARTESIAN_POINT('',(88.796835220078,-37.38216506706,
    -15.3948503056));
#2077 = CARTESIAN_POINT('',(88.796832615619,-37.38284605543,
    -15.39484962508));
#2078 = CARTESIAN_POINT('',(88.796830107819,-37.38352704172,
    -15.39484896976));
#2079 = CARTESIAN_POINT('',(88.796827694656,-37.38420802529,
    -15.39484833923));
#2080 = CARTESIAN_POINT('',(88.796825378538,-37.3848890069,
    -15.39484773398));
#2081 = CARTESIAN_POINT('',(88.796823157168,-37.38556998575,
    -15.39484715354));
#2082 = CARTESIAN_POINT('',(88.796821032296,-37.38625096246,
    -15.39484659829));
#2083 = CARTESIAN_POINT('',(88.796819002865,-37.3869319366,
    -15.39484606797));
#2084 = CARTESIAN_POINT('',(88.796817069357,-37.38761290837,
    -15.39484556272));
#2085 = CARTESIAN_POINT('',(88.796814312755,-37.38863436233,
    -15.39484484238));
#2086 = CARTESIAN_POINT('',(88.796813417796,-37.38897484635,
    -15.39484460852));
#2087 = CARTESIAN_POINT('',(88.796812546956,-37.38931532983,
    -15.39484438094));
#2088 = CARTESIAN_POINT('',(88.796811699667,-37.38965581253,
    -15.39484415955));
#2089 = CARTESIAN_POINT('',(88.796810876984,-37.38999629487,
    -15.39484394454));
#2090 = CARTESIAN_POINT('',(88.796810077415,-37.39033677628,
    -15.39484373562));
#2091 = CARTESIAN_POINT('',(88.796809302628,-37.39067725736,
    -15.39484353313));
#2092 = CARTESIAN_POINT('',(88.796808551126,-37.39101773759,
    -15.39484333676));
#2093 = CARTESIAN_POINT('',(88.796807823986,-37.39135821733,
    -15.39484314673));
#2094 = CARTESIAN_POINT('',(88.796807120598,-37.39169869638,
    -15.39484296292));
#2095 = CARTESIAN_POINT('',(88.796806441217,-37.39203917481,
    -15.39484278538));
#2096 = CARTESIAN_POINT('',(88.796805458064,-37.39254989152,
    -15.39484252845));
#2097 = CARTESIAN_POINT('',(88.796805136277,-37.39272013024,
    -15.39484244436));
#2098 = CARTESIAN_POINT('',(88.796804820696,-37.3928903689,
    -15.39484236188));
#2099 = CARTESIAN_POINT('',(88.79680451061,-37.39306060718,
    -15.39484228087));
#2100 = CARTESIAN_POINT('',(88.796804207304,-37.39323084566,
    -15.39484220157));
#2101 = CARTESIAN_POINT('',(88.796803908997,-37.39340108352,
    -15.39484212365));
#2102 = CARTESIAN_POINT('',(88.796803617659,-37.39357132169,
    -15.39484204748));
#2103 = CARTESIAN_POINT('',(88.796803331513,-37.39374155932,
    -15.39484197273));
#2104 = CARTESIAN_POINT('',(88.796803051879,-37.39391179704,
    -15.39484189963));
#2105 = CARTESIAN_POINT('',(88.796802777951,-37.39408203447,
    -15.39484182805));
#2106 = CARTESIAN_POINT('',(88.796802510127,-37.39425227179,
    -15.39484175806));
#2107 = CARTESIAN_POINT('',(88.796802117317,-37.3945076275,
    -15.3948416554));
#2108 = CARTESIAN_POINT('',(88.796801987899,-37.39459274604,
    -15.39484162158));
#2109 = CARTESIAN_POINT('',(88.796801859899,-37.39467786453,
    -15.39484158814));
#2110 = CARTESIAN_POINT('',(88.796801733591,-37.39476298299,
    -15.3948415551));
#2111 = CARTESIAN_POINT('',(88.796801608411,-37.39484810139,
    -15.39484152244));
#2112 = CARTESIAN_POINT('',(88.796801485277,-37.39493321977,
    -15.39484149018));
#2113 = CARTESIAN_POINT('',(88.796801362981,-37.3950183381,
    -15.39484145831));
#2114 = CARTESIAN_POINT('',(88.796801242817,-37.3951034564,
    -15.39484142683));
#2115 = CARTESIAN_POINT('',(88.796801123663,-37.39518857464,
    -15.39484139574));
#2116 = CARTESIAN_POINT('',(88.796801006293,-37.39527369286,
    -15.39484136504));
#2117 = CARTESIAN_POINT('',(88.796800890297,-37.39535881103,
    -15.39484133474));
#2118 = CARTESIAN_POINT('',(88.796800718595,-37.39548648822,
    -15.39484128986));
#2119 = CARTESIAN_POINT('',(88.796800661745,-37.39552904729,
    -15.394841275));
#2120 = CARTESIAN_POINT('',(88.796800605224,-37.3955716063,
    -15.39484126024));
#2121 = CARTESIAN_POINT('',(88.79680054916,-37.39561416539,
    -15.39484124557));
#2122 = CARTESIAN_POINT('',(88.796800493388,-37.39565672434,
    -15.39484123102));
#2123 = CARTESIAN_POINT('',(88.796800438015,-37.39569928343,
    -15.39484121652));
#2124 = CARTESIAN_POINT('',(88.79680038307,-37.39574184238,
    -15.39484120218));
#2125 = CARTESIAN_POINT('',(88.796800328398,-37.3957844014,
    -15.39484118788));
#2126 = CARTESIAN_POINT('',(88.796800274201,-37.39582696037,
    -15.39484117373));
#2127 = CARTESIAN_POINT('',(88.796800220304,-37.39586951935,
    -15.39484115964));
#2128 = CARTESIAN_POINT('',(88.796800166828,-37.39591207832,
    -15.39484114566));
#2129 = CARTESIAN_POINT('',(88.796800087134,-37.39597591674,
    -15.39484112483));
#2130 = CARTESIAN_POINT('',(88.796800060727,-37.39599719623,
    -15.39484111793));
#2131 = CARTESIAN_POINT('',(88.796800034163,-37.39601847565,
    -15.394841111));
#2132 = CARTESIAN_POINT('',(88.796800008283,-37.39603975524,
    -15.3948411042));
#2133 = CARTESIAN_POINT('',(88.79679998148,-37.39606103452,
    -15.39484109725));
#2134 = CARTESIAN_POINT('',(88.79679995613,-37.3960823142,
    -15.39484109057));
#2135 = CARTESIAN_POINT('',(88.796799929426,-37.39610359346,
    -15.39484108364));
#2136 = CARTESIAN_POINT('',(88.796799904053,-37.39612487307,
    -15.39484107697));
#2137 = CARTESIAN_POINT('',(88.796799877928,-37.39614615244,
    -15.39484107016));
#2138 = CARTESIAN_POINT('',(88.796799852348,-37.39616743193,
    -15.39484106347));
#2139 = CARTESIAN_POINT('',(88.796799826684,-37.39618871137,
    -15.39484105677));
#2140 = CARTESIAN_POINT('',(88.796799788391,-37.39622063054,
    -15.39484104676));
#2141 = CARTESIAN_POINT('',(88.796799775669,-37.39623127028,
    -15.39484104343));
#2142 = CARTESIAN_POINT('',(88.796799762877,-37.39624190997,
    -15.39484104009));
#2143 = CARTESIAN_POINT('',(88.796799750338,-37.39625254976,
    -15.39484103681));
#2144 = CARTESIAN_POINT('',(88.796799737432,-37.39626318937,
    -15.39484103344));
#2145 = CARTESIAN_POINT('',(88.796799725045,-37.39627382923,
    -15.39484103021));
#2146 = CARTESIAN_POINT('',(88.7967997122,-37.39628446882,
    -15.39484102683));
#2147 = CARTESIAN_POINT('',(88.796799699738,-37.39629510863,
    -15.3948410236));
#2148 = CARTESIAN_POINT('',(88.796799687093,-37.3963057483,
    -15.39484102028));
#2149 = CARTESIAN_POINT('',(88.79679967456,-37.39631638804,
    -15.39484101701));
#2150 = CARTESIAN_POINT('',(88.796799662026,-37.39632702775,
    -15.39484101373));
#2151 = CARTESIAN_POINT('',(88.79679964326,-37.39634298733,
    -15.39484100883));
#2152 = CARTESIAN_POINT('',(88.796799637032,-37.39634830719,
    -15.3948410072));
#2153 = CARTESIAN_POINT('',(88.79679963072,-37.39635362703,
    -15.39484100556));
#2154 = CARTESIAN_POINT('',(88.796799624631,-37.39635894693,
    -15.39484100395));
#2155 = CARTESIAN_POINT('',(88.796799618175,-37.39636426673,
    -15.39484100228));
#2156 = CARTESIAN_POINT('',(88.796799612207,-37.39636958665,
    -15.39484100071));
#2157 = CARTESIAN_POINT('',(88.796799605767,-37.39637490646,
    -15.39484099903));
#2158 = CARTESIAN_POINT('',(88.796799599698,-37.39638022634,
    -15.39484099745));
#2159 = CARTESIAN_POINT('',(88.796799593421,-37.39638554619,
    -15.3948409958));
#2160 = CARTESIAN_POINT('',(88.796799587243,-37.39639086605,
    -15.39484099419));
#2161 = CARTESIAN_POINT('',(88.796799581042,-37.39639618591,
    -15.39484099257));
#2162 = CARTESIAN_POINT('',(88.796799568663,-37.39640682562,
    -15.39484098933));
#2163 = CARTESIAN_POINT('',(88.796799574415,-37.396401781,
    -15.39484099083));
#2164 = CARTESIAN_POINT('',(88.796799478963,-37.39648462761,
    -15.3948409659));
#2165 = CARTESIAN_POINT('',(88.796799802189,-37.39620388398,
    -15.39484105035));
#2166 = CARTESIAN_POINT('',(88.79679901884,-37.39688415447,
    -15.39484084565));
#2167 = CARTESIAN_POINT('',(88.796800297364,-37.3957737719,
    -15.39484117976));
#2168 = CARTESIAN_POINT('',(88.796798743935,-37.397122844,
    -15.39484077381));
#2169 = CARTESIAN_POINT('',(88.79680011368,-37.3959332541,
    -15.39484113176));
#2170 = CARTESIAN_POINT('',(88.796799209968,-37.39671807192,
    -15.3948408956));
#2171 = CARTESIAN_POINT('',(88.796799620658,-37.39636140009,
    -15.39484100292));
#2172 = CARTESIAN_POINT('',(88.796799486878,-37.39647757421,
    -15.39484096796));
#2173 = CARTESIAN_POINT('',(88.796799329856,-37.39661580683,
    -15.39484078609));
#2174 = ORIENTED_EDGE('',*,*,#2175,.F.);
#2175 = EDGE_CURVE('',#745,#1971,#2176,.T.);
#2176 = B_SPLINE_CURVE_WITH_KNOTS('',1,(#2177,#2178),.UNSPECIFIED.,.F.,
  .F.,(2,2),(0.,8.302795370641),.PIECEWISE_BEZIER_KNOTS.);
#2177 = CARTESIAN_POINT('',(89.279759216491,-37.398385925,
    -16.02424970759));
#2178 = CARTESIAN_POINT('',(88.796799329856,-37.39661580683,
    -15.39484078609));
#2179 = ORIENTED_EDGE('',*,*,#744,.F.);
#2180 = B_SPLINE_SURFACE_WITH_KNOTS('',1,12,(
    (#2181,#2182,#2183,#2184,#2185,#2186,#2187,#2188,#2189,#2190,#2191
      ,#2192,#2193,#2194,#2195,#2196,#2197,#2198,#2199,#2200,#2201,#2202
      ,#2203,#2204,#2205,#2206,#2207,#2208,#2209,#2210,#2211,#2212,#2213
      ,#2214,#2215,#2216,#2217,#2218,#2219,#2220,#2221,#2222,#2223,#2224
      ,#2225,#2226,#2227,#2228,#2229,#2230,#2231,#2232,#2233,#2234,#2235
      ,#2236,#2237,#2238,#2239,#2240,#2241,#2242,#2243,#2244,#2245,#2246
      ,#2247,#2248,#2249,#2250,#2251,#2252,#2253,#2254,#2255,#2256,#2257
      ,#2258,#2259,#2260,#2261,#2262,#2263,#2264,#2265,#2266,#2267,#2268
      ,#2269,#2270,#2271,#2272,#2273,#2274,#2275,#2276,#2277,#2278,#2279
      ,#2280,#2281,#2282,#2283,#2284,#2285,#2286,#2287,#2288,#2289,#2290
      ,#2291,#2292,#2293,#2294,#2295,#2296,#2297,#2298,#2299,#2300,#2301
      ,#2302,#2303,#2304,#2305,#2306,#2307,#2308,#2309,#2310,#2311,#2312
      ,#2313,#2314,#2315,#2316,#2317,#2318,#2319,#2320,#2321,#2322,#2323
      ,#2324,#2325,#2326,#2327,#2328,#2329,#2330,#2331,#2332,#2333,#2334
      ,#2335,#2336,#2337,#2338,#2339,#2340,#2341,#2342,#2343,#2344,#2345
      ,#2346,#2347,#2348,#2349,#2350,#2351,#2352,#2353,#2354,#2355,#2356
      ,#2357,#2358,#2359,#2360,#2361,#2362,#2363,#2364,#2365,#2366,#2367
      ,#2368,#2369,#2370,#2371,#2372,#2373,#2374,#2375,#2376,#2377,#2378
      ,#2379,#2380)
    ,(#2381,#2382,#2383,#2384,#2385,#2386,#2387,#2388,#2389,#2390,#2391
      ,#2392,#2393,#2394,#2395,#2396,#2397,#2398,#2399,#2400,#2401,#2402
      ,#2403,#2404,#2405,#2406,#2407,#2408,#2409,#2410,#2411,#2412,#2413
      ,#2414,#2415,#2416,#2417,#2418,#2419,#2420,#2421,#2422,#2423,#2424
      ,#2425,#2426,#2427,#2428,#2429,#2430,#2431,#2432,#2433,#2434,#2435
      ,#2436,#2437,#2438,#2439,#2440,#2441,#2442,#2443,#2444,#2445,#2446
      ,#2447,#2448,#2449,#2450,#2451,#2452,#2453,#2454,#2455,#2456,#2457
      ,#2458,#2459,#2460,#2461,#2462,#2463,#2464,#2465,#2466,#2467,#2468
      ,#2469,#2470,#2471,#2472,#2473,#2474,#2475,#2476,#2477,#2478,#2479
      ,#2480,#2481,#2482,#2483,#2484,#2485,#2486,#2487,#2488,#2489,#2490
      ,#2491,#2492,#2493,#2494,#2495,#2496,#2497,#2498,#2499,#2500,#2501
      ,#2502,#2503,#2504,#2505,#2506,#2507,#2508,#2509,#2510,#2511,#2512
      ,#2513,#2514,#2515,#2516,#2517,#2518,#2519,#2520,#2521,#2522,#2523
      ,#2524,#2525,#2526,#2527,#2528,#2529,#2530,#2531,#2532,#2533,#2534
      ,#2535,#2536,#2537,#2538,#2539,#2540,#2541,#2542,#2543,#2544,#2545
      ,#2546,#2547,#2548,#2549,#2550,#2551,#2552,#2553,#2554,#2555,#2556
      ,#2557,#2558,#2559,#2560,#2561,#2562,#2563,#2564,#2565,#2566,#2567
      ,#2568,#2569,#2570,#2571,#2572,#2573,#2574,#2575,#2576,#2577,#2578
      ,#2579,#2580
    )),.UNSPECIFIED.,.F.,.F.,.F.,(2,2),(13,11,11,11,11,11,11,11,11,11,11
    ,11,11,11,11,11,11,11,13),(0.,8.302795370641),(119.62758838798,
    123.7789860733,125.85468491596,126.89253433729,127.41145904795,
    127.67092140328,127.80065258095,127.86551816978,127.8979509642,
    127.91416736141,127.92227556001,127.92632965931,127.92835670896,
    127.92937023379,127.9298769962,127.93013037741,127.93025706801,
    127.93032041331,127.93038375862),.UNSPECIFIED.);
#2181 = CARTESIAN_POINT('',(93.948864019368,-32.6212979437,
    -17.27533256889));
#2182 = CARTESIAN_POINT('',(93.640794830841,-32.62144928288,
    -17.19278567862));
#2183 = CARTESIAN_POINT('',(93.333270841758,-32.64453527492,
    -17.11038487409));
#2184 = CARTESIAN_POINT('',(93.027940201297,-32.69044898215,
    -17.02857177554));
#2185 = CARTESIAN_POINT('',(92.726454656227,-32.75892876449,
    -16.94778896723));
#2186 = CARTESIAN_POINT('',(92.43045560233,-32.84956279858,
    -16.86847625975));
#2187 = CARTESIAN_POINT('',(92.141560137202,-32.96179359902,
    -16.79106695321));
#2188 = CARTESIAN_POINT('',(91.86134711085,-33.09492253622,
    -16.71598409905));
#2189 = CARTESIAN_POINT('',(91.591343179159,-33.24811435876,
    -16.64363676363));
#2190 = CARTESIAN_POINT('',(91.333008854254,-33.42040171076,
    -16.57441628988));
#2191 = CARTESIAN_POINT('',(91.087724557723,-33.61068965389,
    -16.50869256071));
#2192 = CARTESIAN_POINT('',(90.856776671524,-33.81776018571,
    -16.44681026111));
#2193 = CARTESIAN_POINT('',(90.533627050124,-34.15153504788,
    -16.36022258102));
#2194 = CARTESIAN_POINT('',(90.429787628073,-34.26665910273,
    -16.33239889175));
#2195 = CARTESIAN_POINT('',(90.329974924661,-34.38548033688,
    -16.30565415844));
#2196 = CARTESIAN_POINT('',(90.234330680928,-34.50782518932,
    -16.28002636065));
#2197 = CARTESIAN_POINT('',(90.142988784593,-34.63351512845,
    -16.25555137317));
#2198 = CARTESIAN_POINT('',(90.056075259384,-34.76236664807,
    -16.23226296444));
#2199 = CARTESIAN_POINT('',(89.97370828056,-34.89419127311,
    -16.21019279882));
#2200 = CARTESIAN_POINT('',(89.895998156429,-35.0287955529,
    -16.18937043394));
#2201 = CARTESIAN_POINT('',(89.823047346566,-35.16598106773,
    -16.16982332327));
#2202 = CARTESIAN_POINT('',(89.7549504469,-35.30554442352,
    -16.15157681404));
#2203 = CARTESIAN_POINT('',(89.69179419981,-35.44727725543,
    -16.13465414862));
#2204 = CARTESIAN_POINT('',(89.604589132909,-35.66281071101,
    -16.11128762137));
#2205 = CARTESIAN_POINT('',(89.576775263694,-35.735145013,
    -16.10383491757));
#2206 = CARTESIAN_POINT('',(89.550225546898,-35.8079427671,
    -16.09672094241));
#2207 = CARTESIAN_POINT('',(89.524949088667,-35.88117748007,
    -16.08994813582));
#2208 = CARTESIAN_POINT('',(89.500954431725,-35.95482252849,
    -16.08351878689));
#2209 = CARTESIAN_POINT('',(89.478249561502,-36.02885116163,
    -16.07743503523));
#2210 = CARTESIAN_POINT('',(89.456841897678,-36.10323649736,
    -16.07169886901));
#2211 = CARTESIAN_POINT('',(89.436738303751,-36.17795152688,
    -16.06631212724));
#2212 = CARTESIAN_POINT('',(89.417945078049,-36.25296911022,
    -16.0612764976));
#2213 = CARTESIAN_POINT('',(89.400467960789,-36.32826197982,
    -16.05659351814));
#2214 = CARTESIAN_POINT('',(89.384312129432,-36.40380273813,
    -16.05226457618));
#2215 = CARTESIAN_POINT('',(89.362067237136,-36.51744441938,
    -16.04630407525));
#2216 = CARTESIAN_POINT('',(89.354984011981,-36.55538011303,
    -16.04440613079));
#2217 = CARTESIAN_POINT('',(89.348232940875,-36.59336750063,
    -16.04259718673));
#2218 = CARTESIAN_POINT('',(89.341814437704,-36.63140314219,
    -16.04087735402));
#2219 = CARTESIAN_POINT('',(89.335728919037,-36.66948359919,
    -16.03924674415));
#2220 = CARTESIAN_POINT('',(89.329976796885,-36.70760543068,
    -16.03770546774));
#2221 = CARTESIAN_POINT('',(89.324558489439,-36.74576519898,
    -16.03625363656));
#2222 = CARTESIAN_POINT('',(89.319474408095,-36.78395946281,
    -16.03489136113));
#2223 = CARTESIAN_POINT('',(89.314724970347,-36.82218478412,
    -16.03361875308));
#2224 = CARTESIAN_POINT('',(89.310310589227,-36.86043772251,
    -16.03243592325));
#2225 = CARTESIAN_POINT('',(89.306231680403,-36.89871483896,
    -16.03134298291));
#2226 = CARTESIAN_POINT('',(89.300617147273,-36.95616162123,
    -16.0298385733));
#2227 = CARTESIAN_POINT('',(89.298829557841,-36.97531572976,
    -16.02935959015));
#2228 = CARTESIAN_POINT('',(89.297125911729,-36.99447458883,
    -16.02890309957));
#2229 = CARTESIAN_POINT('',(89.295506231083,-37.0136377679,
    -16.0284691074));
#2230 = CARTESIAN_POINT('',(89.293970537165,-37.03280483637,
    -16.02805761953));
#2231 = CARTESIAN_POINT('',(89.292518852679,-37.05197536373,
    -16.02766864175));
#2232 = CARTESIAN_POINT('',(89.29115119839,-37.07114891938,
    -16.02730217998));
#2233 = CARTESIAN_POINT('',(89.289867597226,-37.0903250728,
    -16.02695824001));
#2234 = CARTESIAN_POINT('',(89.288668070114,-37.10950339338,
    -16.02663682774));
#2235 = CARTESIAN_POINT('',(89.287552639509,-37.12868345061,
    -16.02633794899));
#2236 = CARTESIAN_POINT('',(89.28652132691,-37.1478648139,
    -16.02606160961));
#2237 = CARTESIAN_POINT('',(89.285100567997,-37.17663817211,
    -16.02568091841));
#2238 = CARTESIAN_POINT('',(89.284648013519,-37.18622951043,
    -16.02555965681));
#2239 = CARTESIAN_POINT('',(89.284216491923,-37.19582101402,
    -16.02544403093));
#2240 = CARTESIAN_POINT('',(89.283806003563,-37.20541262887,
    -16.02533404093));
#2241 = CARTESIAN_POINT('',(89.283416550279,-37.21500430175,
    -16.0252296872));
#2242 = CARTESIAN_POINT('',(89.283048131467,-37.22459597815,
    -16.02513096973));
#2243 = CARTESIAN_POINT('',(89.282700749756,-37.23418760526,
    -16.02503788903));
#2244 = CARTESIAN_POINT('',(89.282374404282,-37.24377912843,
    -16.02495044506));
#2245 = CARTESIAN_POINT('',(89.282069097278,-37.25337049464,
    -16.02486863827));
#2246 = CARTESIAN_POINT('',(89.281784828732,-37.26296164968,
    -16.02479246875));
#2247 = CARTESIAN_POINT('',(89.281521599942,-37.27255254005,
    -16.02472193681));
#2248 = CARTESIAN_POINT('',(89.281158317451,-37.28693839784,
    -16.02462459556));
#2249 = CARTESIAN_POINT('',(89.281042483204,-37.29173360416,
    -16.02459355787));
#2250 = CARTESIAN_POINT('',(89.280931908939,-37.29652872418,
    -16.02456392958));
#2251 = CARTESIAN_POINT('',(89.280826594436,-37.30132375113,
    -16.02453571065));
#2252 = CARTESIAN_POINT('',(89.280726540099,-37.30611867841,
    -16.02450890116));
#2253 = CARTESIAN_POINT('',(89.280631745307,-37.31091349915,
    -16.02448350099));
#2254 = CARTESIAN_POINT('',(89.280542210776,-37.31570820683,
    -16.02445951027));
#2255 = CARTESIAN_POINT('',(89.280457935801,-37.32050279458,
    -16.02443692887));
#2256 = CARTESIAN_POINT('',(89.28037892092,-37.32529725578,
    -16.02441575689));
#2257 = CARTESIAN_POINT('',(89.280305165781,-37.3300915837,
    -16.02439599426));
#2258 = CARTESIAN_POINT('',(89.28023667054,-37.33488577162,
    -16.02437764101));
#2259 = CARTESIAN_POINT('',(89.280141817437,-37.34207683345,
    -16.0243522252));
#2260 = CARTESIAN_POINT('',(89.280111514656,-37.34447381737,
    -16.0243441056));
#2261 = CARTESIAN_POINT('',(89.280082526941,-37.34687076387,
    -16.02433633835));
#2262 = CARTESIAN_POINT('',(89.280054853845,-37.34926767177,
    -16.0243289234));
#2263 = CARTESIAN_POINT('',(89.280028496245,-37.35166454093,
    -16.02432186084));
#2264 = CARTESIAN_POINT('',(89.280003452755,-37.35406136944,
    -16.02431515054));
#2265 = CARTESIAN_POINT('',(89.279979725076,-37.35645815778,
    -16.02430879265));
#2266 = CARTESIAN_POINT('',(89.279957311484,-37.3588549038,
    -16.02430278701));
#2267 = CARTESIAN_POINT('',(89.279936213366,-37.36125160771,
    -16.02429713374));
#2268 = CARTESIAN_POINT('',(89.279916429805,-37.36364826801,
    -16.02429183277));
#2269 = CARTESIAN_POINT('',(89.279897961251,-37.36604488419,
    -16.02428688413));
#2270 = CARTESIAN_POINT('',(89.279872230673,-37.36963974083,
    -16.02427998965));
#2271 = CARTESIAN_POINT('',(89.279863982508,-37.37083801512,
    -16.02427777956));
#2272 = CARTESIAN_POINT('',(89.279856063153,-37.37203627805,
    -16.02427565757));
#2273 = CARTESIAN_POINT('',(89.279848472291,-37.37323452946,
    -16.02427362362));
#2274 = CARTESIAN_POINT('',(89.279841210493,-37.37443276937,
    -16.0242716778));
#2275 = CARTESIAN_POINT('',(89.279834276979,-37.37563099752,
    -16.02426982001));
#2276 = CARTESIAN_POINT('',(89.279827672571,-37.37682921394,
    -16.02426805032));
#2277 = CARTESIAN_POINT('',(89.27982139658,-37.37802741844,
    -16.0242663687));
#2278 = CARTESIAN_POINT('',(89.279815449457,-37.37922561095,
    -16.02426477516));
#2279 = CARTESIAN_POINT('',(89.279809830972,-37.38042379136,
    -16.0242632697));
#2280 = CARTESIAN_POINT('',(89.279804541203,-37.38162195956,
    -16.02426185231));
#2281 = CARTESIAN_POINT('',(89.279797099609,-37.3834191934,
    -16.02425985834));
#2282 = CARTESIAN_POINT('',(89.279794701216,-37.38401826825,
    -16.02425921569));
#2283 = CARTESIAN_POINT('',(89.279792385155,-37.38461734009,
    -16.02425859511));
#2284 = CARTESIAN_POINT('',(89.279790150875,-37.38521640862,
    -16.02425799642));
#2285 = CARTESIAN_POINT('',(89.27978799948,-37.38581547441,
    -16.02425741998));
#2286 = CARTESIAN_POINT('',(89.279785929274,-37.38641453655,
    -16.02425686524));
#2287 = CARTESIAN_POINT('',(89.279783942321,-37.38701359612,
    -16.02425633287));
#2288 = CARTESIAN_POINT('',(89.2797820366,-37.38761265202,
    -16.02425582221));
#2289 = CARTESIAN_POINT('',(89.279780213706,-37.38821170511,
    -16.02425533378));
#2290 = CARTESIAN_POINT('',(89.279778472635,-37.38881075483,
    -16.02425486725));
#2291 = CARTESIAN_POINT('',(89.279776813871,-37.38940980143,
    -16.02425442279));
#2292 = CARTESIAN_POINT('',(89.279774448945,-37.39030836648,
    -16.02425378911));
#2293 = CARTESIAN_POINT('',(89.279773681144,-37.39060788735,
    -16.02425358339));
#2294 = CARTESIAN_POINT('',(89.279772934039,-37.39090740748,
    -16.02425338317));
#2295 = CARTESIAN_POINT('',(89.279772207121,-37.39120692666,
    -16.02425318846));
#2296 = CARTESIAN_POINT('',(89.279771501332,-37.39150644527,
    -16.02425299925));
#2297 = CARTESIAN_POINT('',(89.279770815354,-37.39180596276,
    -16.02425281555));
#2298 = CARTESIAN_POINT('',(89.279770150634,-37.39210547976,
    -16.02425263733));
#2299 = CARTESIAN_POINT('',(89.279769505909,-37.39240499569,
    -16.02425246466));
#2300 = CARTESIAN_POINT('',(89.279768882051,-37.39270451098,
    -16.02425229745));
#2301 = CARTESIAN_POINT('',(89.279768278599,-37.39300402536,
    -16.02425213578));
#2302 = CARTESIAN_POINT('',(89.279767695718,-37.39330353895,
    -16.02425197959));
#2303 = CARTESIAN_POINT('',(89.279766852231,-37.39375280812,
    -16.02425175358));
#2304 = CARTESIAN_POINT('',(89.279766576123,-37.39390256427,
    -16.0242516796));
#2305 = CARTESIAN_POINT('',(89.279766305473,-37.39405232033,
    -16.02425160705));
#2306 = CARTESIAN_POINT('',(89.279766039214,-37.39420207595,
    -16.02425153578));
#2307 = CARTESIAN_POINT('',(89.279765779336,-37.39435183174,
    -16.02425146603));
#2308 = CARTESIAN_POINT('',(89.279765522975,-37.39450158684,
    -16.02425139747));
#2309 = CARTESIAN_POINT('',(89.279765273437,-37.39465134223,
    -16.02425133048));
#2310 = CARTESIAN_POINT('',(89.279765027605,-37.39480109701,
    -16.02425126471));
#2311 = CARTESIAN_POINT('',(89.279764787894,-37.39495085185,
    -16.02425120042));
#2312 = CARTESIAN_POINT('',(89.279764552776,-37.39510060635,
    -16.02425113745));
#2313 = CARTESIAN_POINT('',(89.279764323022,-37.39525036069,
    -16.02425107588));
#2314 = CARTESIAN_POINT('',(89.279763985996,-37.39547499187,
    -16.02425098557));
#2315 = CARTESIAN_POINT('',(89.279763874958,-37.39554986889,
    -16.02425095582));
#2316 = CARTESIAN_POINT('',(89.279763765154,-37.39562474584,
    -16.02425092641));
#2317 = CARTESIAN_POINT('',(89.279763656728,-37.39569962277,
    -16.02425089733));
#2318 = CARTESIAN_POINT('',(89.279763549446,-37.39577449958,
    -16.02425086862));
#2319 = CARTESIAN_POINT('',(89.279763443613,-37.39584937644,
    -16.02425084022));
#2320 = CARTESIAN_POINT('',(89.279763338911,-37.39592425313,
    -16.0242508122));
#2321 = CARTESIAN_POINT('',(89.279763235604,-37.39599912989,
    -16.0242507845));
#2322 = CARTESIAN_POINT('',(89.279763133519,-37.3960740065,
    -16.02425075716));
#2323 = CARTESIAN_POINT('',(89.27976303274,-37.39614888311,
    -16.02425073015));
#2324 = CARTESIAN_POINT('',(89.279762933246,-37.39622375965,
    -16.02425070349));
#2325 = CARTESIAN_POINT('',(89.279762785919,-37.39633607439,
    -16.02425066401));
#2326 = CARTESIAN_POINT('',(89.279762737158,-37.39637351263,
    -16.02425065094));
#2327 = CARTESIAN_POINT('',(89.279762688619,-37.39641095083,
    -16.02425063795));
#2328 = CARTESIAN_POINT('',(89.279762640606,-37.39644838906,
    -16.02425062506));
#2329 = CARTESIAN_POINT('',(89.279762592619,-37.39648582724,
    -16.02425061224));
#2330 = CARTESIAN_POINT('',(89.27976254527,-37.39652326541,
    -16.02425059951));
#2331 = CARTESIAN_POINT('',(89.279762497978,-37.39656070361,
    -16.02425058688));
#2332 = CARTESIAN_POINT('',(89.27976245118,-37.39659814174,
    -16.02425057431));
#2333 = CARTESIAN_POINT('',(89.279762404617,-37.3966355799,
    -16.02425056185));
#2334 = CARTESIAN_POINT('',(89.2797623584,-37.39667301802,
    -16.02425054946));
#2335 = CARTESIAN_POINT('',(89.27976231251,-37.39671045614,
    -16.02425053716));
#2336 = CARTESIAN_POINT('',(89.279762244135,-37.39676661329,
    -16.02425051884));
#2337 = CARTESIAN_POINT('',(89.279762221474,-37.39678533234,
    -16.02425051276));
#2338 = CARTESIAN_POINT('',(89.279762198691,-37.39680405137,
    -16.02425050669));
#2339 = CARTESIAN_POINT('',(89.279762176477,-37.39682277045,
    -16.02425050067));
#2340 = CARTESIAN_POINT('',(89.27976215348,-37.39684148944,
    -16.02425049461));
#2341 = CARTESIAN_POINT('',(89.279762131748,-37.39686020852,
    -16.02425048866));
#2342 = CARTESIAN_POINT('',(89.279762108797,-37.39687892753,
    -16.02425048264));
#2343 = CARTESIAN_POINT('',(89.279762087078,-37.39689764656,
    -16.02425047672));
#2344 = CARTESIAN_POINT('',(89.279762064619,-37.39691636559,
    -16.02425047076));
#2345 = CARTESIAN_POINT('',(89.279762042695,-37.39693508461,
    -16.02425046486));
#2346 = CARTESIAN_POINT('',(89.279762020669,-37.39695380363,
    -16.02425045897));
#2347 = CARTESIAN_POINT('',(89.279761987812,-37.39698188215,
    -16.02425045016));
#2348 = CARTESIAN_POINT('',(89.279761976914,-37.39699124167,
    -16.02425044724));
#2349 = CARTESIAN_POINT('',(89.279761965877,-37.39700060114,
    -16.02425044429));
#2350 = CARTESIAN_POINT('',(89.279761955257,-37.39700996072,
    -16.02425044143));
#2351 = CARTESIAN_POINT('',(89.27976194395,-37.3970193201,
    -16.02425043842));
#2352 = CARTESIAN_POINT('',(89.279761933627,-37.39702867976,
    -16.02425043563));
#2353 = CARTESIAN_POINT('',(89.279761922291,-37.39703803912,
    -16.02425043262));
#2354 = CARTESIAN_POINT('',(89.279761911856,-37.39704739873,
    -16.0242504298));
#2355 = CARTESIAN_POINT('',(89.279761900844,-37.39705675816,
    -16.02425042686));
#2356 = CARTESIAN_POINT('',(89.279761890167,-37.39706611769,
    -16.024250424));
#2357 = CARTESIAN_POINT('',(89.279761879388,-37.39707547718,
    -16.02425042111));
#2358 = CARTESIAN_POINT('',(89.279761863292,-37.39708951643,
    -16.0242504168));
#2359 = CARTESIAN_POINT('',(89.279761857946,-37.39709419619,
    -16.02425041536));
#2360 = CARTESIAN_POINT('',(89.279761852536,-37.39709887592,
    -16.02425041392));
#2361 = CARTESIAN_POINT('',(89.279761847302,-37.39710355571,
    -16.0242504125));
#2362 = CARTESIAN_POINT('',(89.279761841779,-37.39710823539,
    -16.02425041104));
#2363 = CARTESIAN_POINT('',(89.279761836633,-37.39711291521,
    -16.02425040964));
#2364 = CARTESIAN_POINT('',(89.279761831138,-37.39711759491,
    -16.02425040819));
#2365 = CARTESIAN_POINT('',(89.279761825903,-37.39712227468,
    -16.02425040677));
#2366 = CARTESIAN_POINT('',(89.279761820535,-37.39712695442,
    -16.02425040534));
#2367 = CARTESIAN_POINT('',(89.279761815228,-37.39713163417,
    -16.02425040392));
#2368 = CARTESIAN_POINT('',(89.279761809908,-37.39713631392,
    -16.02425040249));
#2369 = CARTESIAN_POINT('',(89.279761799288,-37.39714567341,
    -16.02425039965));
#2370 = CARTESIAN_POINT('',(89.279761749005,-37.39719039849,
    -16.02425038617));
#2371 = CARTESIAN_POINT('',(89.279762080126,-37.39689553732,
    -16.0242504749));
#2372 = CARTESIAN_POINT('',(89.279760833482,-37.39800548359,
    -16.02425014086));
#2373 = CARTESIAN_POINT('',(89.279763757082,-37.39540234939,
    -16.02425092424));
#2374 = CARTESIAN_POINT('',(89.2797589103,-37.3997177805,-16.02424962554
    ));
#2375 = CARTESIAN_POINT('',(89.279764736117,-37.39453059032,
    -16.02425118656));
#2376 = CARTESIAN_POINT('',(89.279759545634,-37.39915205568,
    -16.02424979578));
#2377 = CARTESIAN_POINT('',(89.279762922927,-37.39614498081,
    -16.02425070072));
#2378 = CARTESIAN_POINT('',(89.279761346829,-37.39754829173,
    -16.02425027841));
#2379 = CARTESIAN_POINT('',(89.279761822612,-37.39712466266,
    -16.0242504059));
#2380 = CARTESIAN_POINT('',(89.279759216491,-37.398385925,
    -16.02424970759));
#2381 = CARTESIAN_POINT('',(94.078044370398,-32.12129799999,
    -16.79230824943));
#2382 = CARTESIAN_POINT('',(93.738130609794,-32.12129799999,
    -16.70122863178));
#2383 = CARTESIAN_POINT('',(93.398815304967,-32.1451711821,
    -16.61030682563));
#2384 = CARTESIAN_POINT('',(93.061540336555,-32.19276996107,
    -16.51993285954));
#2385 = CARTESIAN_POINT('',(92.727804063862,-32.26392760955,
    -16.43053429556));
#2386 = CARTESIAN_POINT('',(92.399154003207,-32.35843194003,
    -16.3425665967));
#2387 = CARTESIAN_POINT('',(92.077179508453,-32.47599898798,
    -16.2565034953));
#2388 = CARTESIAN_POINT('',(91.763504448299,-32.61624669303,
    -16.17282735985));
#2389 = CARTESIAN_POINT('',(91.459779887452,-32.77866858276,
    -16.09201956389));
#2390 = CARTESIAN_POINT('',(91.167676763995,-32.96260745361,
    -16.01455085261));
#2391 = CARTESIAN_POINT('',(90.888878569875,-33.16722905445,
    -15.94087171158));
#2392 = CARTESIAN_POINT('',(90.625074029156,-33.3914957681,
    -15.87140273383));
#2393 = CARTESIAN_POINT('',(90.254387652072,-33.75546255718,
    -15.7740861151));
#2394 = CARTESIAN_POINT('',(90.134978033082,-33.88138466834,
    -15.74279446376));
#2395 = CARTESIAN_POINT('',(90.019931434493,-34.01174663619,
    -15.71269785972));
#2396 = CARTESIAN_POINT('',(89.909448547575,-34.14637750616,
    -15.683841585));
#2397 = CARTESIAN_POINT('',(89.803720246997,-34.28509536226,
    -15.65626837868));
#2398 = CARTESIAN_POINT('',(89.7029275803,-34.42770732405,
    -15.63001843551));
#2399 = CARTESIAN_POINT('',(89.607241783069,-34.57400955095,
    -15.60512940789));
#2400 = CARTESIAN_POINT('',(89.516824261063,-34.7237872372,
    -15.58163640359));
#2401 = CARTESIAN_POINT('',(89.431826607637,-34.87681461674,
    -15.55957198793));
#2402 = CARTESIAN_POINT('',(89.352390589613,-35.0328549593,
    -15.53896618204));
#2403 = CARTESIAN_POINT('',(89.27864815679,-35.19166057297,-15.519846464
    ));
#2404 = CARTESIAN_POINT('',(89.176758076635,-35.43362891776,
    -15.49343342036));
#2405 = CARTESIAN_POINT('',(89.144246834025,-35.51491315217,
    -15.48500680616));
#2406 = CARTESIAN_POINT('',(89.113202079556,-35.59679364559,
    -15.47696104255));
#2407 = CARTESIAN_POINT('',(89.083637248267,-35.6792382587,
    -15.46929908338));
#2408 = CARTESIAN_POINT('',(89.055564835373,-35.7622145722,
    -15.46202371907));
#2409 = CARTESIAN_POINT('',(89.028996403537,-35.84568988873,
    -15.45513757712));
#2410 = CARTESIAN_POINT('',(89.003942572685,-35.92963123028,
    -15.44864312152));
#2411 = CARTESIAN_POINT('',(88.980413031691,-36.01400534104,
    -15.4425426533));
#2412 = CARTESIAN_POINT('',(88.958416527259,-36.0987786848,
    -15.43683831012));
#2413 = CARTESIAN_POINT('',(88.937960872751,-36.18391744694,
    -15.43153206654));
#2414 = CARTESIAN_POINT('',(88.919052942338,-36.26938753314,
    -15.42662573384));
#2415 = CARTESIAN_POINT('',(88.893021540138,-36.39803808857,
    -15.41986857328));
#2416 = CARTESIAN_POINT('',(88.884733257799,-36.4409959249,
    -15.41771665509));
#2417 = CARTESIAN_POINT('',(88.876834289548,-36.4840238075,
    -15.41566536206));
#2418 = CARTESIAN_POINT('',(88.869325096758,-36.52711746422,
    -15.41371485045));
#2419 = CARTESIAN_POINT('',(88.862206142938,-36.57027262412,
    -15.41186527703));
#2420 = CARTESIAN_POINT('',(88.855477888015,-36.61348501422,
    -15.4101167977));
#2421 = CARTESIAN_POINT('',(88.84914079672,-36.65675036432,
    -15.40846956955));
#2422 = CARTESIAN_POINT('',(88.84319532855,-36.70006440114,
    -15.40692374835));
#2423 = CARTESIAN_POINT('',(88.837641947666,-36.74342285418,
    -15.40547949107));
#2424 = CARTESIAN_POINT('',(88.832481114833,-36.7868214509,
    -15.40413695379));
#2425 = CARTESIAN_POINT('',(88.827713292816,-36.83025591997,
    -15.40289629311));
#2426 = CARTESIAN_POINT('',(88.821151768769,-36.89545502424,
    -15.40118835155));
#2427 = CARTESIAN_POINT('',(88.819062877227,-36.91719595631,
    -15.40064453077));
#2428 = CARTESIAN_POINT('',(88.817072276248,-36.93894425412,
    -15.4001262133));
#2429 = CARTESIAN_POINT('',(88.815179973503,-36.96069938632,
    -15.39963340945));
#2430 = CARTESIAN_POINT('',(88.813385976162,-36.98246082109,
    -15.39916612942));
#2431 = CARTESIAN_POINT('',(88.81169029224,-37.00422802738,
    -15.39872438355));
#2432 = CARTESIAN_POINT('',(88.81009292854,-37.02600047312,
    -15.39830818201));
#2433 = CARTESIAN_POINT('',(88.808593893338,-37.04777762736,
    -15.39791753516));
#2434 = CARTESIAN_POINT('',(88.807193193409,-37.06955895813,
    -15.39755245317));
#2435 = CARTESIAN_POINT('',(88.805890836796,-37.09134393422,
    -15.39721294638));
#2436 = CARTESIAN_POINT('',(88.804686830667,-37.11313202395,
    -15.396899025));
#2437 = CARTESIAN_POINT('',(88.803028358676,-37.14581803187,
    -15.39646653648));
#2438 = CARTESIAN_POINT('',(88.802500118981,-37.15671401396,
    -15.39632877157));
#2439 = CARTESIAN_POINT('',(88.801996461716,-37.16761057632,
    -15.39619740532));
#2440 = CARTESIAN_POINT('',(88.801517384077,-37.17850765268,
    -15.39607243832));
#2441 = CARTESIAN_POINT('',(88.801062885294,-37.18940517768,
    -15.39595387144));
#2442 = CARTESIAN_POINT('',(88.800632961159,-37.20030308446,
    -15.39584170511));
#2443 = CARTESIAN_POINT('',(88.800227612131,-37.21120130817,
    -15.39573594032));
#2444 = CARTESIAN_POINT('',(88.799846833495,-37.22209978174,
    -15.39563657746));
#2445 = CARTESIAN_POINT('',(88.799490625248,-37.2329984401,
    -15.39554361746));
#2446 = CARTESIAN_POINT('',(88.799158983873,-37.24389721673,
    -15.39545706086));
#2447 = CARTESIAN_POINT('',(88.798851907969,-37.25479604594,
    -15.39537690842));
#2448 = CARTESIAN_POINT('',(88.798428138725,-37.27114426955,
    -15.39526628699));
#2449 = CARTESIAN_POINT('',(88.798293022785,-37.27659367411,
    -15.39523101432));
#2450 = CARTESIAN_POINT('',(88.798164046857,-37.28204306719,
    -15.39519734286));
#2451 = CARTESIAN_POINT('',(88.79804121049,-37.28749244049,
    -15.3951652726));
#2452 = CARTESIAN_POINT('',(88.79792451324,-37.29294178599,
    -15.3951348037));
#2453 = CARTESIAN_POINT('',(88.797813954638,-37.2983910952,
    -15.39510593606));
#2454 = CARTESIAN_POINT('',(88.797709534253,-37.30384036027,
    -15.39507866988));
#2455 = CARTESIAN_POINT('',(88.797611251605,-37.30928957264,
    -15.39505300508));
#2456 = CARTESIAN_POINT('',(88.797519106273,-37.31473872439,
    -15.3950289418));
#2457 = CARTESIAN_POINT('',(88.797433097775,-37.32018780712,
    -15.39500648004));
#2458 = CARTESIAN_POINT('',(88.797353225676,-37.32563681274,
    -15.39498561987));
#2459 = CARTESIAN_POINT('',(88.79724262144,-37.33381019312,
    -15.39495673205));
#2460 = CARTESIAN_POINT('',(88.797207287317,-37.3365346319,
    -15.39494750318));
#2461 = CARTESIAN_POINT('',(88.797173487134,-37.33925904838,
    -15.39493867473));
#2462 = CARTESIAN_POINT('',(88.797141220683,-37.34198344134,
    -15.39493024665));
#2463 = CARTESIAN_POINT('',(88.79711048815,-37.34470781013,
    -15.39492221907));
#2464 = CARTESIAN_POINT('',(88.797081289129,-37.3474321532,
    -15.39491459179));
#2465 = CARTESIAN_POINT('',(88.797053623883,-37.35015647012,
    -15.39490736505));
#2466 = CARTESIAN_POINT('',(88.797027492112,-37.35288075933,
    -15.39490053865));
#2467 = CARTESIAN_POINT('',(88.797002893849,-37.3556050202,
    -15.39489411273));
#2468 = CARTESIAN_POINT('',(88.79697982902,-37.35832925148,
    -15.39488808722));
#2469 = CARTESIAN_POINT('',(88.796958297523,-37.36105345224,
    -15.39488246216));
#2470 = CARTESIAN_POINT('',(88.796928300227,-37.36513970603,
    -15.39487462522));
#2471 = CARTESIAN_POINT('',(88.796918684415,-37.36650178272,
    -15.39487211302));
#2472 = CARTESIAN_POINT('',(88.796909452038,-37.36786385147,
    -15.39486970094));
#2473 = CARTESIAN_POINT('',(88.796900602678,-37.3692259119,
    -15.39486738893));
#2474 = CARTESIAN_POINT('',(88.796892137085,-37.37058796434,
    -15.3948651771));
#2475 = CARTESIAN_POINT('',(88.796884054161,-37.371950008,
    -15.39486306529));
#2476 = CARTESIAN_POINT('',(88.796876355141,-37.37331204354,
    -15.39486105369));
#2477 = CARTESIAN_POINT('',(88.796869038867,-37.37467407008,
    -15.39485914212));
#2478 = CARTESIAN_POINT('',(88.796862106186,-37.37603608806,
    -15.39485733072));
#2479 = CARTESIAN_POINT('',(88.796855556584,-37.37739809701,
    -15.3948556194));
#2480 = CARTESIAN_POINT('',(88.796849390273,-37.37876009697,
    -15.39485400821));
#2481 = CARTESIAN_POINT('',(88.796840715643,-37.38080308314,
    -15.39485174158));
#2482 = CARTESIAN_POINT('',(88.79683791986,-37.38148407623,
    -15.39485101106));
#2483 = CARTESIAN_POINT('',(88.796835220078,-37.38216506706,
    -15.3948503056));
#2484 = CARTESIAN_POINT('',(88.796832615619,-37.38284605543,
    -15.39484962508));
#2485 = CARTESIAN_POINT('',(88.796830107819,-37.38352704172,
    -15.39484896976));
#2486 = CARTESIAN_POINT('',(88.796827694656,-37.38420802529,
    -15.39484833923));
#2487 = CARTESIAN_POINT('',(88.796825378538,-37.3848890069,
    -15.39484773398));
#2488 = CARTESIAN_POINT('',(88.796823157168,-37.38556998575,
    -15.39484715354));
#2489 = CARTESIAN_POINT('',(88.796821032296,-37.38625096246,
    -15.39484659829));
#2490 = CARTESIAN_POINT('',(88.796819002865,-37.3869319366,
    -15.39484606797));
#2491 = CARTESIAN_POINT('',(88.796817069357,-37.38761290837,
    -15.39484556272));
#2492 = CARTESIAN_POINT('',(88.796814312755,-37.38863436233,
    -15.39484484238));
#2493 = CARTESIAN_POINT('',(88.796813417796,-37.38897484635,
    -15.39484460852));
#2494 = CARTESIAN_POINT('',(88.796812546956,-37.38931532983,
    -15.39484438094));
#2495 = CARTESIAN_POINT('',(88.796811699667,-37.38965581253,
    -15.39484415955));
#2496 = CARTESIAN_POINT('',(88.796810876984,-37.38999629487,
    -15.39484394454));
#2497 = CARTESIAN_POINT('',(88.796810077415,-37.39033677628,
    -15.39484373562));
#2498 = CARTESIAN_POINT('',(88.796809302628,-37.39067725736,
    -15.39484353313));
#2499 = CARTESIAN_POINT('',(88.796808551126,-37.39101773759,
    -15.39484333676));
#2500 = CARTESIAN_POINT('',(88.796807823986,-37.39135821733,
    -15.39484314673));
#2501 = CARTESIAN_POINT('',(88.796807120598,-37.39169869638,
    -15.39484296292));
#2502 = CARTESIAN_POINT('',(88.796806441217,-37.39203917481,
    -15.39484278538));
#2503 = CARTESIAN_POINT('',(88.796805458064,-37.39254989152,
    -15.39484252845));
#2504 = CARTESIAN_POINT('',(88.796805136277,-37.39272013024,
    -15.39484244436));
#2505 = CARTESIAN_POINT('',(88.796804820696,-37.3928903689,
    -15.39484236188));
#2506 = CARTESIAN_POINT('',(88.79680451061,-37.39306060718,
    -15.39484228087));
#2507 = CARTESIAN_POINT('',(88.796804207304,-37.39323084566,
    -15.39484220157));
#2508 = CARTESIAN_POINT('',(88.796803908997,-37.39340108352,
    -15.39484212365));
#2509 = CARTESIAN_POINT('',(88.796803617659,-37.39357132169,
    -15.39484204748));
#2510 = CARTESIAN_POINT('',(88.796803331513,-37.39374155932,
    -15.39484197273));
#2511 = CARTESIAN_POINT('',(88.796803051879,-37.39391179704,
    -15.39484189963));
#2512 = CARTESIAN_POINT('',(88.796802777951,-37.39408203447,
    -15.39484182805));
#2513 = CARTESIAN_POINT('',(88.796802510127,-37.39425227179,
    -15.39484175806));
#2514 = CARTESIAN_POINT('',(88.796802117317,-37.3945076275,
    -15.3948416554));
#2515 = CARTESIAN_POINT('',(88.796801987899,-37.39459274604,
    -15.39484162158));
#2516 = CARTESIAN_POINT('',(88.796801859899,-37.39467786453,
    -15.39484158814));
#2517 = CARTESIAN_POINT('',(88.796801733591,-37.39476298299,
    -15.3948415551));
#2518 = CARTESIAN_POINT('',(88.796801608411,-37.39484810139,
    -15.39484152244));
#2519 = CARTESIAN_POINT('',(88.796801485277,-37.39493321977,
    -15.39484149018));
#2520 = CARTESIAN_POINT('',(88.796801362981,-37.3950183381,
    -15.39484145831));
#2521 = CARTESIAN_POINT('',(88.796801242817,-37.3951034564,
    -15.39484142683));
#2522 = CARTESIAN_POINT('',(88.796801123663,-37.39518857464,
    -15.39484139574));
#2523 = CARTESIAN_POINT('',(88.796801006293,-37.39527369286,
    -15.39484136504));
#2524 = CARTESIAN_POINT('',(88.796800890297,-37.39535881103,
    -15.39484133474));
#2525 = CARTESIAN_POINT('',(88.796800718595,-37.39548648822,
    -15.39484128986));
#2526 = CARTESIAN_POINT('',(88.796800661745,-37.39552904729,
    -15.394841275));
#2527 = CARTESIAN_POINT('',(88.796800605224,-37.3955716063,
    -15.39484126024));
#2528 = CARTESIAN_POINT('',(88.79680054916,-37.39561416539,
    -15.39484124557));
#2529 = CARTESIAN_POINT('',(88.796800493388,-37.39565672434,
    -15.39484123102));
#2530 = CARTESIAN_POINT('',(88.796800438015,-37.39569928343,
    -15.39484121652));
#2531 = CARTESIAN_POINT('',(88.79680038307,-37.39574184238,
    -15.39484120218));
#2532 = CARTESIAN_POINT('',(88.796800328398,-37.3957844014,
    -15.39484118788));
#2533 = CARTESIAN_POINT('',(88.796800274201,-37.39582696037,
    -15.39484117373));
#2534 = CARTESIAN_POINT('',(88.796800220304,-37.39586951935,
    -15.39484115964));
#2535 = CARTESIAN_POINT('',(88.796800166828,-37.39591207832,
    -15.39484114566));
#2536 = CARTESIAN_POINT('',(88.796800087134,-37.39597591674,
    -15.39484112483));
#2537 = CARTESIAN_POINT('',(88.796800060727,-37.39599719623,
    -15.39484111793));
#2538 = CARTESIAN_POINT('',(88.796800034163,-37.39601847565,
    -15.394841111));
#2539 = CARTESIAN_POINT('',(88.796800008283,-37.39603975524,
    -15.3948411042));
#2540 = CARTESIAN_POINT('',(88.79679998148,-37.39606103452,
    -15.39484109725));
#2541 = CARTESIAN_POINT('',(88.79679995613,-37.3960823142,
    -15.39484109057));
#2542 = CARTESIAN_POINT('',(88.796799929426,-37.39610359346,
    -15.39484108364));
#2543 = CARTESIAN_POINT('',(88.796799904053,-37.39612487307,
    -15.39484107697));
#2544 = CARTESIAN_POINT('',(88.796799877928,-37.39614615244,
    -15.39484107016));
#2545 = CARTESIAN_POINT('',(88.796799852348,-37.39616743193,
    -15.39484106347));
#2546 = CARTESIAN_POINT('',(88.796799826684,-37.39618871137,
    -15.39484105677));
#2547 = CARTESIAN_POINT('',(88.796799788391,-37.39622063054,
    -15.39484104676));
#2548 = CARTESIAN_POINT('',(88.796799775669,-37.39623127028,
    -15.39484104343));
#2549 = CARTESIAN_POINT('',(88.796799762877,-37.39624190997,
    -15.39484104009));
#2550 = CARTESIAN_POINT('',(88.796799750338,-37.39625254976,
    -15.39484103681));
#2551 = CARTESIAN_POINT('',(88.796799737432,-37.39626318937,
    -15.39484103344));
#2552 = CARTESIAN_POINT('',(88.796799725045,-37.39627382923,
    -15.39484103021));
#2553 = CARTESIAN_POINT('',(88.7967997122,-37.39628446882,
    -15.39484102683));
#2554 = CARTESIAN_POINT('',(88.796799699738,-37.39629510863,
    -15.3948410236));
#2555 = CARTESIAN_POINT('',(88.796799687093,-37.3963057483,
    -15.39484102028));
#2556 = CARTESIAN_POINT('',(88.79679967456,-37.39631638804,
    -15.39484101701));
#2557 = CARTESIAN_POINT('',(88.796799662026,-37.39632702775,
    -15.39484101373));
#2558 = CARTESIAN_POINT('',(88.79679964326,-37.39634298733,
    -15.39484100883));
#2559 = CARTESIAN_POINT('',(88.796799637032,-37.39634830719,
    -15.3948410072));
#2560 = CARTESIAN_POINT('',(88.79679963072,-37.39635362703,
    -15.39484100556));
#2561 = CARTESIAN_POINT('',(88.796799624631,-37.39635894693,
    -15.39484100395));
#2562 = CARTESIAN_POINT('',(88.796799618175,-37.39636426673,
    -15.39484100228));
#2563 = CARTESIAN_POINT('',(88.796799612207,-37.39636958665,
    -15.39484100071));
#2564 = CARTESIAN_POINT('',(88.796799605767,-37.39637490646,
    -15.39484099903));
#2565 = CARTESIAN_POINT('',(88.796799599698,-37.39638022634,
    -15.39484099745));
#2566 = CARTESIAN_POINT('',(88.796799593421,-37.39638554619,
    -15.3948409958));
#2567 = CARTESIAN_POINT('',(88.796799587243,-37.39639086605,
    -15.39484099419));
#2568 = CARTESIAN_POINT('',(88.796799581042,-37.39639618591,
    -15.39484099257));
#2569 = CARTESIAN_POINT('',(88.796799568663,-37.39640682562,
    -15.39484098933));
#2570 = CARTESIAN_POINT('',(88.796799574415,-37.396401781,
    -15.39484099083));
#2571 = CARTESIAN_POINT('',(88.796799478963,-37.39648462761,
    -15.3948409659));
#2572 = CARTESIAN_POINT('',(88.796799802189,-37.39620388398,
    -15.39484105035));
#2573 = CARTESIAN_POINT('',(88.79679901884,-37.39688415447,
    -15.39484084565));
#2574 = CARTESIAN_POINT('',(88.796800297364,-37.3957737719,
    -15.39484117976));
#2575 = CARTESIAN_POINT('',(88.796798743935,-37.397122844,
    -15.39484077381));
#2576 = CARTESIAN_POINT('',(88.79680011368,-37.3959332541,
    -15.39484113176));
#2577 = CARTESIAN_POINT('',(88.796799209968,-37.39671807192,
    -15.3948408956));
#2578 = CARTESIAN_POINT('',(88.796799620658,-37.39636140009,
    -15.39484100292));
#2579 = CARTESIAN_POINT('',(88.796799486878,-37.39647757421,
    -15.39484096796));
#2580 = CARTESIAN_POINT('',(88.796799329856,-37.39661580683,
    -15.39484078609));
#2581 = ADVANCED_FACE('',(#2582),#2597,.T.);
#2582 = FACE_BOUND('',#2583,.T.);
#2583 = EDGE_LOOP('',(#2584,#2589,#2590,#2591));
#2584 = ORIENTED_EDGE('',*,*,#2585,.F.);
#2585 = EDGE_CURVE('',#1089,#1695,#2586,.T.);
#2586 = B_SPLINE_CURVE_WITH_KNOTS('',1,(#2587,#2588),.UNSPECIFIED.,.F.,
  .F.,(2,2),(0.,2.840807863109),.PIECEWISE_BEZIER_KNOTS.);
#2587 = CARTESIAN_POINT('',(214.29828708685,-113.7382995285,
    -49.52286328938));
#2588 = CARTESIAN_POINT('',(214.78125,-113.7382995285,-49.15227281193));
#2589 = ORIENTED_EDGE('',*,*,#1105,.T.);
#2590 = ORIENTED_EDGE('',*,*,#1910,.T.);
#2591 = ORIENTED_EDGE('',*,*,#2592,.F.);
#2592 = EDGE_CURVE('',#1695,#1911,#2593,.T.);
#2593 = LINE('',#2594,#2595);
#2594 = CARTESIAN_POINT('',(214.78125,-113.7382995285,-49.15227281193));
#2595 = VECTOR('',#2596,1.);
#2596 = DIRECTION('',(0.,1.,-2.22044604925E-16));
#2597 = PLANE('',#2598);
#2598 = AXIS2_PLACEMENT_3D('',#2599,#2600,#2601);
#2599 = CARTESIAN_POINT('',(214.53976854342,-113.7382995285,
    -49.33756805066));
#2600 = DIRECTION('',(0.608761429009,-1.991356279286E-18,-0.793353340291
    ));
#2601 = DIRECTION('',(-1.060270483484E-16,1.,-8.386746530996E-17));
#2602 = ADVANCED_FACE('',(#2603),#2621,.T.);
#2603 = FACE_BOUND('',#2604,.T.);
#2604 = EDGE_LOOP('',(#2605,#2606,#2607,#2615));
#2605 = ORIENTED_EDGE('',*,*,#2175,.F.);
#2606 = ORIENTED_EDGE('',*,*,#949,.T.);
#2607 = ORIENTED_EDGE('',*,*,#2608,.T.);
#2608 = EDGE_CURVE('',#950,#2609,#2611,.T.);
#2609 = VERTEX_POINT('',#2610);
#2610 = CARTESIAN_POINT('',(88.783289908893,-41.34716960713,
    -15.39122094766));
#2611 = LINE('',#2612,#2613);
#2612 = CARTESIAN_POINT('',(89.024769068854,-41.34828373502,
    -15.7059251985));
#2613 = VECTOR('',#2614,1.);
#2614 = DIRECTION('',(-0.608756005285,2.808656629879E-03,0.793352530391)
  );
#2615 = ORIENTED_EDGE('',*,*,#2616,.F.);
#2616 = EDGE_CURVE('',#1971,#2609,#2617,.T.);
#2617 = LINE('',#2618,#2619);
#2618 = CARTESIAN_POINT('',(88.796800896516,-37.39615766922,
    -15.39484120588));
#2619 = VECTOR('',#2620,1.);
#2620 = DIRECTION('',(-3.41960570263E-03,-0.999993733344,
    9.162805864528E-04));
#2621 = PLANE('',#2622);
#2622 = AXIS2_PLACEMENT_3D('',#2623,#2624,#2625);
#2623 = CARTESIAN_POINT('',(89.038280056477,-37.39727179711,
    -15.70954545673));
#2624 = DIRECTION('',(-0.793350132241,2.15516152759E-03,-0.608761794919)
  );
#2625 = DIRECTION('',(-3.41960570263E-03,-0.999993733344,
    9.162805864531E-04));
#2626 = ADVANCED_FACE('',(#2627),#2633,.F.);
#2627 = FACE_BOUND('',#2628,.F.);
#2628 = EDGE_LOOP('',(#2629,#2630,#2631,#2632));
#2629 = ORIENTED_EDGE('',*,*,#1652,.T.);
#2630 = ORIENTED_EDGE('',*,*,#1702,.T.);
#2631 = ORIENTED_EDGE('',*,*,#2585,.F.);
#2632 = ORIENTED_EDGE('',*,*,#1088,.F.);
#2633 = B_SPLINE_SURFACE_WITH_KNOTS('',1,6,(
    (#2634,#2635,#2636,#2637,#2638,#2639,#2640,#2641,#2642,#2643,#2644
      ,#2645)
    ,(#2646,#2647,#2648,#2649,#2650,#2651,#2652,#2653,#2654,#2655,#2656
      ,#2657
    )),.UNSPECIFIED.,.F.,.F.,.F.,(2,2),(7,5,7),(0.,2.840807863109),(
    465.39352273909,465.4601315454,468.2343306022),.UNSPECIFIED.);
#2634 = CARTESIAN_POINT('',(213.62594501473,-116.1798971194,
    -49.34270977412));
#2635 = CARTESIAN_POINT('',(213.63147785789,-116.1703139568,
    -49.34419229497));
#2636 = CARTESIAN_POINT('',(213.63697947731,-116.1607826466,
    -49.34566644945));
#2637 = CARTESIAN_POINT('',(213.64265416289,-116.1509637363,
    -49.34718697687));
#2638 = CARTESIAN_POINT('',(213.64786474192,-116.1419175703,
    -49.34858314732));
#2639 = CARTESIAN_POINT('',(213.65393832935,-116.1314269865,
    -49.35021056016));
#2640 = CARTESIAN_POINT('',(213.8676319004,-115.7606422305,
    -49.40746957995));
#2641 = CARTESIAN_POINT('',(214.03801074641,-115.3793202805,
    -49.45312245415));
#2642 = CARTESIAN_POINT('',(214.16768646205,-114.9796045355,
    -49.48786895743));
#2643 = CARTESIAN_POINT('',(214.25475676703,-114.5697743148,
    -49.51119937534));
#2644 = CARTESIAN_POINT('',(214.29828708685,-114.1540032133,
    -49.52286328938));
#2645 = CARTESIAN_POINT('',(214.29828708685,-113.7382995285,
    -49.52286328938));
#2646 = CARTESIAN_POINT('',(214.07369628219,-116.3789252588,
    -48.95821702165));
#2647 = CARTESIAN_POINT('',(214.07922912536,-116.3693420962,
    -48.95969954251));
#2648 = CARTESIAN_POINT('',(214.08473129224,-116.3597570257,
    -48.96117991068));
#2649 = CARTESIAN_POINT('',(214.09024589383,-116.3500915416,
    -48.96267214531));
#2650 = CARTESIAN_POINT('',(214.09563811679,-116.3405904236,
    -48.96413290102));
#2651 = CARTESIAN_POINT('',(214.10119035287,-116.3307436718,
    -48.96565106921));
#2652 = CARTESIAN_POINT('',(214.32718729059,-115.9277026476,
    -49.02747531172));
#2653 = CARTESIAN_POINT('',(214.50699673582,-115.5124460156,
    -49.07696988296));
#2654 = CARTESIAN_POINT('',(214.64373212527,-115.0802064212,
    -49.11442367984));
#2655 = CARTESIAN_POINT('',(214.73540083333,-114.6366636372,
    -49.13968027399));
#2656 = CARTESIAN_POINT('',(214.78125,-114.1874841774,-49.15227281193));
#2657 = CARTESIAN_POINT('',(214.78125,-113.7382995285,-49.15227281193));
#2658 = ADVANCED_FACE('',(#2659),#2689,.F.);
#2659 = FACE_BOUND('',#2660,.F.);
#2660 = EDGE_LOOP('',(#2661,#2662,#2683,#2688));
#2661 = ORIENTED_EDGE('',*,*,#2608,.T.);
#2662 = ORIENTED_EDGE('',*,*,#2663,.T.);
#2663 = EDGE_CURVE('',#2609,#2664,#2666,.T.);
#2664 = VERTEX_POINT('',#2665);
#2665 = CARTESIAN_POINT('',(87.783295755767,-42.34374999999,
    -15.10563544158));
#2666 = B_SPLINE_CURVE_WITH_KNOTS('',8,(#2667,#2668,#2669,#2670,#2671,
    #2672,#2673,#2674,#2675,#2676,#2677,#2678,#2679,#2680,#2681,#2682),
  .UNSPECIFIED.,.F.,.F.,(9,7,9),(131.88142845101,133.47826640527,
    133.61014752086),.UNSPECIFIED.);
#2667 = CARTESIAN_POINT('',(88.783289908893,-41.34716960713,
    -15.39122094766));
#2668 = CARTESIAN_POINT('',(88.782709960724,-41.51676358493,
    -15.39106555101));
#2669 = CARTESIAN_POINT('',(88.749300540082,-41.68628527702,
    -15.38072794039));
#2670 = CARTESIAN_POINT('',(88.682751219848,-41.84981555698,
    -15.36020471659));
#2671 = CARTESIAN_POINT('',(88.584386911596,-42.00300307371,
    -15.32993759161));
#2672 = CARTESIAN_POINT('',(88.450810351419,-42.13628176613,
    -15.29041094348));
#2673 = CARTESIAN_POINT('',(88.291281616274,-42.24166567314,
    -15.24405971001));
#2674 = CARTESIAN_POINT('',(88.106820920133,-42.31002226038,
    -15.19281210268));
#2675 = CARTESIAN_POINT('',(87.896594855227,-42.33744255852,
    -15.13603258987));
#2676 = CARTESIAN_POINT('',(87.880320827871,-42.33926294189,
    -15.13164724245));
#2677 = CARTESIAN_POINT('',(87.864180215309,-42.34075564443,
    -15.12731393669));
#2678 = CARTESIAN_POINT('',(87.848013682621,-42.34195280915,
    -15.12297816642));
#2679 = CARTESIAN_POINT('',(87.831812709205,-42.34285542338,
    -15.11863485736));
#2680 = CARTESIAN_POINT('',(87.815652457543,-42.3434500194,
    -15.11430563613));
#2681 = CARTESIAN_POINT('',(87.799471946085,-42.34374999999,
    -15.10996983871));
#2682 = CARTESIAN_POINT('',(87.783295755767,-42.34374999999,
    -15.10563544158));
#2683 = ORIENTED_EDGE('',*,*,#2684,.F.);
#2684 = EDGE_CURVE('',#958,#2664,#2685,.T.);
#2685 = B_SPLINE_CURVE_WITH_KNOTS('',1,(#2686,#2687),.UNSPECIFIED.,.F.,
  .F.,(2,2),(0.,1.728719069856),.PIECEWISE_BEZIER_KNOTS.);
#2686 = CARTESIAN_POINT('',(87.653886233216,-42.84374999999,
    -15.58859835472));
#2687 = CARTESIAN_POINT('',(87.783295755767,-42.34374999999,
    -15.10563544158));
#2688 = ORIENTED_EDGE('',*,*,#957,.F.);
#2689 = B_SPLINE_SURFACE_WITH_KNOTS('',1,8,(
    (#2690,#2691,#2692,#2693,#2694,#2695,#2696,#2697,#2698,#2699,#2700
      ,#2701,#2702,#2703,#2704,#2705)
    ,(#2706,#2707,#2708,#2709,#2710,#2711,#2712,#2713,#2714,#2715,#2716
      ,#2717,#2718,#2719,#2720,#2721
    )),.UNSPECIFIED.,.F.,.F.,.F.,(2,2),(9,7,9),(0.,1.728719069856),(
    131.88142845101,133.47826640527,133.61014752086),.UNSPECIFIED.);
#2690 = CARTESIAN_POINT('',(89.266248228815,-41.34939786291,
    -16.02062944935));
#2691 = CARTESIAN_POINT('',(89.2652313743,-41.64675616401,-16.020356984)
  );
#2692 = CARTESIAN_POINT('',(89.19751405925,-41.94384886214,
    -16.00221218412));
#2693 = CARTESIAN_POINT('',(89.063699228578,-42.22189064503,
    -15.96635660831));
#2694 = CARTESIAN_POINT('',(88.868739721351,-42.46272633295,
    -15.91411736579));
#2695 = CARTESIAN_POINT('',(88.630180367116,-42.64983204558,
    -15.85019557948));
#2696 = CARTESIAN_POINT('',(88.357633463039,-42.78157820161,
    -15.77716685663));
#2697 = CARTESIAN_POINT('',(88.067049830491,-42.84164331415,
    -15.69930520696));
#2698 = CARTESIAN_POINT('',(87.763638038637,-42.84390991392,
    -15.61800626235));
#2699 = CARTESIAN_POINT('',(87.750901725913,-42.8436647347,
    -15.61459357764));
#2700 = CARTESIAN_POINT('',(87.734906959643,-42.84377765118,
    -15.61030779294));
#2701 = CARTESIAN_POINT('',(87.718399118082,-42.84378286135,
    -15.60588453012));
#2702 = CARTESIAN_POINT('',(87.702552648164,-42.84370621505,
    -15.60163848131));
#2703 = CARTESIAN_POINT('',(87.686195856065,-42.84376699842,
    -15.59725569207));
#2704 = CARTESIAN_POINT('',(87.670062408588,-42.84374999999,
    -15.59293274785));
#2705 = CARTESIAN_POINT('',(87.653886233216,-42.84374999999,
    -15.58859835472));
#2706 = CARTESIAN_POINT('',(88.783289908893,-41.34716960713,
    -15.39122094766));
#2707 = CARTESIAN_POINT('',(88.782709960724,-41.51676358493,
    -15.39106555101));
#2708 = CARTESIAN_POINT('',(88.749300540082,-41.68628527702,
    -15.38072794039));
#2709 = CARTESIAN_POINT('',(88.682751219848,-41.84981555698,
    -15.36020471659));
#2710 = CARTESIAN_POINT('',(88.584386911596,-42.00300307371,
    -15.32993759161));
#2711 = CARTESIAN_POINT('',(88.450810351419,-42.13628176613,
    -15.29041094348));
#2712 = CARTESIAN_POINT('',(88.291281616274,-42.24166567314,
    -15.24405971001));
#2713 = CARTESIAN_POINT('',(88.106820920133,-42.31002226038,
    -15.19281210268));
#2714 = CARTESIAN_POINT('',(87.896594855227,-42.33744255852,
    -15.13603258987));
#2715 = CARTESIAN_POINT('',(87.880320827871,-42.33926294189,
    -15.13164724245));
#2716 = CARTESIAN_POINT('',(87.864180215309,-42.34075564443,
    -15.12731393669));
#2717 = CARTESIAN_POINT('',(87.848013682621,-42.34195280915,
    -15.12297816642));
#2718 = CARTESIAN_POINT('',(87.831812709205,-42.34285542338,
    -15.11863485736));
#2719 = CARTESIAN_POINT('',(87.815652457543,-42.3434500194,
    -15.11430563613));
#2720 = CARTESIAN_POINT('',(87.799471946085,-42.34374999999,
    -15.10996983871));
#2721 = CARTESIAN_POINT('',(87.783295755767,-42.34374999999,
    -15.10563544158));
#2722 = ADVANCED_FACE('',(#2723),#2741,.T.);
#2723 = FACE_BOUND('',#2724,.T.);
#2724 = EDGE_LOOP('',(#2725,#2726,#2727,#2735));
#2725 = ORIENTED_EDGE('',*,*,#2684,.F.);
#2726 = ORIENTED_EDGE('',*,*,#978,.T.);
#2727 = ORIENTED_EDGE('',*,*,#2728,.T.);
#2728 = EDGE_CURVE('',#979,#2729,#2731,.T.);
#2729 = VERTEX_POINT('',#2730);
#2730 = CARTESIAN_POINT('',(57.150000077504,-42.34374999999,
    -6.897468603089));
#2731 = LINE('',#2732,#2733);
#2732 = CARTESIAN_POINT('',(57.085295316228,-42.59374999999,
    -7.138950059661));
#2733 = VECTOR('',#2734,1.);
#2734 = DIRECTION('',(0.183012701892,0.707106781187,0.683012701892));
#2735 = ORIENTED_EDGE('',*,*,#2736,.F.);
#2736 = EDGE_CURVE('',#2664,#2729,#2737,.T.);
#2737 = LINE('',#2738,#2739);
#2738 = CARTESIAN_POINT('',(87.912705278318,-42.34374999999,
    -15.14031061864));
#2739 = VECTOR('',#2740,1.);
#2740 = DIRECTION('',(-0.965925826289,-6.004475167961E-14,0.258819045103
    ));
#2741 = PLANE('',#2742);
#2742 = AXIS2_PLACEMENT_3D('',#2743,#2744,#2745);
#2743 = CARTESIAN_POINT('',(87.848000517043,-42.59374999999,
    -15.38179207521));
#2744 = DIRECTION('',(-0.183012701892,0.707106781187,-0.683012701892));
#2745 = DIRECTION('',(-0.965925826289,-5.998803346094E-14,0.258819045103
    ));
#2746 = ADVANCED_FACE('',(#2747),#2769,.F.);
#2747 = FACE_BOUND('',#2748,.F.);
#2748 = EDGE_LOOP('',(#2749,#2750,#2763,#2768));
#2749 = ORIENTED_EDGE('',*,*,#2728,.T.);
#2750 = ORIENTED_EDGE('',*,*,#2751,.T.);
#2751 = EDGE_CURVE('',#2729,#2752,#2754,.T.);
#2752 = VERTEX_POINT('',#2753);
#2753 = CARTESIAN_POINT('',(51.86875,-47.6250000775,-5.5));
#2754 = B_SPLINE_CURVE_WITH_KNOTS('',7,(#2755,#2756,#2757,#2758,#2759,
    #2760,#2761,#2762),.UNSPECIFIED.,.F.,.F.,(8,8),(165.32408137635,
    173.63281803558),.PIECEWISE_BEZIER_KNOTS.);
#2755 = CARTESIAN_POINT('',(57.150000077504,-42.34374999999,
    -6.897468603089));
#2756 = CARTESIAN_POINT('',(55.983734141084,-42.34374999999,
    -6.584968587265));
#2757 = CARTESIAN_POINT('',(54.824241456325,-42.64478447568,
    -6.274612376871));
#2758 = CARTESIAN_POINT('',(53.750174395017,-43.23633201392,
    -5.985062040876));
#2759 = CARTESIAN_POINT('',(52.825132444196,-44.11484078976,
    -5.747143689179));
#2760 = CARTESIAN_POINT('',(52.184898117087,-45.22414946142,
    -5.582767530888));
#2761 = CARTESIAN_POINT('',(51.86875,-46.42878943974,-5.5));
#2762 = CARTESIAN_POINT('',(51.86875,-47.6250000775,-5.5));
#2763 = ORIENTED_EDGE('',*,*,#2764,.F.);
#2764 = EDGE_CURVE('',#987,#2752,#2765,.T.);
#2765 = B_SPLINE_CURVE_WITH_KNOTS('',1,(#2766,#2767),.UNSPECIFIED.,.F.,
  .F.,(2,2),(0.,8.308736659232),.PIECEWISE_BEZIER_KNOTS.);
#2766 = CARTESIAN_POINT('',(52.351712913145,-47.6250000775,
    -6.129409522551));
#2767 = CARTESIAN_POINT('',(51.86875,-47.6250000775,-5.5));
#2768 = ORIENTED_EDGE('',*,*,#986,.F.);
#2769 = B_SPLINE_SURFACE_WITH_KNOTS('',1,7,(
    (#2770,#2771,#2772,#2773,#2774,#2775,#2776,#2777)
    ,(#2778,#2779,#2780,#2781,#2782,#2783,#2784,#2785
  )),.UNSPECIFIED.,.F.,.F.,.F.,(2,2),(8,8),(0.,8.308736659232),(
    165.32408137635,173.63281803558),.PIECEWISE_BEZIER_KNOTS.);
#2770 = CARTESIAN_POINT('',(57.020820062125,-42.84374994354,
    -7.380493012495));
#2771 = CARTESIAN_POINT('',(55.963810068663,-42.8442699609,
    -7.097268038355));
#2772 = CARTESIAN_POINT('',(54.913674297949,-43.13363169118,
    -6.815885006649));
#2773 = CARTESIAN_POINT('',(53.953448361393,-43.70560271473,
    -6.558593242398));
#2774 = CARTESIAN_POINT('',(53.166890685762,-44.5226046013,
    -6.347835748412));
#2775 = CARTESIAN_POINT('',(52.622921245208,-45.50916921696,
    -6.202079576108));
#2776 = CARTESIAN_POINT('',(52.351712913145,-46.57272917893,
    -6.129409522551));
#2777 = CARTESIAN_POINT('',(52.351712913145,-47.6250000775,
    -6.129409522551));
#2778 = CARTESIAN_POINT('',(57.150000077504,-42.34374999999,
    -6.897468603089));
#2779 = CARTESIAN_POINT('',(55.983734141084,-42.34374999999,
    -6.584968587265));
#2780 = CARTESIAN_POINT('',(54.824241456325,-42.64478447568,
    -6.274612376871));
#2781 = CARTESIAN_POINT('',(53.750174395017,-43.23633201392,
    -5.985062040876));
#2782 = CARTESIAN_POINT('',(52.825132444196,-44.11484078976,
    -5.747143689179));
#2783 = CARTESIAN_POINT('',(52.184898117087,-45.22414946142,
    -5.582767530888));
#2784 = CARTESIAN_POINT('',(51.86875,-46.42878943974,-5.5));
#2785 = CARTESIAN_POINT('',(51.86875,-47.6250000775,-5.5));
#2786 = ADVANCED_FACE('',(#2787),#2805,.T.);
#2787 = FACE_BOUND('',#2788,.T.);
#2788 = EDGE_LOOP('',(#2789,#2790,#2791,#2799));
#2789 = ORIENTED_EDGE('',*,*,#2764,.F.);
#2790 = ORIENTED_EDGE('',*,*,#999,.T.);
#2791 = ORIENTED_EDGE('',*,*,#2792,.T.);
#2792 = EDGE_CURVE('',#1000,#2793,#2795,.T.);
#2793 = VERTEX_POINT('',#2794);
#2794 = CARTESIAN_POINT('',(51.86875,-127.3968749224,-5.5));
#2795 = LINE('',#2796,#2797);
#2796 = CARTESIAN_POINT('',(52.110231456572,-127.3968749224,
    -5.814704761276));
#2797 = VECTOR('',#2798,1.);
#2798 = DIRECTION('',(-0.608761429009,1.761598290109E-16,0.793353340291)
  );
#2799 = ORIENTED_EDGE('',*,*,#2800,.F.);
#2800 = EDGE_CURVE('',#2752,#2793,#2801,.T.);
#2801 = LINE('',#2802,#2803);
#2802 = CARTESIAN_POINT('',(51.86875,-47.6250000775,-5.5));
#2803 = VECTOR('',#2804,1.);
#2804 = DIRECTION('',(0.,-1.,2.22044604925E-16));
#2805 = PLANE('',#2806);
#2806 = AXIS2_PLACEMENT_3D('',#2807,#2808,#2809);
#2807 = CARTESIAN_POINT('',(52.110231456572,-47.6250000775,
    -5.814704761276));
#2808 = DIRECTION('',(-0.793353340291,-1.642409821126E-16,
    -0.608761429009));
#2809 = DIRECTION('',(2.306182252914E-17,-1.,2.397405637436E-16));
#2810 = ADVANCED_FACE('',(#2811),#2833,.F.);
#2811 = FACE_BOUND('',#2812,.F.);
#2812 = EDGE_LOOP('',(#2813,#2814,#2827,#2832));
#2813 = ORIENTED_EDGE('',*,*,#2792,.T.);
#2814 = ORIENTED_EDGE('',*,*,#2815,.T.);
#2815 = EDGE_CURVE('',#2793,#2816,#2818,.T.);
#2816 = VERTEX_POINT('',#2817);
#2817 = CARTESIAN_POINT('',(57.150000077497,-132.6781249999,
    -6.897468603087));
#2818 = B_SPLINE_CURVE_WITH_KNOTS('',7,(#2819,#2820,#2821,#2822,#2823,
    #2824,#2825,#2826),.UNSPECIFIED.,.F.,.F.,(8,8),(253.40469288048,
    261.7134295397),.PIECEWISE_BEZIER_KNOTS.);
#2819 = CARTESIAN_POINT('',(51.86875,-127.3968749224,-5.5));
#2820 = CARTESIAN_POINT('',(51.86875,-128.5930855601,-5.5));
#2821 = CARTESIAN_POINT('',(52.184898117086,-129.7977255384,
    -5.582767530888));
#2822 = CARTESIAN_POINT('',(52.825132444195,-130.9070342101,
    -5.747143689179));
#2823 = CARTESIAN_POINT('',(53.750174395013,-131.7855429859,
    -5.985062040875));
#2824 = CARTESIAN_POINT('',(54.824241456321,-132.3770905242,
    -6.27461237687));
#2825 = CARTESIAN_POINT('',(55.983734141078,-132.6781249999,
    -6.584968587264));
#2826 = CARTESIAN_POINT('',(57.150000077497,-132.6781249999,
    -6.897468603087));
#2827 = ORIENTED_EDGE('',*,*,#2828,.F.);
#2828 = EDGE_CURVE('',#1008,#2816,#2829,.T.);
#2829 = B_SPLINE_CURVE_WITH_KNOTS('',1,(#2830,#2831),.UNSPECIFIED.,.F.,
  .F.,(2,2),(0.,8.308736659224),.PIECEWISE_BEZIER_KNOTS.);
#2830 = CARTESIAN_POINT('',(57.020820062119,-132.1781250563,
    -7.380493012493));
#2831 = CARTESIAN_POINT('',(57.150000077497,-132.6781249999,
    -6.897468603087));
#2832 = ORIENTED_EDGE('',*,*,#1007,.F.);
#2833 = B_SPLINE_SURFACE_WITH_KNOTS('',1,7,(
    (#2834,#2835,#2836,#2837,#2838,#2839,#2840,#2841)
    ,(#2842,#2843,#2844,#2845,#2846,#2847,#2848,#2849
  )),.UNSPECIFIED.,.F.,.F.,.F.,(2,2),(8,8),(0.,8.308736659224),(
    253.40469288048,261.7134295397),.PIECEWISE_BEZIER_KNOTS.);
#2834 = CARTESIAN_POINT('',(52.351712913145,-127.3968749224,
    -6.129409522551));
#2835 = CARTESIAN_POINT('',(52.351712913145,-128.4491458209,
    -6.129409522551));
#2836 = CARTESIAN_POINT('',(52.622921245206,-129.5127057829,
    -6.202079576108));
#2837 = CARTESIAN_POINT('',(53.166890685763,-130.4992703985,
    -6.347835748412));
#2838 = CARTESIAN_POINT('',(53.953448361389,-131.3162722851,
    -6.558593242397));
#2839 = CARTESIAN_POINT('',(54.913674297946,-131.8882433087,
    -6.815885006648));
#2840 = CARTESIAN_POINT('',(55.963810068658,-132.1776050389,
    -7.097268038354));
#2841 = CARTESIAN_POINT('',(57.020820062119,-132.1781250563,
    -7.380493012493));
#2842 = CARTESIAN_POINT('',(51.86875,-127.3968749224,-5.5));
#2843 = CARTESIAN_POINT('',(51.86875,-128.5930855601,-5.5));
#2844 = CARTESIAN_POINT('',(52.184898117086,-129.7977255384,
    -5.582767530888));
#2845 = CARTESIAN_POINT('',(52.825132444195,-130.9070342101,
    -5.747143689179));
#2846 = CARTESIAN_POINT('',(53.750174395013,-131.7855429859,
    -5.985062040875));
#2847 = CARTESIAN_POINT('',(54.824241456321,-132.3770905242,
    -6.27461237687));
#2848 = CARTESIAN_POINT('',(55.983734141078,-132.6781249999,
    -6.584968587264));
#2849 = CARTESIAN_POINT('',(57.150000077497,-132.6781249999,
    -6.897468603087));
#2850 = ADVANCED_FACE('',(#2851),#2869,.T.);
#2851 = FACE_BOUND('',#2852,.T.);
#2852 = EDGE_LOOP('',(#2853,#2854,#2855,#2863));
#2853 = ORIENTED_EDGE('',*,*,#2828,.F.);
#2854 = ORIENTED_EDGE('',*,*,#1020,.T.);
#2855 = ORIENTED_EDGE('',*,*,#2856,.T.);
#2856 = EDGE_CURVE('',#1021,#2857,#2859,.T.);
#2857 = VERTEX_POINT('',#2858);
#2858 = CARTESIAN_POINT('',(123.49687499999,-132.6781249999,
    -24.67506015889));
#2859 = LINE('',#2860,#2861);
#2860 = CARTESIAN_POINT('',(123.43217023872,-132.4281249999,
    -24.91654161547));
#2861 = VECTOR('',#2862,1.);
#2862 = DIRECTION('',(0.183012701891,-0.707106781187,0.683012701892));
#2863 = ORIENTED_EDGE('',*,*,#2864,.F.);
#2864 = EDGE_CURVE('',#2816,#2857,#2865,.T.);
#2865 = LINE('',#2866,#2867);
#2866 = CARTESIAN_POINT('',(57.279409600048,-132.6781249999,
    -6.932143780148));
#2867 = VECTOR('',#2868,1.);
#2868 = DIRECTION('',(0.965925826289,-1.309211997687E-12,-0.258819045103
    ));
#2869 = PLANE('',#2870);
#2870 = AXIS2_PLACEMENT_3D('',#2871,#2872,#2873);
#2871 = CARTESIAN_POINT('',(57.214704838773,-132.4281249999,
    -7.17362523672));
#2872 = DIRECTION('',(-0.183012701893,-0.707106781186,-0.683012701892));
#2873 = DIRECTION('',(0.965925826289,-1.309661151757E-12,-0.258819045103
    ));
#2874 = ADVANCED_FACE('',(#2875),#2898,.F.);
#2875 = FACE_BOUND('',#2876,.F.);
#2876 = EDGE_LOOP('',(#2877,#2885,#2896,#2897));
#2877 = ORIENTED_EDGE('',*,*,#2878,.T.);
#2878 = EDGE_CURVE('',#1050,#2879,#2881,.T.);
#2879 = VERTEX_POINT('',#2880);
#2880 = CARTESIAN_POINT('',(124.49687499999,-141.6843749224,
    -24.96064744153));
#2881 = LINE('',#2882,#2883);
#2882 = CARTESIAN_POINT('',(124.73835645656,-141.6843749224,
    -25.27535220281));
#2883 = VECTOR('',#2884,1.);
#2884 = DIRECTION('',(-0.608761429009,-1.718523033274E-13,0.793353340291
    ));
#2885 = ORIENTED_EDGE('',*,*,#2886,.T.);
#2886 = EDGE_CURVE('',#2879,#1487,#2887,.T.);
#2887 = B_SPLINE_CURVE_WITH_KNOTS('',7,(#2888,#2889,#2890,#2891,#2892,
    #2893,#2894,#2895),.UNSPECIFIED.,.F.,.F.,(8,8),(340.13962805097,
    348.54151804734),.PIECEWISE_BEZIER_KNOTS.);
#2888 = CARTESIAN_POINT('',(124.49687499999,-141.6843749224,
    -24.96064744153));
#2889 = CARTESIAN_POINT('',(124.49687499999,-142.8798306204,
    -24.96064744153));
#2890 = CARTESIAN_POINT('',(124.81251470355,-144.0755594849,
    -25.0432727586));
#2891 = CARTESIAN_POINT('',(125.44449908418,-145.169221842,
    -25.20853114683));
#2892 = CARTESIAN_POINT('',(126.34821168161,-146.0569329588,
    -25.44559229262));
#2893 = CARTESIAN_POINT('',(127.43827618211,-146.6659844382,
    -25.73307002826));
#2894 = CARTESIAN_POINT('',(128.61390918208,-146.9664029331,
    -26.04592897831));
#2895 = CARTESIAN_POINT('',(129.78164869477,-146.9656238244,
    -26.35907571331));
#2896 = ORIENTED_EDGE('',*,*,#1859,.F.);
#2897 = ORIENTED_EDGE('',*,*,#1057,.F.);
#2898 = B_SPLINE_SURFACE_WITH_KNOTS('',1,7,(
    (#2899,#2900,#2901,#2902,#2903,#2904,#2905,#2906)
    ,(#2907,#2908,#2909,#2910,#2911,#2912,#2913,#2914
  )),.UNSPECIFIED.,.F.,.F.,.F.,(2,2),(8,8),(0.,8.401889996362),(
    340.13962805097,348.54151804734),.PIECEWISE_BEZIER_KNOTS.);
#2899 = CARTESIAN_POINT('',(124.97983791314,-141.6843749224,
    -25.59005696408));
#2900 = CARTESIAN_POINT('',(124.97983791314,-142.7357579602,
    -25.59005696408));
#2901 = CARTESIAN_POINT('',(125.25108306477,-143.7875462784,
    -25.66273688341));
#2902 = CARTESIAN_POINT('',(125.79332804768,-144.7578310878,
    -25.80803098868));
#2903 = CARTESIAN_POINT('',(126.57764573523,-145.5657848998,
    -26.01818827967));
#2904 = CARTESIAN_POINT('',(127.54164706088,-146.1387484929,
    -26.27649165638));
#2905 = CARTESIAN_POINT('',(128.59982462007,-146.4417141456,
    -26.56002947882));
#2906 = CARTESIAN_POINT('',(129.66438831102,-146.4696547833,
    -26.8452784601));
#2907 = CARTESIAN_POINT('',(124.49687499999,-141.6843749224,
    -24.96064744153));
#2908 = CARTESIAN_POINT('',(124.49687499999,-142.8798306204,
    -24.96064744153));
#2909 = CARTESIAN_POINT('',(124.81251470355,-144.0755594849,
    -25.0432727586));
#2910 = CARTESIAN_POINT('',(125.44449908418,-145.169221842,
    -25.20853114683));
#2911 = CARTESIAN_POINT('',(126.34821168161,-146.0569329588,
    -25.44559229262));
#2912 = CARTESIAN_POINT('',(127.43827618211,-146.6659844382,
    -25.73307002826));
#2913 = CARTESIAN_POINT('',(128.61390918208,-146.9664029331,
    -26.04592897831));
#2914 = CARTESIAN_POINT('',(129.78164869477,-146.9656238244,
    -26.35907571331));
#2915 = ADVANCED_FACE('',(#2916),#2946,.F.);
#2916 = FACE_BOUND('',#2917,.F.);
#2917 = EDGE_LOOP('',(#2918,#2919,#2940,#2945));
#2918 = ORIENTED_EDGE('',*,*,#2856,.T.);
#2919 = ORIENTED_EDGE('',*,*,#2920,.T.);
#2920 = EDGE_CURVE('',#2857,#2921,#2923,.T.);
#2921 = VERTEX_POINT('',#2922);
#2922 = CARTESIAN_POINT('',(124.49687499999,-133.6781249999,
    -24.96064744153));
#2923 = B_SPLINE_CURVE_WITH_KNOTS('',8,(#2924,#2925,#2926,#2927,#2928,
    #2929,#2930,#2931,#2932,#2933,#2934,#2935,#2936,#2937,#2938,#2939),
  .UNSPECIFIED.,.F.,.F.,(9,7,9),(330.40078130393,330.53265679197,
    332.13337812856),.UNSPECIFIED.);
#2924 = CARTESIAN_POINT('',(123.49687499999,-132.6781249999,
    -24.67506015889));
#2925 = CARTESIAN_POINT('',(123.51305119031,-132.6781249999,
    -24.67939455603));
#2926 = CARTESIAN_POINT('',(123.52923154077,-132.6784249806,
    -24.68373031032));
#2927 = CARTESIAN_POINT('',(123.54539147293,-132.6790195658,
    -24.68805944587));
#2928 = CARTESIAN_POINT('',(123.56159198383,-132.6799221499,
    -24.69240263111));
#2929 = CARTESIAN_POINT('',(123.57775790514,-132.6811192541,
    -24.69673823733));
#2930 = CARTESIAN_POINT('',(123.59389776607,-132.6826118572,
    -24.7010713406));
#2931 = CARTESIAN_POINT('',(123.61017093417,-132.6844320975,
    -24.70545645555));
#2932 = CARTESIAN_POINT('',(123.82086409761,-132.7119124151,
    -24.76236207243));
#2933 = CARTESIAN_POINT('',(124.00572602542,-132.7805345071,
    -24.81372448576));
#2934 = CARTESIAN_POINT('',(124.16550209421,-132.8863328682,
    -24.86015601016));
#2935 = CARTESIAN_POINT('',(124.29919294837,-133.0201024858,
    -24.89971511419));
#2936 = CARTESIAN_POINT('',(124.39752461481,-133.1738502631,
    -24.92996531202));
#2937 = CARTESIAN_POINT('',(124.46387173343,-133.3379859525,
    -24.95042410677));
#2938 = CARTESIAN_POINT('',(124.49687499999,-133.508082088,
    -24.96064744153));
#2939 = CARTESIAN_POINT('',(124.49687499999,-133.6781249999,
    -24.96064744153));
#2940 = ORIENTED_EDGE('',*,*,#2941,.F.);
#2941 = EDGE_CURVE('',#1029,#2921,#2942,.T.);
#2942 = B_SPLINE_CURVE_WITH_KNOTS('',1,(#2943,#2944),.UNSPECIFIED.,.F.,
  .F.,(2,2),(0.,1.732596824634),.PIECEWISE_BEZIER_KNOTS.);
#2943 = CARTESIAN_POINT('',(124.97983791313,-133.6781249999,
    -25.59005696408));
#2944 = CARTESIAN_POINT('',(124.49687499999,-133.6781249999,
    -24.96064744153));
#2945 = ORIENTED_EDGE('',*,*,#1028,.F.);
#2946 = B_SPLINE_SURFACE_WITH_KNOTS('',1,8,(
    (#2947,#2948,#2949,#2950,#2951,#2952,#2953,#2954,#2955,#2956,#2957
      ,#2958,#2959,#2960,#2961,#2962)
    ,(#2963,#2964,#2965,#2966,#2967,#2968,#2969,#2970,#2971,#2972,#2973
      ,#2974,#2975,#2976,#2977,#2978
    )),.UNSPECIFIED.,.F.,.F.,.F.,(2,2),(9,7,9),(0.,1.732596824634),(
    330.40078130393,330.53265679197,332.13337812856),.UNSPECIFIED.);
#2947 = CARTESIAN_POINT('',(123.36746547744,-132.1781249999,
    -25.15802307204));
#2948 = CARTESIAN_POINT('',(123.38364166776,-132.1781249999,
    -25.16235746917));
#2949 = CARTESIAN_POINT('',(123.39977495266,-132.1781079948,
    -25.16668036983));
#2950 = CARTESIAN_POINT('',(123.41613150538,-132.178168805,
    -25.17106309492));
#2951 = CARTESIAN_POINT('',(123.43197741128,-132.1780921297,
    -25.17530899261));
#2952 = CARTESIAN_POINT('',(123.44848474923,-132.1780973403,
    -25.17973212048));
#2953 = CARTESIAN_POINT('',(123.46447879375,-132.1782103077,
    -25.1840177118));
#2954 = CARTESIAN_POINT('',(123.4772133039,-132.1779650543,
    -25.18742991351));
#2955 = CARTESIAN_POINT('',(123.78132888106,-132.1802375493,
    -25.26891743682));
#2956 = CARTESIAN_POINT('',(124.07261487333,-132.2406118484,
    -25.34696728321));
#2957 = CARTESIAN_POINT('',(124.34574735958,-132.3730246807,
    -25.42015291233));
#2958 = CARTESIAN_POINT('',(124.58462306673,-132.561064585,
    -25.48415946515));
#2959 = CARTESIAN_POINT('',(124.77954362272,-132.8030171771,
    -25.53638827072));
#2960 = CARTESIAN_POINT('',(124.91290286817,-133.0821420732,
    -25.57212177284));
#2961 = CARTESIAN_POINT('',(124.97983791313,-133.3801388219,
    -25.59005696408));
#2962 = CARTESIAN_POINT('',(124.97983791313,-133.6781249999,
    -25.59005696408));
#2963 = CARTESIAN_POINT('',(123.49687499999,-132.6781249999,
    -24.67506015889));
#2964 = CARTESIAN_POINT('',(123.51305119031,-132.6781249999,
    -24.67939455603));
#2965 = CARTESIAN_POINT('',(123.52923154077,-132.6784249806,
    -24.68373031032));
#2966 = CARTESIAN_POINT('',(123.54539147293,-132.6790195658,
    -24.68805944587));
#2967 = CARTESIAN_POINT('',(123.56159198383,-132.6799221499,
    -24.69240263111));
#2968 = CARTESIAN_POINT('',(123.57775790514,-132.6811192541,
    -24.69673823733));
#2969 = CARTESIAN_POINT('',(123.59389776607,-132.6826118572,
    -24.7010713406));
#2970 = CARTESIAN_POINT('',(123.61017093417,-132.6844320975,
    -24.70545645555));
#2971 = CARTESIAN_POINT('',(123.82086409761,-132.7119124151,
    -24.76236207243));
#2972 = CARTESIAN_POINT('',(124.00572602542,-132.7805345071,
    -24.81372448576));
#2973 = CARTESIAN_POINT('',(124.16550209421,-132.8863328682,
    -24.86015601016));
#2974 = CARTESIAN_POINT('',(124.29919294837,-133.0201024858,
    -24.89971511419));
#2975 = CARTESIAN_POINT('',(124.39752461481,-133.1738502631,
    -24.92996531202));
#2976 = CARTESIAN_POINT('',(124.46387173343,-133.3379859525,
    -24.95042410677));
#2977 = CARTESIAN_POINT('',(124.49687499999,-133.508082088,
    -24.96064744153));
#2978 = CARTESIAN_POINT('',(124.49687499999,-133.6781249999,
    -24.96064744153));
#2979 = ADVANCED_FACE('',(#2980),#2991,.T.);
#2980 = FACE_BOUND('',#2981,.T.);
#2981 = EDGE_LOOP('',(#2982,#2983,#2984,#2985));
#2982 = ORIENTED_EDGE('',*,*,#2941,.F.);
#2983 = ORIENTED_EDGE('',*,*,#1049,.T.);
#2984 = ORIENTED_EDGE('',*,*,#2878,.T.);
#2985 = ORIENTED_EDGE('',*,*,#2986,.F.);
#2986 = EDGE_CURVE('',#2921,#2879,#2987,.T.);
#2987 = LINE('',#2988,#2989);
#2988 = CARTESIAN_POINT('',(124.49687499999,-133.6781249999,
    -24.96064744153));
#2989 = VECTOR('',#2990,1.);
#2990 = DIRECTION('',(2.094464790189E-13,-1.,-5.590115173994E-14));
#2991 = PLANE('',#2992);
#2992 = AXIS2_PLACEMENT_3D('',#2993,#2994,#2995);
#2993 = CARTESIAN_POINT('',(124.73835645656,-133.6781249999,
    -25.27535220281));
#2994 = DIRECTION('',(-0.793353340291,-1.315626315982E-13,
    -0.608761429009));
#2995 = DIRECTION('',(2.08992706988E-13,-1.,-5.624934326566E-14));
#2996 = ADVANCED_FACE('',(#2997),#3029,.T.);
#2997 = FACE_BOUND('',#2998,.T.);
#2998 = EDGE_LOOP('',(#2999,#3009,#3015,#3016,#3022,#3023));
#2999 = ORIENTED_EDGE('',*,*,#3000,.F.);
#3000 = EDGE_CURVE('',#3001,#3003,#3005,.T.);
#3001 = VERTEX_POINT('',#3002);
#3002 = CARTESIAN_POINT('',(99.362391458338,-130.1781249999,-4.));
#3003 = VERTEX_POINT('',#3004);
#3004 = CARTESIAN_POINT('',(67.150000077504,-130.1781249999,-4.));
#3005 = LINE('',#3006,#3007);
#3006 = CARTESIAN_POINT('',(123.49687499999,-130.1781249999,-4.));
#3007 = VECTOR('',#3008,1.);
#3008 = DIRECTION('',(-1.,1.355395996312E-12,-0.));
#3009 = ORIENTED_EDGE('',*,*,#3010,.T.);
#3010 = EDGE_CURVE('',#3001,#1563,#3011,.T.);
#3011 = LINE('',#3012,#3013);
#3012 = CARTESIAN_POINT('',(92.840746509749,-130.1781249999,
    20.339110297059));
#3013 = VECTOR('',#3014,1.);
#3014 = DIRECTION('',(0.258819045103,-3.508022975014E-13,-0.965925826289
    ));
#3015 = ORIENTED_EDGE('',*,*,#1562,.T.);
#3016 = ORIENTED_EDGE('',*,*,#3017,.T.);
#3017 = EDGE_CURVE('',#1554,#1135,#3018,.T.);
#3018 = LINE('',#3019,#3020);
#3019 = CARTESIAN_POINT('',(123.49687499999,-130.1781249999,-4.));
#3020 = VECTOR('',#3021,1.);
#3021 = DIRECTION('',(0.,0.,-1.));
#3022 = ORIENTED_EDGE('',*,*,#1132,.F.);
#3023 = ORIENTED_EDGE('',*,*,#3024,.F.);
#3024 = EDGE_CURVE('',#3003,#1133,#3025,.T.);
#3025 = LINE('',#3026,#3027);
#3026 = CARTESIAN_POINT('',(67.150000077504,-130.1781249999,-2.5));
#3027 = VECTOR('',#3028,1.);
#3028 = DIRECTION('',(0.,0.,-1.));
#3029 = PLANE('',#3030);
#3030 = AXIS2_PLACEMENT_3D('',#3031,#3032,#3033);
#3031 = CARTESIAN_POINT('',(123.49687499999,-130.1781249999,-4.));
#3032 = DIRECTION('',(1.355395996312E-12,1.,0.));
#3033 = DIRECTION('',(-1.,1.355395996312E-12,0.));
#3034 = ADVANCED_FACE('',(#3035),#3046,.T.);
#3035 = FACE_BOUND('',#3036,.F.);
#3036 = EDGE_LOOP('',(#3037,#3038,#3039,#3040));
#3037 = ORIENTED_EDGE('',*,*,#1553,.T.);
#3038 = ORIENTED_EDGE('',*,*,#3017,.T.);
#3039 = ORIENTED_EDGE('',*,*,#1352,.F.);
#3040 = ORIENTED_EDGE('',*,*,#3041,.F.);
#3041 = EDGE_CURVE('',#1546,#1345,#3042,.T.);
#3042 = LINE('',#3043,#3044);
#3043 = CARTESIAN_POINT('',(126.99687499999,-133.6781249999,-4.));
#3044 = VECTOR('',#3045,1.);
#3045 = DIRECTION('',(0.,0.,-1.));
#3046 = CYLINDRICAL_SURFACE('',#3047,3.5);
#3047 = AXIS2_PLACEMENT_3D('',#3048,#3049,#3050);
#3048 = CARTESIAN_POINT('',(123.49687499999,-133.6781249999,-4.));
#3049 = DIRECTION('',(0.,0.,1.));
#3050 = DIRECTION('',(1.110223024625E-16,-1.,0.));
#3051 = ADVANCED_FACE('',(#3052),#3063,.T.);
#3052 = FACE_BOUND('',#3053,.T.);
#3053 = EDGE_LOOP('',(#3054,#3055,#3061,#3062));
#3054 = ORIENTED_EDGE('',*,*,#1545,.T.);
#3055 = ORIENTED_EDGE('',*,*,#3056,.T.);
#3056 = EDGE_CURVE('',#1537,#1336,#3057,.T.);
#3057 = LINE('',#3058,#3059);
#3058 = CARTESIAN_POINT('',(126.99687499999,-141.6843749224,-4.));
#3059 = VECTOR('',#3060,1.);
#3060 = DIRECTION('',(0.,0.,-1.));
#3061 = ORIENTED_EDGE('',*,*,#1344,.F.);
#3062 = ORIENTED_EDGE('',*,*,#3041,.F.);
#3063 = PLANE('',#3064);
#3064 = AXIS2_PLACEMENT_3D('',#3065,#3066,#3067);
#3065 = CARTESIAN_POINT('',(126.99687499999,-141.6843749224,-4.));
#3066 = DIRECTION('',(1.,2.076715088578E-13,0.));
#3067 = DIRECTION('',(-2.076715088578E-13,1.,0.));
#3068 = ADVANCED_FACE('',(#3069),#3080,.F.);
#3069 = FACE_BOUND('',#3070,.T.);
#3070 = EDGE_LOOP('',(#3071,#3072,#3078,#3079));
#3071 = ORIENTED_EDGE('',*,*,#1536,.T.);
#3072 = ORIENTED_EDGE('',*,*,#3073,.T.);
#3073 = EDGE_CURVE('',#1528,#1327,#3074,.T.);
#3074 = LINE('',#3075,#3076);
#3075 = CARTESIAN_POINT('',(129.77998071029,-144.4656243804,-4.));
#3076 = VECTOR('',#3077,1.);
#3077 = DIRECTION('',(0.,0.,-1.));
#3078 = ORIENTED_EDGE('',*,*,#1335,.F.);
#3079 = ORIENTED_EDGE('',*,*,#3056,.F.);
#3080 = CYLINDRICAL_SURFACE('',#3081,2.781250077103);
#3081 = AXIS2_PLACEMENT_3D('',#3082,#3083,#3084);
#3082 = CARTESIAN_POINT('',(129.77812507709,-141.6843749224,-4.));
#3083 = DIRECTION('',(0.,0.,1.));
#3084 = DIRECTION('',(-3.254771097083E-08,-1.,0.));
#3085 = ADVANCED_FACE('',(#3086),#3097,.T.);
#3086 = FACE_BOUND('',#3087,.F.);
#3087 = EDGE_LOOP('',(#3088,#3089,#3090,#3091));
#3088 = ORIENTED_EDGE('',*,*,#1527,.T.);
#3089 = ORIENTED_EDGE('',*,*,#3073,.T.);
#3090 = ORIENTED_EDGE('',*,*,#1326,.F.);
#3091 = ORIENTED_EDGE('',*,*,#3092,.F.);
#3092 = EDGE_CURVE('',#1519,#1318,#3093,.T.);
#3093 = LINE('',#3094,#3095);
#3094 = CARTESIAN_POINT('',(155.03509148216,-148.1363310263,-4.));
#3095 = VECTOR('',#3096,1.);
#3096 = DIRECTION('',(0.,0.,-1.));
#3097 = CYLINDRICAL_SURFACE('',#3098,83.576597415798);
#3098 = AXIS2_PLACEMENT_3D('',#3099,#3100,#3101);
#3099 = CARTESIAN_POINT('',(130.52733232647,-228.0388802771,-4.));
#3100 = DIRECTION('',(0.,0.,1.));
#3101 = DIRECTION('',(1.,0.,0.));
#3102 = ADVANCED_FACE('',(#3103),#3115,.T.);
#3103 = FACE_BOUND('',#3104,.F.);
#3104 = EDGE_LOOP('',(#3105,#3106,#3107,#3108,#3114));
#3105 = ORIENTED_EDGE('',*,*,#1518,.T.);
#3106 = ORIENTED_EDGE('',*,*,#3092,.T.);
#3107 = ORIENTED_EDGE('',*,*,#1317,.F.);
#3108 = ORIENTED_EDGE('',*,*,#3109,.T.);
#3109 = EDGE_CURVE('',#1309,#1386,#3110,.T.);
#3110 = LINE('',#3111,#3112);
#3111 = CARTESIAN_POINT('',(178.3644721962,-158.5344128929,-4.));
#3112 = VECTOR('',#3113,1.);
#3113 = DIRECTION('',(0.,0.,1.));
#3114 = ORIENTED_EDGE('',*,*,#1394,.T.);
#3115 = CYLINDRICAL_SURFACE('',#3116,113.96535512448);
#3116 = AXIS2_PLACEMENT_3D('',#3117,#3118,#3119);
#3117 = CARTESIAN_POINT('',(120.59651671616,-256.7737404981,-4.));
#3118 = DIRECTION('',(0.,0.,1.));
#3119 = DIRECTION('',(1.,0.,0.));
#3120 = ADVANCED_FACE('',(#3121),#3132,.T.);
#3121 = FACE_BOUND('',#3122,.T.);
#3122 = EDGE_LOOP('',(#3123,#3124,#3130,#3131));
#3123 = ORIENTED_EDGE('',*,*,#1385,.F.);
#3124 = ORIENTED_EDGE('',*,*,#3125,.F.);
#3125 = EDGE_CURVE('',#1301,#1378,#3126,.T.);
#3126 = LINE('',#3127,#3128);
#3127 = CARTESIAN_POINT('',(188.29912007869,-156.0217883826,-4.));
#3128 = VECTOR('',#3129,1.);
#3129 = DIRECTION('',(0.,0.,1.));
#3130 = ORIENTED_EDGE('',*,*,#1308,.T.);
#3131 = ORIENTED_EDGE('',*,*,#3109,.T.);
#3132 = CYLINDRICAL_SURFACE('',#3133,5.281250259068);
#3133 = AXIS2_PLACEMENT_3D('',#3134,#3135,#3136);
#3134 = CARTESIAN_POINT('',(183.64570067542,-158.5192455206,-4.));
#3135 = DIRECTION('',(0.,0.,1.));
#3136 = DIRECTION('',(1.,0.,0.));
#3137 = ADVANCED_FACE('',(#3138),#3151,.T.);
#3138 = FACE_BOUND('',#3139,.T.);
#3139 = EDGE_LOOP('',(#3140,#3141,#3142,#3143,#3144,#3145));
#3140 = ORIENTED_EDGE('',*,*,#1300,.F.);
#3141 = ORIENTED_EDGE('',*,*,#3125,.T.);
#3142 = ORIENTED_EDGE('',*,*,#1377,.T.);
#3143 = ORIENTED_EDGE('',*,*,#1845,.F.);
#3144 = ORIENTED_EDGE('',*,*,#1837,.T.);
#3145 = ORIENTED_EDGE('',*,*,#3146,.T.);
#3146 = EDGE_CURVE('',#1829,#1292,#3147,.T.);
#3147 = LINE('',#3148,#3149);
#3148 = CARTESIAN_POINT('',(211.90863293691,-115.1289249744,-4.));
#3149 = VECTOR('',#3150,1.);
#3150 = DIRECTION('',(0.,0.,-1.));
#3151 = PLANE('',#3152);
#3152 = AXIS2_PLACEMENT_3D('',#3153,#3154,#3155);
#3153 = CARTESIAN_POINT('',(198.98148340416,-137.5193979704,-41.5));
#3154 = DIRECTION('',(-0.86602533811,0.500000113751,0.));
#3155 = DIRECTION('',(-0.500000113751,-0.86602533811,0.));
#3156 = ADVANCED_FACE('',(#3157),#3168,.F.);
#3157 = FACE_BOUND('',#3158,.T.);
#3158 = EDGE_LOOP('',(#3159,#3160,#3166,#3167));
#3159 = ORIENTED_EDGE('',*,*,#1828,.F.);
#3160 = ORIENTED_EDGE('',*,*,#3161,.T.);
#3161 = EDGE_CURVE('',#1821,#1284,#3162,.T.);
#3162 = LINE('',#3163,#3164);
#3163 = CARTESIAN_POINT('',(212.28125,-113.7382995285,-4.));
#3164 = VECTOR('',#3165,1.);
#3165 = DIRECTION('',(0.,0.,-1.));
#3166 = ORIENTED_EDGE('',*,*,#1291,.F.);
#3167 = ORIENTED_EDGE('',*,*,#3146,.F.);
#3168 = CYLINDRICAL_SURFACE('',#3169,2.781250259068);
#3169 = AXIS2_PLACEMENT_3D('',#3170,#3171,#3172);
#3170 = CARTESIAN_POINT('',(209.49999974093,-113.7382995285,-4.));
#3171 = DIRECTION('',(0.,0.,1.));
#3172 = DIRECTION('',(1.,0.,0.));
#3173 = ADVANCED_FACE('',(#3174),#3200,.F.);
#3174 = FACE_BOUND('',#3175,.F.);
#3175 = EDGE_LOOP('',(#3176,#3186,#3192,#3193,#3194));
#3176 = ORIENTED_EDGE('',*,*,#3177,.F.);
#3177 = EDGE_CURVE('',#3178,#3180,#3182,.T.);
#3178 = VERTEX_POINT('',#3179);
#3179 = CARTESIAN_POINT('',(212.28125,-113.7382995285,-2.5));
#3180 = VERTEX_POINT('',#3181);
#3181 = CARTESIAN_POINT('',(209.28125,-113.7382995285,-2.5));
#3182 = LINE('',#3183,#3184);
#3183 = CARTESIAN_POINT('',(212.28125,-113.7382995285,-2.5));
#3184 = VECTOR('',#3185,1.);
#3185 = DIRECTION('',(-1.,0.,0.));
#3186 = ORIENTED_EDGE('',*,*,#3187,.T.);
#3187 = EDGE_CURVE('',#3178,#1821,#3188,.T.);
#3188 = LINE('',#3189,#3190);
#3189 = CARTESIAN_POINT('',(212.28125,-113.7382995285,-2.5));
#3190 = VECTOR('',#3191,1.);
#3191 = DIRECTION('',(0.,0.,-1.));
#3192 = ORIENTED_EDGE('',*,*,#3161,.T.);
#3193 = ORIENTED_EDGE('',*,*,#1283,.F.);
#3194 = ORIENTED_EDGE('',*,*,#3195,.F.);
#3195 = EDGE_CURVE('',#3180,#1276,#3196,.T.);
#3196 = LINE('',#3197,#3198);
#3197 = CARTESIAN_POINT('',(209.28125,-113.7382995285,-2.5));
#3198 = VECTOR('',#3199,1.);
#3199 = DIRECTION('',(0.,0.,-1.));
#3200 = PLANE('',#3201);
#3201 = AXIS2_PLACEMENT_3D('',#3202,#3203,#3204);
#3202 = CARTESIAN_POINT('',(212.28125,-113.7382995285,-2.5));
#3203 = DIRECTION('',(0.,1.,0.));
#3204 = DIRECTION('',(-1.,0.,0.));
#3205 = ADVANCED_FACE('',(#3206),#3224,.F.);
#3206 = FACE_BOUND('',#3207,.F.);
#3207 = EDGE_LOOP('',(#3208,#3216,#3217,#3218));
#3208 = ORIENTED_EDGE('',*,*,#3209,.F.);
#3209 = EDGE_CURVE('',#3180,#3210,#3212,.T.);
#3210 = VERTEX_POINT('',#3211);
#3211 = CARTESIAN_POINT('',(209.28125,-103.7382995285,-2.5));
#3212 = LINE('',#3213,#3214);
#3213 = CARTESIAN_POINT('',(209.28125,-113.7382995285,-2.5));
#3214 = VECTOR('',#3215,1.);
#3215 = DIRECTION('',(0.,1.,0.));
#3216 = ORIENTED_EDGE('',*,*,#3195,.T.);
#3217 = ORIENTED_EDGE('',*,*,#1275,.F.);
#3218 = ORIENTED_EDGE('',*,*,#3219,.F.);
#3219 = EDGE_CURVE('',#3210,#1268,#3220,.T.);
#3220 = LINE('',#3221,#3222);
#3221 = CARTESIAN_POINT('',(209.28125,-103.7382995285,-2.5));
#3222 = VECTOR('',#3223,1.);
#3223 = DIRECTION('',(0.,0.,-1.));
#3224 = PLANE('',#3225);
#3225 = AXIS2_PLACEMENT_3D('',#3226,#3227,#3228);
#3226 = CARTESIAN_POINT('',(209.28125,-113.7382995285,-2.5));
#3227 = DIRECTION('',(1.,0.,0.));
#3228 = DIRECTION('',(0.,1.,0.));
#3229 = ADVANCED_FACE('',(#3230),#3254,.F.);
#3230 = FACE_BOUND('',#3231,.F.);
#3231 = EDGE_LOOP('',(#3232,#3240,#3241,#3242,#3248));
#3232 = ORIENTED_EDGE('',*,*,#3233,.F.);
#3233 = EDGE_CURVE('',#3210,#3234,#3236,.T.);
#3234 = VERTEX_POINT('',#3235);
#3235 = CARTESIAN_POINT('',(212.28125,-103.7382995285,-2.5));
#3236 = LINE('',#3237,#3238);
#3237 = CARTESIAN_POINT('',(209.28125,-103.7382995285,-2.5));
#3238 = VECTOR('',#3239,1.);
#3239 = DIRECTION('',(1.,0.,0.));
#3240 = ORIENTED_EDGE('',*,*,#3219,.T.);
#3241 = ORIENTED_EDGE('',*,*,#1267,.F.);
#3242 = ORIENTED_EDGE('',*,*,#3243,.F.);
#3243 = EDGE_CURVE('',#1813,#1260,#3244,.T.);
#3244 = LINE('',#3245,#3246);
#3245 = CARTESIAN_POINT('',(212.28125,-103.7382995285,-2.5));
#3246 = VECTOR('',#3247,1.);
#3247 = DIRECTION('',(0.,0.,-1.));
#3248 = ORIENTED_EDGE('',*,*,#3249,.F.);
#3249 = EDGE_CURVE('',#3234,#1813,#3250,.T.);
#3250 = LINE('',#3251,#3252);
#3251 = CARTESIAN_POINT('',(212.28125,-103.7382995285,-2.5));
#3252 = VECTOR('',#3253,1.);
#3253 = DIRECTION('',(0.,0.,-1.));
#3254 = PLANE('',#3255);
#3255 = AXIS2_PLACEMENT_3D('',#3256,#3257,#3258);
#3256 = CARTESIAN_POINT('',(209.28125,-103.7382995285,-2.5));
#3257 = DIRECTION('',(0.,-1.,0.));
#3258 = DIRECTION('',(1.,0.,0.));
#3259 = ADVANCED_FACE('',(#3260),#3271,.T.);
#3260 = FACE_BOUND('',#3261,.T.);
#3261 = EDGE_LOOP('',(#3262,#3263,#3269,#3270));
#3262 = ORIENTED_EDGE('',*,*,#1812,.F.);
#3263 = ORIENTED_EDGE('',*,*,#3264,.T.);
#3264 = EDGE_CURVE('',#1805,#1252,#3265,.T.);
#3265 = LINE('',#3266,#3267);
#3266 = CARTESIAN_POINT('',(212.28125,-47.40254807749,-2.5));
#3267 = VECTOR('',#3268,1.);
#3268 = DIRECTION('',(0.,0.,-1.));
#3269 = ORIENTED_EDGE('',*,*,#1259,.F.);
#3270 = ORIENTED_EDGE('',*,*,#3243,.F.);
#3271 = PLANE('',#3272);
#3272 = AXIS2_PLACEMENT_3D('',#3273,#3274,#3275);
#3273 = CARTESIAN_POINT('',(212.28125,-37.40254807749,-4.));
#3274 = DIRECTION('',(-1.,-0.,-0.));
#3275 = DIRECTION('',(0.,-1.,0.));
#3276 = ADVANCED_FACE('',(#3277),#3303,.F.);
#3277 = FACE_BOUND('',#3278,.F.);
#3278 = EDGE_LOOP('',(#3279,#3289,#3295,#3296,#3297));
#3279 = ORIENTED_EDGE('',*,*,#3280,.F.);
#3280 = EDGE_CURVE('',#3281,#3283,#3285,.T.);
#3281 = VERTEX_POINT('',#3282);
#3282 = CARTESIAN_POINT('',(212.28125,-47.40254807749,-2.5));
#3283 = VERTEX_POINT('',#3284);
#3284 = CARTESIAN_POINT('',(209.28125,-47.40254807749,-2.5));
#3285 = LINE('',#3286,#3287);
#3286 = CARTESIAN_POINT('',(212.28125,-47.40254807749,-2.5));
#3287 = VECTOR('',#3288,1.);
#3288 = DIRECTION('',(-1.,0.,0.));
#3289 = ORIENTED_EDGE('',*,*,#3290,.T.);
#3290 = EDGE_CURVE('',#3281,#1805,#3291,.T.);
#3291 = LINE('',#3292,#3293);
#3292 = CARTESIAN_POINT('',(212.28125,-47.40254807749,-2.5));
#3293 = VECTOR('',#3294,1.);
#3294 = DIRECTION('',(0.,0.,-1.));
#3295 = ORIENTED_EDGE('',*,*,#3264,.T.);
#3296 = ORIENTED_EDGE('',*,*,#1251,.F.);
#3297 = ORIENTED_EDGE('',*,*,#3298,.F.);
#3298 = EDGE_CURVE('',#3283,#1244,#3299,.T.);
#3299 = LINE('',#3300,#3301);
#3300 = CARTESIAN_POINT('',(209.28125,-47.40254807749,-2.5));
#3301 = VECTOR('',#3302,1.);
#3302 = DIRECTION('',(0.,0.,-1.));
#3303 = PLANE('',#3304);
#3304 = AXIS2_PLACEMENT_3D('',#3305,#3306,#3307);
#3305 = CARTESIAN_POINT('',(212.28125,-47.40254807749,-2.5));
#3306 = DIRECTION('',(0.,1.,0.));
#3307 = DIRECTION('',(-1.,0.,0.));
#3308 = ADVANCED_FACE('',(#3309),#3334,.F.);
#3309 = FACE_BOUND('',#3310,.F.);
#3310 = EDGE_LOOP('',(#3311,#3319,#3320,#3321,#3327,#3328));
#3311 = ORIENTED_EDGE('',*,*,#3312,.F.);
#3312 = EDGE_CURVE('',#3283,#3313,#3315,.T.);
#3313 = VERTEX_POINT('',#3314);
#3314 = CARTESIAN_POINT('',(209.28125,-37.40254807749,-2.5));
#3315 = LINE('',#3316,#3317);
#3316 = CARTESIAN_POINT('',(209.28125,-47.40254807749,-2.5));
#3317 = VECTOR('',#3318,1.);
#3318 = DIRECTION('',(0.,1.,0.));
#3319 = ORIENTED_EDGE('',*,*,#3298,.T.);
#3320 = ORIENTED_EDGE('',*,*,#1243,.F.);
#3321 = ORIENTED_EDGE('',*,*,#3322,.T.);
#3322 = EDGE_CURVE('',#1235,#1780,#3323,.T.);
#3323 = LINE('',#3324,#3325);
#3324 = CARTESIAN_POINT('',(209.28125,-42.67926588808,-4.));
#3325 = VECTOR('',#3326,1.);
#3326 = DIRECTION('',(0.,0.,1.));
#3327 = ORIENTED_EDGE('',*,*,#1788,.F.);
#3328 = ORIENTED_EDGE('',*,*,#3329,.F.);
#3329 = EDGE_CURVE('',#3313,#1789,#3330,.T.);
#3330 = LINE('',#3331,#3332);
#3331 = CARTESIAN_POINT('',(209.28125,-37.40254807749,-2.5));
#3332 = VECTOR('',#3333,1.);
#3333 = DIRECTION('',(0.,0.,-1.));
#3334 = PLANE('',#3335);
#3335 = AXIS2_PLACEMENT_3D('',#3336,#3337,#3338);
#3336 = CARTESIAN_POINT('',(209.28125,-47.40254807749,-2.5));
#3337 = DIRECTION('',(1.,0.,0.));
#3338 = DIRECTION('',(0.,1.,0.));
#3339 = ADVANCED_FACE('',(#3340),#3351,.T.);
#3340 = FACE_BOUND('',#3341,.T.);
#3341 = EDGE_LOOP('',(#3342,#3343,#3349,#3350));
#3342 = ORIENTED_EDGE('',*,*,#1779,.F.);
#3343 = ORIENTED_EDGE('',*,*,#3344,.F.);
#3344 = EDGE_CURVE('',#1227,#1772,#3345,.T.);
#3345 = LINE('',#3346,#3347);
#3346 = CARTESIAN_POINT('',(205.01042863032,-34.62129799999,-4.));
#3347 = VECTOR('',#3348,1.);
#3348 = DIRECTION('',(0.,0.,1.));
#3349 = ORIENTED_EDGE('',*,*,#1234,.T.);
#3350 = ORIENTED_EDGE('',*,*,#3322,.T.);
#3351 = CYLINDRICAL_SURFACE('',#3352,5.281250077504);
#3352 = AXIS2_PLACEMENT_3D('',#3353,#3354,#3355);
#3353 = CARTESIAN_POINT('',(209.49999992249,-37.40254807749,-4.));
#3354 = DIRECTION('',(0.,0.,1.));
#3355 = DIRECTION('',(1.,0.,0.));
#3356 = ADVANCED_FACE('',(#3357),#3400,.T.);
#3357 = FACE_BOUND('',#3358,.T.);
#3358 = EDGE_LOOP('',(#3359,#3369,#3375,#3376,#3377,#3378,#3386,#3394));
#3359 = ORIENTED_EDGE('',*,*,#3360,.F.);
#3360 = EDGE_CURVE('',#3361,#3363,#3365,.T.);
#3361 = VERTEX_POINT('',#3362);
#3362 = CARTESIAN_POINT('',(98.567614711977,-34.62129799999,-4.));
#3363 = VERTEX_POINT('',#3364);
#3364 = CARTESIAN_POINT('',(99.362391458338,-34.62129799999,-4.));
#3365 = LINE('',#3366,#3367);
#3366 = CARTESIAN_POINT('',(94.078044370398,-34.62129799999,-4.));
#3367 = VECTOR('',#3368,1.);
#3368 = DIRECTION('',(1.,-6.156044856123E-16,0.));
#3369 = ORIENTED_EDGE('',*,*,#3370,.F.);
#3370 = EDGE_CURVE('',#1218,#3361,#3371,.T.);
#3371 = LINE('',#3372,#3373);
#3372 = CARTESIAN_POINT('',(98.567614711977,-34.62129799999,-4.));
#3373 = VECTOR('',#3374,1.);
#3374 = DIRECTION('',(0.,0.,1.));
#3375 = ORIENTED_EDGE('',*,*,#1226,.F.);
#3376 = ORIENTED_EDGE('',*,*,#3344,.T.);
#3377 = ORIENTED_EDGE('',*,*,#1771,.F.);
#3378 = ORIENTED_EDGE('',*,*,#3379,.T.);
#3379 = EDGE_CURVE('',#1764,#3380,#3382,.T.);
#3380 = VERTEX_POINT('',#3381);
#3381 = CARTESIAN_POINT('',(167.11909522551,-34.62129799999,
    -31.70485602853));
#3382 = LINE('',#3383,#3384);
#3383 = CARTESIAN_POINT('',(155.78504651886,-34.62129799999,
    -43.03890473517));
#3384 = VECTOR('',#3385,1.);
#3385 = DIRECTION('',(-0.707106781187,4.352981063053E-16,-0.707106781187
    ));
#3386 = ORIENTED_EDGE('',*,*,#3387,.T.);
#3387 = EDGE_CURVE('',#3380,#3388,#3390,.T.);
#3388 = VERTEX_POINT('',#3389);
#3389 = CARTESIAN_POINT('',(102.11909522551,-34.62129799999,
    -14.28815852051));
#3390 = LINE('',#3391,#3392);
#3391 = CARTESIAN_POINT('',(97.081874118257,-34.62129799999,
    -12.93843919272));
#3392 = VECTOR('',#3393,1.);
#3393 = DIRECTION('',(-0.965925826289,5.946282714323E-16,0.258819045103)
  );
#3394 = ORIENTED_EDGE('',*,*,#3395,.T.);
#3395 = EDGE_CURVE('',#3388,#3363,#3396,.T.);
#3396 = LINE('',#3397,#3398);
#3397 = CARTESIAN_POINT('',(91.855402521072,-34.62129799999,
    24.016464125737));
#3398 = VECTOR('',#3399,1.);
#3399 = DIRECTION('',(-0.258819045103,1.59330165127E-16,0.965925826289)
  );
#3400 = PLANE('',#3401);
#3401 = AXIS2_PLACEMENT_3D('',#3402,#3403,#3404);
#3402 = CARTESIAN_POINT('',(94.078044370398,-34.62129799999,-4.));
#3403 = DIRECTION('',(-6.156044856123E-16,-1.,-0.));
#3404 = DIRECTION('',(1.,-6.156044856123E-16,0.));
#3405 = ADVANCED_FACE('',(#3406),#3434,.T.);
#3406 = FACE_BOUND('',#3407,.T.);
#3407 = EDGE_LOOP('',(#3408,#3416,#3417,#3418,#3427));
#3408 = ORIENTED_EDGE('',*,*,#3409,.F.);
#3409 = EDGE_CURVE('',#1209,#3410,#3412,.T.);
#3410 = VERTEX_POINT('',#3411);
#3411 = CARTESIAN_POINT('',(91.24506451459,-41.85965411941,-4.));
#3412 = LINE('',#3413,#3414);
#3413 = CARTESIAN_POINT('',(91.24506451459,-41.85965411941,-4.));
#3414 = VECTOR('',#3415,1.);
#3415 = DIRECTION('',(0.,0.,1.));
#3416 = ORIENTED_EDGE('',*,*,#1217,.T.);
#3417 = ORIENTED_EDGE('',*,*,#3370,.T.);
#3418 = ORIENTED_EDGE('',*,*,#3419,.F.);
#3419 = EDGE_CURVE('',#3420,#3361,#3422,.T.);
#3420 = VERTEX_POINT('',#3421);
#3421 = CARTESIAN_POINT('',(99.359292740796,-37.40254637039,-4.));
#3422 = CIRCLE('',#3423,5.281248370398);
#3423 = AXIS2_PLACEMENT_3D('',#3424,#3425,#3426);
#3424 = CARTESIAN_POINT('',(94.078044370398,-37.40254637039,-4.));
#3425 = DIRECTION('',(0.,0.,1.));
#3426 = DIRECTION('',(1.,0.,0.));
#3427 = ORIENTED_EDGE('',*,*,#3428,.F.);
#3428 = EDGE_CURVE('',#3410,#3420,#3429,.T.);
#3429 = CIRCLE('',#3430,5.281248370398);
#3430 = AXIS2_PLACEMENT_3D('',#3431,#3432,#3433);
#3431 = CARTESIAN_POINT('',(94.078044370398,-37.40254637039,-4.));
#3432 = DIRECTION('',(0.,0.,1.));
#3433 = DIRECTION('',(1.,0.,0.));
#3434 = CYLINDRICAL_SURFACE('',#3435,5.281248370398);
#3435 = AXIS2_PLACEMENT_3D('',#3436,#3437,#3438);
#3436 = CARTESIAN_POINT('',(94.078044370398,-37.40254637039,-4.));
#3437 = DIRECTION('',(0.,0.,1.));
#3438 = DIRECTION('',(1.,0.,0.));
#3439 = ADVANCED_FACE('',(#3440),#3459,.T.);
#3440 = FACE_BOUND('',#3441,.F.);
#3441 = EDGE_LOOP('',(#3442,#3451,#3452,#3453));
#3442 = ORIENTED_EDGE('',*,*,#3443,.F.);
#3443 = EDGE_CURVE('',#3410,#3444,#3446,.T.);
#3444 = VERTEX_POINT('',#3445);
#3445 = CARTESIAN_POINT('',(87.783295755767,-44.84374999999,-4.));
#3446 = CIRCLE('',#3447,3.5);
#3447 = AXIS2_PLACEMENT_3D('',#3448,#3449,#3450);
#3448 = CARTESIAN_POINT('',(87.783295755767,-41.34374999999,-4.));
#3449 = DIRECTION('',(0.,-0.,-1.));
#3450 = DIRECTION('',(1.110223024625E-16,-1.,0.));
#3451 = ORIENTED_EDGE('',*,*,#3409,.F.);
#3452 = ORIENTED_EDGE('',*,*,#1208,.F.);
#3453 = ORIENTED_EDGE('',*,*,#3454,.F.);
#3454 = EDGE_CURVE('',#3444,#1201,#3455,.T.);
#3455 = LINE('',#3456,#3457);
#3456 = CARTESIAN_POINT('',(87.783295755767,-44.84374999999,-4.));
#3457 = VECTOR('',#3458,1.);
#3458 = DIRECTION('',(0.,0.,-1.));
#3459 = CYLINDRICAL_SURFACE('',#3460,3.5);
#3460 = AXIS2_PLACEMENT_3D('',#3461,#3462,#3463);
#3461 = CARTESIAN_POINT('',(87.783295755767,-41.34374999999,-4.));
#3462 = DIRECTION('',(0.,0.,1.));
#3463 = DIRECTION('',(1.110223024625E-16,-1.,0.));
#3464 = ADVANCED_FACE('',(#3465),#3483,.T.);
#3465 = FACE_BOUND('',#3466,.T.);
#3466 = EDGE_LOOP('',(#3467,#3475,#3481,#3482));
#3467 = ORIENTED_EDGE('',*,*,#3468,.F.);
#3468 = EDGE_CURVE('',#3469,#3444,#3471,.T.);
#3469 = VERTEX_POINT('',#3470);
#3470 = CARTESIAN_POINT('',(67.150000077504,-44.84374999999,-4.));
#3471 = LINE('',#3472,#3473);
#3472 = CARTESIAN_POINT('',(57.150000077504,-44.84374999999,-4.));
#3473 = VECTOR('',#3474,1.);
#3474 = DIRECTION('',(1.,6.169899892498E-14,0.));
#3475 = ORIENTED_EDGE('',*,*,#3476,.T.);
#3476 = EDGE_CURVE('',#3469,#1193,#3477,.T.);
#3477 = LINE('',#3478,#3479);
#3478 = CARTESIAN_POINT('',(67.150000077504,-44.84374999999,-2.5));
#3479 = VECTOR('',#3480,1.);
#3480 = DIRECTION('',(0.,0.,-1.));
#3481 = ORIENTED_EDGE('',*,*,#1200,.F.);
#3482 = ORIENTED_EDGE('',*,*,#3454,.F.);
#3483 = PLANE('',#3484);
#3484 = AXIS2_PLACEMENT_3D('',#3485,#3486,#3487);
#3485 = CARTESIAN_POINT('',(57.150000077504,-44.84374999999,-4.));
#3486 = DIRECTION('',(6.169899892498E-14,-1.,0.));
#3487 = DIRECTION('',(1.,6.169899892498E-14,0.));
#3488 = ADVANCED_FACE('',(#3489),#3515,.F.);
#3489 = FACE_BOUND('',#3490,.F.);
#3490 = EDGE_LOOP('',(#3491,#3501,#3507,#3508,#3509));
#3491 = ORIENTED_EDGE('',*,*,#3492,.F.);
#3492 = EDGE_CURVE('',#3493,#3495,#3497,.T.);
#3493 = VERTEX_POINT('',#3494);
#3494 = CARTESIAN_POINT('',(67.150000077504,-44.84374999999,-2.5));
#3495 = VERTEX_POINT('',#3496);
#3496 = CARTESIAN_POINT('',(67.150000077504,-47.84374999999,-2.5));
#3497 = LINE('',#3498,#3499);
#3498 = CARTESIAN_POINT('',(67.150000077504,-44.84374999999,-2.5));
#3499 = VECTOR('',#3500,1.);
#3500 = DIRECTION('',(0.,-1.,0.));
#3501 = ORIENTED_EDGE('',*,*,#3502,.T.);
#3502 = EDGE_CURVE('',#3493,#3469,#3503,.T.);
#3503 = LINE('',#3504,#3505);
#3504 = CARTESIAN_POINT('',(67.150000077504,-44.84374999999,-2.5));
#3505 = VECTOR('',#3506,1.);
#3506 = DIRECTION('',(0.,0.,-1.));
#3507 = ORIENTED_EDGE('',*,*,#3476,.T.);
#3508 = ORIENTED_EDGE('',*,*,#1192,.F.);
#3509 = ORIENTED_EDGE('',*,*,#3510,.F.);
#3510 = EDGE_CURVE('',#3495,#1185,#3511,.T.);
#3511 = LINE('',#3512,#3513);
#3512 = CARTESIAN_POINT('',(67.150000077504,-47.84374999999,-2.5));
#3513 = VECTOR('',#3514,1.);
#3514 = DIRECTION('',(0.,0.,-1.));
#3515 = PLANE('',#3516);
#3516 = AXIS2_PLACEMENT_3D('',#3517,#3518,#3519);
#3517 = CARTESIAN_POINT('',(67.150000077504,-44.84374999999,-2.5));
#3518 = DIRECTION('',(-1.,-0.,-0.));
#3519 = DIRECTION('',(0.,-1.,0.));
#3520 = ADVANCED_FACE('',(#3521),#3555,.F.);
#3521 = FACE_BOUND('',#3522,.F.);
#3522 = EDGE_LOOP('',(#3523,#3531,#3532,#3533,#3541,#3549));
#3523 = ORIENTED_EDGE('',*,*,#3524,.F.);
#3524 = EDGE_CURVE('',#3495,#3525,#3527,.T.);
#3525 = VERTEX_POINT('',#3526);
#3526 = CARTESIAN_POINT('',(57.150000077504,-47.84374999999,-2.5));
#3527 = LINE('',#3528,#3529);
#3528 = CARTESIAN_POINT('',(67.150000077504,-47.84374999999,-2.5));
#3529 = VECTOR('',#3530,1.);
#3530 = DIRECTION('',(-1.,0.,0.));
#3531 = ORIENTED_EDGE('',*,*,#3510,.T.);
#3532 = ORIENTED_EDGE('',*,*,#1184,.F.);
#3533 = ORIENTED_EDGE('',*,*,#3534,.T.);
#3534 = EDGE_CURVE('',#1176,#3535,#3537,.T.);
#3535 = VERTEX_POINT('',#3536);
#3536 = CARTESIAN_POINT('',(62.426717888089,-47.84374999999,-4.));
#3537 = LINE('',#3538,#3539);
#3538 = CARTESIAN_POINT('',(62.426717888089,-47.84374999999,-4.));
#3539 = VECTOR('',#3540,1.);
#3540 = DIRECTION('',(0.,0.,1.));
#3541 = ORIENTED_EDGE('',*,*,#3542,.F.);
#3542 = EDGE_CURVE('',#3543,#3535,#3545,.T.);
#3543 = VERTEX_POINT('',#3544);
#3544 = CARTESIAN_POINT('',(57.150000077504,-47.84374999999,-4.));
#3545 = LINE('',#3546,#3547);
#3546 = CARTESIAN_POINT('',(93.727375616593,-47.84374999999,-4.));
#3547 = VECTOR('',#3548,1.);
#3548 = DIRECTION('',(1.,0.,0.));
#3549 = ORIENTED_EDGE('',*,*,#3550,.F.);
#3550 = EDGE_CURVE('',#3525,#3543,#3551,.T.);
#3551 = LINE('',#3552,#3553);
#3552 = CARTESIAN_POINT('',(57.150000077504,-47.84374999999,-2.5));
#3553 = VECTOR('',#3554,1.);
#3554 = DIRECTION('',(0.,0.,-1.));
#3555 = PLANE('',#3556);
#3556 = AXIS2_PLACEMENT_3D('',#3557,#3558,#3559);
#3557 = CARTESIAN_POINT('',(67.150000077504,-47.84374999999,-2.5));
#3558 = DIRECTION('',(0.,1.,0.));
#3559 = DIRECTION('',(-1.,0.,0.));
#3560 = ADVANCED_FACE('',(#3561),#3580,.T.);
#3561 = FACE_BOUND('',#3562,.T.);
#3562 = EDGE_LOOP('',(#3563,#3572,#3578,#3579));
#3563 = ORIENTED_EDGE('',*,*,#3564,.F.);
#3564 = EDGE_CURVE('',#3565,#3535,#3567,.T.);
#3565 = VERTEX_POINT('',#3566);
#3566 = CARTESIAN_POINT('',(54.36875,-52.11457136967,-4.));
#3567 = CIRCLE('',#3568,5.281250077504);
#3568 = AXIS2_PLACEMENT_3D('',#3569,#3570,#3571);
#3569 = CARTESIAN_POINT('',(57.150000077504,-47.6250000775,-4.));
#3570 = DIRECTION('',(0.,0.,1.));
#3571 = DIRECTION('',(1.,0.,0.));
#3572 = ORIENTED_EDGE('',*,*,#3573,.F.);
#3573 = EDGE_CURVE('',#1168,#3565,#3574,.T.);
#3574 = LINE('',#3575,#3576);
#3575 = CARTESIAN_POINT('',(54.36875,-52.11457136967,-4.));
#3576 = VECTOR('',#3577,1.);
#3577 = DIRECTION('',(0.,0.,1.));
#3578 = ORIENTED_EDGE('',*,*,#1175,.T.);
#3579 = ORIENTED_EDGE('',*,*,#3534,.T.);
#3580 = CYLINDRICAL_SURFACE('',#3581,5.281250077504);
#3581 = AXIS2_PLACEMENT_3D('',#3582,#3583,#3584);
#3582 = CARTESIAN_POINT('',(57.150000077504,-47.6250000775,-4.));
#3583 = DIRECTION('',(0.,0.,1.));
#3584 = DIRECTION('',(1.,0.,0.));
#3585 = ADVANCED_FACE('',(#3586),#3604,.T.);
#3586 = FACE_BOUND('',#3587,.T.);
#3587 = EDGE_LOOP('',(#3588,#3596,#3602,#3603));
#3588 = ORIENTED_EDGE('',*,*,#3589,.F.);
#3589 = EDGE_CURVE('',#3590,#3565,#3592,.T.);
#3590 = VERTEX_POINT('',#3591);
#3591 = CARTESIAN_POINT('',(54.36875,-122.9073036302,-4.));
#3592 = LINE('',#3593,#3594);
#3593 = CARTESIAN_POINT('',(54.36875,-127.3968749224,-4.));
#3594 = VECTOR('',#3595,1.);
#3595 = DIRECTION('',(0.,1.,0.));
#3596 = ORIENTED_EDGE('',*,*,#3597,.F.);
#3597 = EDGE_CURVE('',#1159,#3590,#3598,.T.);
#3598 = LINE('',#3599,#3600);
#3599 = CARTESIAN_POINT('',(54.36875,-122.9073036302,-4.));
#3600 = VECTOR('',#3601,1.);
#3601 = DIRECTION('',(0.,0.,1.));
#3602 = ORIENTED_EDGE('',*,*,#1167,.F.);
#3603 = ORIENTED_EDGE('',*,*,#3573,.T.);
#3604 = PLANE('',#3605);
#3605 = AXIS2_PLACEMENT_3D('',#3606,#3607,#3608);
#3606 = CARTESIAN_POINT('',(54.36875,-127.3968749224,-4.));
#3607 = DIRECTION('',(1.,0.,0.));
#3608 = DIRECTION('',(0.,1.,0.));
#3609 = ADVANCED_FACE('',(#3610),#3629,.T.);
#3610 = FACE_BOUND('',#3611,.T.);
#3611 = EDGE_LOOP('',(#3612,#3613,#3614,#3623));
#3612 = ORIENTED_EDGE('',*,*,#1158,.T.);
#3613 = ORIENTED_EDGE('',*,*,#3597,.T.);
#3614 = ORIENTED_EDGE('',*,*,#3615,.F.);
#3615 = EDGE_CURVE('',#3616,#3590,#3618,.T.);
#3616 = VERTEX_POINT('',#3617);
#3617 = CARTESIAN_POINT('',(62.426717888089,-127.1781249999,-4.));
#3618 = CIRCLE('',#3619,5.281250077504);
#3619 = AXIS2_PLACEMENT_3D('',#3620,#3621,#3622);
#3620 = CARTESIAN_POINT('',(57.150000077504,-127.3968749224,-4.));
#3621 = DIRECTION('',(0.,0.,1.));
#3622 = DIRECTION('',(1.,0.,0.));
#3623 = ORIENTED_EDGE('',*,*,#3624,.F.);
#3624 = EDGE_CURVE('',#1151,#3616,#3625,.T.);
#3625 = LINE('',#3626,#3627);
#3626 = CARTESIAN_POINT('',(62.426717888089,-127.1781249999,-4.));
#3627 = VECTOR('',#3628,1.);
#3628 = DIRECTION('',(0.,0.,1.));
#3629 = CYLINDRICAL_SURFACE('',#3630,5.281250077504);
#3630 = AXIS2_PLACEMENT_3D('',#3631,#3632,#3633);
#3631 = CARTESIAN_POINT('',(57.150000077504,-127.3968749224,-4.));
#3632 = DIRECTION('',(0.,0.,1.));
#3633 = DIRECTION('',(1.,0.,0.));
#3634 = ADVANCED_FACE('',(#3635),#3669,.F.);
#3635 = FACE_BOUND('',#3636,.F.);
#3636 = EDGE_LOOP('',(#3637,#3647,#3655,#3661,#3662,#3663));
#3637 = ORIENTED_EDGE('',*,*,#3638,.F.);
#3638 = EDGE_CURVE('',#3639,#3641,#3643,.T.);
#3639 = VERTEX_POINT('',#3640);
#3640 = CARTESIAN_POINT('',(57.150000077504,-127.1781249999,-2.5));
#3641 = VERTEX_POINT('',#3642);
#3642 = CARTESIAN_POINT('',(67.150000077504,-127.1781249999,-2.5));
#3643 = LINE('',#3644,#3645);
#3644 = CARTESIAN_POINT('',(57.150000077504,-127.1781249999,-2.5));
#3645 = VECTOR('',#3646,1.);
#3646 = DIRECTION('',(1.,0.,0.));
#3647 = ORIENTED_EDGE('',*,*,#3648,.T.);
#3648 = EDGE_CURVE('',#3639,#3649,#3651,.T.);
#3649 = VERTEX_POINT('',#3650);
#3650 = CARTESIAN_POINT('',(57.150000077504,-127.1781249999,-4.));
#3651 = LINE('',#3652,#3653);
#3652 = CARTESIAN_POINT('',(57.150000077504,-127.1781249999,-2.5));
#3653 = VECTOR('',#3654,1.);
#3654 = DIRECTION('',(0.,0.,-1.));
#3655 = ORIENTED_EDGE('',*,*,#3656,.F.);
#3656 = EDGE_CURVE('',#3616,#3649,#3657,.T.);
#3657 = LINE('',#3658,#3659);
#3658 = CARTESIAN_POINT('',(88.727375616593,-127.1781249999,-4.));
#3659 = VECTOR('',#3660,1.);
#3660 = DIRECTION('',(-1.,0.,0.));
#3661 = ORIENTED_EDGE('',*,*,#3624,.F.);
#3662 = ORIENTED_EDGE('',*,*,#1150,.F.);
#3663 = ORIENTED_EDGE('',*,*,#3664,.F.);
#3664 = EDGE_CURVE('',#3641,#1143,#3665,.T.);
#3665 = LINE('',#3666,#3667);
#3666 = CARTESIAN_POINT('',(67.150000077504,-127.1781249999,-2.5));
#3667 = VECTOR('',#3668,1.);
#3668 = DIRECTION('',(0.,0.,-1.));
#3669 = PLANE('',#3670);
#3670 = AXIS2_PLACEMENT_3D('',#3671,#3672,#3673);
#3671 = CARTESIAN_POINT('',(57.150000077504,-127.1781249999,-2.5));
#3672 = DIRECTION('',(0.,-1.,0.));
#3673 = DIRECTION('',(1.,0.,0.));
#3674 = ADVANCED_FACE('',(#3675),#3694,.F.);
#3675 = FACE_BOUND('',#3676,.F.);
#3676 = EDGE_LOOP('',(#3677,#3685,#3686,#3687,#3688));
#3677 = ORIENTED_EDGE('',*,*,#3678,.F.);
#3678 = EDGE_CURVE('',#3641,#3679,#3681,.T.);
#3679 = VERTEX_POINT('',#3680);
#3680 = CARTESIAN_POINT('',(67.150000077504,-130.1781249999,-2.5));
#3681 = LINE('',#3682,#3683);
#3682 = CARTESIAN_POINT('',(67.150000077504,-127.1781249999,-2.5));
#3683 = VECTOR('',#3684,1.);
#3684 = DIRECTION('',(0.,-1.,0.));
#3685 = ORIENTED_EDGE('',*,*,#3664,.T.);
#3686 = ORIENTED_EDGE('',*,*,#1142,.F.);
#3687 = ORIENTED_EDGE('',*,*,#3024,.F.);
#3688 = ORIENTED_EDGE('',*,*,#3689,.F.);
#3689 = EDGE_CURVE('',#3679,#3003,#3690,.T.);
#3690 = LINE('',#3691,#3692);
#3691 = CARTESIAN_POINT('',(67.150000077504,-130.1781249999,-2.5));
#3692 = VECTOR('',#3693,1.);
#3693 = DIRECTION('',(0.,0.,-1.));
#3694 = PLANE('',#3695);
#3695 = AXIS2_PLACEMENT_3D('',#3696,#3697,#3698);
#3696 = CARTESIAN_POINT('',(67.150000077504,-127.1781249999,-2.5));
#3697 = DIRECTION('',(-1.,-0.,-0.));
#3698 = DIRECTION('',(0.,-1.,0.));
#3699 = ADVANCED_FACE('',(#3700),#3710,.F.);
#3700 = FACE_BOUND('',#3701,.F.);
#3701 = EDGE_LOOP('',(#3702,#3703,#3704,#3709));
#3702 = ORIENTED_EDGE('',*,*,#1428,.T.);
#3703 = ORIENTED_EDGE('',*,*,#1494,.T.);
#3704 = ORIENTED_EDGE('',*,*,#3705,.F.);
#3705 = EDGE_CURVE('',#1609,#1485,#3706,.T.);
#3706 = B_SPLINE_CURVE_WITH_KNOTS('',1,(#3707,#3708),.UNSPECIFIED.,.F.,
  .F.,(2,2),(0.,2.131612490385E-02),.PIECEWISE_BEZIER_KNOTS.);
#3707 = CARTESIAN_POINT('',(129.907737207,-146.4646928295,
    -21.73410269821));
#3708 = CARTESIAN_POINT('',(129.78164869477,-146.9656238244,
    -22.2179545532));
#3709 = ORIENTED_EDGE('',*,*,#1633,.F.);
#3710 = B_SPLINE_SURFACE_WITH_KNOTS('',1,3,(
    (#3711,#3712,#3713,#3714)
    ,(#3715,#3716,#3717,#3718
    )),.UNSPECIFIED.,.F.,.F.,.F.,(2,2),(4,4),(0.,2.131612490385E-02),(
    39.64119922234,39.662515347244),.PIECEWISE_BEZIER_KNOTS.);
#3711 = CARTESIAN_POINT('',(129.92854030505,-146.4645476038,
    -21.73967687153));
#3712 = CARTESIAN_POINT('',(129.92160592804,-146.4645951511,
    -21.73781881081));
#3713 = CARTESIAN_POINT('',(129.91467156194,-146.4646435597,
    -21.73596075301));
#3714 = CARTESIAN_POINT('',(129.907737207,-146.4646928295,
    -21.73410269821));
#3715 = CARTESIAN_POINT('',(129.8023359999,-146.965524427,
    -22.22349760993));
#3716 = CARTESIAN_POINT('',(129.79544043154,-146.9655860905,
    -22.22164991854));
#3717 = CARTESIAN_POINT('',(129.78854466922,-146.9656192234,
    -22.21980223732));
#3718 = CARTESIAN_POINT('',(129.78164869477,-146.9656238244,
    -22.2179545532));
#3719 = ADVANCED_FACE('',(#3720),#3755,.T.);
#3720 = FACE_BOUND('',#3721,.F.);
#3721 = EDGE_LOOP('',(#3722,#3730,#3753,#3754));
#3722 = ORIENTED_EDGE('',*,*,#3723,.F.);
#3723 = EDGE_CURVE('',#3724,#2879,#3726,.T.);
#3724 = VERTEX_POINT('',#3725);
#3725 = CARTESIAN_POINT('',(124.49687499999,-141.6843749224,
    -20.78426653948));
#3726 = LINE('',#3727,#3728);
#3727 = CARTESIAN_POINT('',(124.49687499999,-141.6843749224,-4.));
#3728 = VECTOR('',#3729,1.);
#3729 = DIRECTION('',(0.,0.,-1.));
#3730 = ORIENTED_EDGE('',*,*,#3731,.F.);
#3731 = EDGE_CURVE('',#1485,#3724,#3732,.T.);
#3732 = B_SPLINE_CURVE_WITH_KNOTS('',7,(#3733,#3734,#3735,#3736,#3737,
    #3738,#3739,#3740,#3741,#3742,#3743,#3744,#3745,#3746,#3747,#3748,
    #3749,#3750,#3751,#3752),.UNSPECIFIED.,.F.,.F.,(8,6,6,8),(
    39.662515347242,39.774536841364,39.795852866451,48.347210965916),
  .UNSPECIFIED.);
#3733 = CARTESIAN_POINT('',(129.78164869477,-146.9656238244,
    -22.21795455321));
#3734 = CARTESIAN_POINT('',(129.76611724621,-146.9656341869,
    -22.21379310929));
#3735 = CARTESIAN_POINT('',(129.75058536784,-146.965591267,
    -22.20963170659));
#3736 = CARTESIAN_POINT('',(129.73505305243,-146.9654950527,
    -22.20547021004));
#3737 = CARTESIAN_POINT('',(129.71952029275,-146.9653455321,
    -22.20130848458));
#3738 = CARTESIAN_POINT('',(129.70398708157,-146.9651426933,
    -22.19714639514));
#3739 = CARTESIAN_POINT('',(129.68845341165,-146.9648865243,
    -22.19298380665));
#3740 = CARTESIAN_POINT('',(129.66996336062,-146.9645181179,
    -22.18802838467));
#3741 = CARTESIAN_POINT('',(129.66700924338,-146.9644573269,
    -22.18723664617));
#3742 = CARTESIAN_POINT('',(129.66405495974,-146.9643946059,
    -22.18644485773));
#3743 = CARTESIAN_POINT('',(129.66110037892,-146.9643299475,
    -22.18565297752));
#3744 = CARTESIAN_POINT('',(129.6581463013,-146.9642633697,
    -22.1848612213));
#3745 = CARTESIAN_POINT('',(129.65519303341,-146.9641948841,
    -22.18406968089));
#3746 = CARTESIAN_POINT('',(128.46694321621,-146.9358630905,
    -21.86558767958));
#3747 = CARTESIAN_POINT('',(127.29634154071,-146.5973550298,
    -21.54976134216));
#3748 = CARTESIAN_POINT('',(126.23693243417,-145.9575551285,
    -21.2618623146));
#3749 = CARTESIAN_POINT('',(125.38169022217,-145.063498099,
    -21.02750652086));
#3750 = CARTESIAN_POINT('',(124.79186399041,-143.9954818029,
    -20.86537028243));
#3751 = CARTESIAN_POINT('',(124.49687499999,-142.8399061404,
    -20.78426653948));
#3752 = CARTESIAN_POINT('',(124.49687499999,-141.6843749224,
    -20.78426653948));
#3753 = ORIENTED_EDGE('',*,*,#1484,.T.);
#3754 = ORIENTED_EDGE('',*,*,#2886,.F.);
#3755 = CYLINDRICAL_SURFACE('',#3756,5.281250077504);
#3756 = AXIS2_PLACEMENT_3D('',#3757,#3758,#3759);
#3757 = CARTESIAN_POINT('',(129.7781250775,-141.6843749224,-4.));
#3758 = DIRECTION('',(0.,0.,1.));
#3759 = DIRECTION('',(-3.254771097083E-08,-1.,0.));
#3760 = ADVANCED_FACE('',(#3761),#3771,.F.);
#3761 = FACE_BOUND('',#3762,.F.);
#3762 = EDGE_LOOP('',(#3763,#3764,#3765,#3770));
#3763 = ORIENTED_EDGE('',*,*,#3705,.T.);
#3764 = ORIENTED_EDGE('',*,*,#3731,.T.);
#3765 = ORIENTED_EDGE('',*,*,#3766,.F.);
#3766 = EDGE_CURVE('',#1601,#3724,#3767,.T.);
#3767 = B_SPLINE_CURVE_WITH_KNOTS('',1,(#3768,#3769),.UNSPECIFIED.,.F.,
  .F.,(2,2),(0.,8.684695618674),.PIECEWISE_BEZIER_KNOTS.);
#3768 = CARTESIAN_POINT('',(124.97983791314,-141.6843749224,
    -20.41367606203));
#3769 = CARTESIAN_POINT('',(124.49687499999,-141.6843749224,
    -20.78426653948));
#3770 = ORIENTED_EDGE('',*,*,#1608,.F.);
#3771 = B_SPLINE_SURFACE_WITH_KNOTS('',1,7,(
    (#3772,#3773,#3774,#3775,#3776,#3777,#3778,#3779,#3780,#3781,#3782
      ,#3783,#3784,#3785,#3786,#3787,#3788,#3789,#3790,#3791)
    ,(#3792,#3793,#3794,#3795,#3796,#3797,#3798,#3799,#3800,#3801,#3802
      ,#3803,#3804,#3805,#3806,#3807,#3808,#3809,#3810,#3811
  )),.UNSPECIFIED.,.F.,.F.,.F.,(2,2),(8,6,6,8),(0.,8.684695618674),(
    39.662515347242,39.774536841364,39.795852866451,48.347210965916),
  .UNSPECIFIED.);
#3772 = CARTESIAN_POINT('',(129.90773720701,-146.4646928295,
    -21.73410269821));
#3773 = CARTESIAN_POINT('',(129.89211931603,-146.4648037973,
    -21.72991789693));
#3774 = CARTESIAN_POINT('',(129.87650146911,-146.4649181628,
    -21.72573310746));
#3775 = CARTESIAN_POINT('',(129.86088366727,-146.4650359249,
    -21.72154833007));
#3776 = CARTESIAN_POINT('',(129.84526591159,-146.4651570829,
    -21.71736356505));
#3777 = CARTESIAN_POINT('',(129.82964820312,-146.4652816358,
    -21.71317881268));
#3778 = CARTESIAN_POINT('',(129.81403054293,-146.4654095827,
    -21.70899407324));
#3779 = CARTESIAN_POINT('',(129.79544113287,-146.4655659148,
    -21.70401305583));
#3780 = CARTESIAN_POINT('',(129.79341321063,-146.4655825124,
    -21.7034696757));
#3781 = CARTESIAN_POINT('',(129.79101921733,-146.4655972986,
    -21.70282820713));
#3782 = CARTESIAN_POINT('',(129.78846937235,-146.465609506,
    -21.70214497823));
#3783 = CARTESIAN_POINT('',(129.78613700954,-146.4656174295,
    -21.7015200235));
#3784 = CARTESIAN_POINT('',(129.78390429271,-146.465621501,
    -21.70092176883));
#3785 = CARTESIAN_POINT('',(128.70062090653,-146.4666385784,
    -21.41065686032));
#3786 = CARTESIAN_POINT('',(127.61935973081,-146.1838551692,
    -21.12093380148));
#3787 = CARTESIAN_POINT('',(126.62863780532,-145.6185245399,
    -20.85547066162));
#3788 = CARTESIAN_POINT('',(125.81991784228,-144.8065028912,
    -20.63877480062));
#3789 = CARTESIAN_POINT('',(125.25996890914,-143.8232146069,
    -20.48873693619));
#3790 = CARTESIAN_POINT('',(124.97983791314,-142.7537760807,
    -20.41367606203));
#3791 = CARTESIAN_POINT('',(124.97983791314,-141.6843749224,
    -20.41367606203));
#3792 = CARTESIAN_POINT('',(129.78164869477,-146.9656238244,
    -22.21795455321));
#3793 = CARTESIAN_POINT('',(129.76611724621,-146.9656341869,
    -22.21379310929));
#3794 = CARTESIAN_POINT('',(129.75058536784,-146.965591267,
    -22.20963170659));
#3795 = CARTESIAN_POINT('',(129.73505305243,-146.9654950527,
    -22.20547021004));
#3796 = CARTESIAN_POINT('',(129.71952029275,-146.9653455321,
    -22.20130848458));
#3797 = CARTESIAN_POINT('',(129.70398708157,-146.9651426933,
    -22.19714639514));
#3798 = CARTESIAN_POINT('',(129.68845341165,-146.9648865243,
    -22.19298380665));
#3799 = CARTESIAN_POINT('',(129.66996336062,-146.9645181179,
    -22.18802838467));
#3800 = CARTESIAN_POINT('',(129.66700924338,-146.9644573269,
    -22.18723664617));
#3801 = CARTESIAN_POINT('',(129.66405495974,-146.9643946059,
    -22.18644485773));
#3802 = CARTESIAN_POINT('',(129.66110037892,-146.9643299475,
    -22.18565297752));
#3803 = CARTESIAN_POINT('',(129.6581463013,-146.9642633697,
    -22.1848612213));
#3804 = CARTESIAN_POINT('',(129.65519303341,-146.9641948841,
    -22.18406968089));
#3805 = CARTESIAN_POINT('',(128.46694321621,-146.9358630905,
    -21.86558767958));
#3806 = CARTESIAN_POINT('',(127.29634154071,-146.5973550298,
    -21.54976134216));
#3807 = CARTESIAN_POINT('',(126.23693243417,-145.9575551285,
    -21.2618623146));
#3808 = CARTESIAN_POINT('',(125.38169022217,-145.063498099,
    -21.02750652086));
#3809 = CARTESIAN_POINT('',(124.79186399041,-143.9954818029,
    -20.86537028243));
#3810 = CARTESIAN_POINT('',(124.49687499999,-142.8399061404,
    -20.78426653948));
#3811 = CARTESIAN_POINT('',(124.49687499999,-141.6843749224,
    -20.78426653948));
#3812 = ADVANCED_FACE('',(#3813),#3831,.F.);
#3813 = FACE_BOUND('',#3814,.T.);
#3814 = EDGE_LOOP('',(#3815,#3816,#3817,#3825));
#3815 = ORIENTED_EDGE('',*,*,#3766,.F.);
#3816 = ORIENTED_EDGE('',*,*,#1600,.T.);
#3817 = ORIENTED_EDGE('',*,*,#3818,.T.);
#3818 = EDGE_CURVE('',#1587,#3819,#3821,.T.);
#3819 = VERTEX_POINT('',#3820);
#3820 = CARTESIAN_POINT('',(124.49687499999,-133.6781249999,
    -20.78426653948));
#3821 = LINE('',#3822,#3823);
#3822 = CARTESIAN_POINT('',(124.73835645656,-133.6781249999,
    -20.59897130076));
#3823 = VECTOR('',#3824,1.);
#3824 = DIRECTION('',(-0.793353340291,-1.321359266985E-13,
    -0.608761429009));
#3825 = ORIENTED_EDGE('',*,*,#3826,.F.);
#3826 = EDGE_CURVE('',#3724,#3819,#3827,.T.);
#3827 = LINE('',#3828,#3829);
#3828 = CARTESIAN_POINT('',(124.49687499999,-141.6843749224,
    -20.78426653948));
#3829 = VECTOR('',#3830,1.);
#3830 = DIRECTION('',(-2.094464790189E-13,1.,5.589897030574E-14));
#3831 = PLANE('',#3832);
#3832 = AXIS2_PLACEMENT_3D('',#3833,#3834,#3835);
#3833 = CARTESIAN_POINT('',(124.73835645656,-141.6843749224,
    -20.59897130076));
#3834 = DIRECTION('',(0.608761429009,1.717016948307E-13,-0.793353340291)
  );
#3835 = DIRECTION('',(2.093558479271E-13,-1.,-5.578085756728E-14));
#3836 = ADVANCED_FACE('',(#3837),#3860,.F.);
#3837 = FACE_BOUND('',#3838,.F.);
#3838 = EDGE_LOOP('',(#3839,#3840,#3854,#3859));
#3839 = ORIENTED_EDGE('',*,*,#3818,.T.);
#3840 = ORIENTED_EDGE('',*,*,#3841,.T.);
#3841 = EDGE_CURVE('',#3819,#3842,#3844,.T.);
#3842 = VERTEX_POINT('',#3843);
#3843 = CARTESIAN_POINT('',(123.49687499999,-132.6781249999,
    -20.53395543725));
#3844 = B_SPLINE_CURVE_WITH_KNOTS('',8,(#3845,#3846,#3847,#3848,#3849,
    #3850,#3851,#3852,#3853),.UNSPECIFIED.,.F.,.F.,(9,9),(
    56.353460888934,57.817756913732),.PIECEWISE_BEZIER_KNOTS.);
#3845 = CARTESIAN_POINT('',(124.49687499999,-133.6781249999,
    -20.78426653948));
#3846 = CARTESIAN_POINT('',(124.49687499999,-133.4738651451,
    -20.78426653948));
#3847 = CARTESIAN_POINT('',(124.4491524169,-133.2640547502,
    -20.77309956559));
#3848 = CARTESIAN_POINT('',(124.34950468822,-133.0660231269,
    -20.75032368089));
#3849 = CARTESIAN_POINT('',(124.20155894242,-132.8964347911,
    -20.72022077753));
#3850 = CARTESIAN_POINT('',(124.02196995976,-132.7838098452,
    -20.67483094134));
#3851 = CARTESIAN_POINT('',(123.84971849175,-132.7146977693,
    -20.62843558974));
#3852 = CARTESIAN_POINT('',(123.67548857593,-132.6781249999,
    -20.58181480068));
#3853 = CARTESIAN_POINT('',(123.49687499999,-132.6781249999,
    -20.53395543725));
#3854 = ORIENTED_EDGE('',*,*,#3855,.F.);
#3855 = EDGE_CURVE('',#1579,#3842,#3856,.T.);
#3856 = B_SPLINE_CURVE_WITH_KNOTS('',1,(#3857,#3858),.UNSPECIFIED.,.F.,
  .F.,(2,2),(0.,1.464296024798),.PIECEWISE_BEZIER_KNOTS.);
#3857 = CARTESIAN_POINT('',(123.62734475479,-132.1781262047,
    -20.05127661248));
#3858 = CARTESIAN_POINT('',(123.49687499999,-132.6781249999,
    -20.53395543725));
#3859 = ORIENTED_EDGE('',*,*,#1586,.F.);
#3860 = B_SPLINE_SURFACE_WITH_KNOTS('',1,8,(
    (#3861,#3862,#3863,#3864,#3865,#3866,#3867,#3868,#3869)
    ,(#3870,#3871,#3872,#3873,#3874,#3875,#3876,#3877,#3878
  )),.UNSPECIFIED.,.F.,.F.,.F.,(2,2),(9,9),(0.,1.464296024798),(
    56.353460888934,57.817756913732),.PIECEWISE_BEZIER_KNOTS.);
#3861 = CARTESIAN_POINT('',(124.97983791313,-133.6781249999,
    -20.41367606203));
#3862 = CARTESIAN_POINT('',(124.97983791313,-133.4047568512,
    -20.41367606203));
#3863 = CARTESIAN_POINT('',(124.92341517088,-133.1317193475,
    -20.39855763381));
#3864 = CARTESIAN_POINT('',(124.81720127111,-132.8701706486,
    -20.37009770514));
#3865 = CARTESIAN_POINT('',(124.65953388302,-132.6303754716,
    -20.32785085583));
#3866 = CARTESIAN_POINT('',(124.46108396835,-132.4234855889,
    -20.27467636146));
#3867 = CARTESIAN_POINT('',(124.20794046971,-132.2618156945,
    -20.20684676543));
#3868 = CARTESIAN_POINT('',(123.92081819249,-132.1787931855,
    -20.12991258312));
#3869 = CARTESIAN_POINT('',(123.62734475479,-132.1781262047,
    -20.05127661248));
#3870 = CARTESIAN_POINT('',(124.49687499999,-133.6781249999,
    -20.78426653948));
#3871 = CARTESIAN_POINT('',(124.49687499999,-133.4738651451,
    -20.78426653948));
#3872 = CARTESIAN_POINT('',(124.4491524169,-133.2640547502,
    -20.77309956559));
#3873 = CARTESIAN_POINT('',(124.34950468822,-133.0660231269,
    -20.75032368089));
#3874 = CARTESIAN_POINT('',(124.20155894242,-132.8964347911,
    -20.72022077753));
#3875 = CARTESIAN_POINT('',(124.02196995976,-132.7838098452,
    -20.67483094134));
#3876 = CARTESIAN_POINT('',(123.84971849175,-132.7146977693,
    -20.62843558974));
#3877 = CARTESIAN_POINT('',(123.67548857593,-132.6781249999,
    -20.58181480068));
#3878 = CARTESIAN_POINT('',(123.49687499999,-132.6781249999,
    -20.53395543725));
#3879 = ADVANCED_FACE('',(#3880),#3898,.F.);
#3880 = FACE_BOUND('',#3881,.T.);
#3881 = EDGE_LOOP('',(#3882,#3883,#3884,#3892));
#3882 = ORIENTED_EDGE('',*,*,#3855,.F.);
#3883 = ORIENTED_EDGE('',*,*,#1578,.T.);
#3884 = ORIENTED_EDGE('',*,*,#3885,.T.);
#3885 = EDGE_CURVE('',#1571,#3886,#3888,.T.);
#3886 = VERTEX_POINT('',#3887);
#3887 = CARTESIAN_POINT('',(101.71084693504,-132.6781249999,
    -14.69640681097));
#3888 = LINE('',#3889,#3890);
#3889 = CARTESIAN_POINT('',(105.25571391549,-128.3365673459,
    -11.15153983052));
#3890 = VECTOR('',#3891,1.);
#3891 = DIRECTION('',(-0.534522483825,-0.654653670708,-0.534522483825));
#3892 = ORIENTED_EDGE('',*,*,#3893,.F.);
#3893 = EDGE_CURVE('',#3842,#3886,#3894,.T.);
#3894 = LINE('',#3895,#3896);
#3895 = CARTESIAN_POINT('',(123.36746547744,-132.6781249999,
    -20.49928026019));
#3896 = VECTOR('',#3897,1.);
#3897 = DIRECTION('',(-0.965925826289,1.309211997687E-12,0.258819045103)
  );
#3898 = PLANE('',#3899);
#3899 = AXIS2_PLACEMENT_3D('',#3900,#3901,#3902);
#3900 = CARTESIAN_POINT('',(123.43217023872,-132.4281249999,
    -20.25779880362));
#3901 = DIRECTION('',(-0.183012701891,0.707106781187,-0.683012701892));
#3902 = DIRECTION('',(0.965925826289,-1.308183037543E-12,-0.258819045103
    ));
#3903 = ADVANCED_FACE('',(#3904),#3922,.T.);
#3904 = FACE_BOUND('',#3905,.T.);
#3905 = EDGE_LOOP('',(#3906,#3914,#3920,#3921));
#3906 = ORIENTED_EDGE('',*,*,#3907,.F.);
#3907 = EDGE_CURVE('',#3908,#3001,#3910,.T.);
#3908 = VERTEX_POINT('',#3909);
#3909 = CARTESIAN_POINT('',(99.362391458338,-132.1781249999,-4.));
#3910 = LINE('',#3911,#3912);
#3911 = CARTESIAN_POINT('',(99.362391458338,-44.68344092948,-4.));
#3912 = VECTOR('',#3913,1.);
#3913 = DIRECTION('',(-5.949667257335E-17,1.,0.));
#3914 = ORIENTED_EDGE('',*,*,#3915,.T.);
#3915 = EDGE_CURVE('',#3908,#1571,#3916,.T.);
#3916 = LINE('',#3917,#3918);
#3917 = CARTESIAN_POINT('',(99.362391458338,-132.1781249999,-4.));
#3918 = VECTOR('',#3919,1.);
#3919 = DIRECTION('',(0.258819045103,-3.508022975014E-13,-0.965925826289
    ));
#3920 = ORIENTED_EDGE('',*,*,#1570,.F.);
#3921 = ORIENTED_EDGE('',*,*,#3010,.F.);
#3922 = PLANE('',#3923);
#3923 = AXIS2_PLACEMENT_3D('',#3924,#3925,#3926);
#3924 = CARTESIAN_POINT('',(84.70239771749,1.126029080633E-14,
    50.711841479489));
#3925 = DIRECTION('',(0.965925826289,5.746937261686E-17,0.258819045103)
  );
#3926 = DIRECTION('',(0.258819045103,-2.144786184852E-16,-0.965925826289
    ));
#3927 = ADVANCED_FACE('',(#3928),#3939,.F.);
#3928 = FACE_BOUND('',#3929,.F.);
#3929 = EDGE_LOOP('',(#3930,#3931,#3932,#3938));
#3930 = ORIENTED_EDGE('',*,*,#1694,.F.);
#3931 = ORIENTED_EDGE('',*,*,#1730,.F.);
#3932 = ORIENTED_EDGE('',*,*,#3933,.T.);
#3933 = EDGE_CURVE('',#1731,#1911,#3934,.T.);
#3934 = LINE('',#3935,#3936);
#3935 = CARTESIAN_POINT('',(214.78125,-37.40254807749,-4.));
#3936 = VECTOR('',#3937,1.);
#3937 = DIRECTION('',(0.,0.,-1.));
#3938 = ORIENTED_EDGE('',*,*,#2592,.F.);
#3939 = PLANE('',#3940);
#3940 = AXIS2_PLACEMENT_3D('',#3941,#3942,#3943);
#3941 = CARTESIAN_POINT('',(214.78125,-37.40254807749,-4.));
#3942 = DIRECTION('',(-1.,-0.,-0.));
#3943 = DIRECTION('',(0.,-1.,0.));
#3944 = ADVANCED_FACE('',(#3945),#3956,.F.);
#3945 = FACE_BOUND('',#3946,.F.);
#3946 = EDGE_LOOP('',(#3947,#3953,#3954,#3955));
#3947 = ORIENTED_EDGE('',*,*,#3948,.F.);
#3948 = EDGE_CURVE('',#3234,#3178,#3949,.T.);
#3949 = LINE('',#3950,#3951);
#3950 = CARTESIAN_POINT('',(212.28125,-103.7382995285,-2.5));
#3951 = VECTOR('',#3952,1.);
#3952 = DIRECTION('',(0.,-1.,0.));
#3953 = ORIENTED_EDGE('',*,*,#3249,.T.);
#3954 = ORIENTED_EDGE('',*,*,#1820,.T.);
#3955 = ORIENTED_EDGE('',*,*,#3187,.F.);
#3956 = PLANE('',#3957);
#3957 = AXIS2_PLACEMENT_3D('',#3958,#3959,#3960);
#3958 = CARTESIAN_POINT('',(212.28125,-103.7382995285,-2.5));
#3959 = DIRECTION('',(-1.,-0.,-0.));
#3960 = DIRECTION('',(0.,-1.,0.));
#3961 = ADVANCED_FACE('',(#3962),#3973,.T.);
#3962 = FACE_BOUND('',#3963,.F.);
#3963 = EDGE_LOOP('',(#3964,#3965,#3966,#3972));
#3964 = ORIENTED_EDGE('',*,*,#3933,.F.);
#3965 = ORIENTED_EDGE('',*,*,#1738,.F.);
#3966 = ORIENTED_EDGE('',*,*,#3967,.T.);
#3967 = EDGE_CURVE('',#1739,#1880,#3968,.T.);
#3968 = LINE('',#3969,#3970);
#3969 = CARTESIAN_POINT('',(209.49999992249,-32.12129799999,-4.));
#3970 = VECTOR('',#3971,1.);
#3971 = DIRECTION('',(0.,0.,-1.));
#3972 = ORIENTED_EDGE('',*,*,#1918,.F.);
#3973 = CYLINDRICAL_SURFACE('',#3974,5.281250077504);
#3974 = AXIS2_PLACEMENT_3D('',#3975,#3976,#3977);
#3975 = CARTESIAN_POINT('',(209.49999992249,-37.40254807749,-4.));
#3976 = DIRECTION('',(0.,0.,1.));
#3977 = DIRECTION('',(1.,0.,0.));
#3978 = ADVANCED_FACE('',(#3979),#3997,.F.);
#3979 = FACE_BOUND('',#3980,.F.);
#3980 = EDGE_LOOP('',(#3981,#3989,#3995,#3996));
#3981 = ORIENTED_EDGE('',*,*,#3982,.F.);
#3982 = EDGE_CURVE('',#3983,#3281,#3985,.T.);
#3983 = VERTEX_POINT('',#3984);
#3984 = CARTESIAN_POINT('',(212.28125,-37.40254807749,-2.5));
#3985 = LINE('',#3986,#3987);
#3986 = CARTESIAN_POINT('',(212.28125,-37.40254807749,-2.5));
#3987 = VECTOR('',#3988,1.);
#3988 = DIRECTION('',(0.,-1.,0.));
#3989 = ORIENTED_EDGE('',*,*,#3990,.T.);
#3990 = EDGE_CURVE('',#3983,#1797,#3991,.T.);
#3991 = LINE('',#3992,#3993);
#3992 = CARTESIAN_POINT('',(212.28125,-37.40254807749,-2.5));
#3993 = VECTOR('',#3994,1.);
#3994 = DIRECTION('',(0.,0.,-1.));
#3995 = ORIENTED_EDGE('',*,*,#1804,.T.);
#3996 = ORIENTED_EDGE('',*,*,#3290,.F.);
#3997 = PLANE('',#3998);
#3998 = AXIS2_PLACEMENT_3D('',#3999,#4000,#4001);
#3999 = CARTESIAN_POINT('',(212.28125,-37.40254807749,-2.5));
#4000 = DIRECTION('',(-1.,-0.,-0.));
#4001 = DIRECTION('',(0.,-1.,0.));
#4002 = ADVANCED_FACE('',(#4003),#4054,.F.);
#4003 = FACE_BOUND('',#4004,.F.);
#4004 = EDGE_LOOP('',(#4005,#4015,#4023,#4029,#4030,#4031,#4032,#4040,
    #4048));
#4005 = ORIENTED_EDGE('',*,*,#4006,.T.);
#4006 = EDGE_CURVE('',#4007,#4009,#4011,.T.);
#4007 = VERTEX_POINT('',#4008);
#4008 = CARTESIAN_POINT('',(102.11909522551,-32.12129799999,
    -14.28815852051));
#4009 = VERTEX_POINT('',#4010);
#4010 = CARTESIAN_POINT('',(99.496366054554,-32.12129799999,-4.5));
#4011 = LINE('',#4012,#4013);
#4012 = CARTESIAN_POINT('',(91.855402521072,-32.12129799999,
    24.016464125737));
#4013 = VECTOR('',#4014,1.);
#4014 = DIRECTION('',(-0.258819045103,1.59330165127E-16,0.965925826289)
  );
#4015 = ORIENTED_EDGE('',*,*,#4016,.F.);
#4016 = EDGE_CURVE('',#4017,#4009,#4019,.T.);
#4017 = VERTEX_POINT('',#4018);
#4018 = CARTESIAN_POINT('',(94.078044370398,-32.12129799999,-4.5));
#4019 = LINE('',#4020,#4021);
#4020 = CARTESIAN_POINT('',(94.078044370398,-32.12129799999,-4.5));
#4021 = VECTOR('',#4022,1.);
#4022 = DIRECTION('',(1.,-6.156044856123E-16,0.));
#4023 = ORIENTED_EDGE('',*,*,#4024,.T.);
#4024 = EDGE_CURVE('',#4017,#1889,#4025,.T.);
#4025 = LINE('',#4026,#4027);
#4026 = CARTESIAN_POINT('',(94.078044370398,-32.12129799999,-4.));
#4027 = VECTOR('',#4028,1.);
#4028 = DIRECTION('',(0.,0.,-1.));
#4029 = ORIENTED_EDGE('',*,*,#1896,.F.);
#4030 = ORIENTED_EDGE('',*,*,#3967,.F.);
#4031 = ORIENTED_EDGE('',*,*,#1747,.F.);
#4032 = ORIENTED_EDGE('',*,*,#4033,.T.);
#4033 = EDGE_CURVE('',#1748,#4034,#4036,.T.);
#4034 = VERTEX_POINT('',#4035);
#4035 = CARTESIAN_POINT('',(167.26852447087,-32.12129799999,
    -32.26253356435));
#4036 = LINE('',#4037,#4038);
#4037 = CARTESIAN_POINT('',(195.17750464464,-32.12129799999,
    -4.353553390593));
#4038 = VECTOR('',#4039,1.);
#4039 = DIRECTION('',(-0.707106781187,4.352981063053E-16,-0.707106781187
    ));
#4040 = ORIENTED_EDGE('',*,*,#4041,.T.);
#4041 = EDGE_CURVE('',#4034,#4042,#4044,.T.);
#4042 = VERTEX_POINT('',#4043);
#4043 = CARTESIAN_POINT('',(102.26852447087,-32.12129799999,
    -14.84583605633));
#4044 = LINE('',#4045,#4046);
#4045 = CARTESIAN_POINT('',(166.98968570296,-32.12129799999,
    -32.18781894167));
#4046 = VECTOR('',#4047,1.);
#4047 = DIRECTION('',(-0.965925826289,5.946282714323E-16,0.258819045103)
  );
#4048 = ORIENTED_EDGE('',*,*,#4049,.F.);
#4049 = EDGE_CURVE('',#4007,#4042,#4050,.T.);
#4050 = LINE('',#4051,#4052);
#4051 = CARTESIAN_POINT('',(91.855402521072,-32.12129799999,
    24.016464125737));
#4052 = VECTOR('',#4053,1.);
#4053 = DIRECTION('',(0.258819045103,-1.59330165127E-16,-0.965925826289)
  );
#4054 = PLANE('',#4055);
#4055 = AXIS2_PLACEMENT_3D('',#4056,#4057,#4058);
#4056 = CARTESIAN_POINT('',(94.078044370398,-32.12129799999,-4.));
#4057 = DIRECTION('',(-6.156044856123E-16,-1.,-0.));
#4058 = DIRECTION('',(1.,-6.156044856123E-16,0.));
#4059 = ADVANCED_FACE('',(#4060),#4071,.F.);
#4060 = FACE_BOUND('',#4061,.F.);
#4061 = EDGE_LOOP('',(#4062,#4068,#4069,#4070));
#4062 = ORIENTED_EDGE('',*,*,#4063,.F.);
#4063 = EDGE_CURVE('',#3313,#3983,#4064,.T.);
#4064 = LINE('',#4065,#4066);
#4065 = CARTESIAN_POINT('',(209.28125,-37.40254807749,-2.5));
#4066 = VECTOR('',#4067,1.);
#4067 = DIRECTION('',(1.,0.,0.));
#4068 = ORIENTED_EDGE('',*,*,#3329,.T.);
#4069 = ORIENTED_EDGE('',*,*,#1796,.F.);
#4070 = ORIENTED_EDGE('',*,*,#3990,.F.);
#4071 = PLANE('',#4072);
#4072 = AXIS2_PLACEMENT_3D('',#4073,#4074,#4075);
#4073 = CARTESIAN_POINT('',(209.28125,-37.40254807749,-2.5));
#4074 = DIRECTION('',(0.,-1.,0.));
#4075 = DIRECTION('',(1.,0.,0.));
#4076 = ADVANCED_FACE('',(#4077),#4095,.F.);
#4077 = FACE_BOUND('',#4078,.T.);
#4078 = EDGE_LOOP('',(#4079,#4080,#4081,#4089));
#4079 = ORIENTED_EDGE('',*,*,#1755,.F.);
#4080 = ORIENTED_EDGE('',*,*,#4033,.T.);
#4081 = ORIENTED_EDGE('',*,*,#4082,.T.);
#4082 = EDGE_CURVE('',#4034,#4083,#4085,.T.);
#4083 = VERTEX_POINT('',#4084);
#4084 = CARTESIAN_POINT('',(167.11909522551,-32.62129799999,
    -31.70485602853));
#4085 = LINE('',#4086,#4087);
#4086 = CARTESIAN_POINT('',(165.7344676,-37.25435233336,-26.53735538057)
  );
#4087 = VECTOR('',#4088,1.);
#4088 = DIRECTION('',(-0.195648807974,-0.654653670708,0.730171291799));
#4089 = ORIENTED_EDGE('',*,*,#4090,.F.);
#4090 = EDGE_CURVE('',#1756,#4083,#4091,.T.);
#4091 = LINE('',#4092,#4093);
#4092 = CARTESIAN_POINT('',(194.82395125404,-32.62129799999,-4.));
#4093 = VECTOR('',#4094,1.);
#4094 = DIRECTION('',(-0.707106781187,4.352981063053E-16,-0.707106781187
    ));
#4095 = PLANE('',#4096);
#4096 = AXIS2_PLACEMENT_3D('',#4097,#4098,#4099);
#4097 = CARTESIAN_POINT('',(195.00072794934,-32.37129799999,
    -4.176776695297));
#4098 = DIRECTION('',(0.5,-0.707106781187,-0.5));
#4099 = DIRECTION('',(0.707106781187,-2.498001805407E-16,0.707106781187)
  );
#4100 = ADVANCED_FACE('',(#4101),#4112,.T.);
#4101 = FACE_BOUND('',#4102,.T.);
#4102 = EDGE_LOOP('',(#4103,#4104,#4105,#4111));
#4103 = ORIENTED_EDGE('',*,*,#1763,.F.);
#4104 = ORIENTED_EDGE('',*,*,#4090,.T.);
#4105 = ORIENTED_EDGE('',*,*,#4106,.T.);
#4106 = EDGE_CURVE('',#4083,#3380,#4107,.T.);
#4107 = LINE('',#4108,#4109);
#4108 = CARTESIAN_POINT('',(167.11909522551,-7.039892231061E-15,
    -31.70485602853));
#4109 = VECTOR('',#4110,1.);
#4110 = DIRECTION('',(0.,-1.,2.22044604925E-16));
#4111 = ORIENTED_EDGE('',*,*,#3379,.F.);
#4112 = PLANE('',#4113);
#4113 = AXIS2_PLACEMENT_3D('',#4114,#4115,#4116);
#4114 = CARTESIAN_POINT('',(167.11909522551,-7.039892231061E-15,
    -31.70485602853));
#4115 = DIRECTION('',(-0.707106781187,1.570092458684E-16,0.707106781187)
  );
#4116 = DIRECTION('',(0.707106781187,1.570092458684E-16,0.707106781187)
  );
#4117 = ADVANCED_FACE('',(#4118),#4137,.T.);
#4118 = FACE_BOUND('',#4119,.F.);
#4119 = EDGE_LOOP('',(#4120,#4121,#4130,#4136));
#4120 = ORIENTED_EDGE('',*,*,#4024,.F.);
#4121 = ORIENTED_EDGE('',*,*,#4122,.F.);
#4122 = EDGE_CURVE('',#4123,#4017,#4125,.T.);
#4123 = VERTEX_POINT('',#4124);
#4124 = CARTESIAN_POINT('',(88.796799329856,-37.39661580683,-4.5));
#4125 = CIRCLE('',#4126,5.281248370398);
#4126 = AXIS2_PLACEMENT_3D('',#4127,#4128,#4129);
#4127 = CARTESIAN_POINT('',(94.078044370398,-37.40254637039,-4.5));
#4128 = DIRECTION('',(0.,0.,-1.));
#4129 = DIRECTION('',(-0.999999369494,1.122947291399E-03,0.));
#4130 = ORIENTED_EDGE('',*,*,#4131,.T.);
#4131 = EDGE_CURVE('',#4123,#1971,#4132,.T.);
#4132 = LINE('',#4133,#4134);
#4133 = CARTESIAN_POINT('',(88.796799329856,-37.39661580683,-4.));
#4134 = VECTOR('',#4135,1.);
#4135 = DIRECTION('',(0.,0.,-1.));
#4136 = ORIENTED_EDGE('',*,*,#1970,.F.);
#4137 = CYLINDRICAL_SURFACE('',#4138,5.281248370398);
#4138 = AXIS2_PLACEMENT_3D('',#4139,#4140,#4141);
#4139 = CARTESIAN_POINT('',(94.078044370398,-37.40254637039,-4.));
#4140 = DIRECTION('',(0.,0.,1.));
#4141 = DIRECTION('',(-1.,-6.843476888621E-07,0.));
#4142 = ADVANCED_FACE('',(#4143),#4161,.F.);
#4143 = FACE_BOUND('',#4144,.F.);
#4144 = EDGE_LOOP('',(#4145,#4146,#4154,#4160));
#4145 = ORIENTED_EDGE('',*,*,#4131,.F.);
#4146 = ORIENTED_EDGE('',*,*,#4147,.F.);
#4147 = EDGE_CURVE('',#4148,#4123,#4150,.T.);
#4148 = VERTEX_POINT('',#4149);
#4149 = CARTESIAN_POINT('',(88.783289908893,-41.34716960713,-4.5));
#4150 = LINE('',#4151,#4152);
#4151 = CARTESIAN_POINT('',(88.783289908893,-41.34716960713,-4.5));
#4152 = VECTOR('',#4153,1.);
#4153 = DIRECTION('',(3.41960713813E-03,0.999994153126,0.));
#4154 = ORIENTED_EDGE('',*,*,#4155,.T.);
#4155 = EDGE_CURVE('',#4148,#2609,#4156,.T.);
#4156 = LINE('',#4157,#4158);
#4157 = CARTESIAN_POINT('',(88.783289908893,-41.34716960713,-4.));
#4158 = VECTOR('',#4159,1.);
#4159 = DIRECTION('',(0.,0.,-1.));
#4160 = ORIENTED_EDGE('',*,*,#2616,.F.);
#4161 = PLANE('',#4162);
#4162 = AXIS2_PLACEMENT_3D('',#4163,#4164,#4165);
#4163 = CARTESIAN_POINT('',(88.783289908893,-41.34716960713,-4.));
#4164 = DIRECTION('',(0.999994153126,-3.41960713813E-03,0.));
#4165 = DIRECTION('',(3.41960713813E-03,0.999994153126,0.));
#4166 = ADVANCED_FACE('',(#4167),#4186,.F.);
#4167 = FACE_BOUND('',#4168,.F.);
#4168 = EDGE_LOOP('',(#4169,#4170,#4179,#4185));
#4169 = ORIENTED_EDGE('',*,*,#4155,.F.);
#4170 = ORIENTED_EDGE('',*,*,#4171,.F.);
#4171 = EDGE_CURVE('',#4172,#4148,#4174,.T.);
#4172 = VERTEX_POINT('',#4173);
#4173 = CARTESIAN_POINT('',(87.783295755767,-42.34374999999,-4.5));
#4174 = CIRCLE('',#4175,1.);
#4175 = AXIS2_PLACEMENT_3D('',#4176,#4177,#4178);
#4176 = CARTESIAN_POINT('',(87.783295755767,-41.34374999999,-4.5));
#4177 = DIRECTION('',(-0.,0.,1.));
#4178 = DIRECTION('',(5.684341886081E-14,-1.,0.));
#4179 = ORIENTED_EDGE('',*,*,#4180,.T.);
#4180 = EDGE_CURVE('',#4172,#2664,#4181,.T.);
#4181 = LINE('',#4182,#4183);
#4182 = CARTESIAN_POINT('',(87.783295755767,-42.34374999999,-4.));
#4183 = VECTOR('',#4184,1.);
#4184 = DIRECTION('',(0.,0.,-1.));
#4185 = ORIENTED_EDGE('',*,*,#2663,.F.);
#4186 = CYLINDRICAL_SURFACE('',#4187,1.);
#4187 = AXIS2_PLACEMENT_3D('',#4188,#4189,#4190);
#4188 = CARTESIAN_POINT('',(87.783295755767,-41.34374999999,-4.));
#4189 = DIRECTION('',(0.,0.,1.));
#4190 = DIRECTION('',(-1.110223024625E-16,-1.,0.));
#4191 = ADVANCED_FACE('',(#4192),#4210,.F.);
#4192 = FACE_BOUND('',#4193,.F.);
#4193 = EDGE_LOOP('',(#4194,#4195,#4203,#4209));
#4194 = ORIENTED_EDGE('',*,*,#4180,.F.);
#4195 = ORIENTED_EDGE('',*,*,#4196,.F.);
#4196 = EDGE_CURVE('',#4197,#4172,#4199,.T.);
#4197 = VERTEX_POINT('',#4198);
#4198 = CARTESIAN_POINT('',(57.150000077504,-42.34374999999,-4.5));
#4199 = LINE('',#4200,#4201);
#4200 = CARTESIAN_POINT('',(57.150000077504,-42.34374999999,-4.5));
#4201 = VECTOR('',#4202,1.);
#4202 = DIRECTION('',(1.,6.216290117254E-14,0.));
#4203 = ORIENTED_EDGE('',*,*,#4204,.T.);
#4204 = EDGE_CURVE('',#4197,#2729,#4205,.T.);
#4205 = LINE('',#4206,#4207);
#4206 = CARTESIAN_POINT('',(57.150000077504,-42.34374999999,-4.));
#4207 = VECTOR('',#4208,1.);
#4208 = DIRECTION('',(0.,0.,-1.));
#4209 = ORIENTED_EDGE('',*,*,#2736,.F.);
#4210 = PLANE('',#4211);
#4211 = AXIS2_PLACEMENT_3D('',#4212,#4213,#4214);
#4212 = CARTESIAN_POINT('',(57.150000077504,-42.34374999999,-4.));
#4213 = DIRECTION('',(6.216290117254E-14,-1.,0.));
#4214 = DIRECTION('',(1.,6.216290117254E-14,0.));
#4215 = ADVANCED_FACE('',(#4216),#4235,.T.);
#4216 = FACE_BOUND('',#4217,.F.);
#4217 = EDGE_LOOP('',(#4218,#4219,#4228,#4234));
#4218 = ORIENTED_EDGE('',*,*,#4204,.F.);
#4219 = ORIENTED_EDGE('',*,*,#4220,.F.);
#4220 = EDGE_CURVE('',#4221,#4197,#4223,.T.);
#4221 = VERTEX_POINT('',#4222);
#4222 = CARTESIAN_POINT('',(51.86875,-47.6250000775,-4.5));
#4223 = CIRCLE('',#4224,5.281250077504);
#4224 = AXIS2_PLACEMENT_3D('',#4225,#4226,#4227);
#4225 = CARTESIAN_POINT('',(57.150000077504,-47.6250000775,-4.5));
#4226 = DIRECTION('',(0.,0.,-1.));
#4227 = DIRECTION('',(-1.,0.,0.));
#4228 = ORIENTED_EDGE('',*,*,#4229,.T.);
#4229 = EDGE_CURVE('',#4221,#2752,#4230,.T.);
#4230 = LINE('',#4231,#4232);
#4231 = CARTESIAN_POINT('',(51.86875,-47.6250000775,-4.));
#4232 = VECTOR('',#4233,1.);
#4233 = DIRECTION('',(0.,0.,-1.));
#4234 = ORIENTED_EDGE('',*,*,#2751,.F.);
#4235 = CYLINDRICAL_SURFACE('',#4236,5.281250077504);
#4236 = AXIS2_PLACEMENT_3D('',#4237,#4238,#4239);
#4237 = CARTESIAN_POINT('',(57.150000077504,-47.6250000775,-4.));
#4238 = DIRECTION('',(0.,0.,1.));
#4239 = DIRECTION('',(-1.,3.25477170885E-08,0.));
#4240 = ADVANCED_FACE('',(#4241),#4259,.F.);
#4241 = FACE_BOUND('',#4242,.F.);
#4242 = EDGE_LOOP('',(#4243,#4244,#4252,#4258));
#4243 = ORIENTED_EDGE('',*,*,#4229,.F.);
#4244 = ORIENTED_EDGE('',*,*,#4245,.F.);
#4245 = EDGE_CURVE('',#4246,#4221,#4248,.T.);
#4246 = VERTEX_POINT('',#4247);
#4247 = CARTESIAN_POINT('',(51.86875,-127.3968749224,-4.5));
#4248 = LINE('',#4249,#4250);
#4249 = CARTESIAN_POINT('',(51.86875,-127.3968749224,-4.5));
#4250 = VECTOR('',#4251,1.);
#4251 = DIRECTION('',(8.907183605019E-17,1.,0.));
#4252 = ORIENTED_EDGE('',*,*,#4253,.T.);
#4253 = EDGE_CURVE('',#4246,#2793,#4254,.T.);
#4254 = LINE('',#4255,#4256);
#4255 = CARTESIAN_POINT('',(51.86875,-127.3968749224,-4.));
#4256 = VECTOR('',#4257,1.);
#4257 = DIRECTION('',(0.,0.,-1.));
#4258 = ORIENTED_EDGE('',*,*,#2800,.F.);
#4259 = PLANE('',#4260);
#4260 = AXIS2_PLACEMENT_3D('',#4261,#4262,#4263);
#4261 = CARTESIAN_POINT('',(51.86875,-127.3968749224,-4.));
#4262 = DIRECTION('',(1.,-8.907183605019E-17,0.));
#4263 = DIRECTION('',(8.907183605019E-17,1.,0.));
#4264 = ADVANCED_FACE('',(#4265),#4284,.T.);
#4265 = FACE_BOUND('',#4266,.F.);
#4266 = EDGE_LOOP('',(#4267,#4268,#4277,#4283));
#4267 = ORIENTED_EDGE('',*,*,#4253,.F.);
#4268 = ORIENTED_EDGE('',*,*,#4269,.F.);
#4269 = EDGE_CURVE('',#4270,#4246,#4272,.T.);
#4270 = VERTEX_POINT('',#4271);
#4271 = CARTESIAN_POINT('',(57.150000077497,-132.6781249999,-4.5));
#4272 = CIRCLE('',#4273,5.281250077504);
#4273 = AXIS2_PLACEMENT_3D('',#4274,#4275,#4276);
#4274 = CARTESIAN_POINT('',(57.150000077504,-127.3968749224,-4.5));
#4275 = DIRECTION('',(-0.,0.,-1.));
#4276 = DIRECTION('',(-1.354824188232E-12,-1.,0.));
#4277 = ORIENTED_EDGE('',*,*,#4278,.T.);
#4278 = EDGE_CURVE('',#4270,#2816,#4279,.T.);
#4279 = LINE('',#4280,#4281);
#4280 = CARTESIAN_POINT('',(57.150000077497,-132.6781249999,-4.));
#4281 = VECTOR('',#4282,1.);
#4282 = DIRECTION('',(0.,0.,-1.));
#4283 = ORIENTED_EDGE('',*,*,#2815,.F.);
#4284 = CYLINDRICAL_SURFACE('',#4285,5.281250077504);
#4285 = AXIS2_PLACEMENT_3D('',#4286,#4287,#4288);
#4286 = CARTESIAN_POINT('',(57.150000077504,-127.3968749224,-4.));
#4287 = DIRECTION('',(0.,0.,1.));
#4288 = DIRECTION('',(-3.254771696604E-08,-1.,0.));
#4289 = ADVANCED_FACE('',(#4290),#4315,.F.);
#4290 = FACE_BOUND('',#4291,.F.);
#4291 = EDGE_LOOP('',(#4292,#4293,#4301,#4307,#4308,#4314));
#4292 = ORIENTED_EDGE('',*,*,#4278,.F.);
#4293 = ORIENTED_EDGE('',*,*,#4294,.F.);
#4294 = EDGE_CURVE('',#4295,#4270,#4297,.T.);
#4295 = VERTEX_POINT('',#4296);
#4296 = CARTESIAN_POINT('',(98.978727964349,-132.6781249999,-4.5));
#4297 = LINE('',#4298,#4299);
#4298 = CARTESIAN_POINT('',(99.362391458338,-132.6781249999,-4.5));
#4299 = VECTOR('',#4300,1.);
#4300 = DIRECTION('',(-1.,1.355395996312E-12,0.));
#4301 = ORIENTED_EDGE('',*,*,#4302,.T.);
#4302 = EDGE_CURVE('',#4295,#3886,#4303,.T.);
#4303 = LINE('',#4304,#4305);
#4304 = CARTESIAN_POINT('',(98.879428545194,-132.6781249999,
    -4.129409522551));
#4305 = VECTOR('',#4306,1.);
#4306 = DIRECTION('',(0.258819045103,-3.508022975014E-13,-0.965925826289
    ));
#4307 = ORIENTED_EDGE('',*,*,#3893,.F.);
#4308 = ORIENTED_EDGE('',*,*,#4309,.T.);
#4309 = EDGE_CURVE('',#3842,#2857,#4310,.T.);
#4310 = LINE('',#4311,#4312);
#4311 = CARTESIAN_POINT('',(123.49687499999,-132.6781249999,-4.));
#4312 = VECTOR('',#4313,1.);
#4313 = DIRECTION('',(0.,0.,-1.));
#4314 = ORIENTED_EDGE('',*,*,#2864,.F.);
#4315 = PLANE('',#4316);
#4316 = AXIS2_PLACEMENT_3D('',#4317,#4318,#4319);
#4317 = CARTESIAN_POINT('',(123.49687499999,-132.6781249999,-4.));
#4318 = DIRECTION('',(1.355395996312E-12,1.,0.));
#4319 = DIRECTION('',(-1.,1.355395996312E-12,0.));
#4320 = ADVANCED_FACE('',(#4321),#4332,.F.);
#4321 = FACE_BOUND('',#4322,.F.);
#4322 = EDGE_LOOP('',(#4323,#4324,#4325,#4331));
#4323 = ORIENTED_EDGE('',*,*,#4309,.F.);
#4324 = ORIENTED_EDGE('',*,*,#3841,.F.);
#4325 = ORIENTED_EDGE('',*,*,#4326,.T.);
#4326 = EDGE_CURVE('',#3819,#2921,#4327,.T.);
#4327 = LINE('',#4328,#4329);
#4328 = CARTESIAN_POINT('',(124.49687499999,-133.6781249999,-4.));
#4329 = VECTOR('',#4330,1.);
#4330 = DIRECTION('',(0.,0.,-1.));
#4331 = ORIENTED_EDGE('',*,*,#2920,.F.);
#4332 = CYLINDRICAL_SURFACE('',#4333,1.);
#4333 = AXIS2_PLACEMENT_3D('',#4334,#4335,#4336);
#4334 = CARTESIAN_POINT('',(123.49687499999,-133.6781249999,-4.));
#4335 = DIRECTION('',(0.,0.,1.));
#4336 = DIRECTION('',(-1.110223024625E-16,-1.,0.));
#4337 = ADVANCED_FACE('',(#4338),#4344,.F.);
#4338 = FACE_BOUND('',#4339,.F.);
#4339 = EDGE_LOOP('',(#4340,#4341,#4342,#4343));
#4340 = ORIENTED_EDGE('',*,*,#4326,.F.);
#4341 = ORIENTED_EDGE('',*,*,#3826,.F.);
#4342 = ORIENTED_EDGE('',*,*,#3723,.T.);
#4343 = ORIENTED_EDGE('',*,*,#2986,.F.);
#4344 = PLANE('',#4345);
#4345 = AXIS2_PLACEMENT_3D('',#4346,#4347,#4348);
#4346 = CARTESIAN_POINT('',(124.49687499999,-141.6843749224,-4.));
#4347 = DIRECTION('',(1.,2.094464790189E-13,0.));
#4348 = DIRECTION('',(-2.094464790189E-13,1.,0.));
#4349 = ADVANCED_FACE('',(#4350),#4474,.T.);
#4350 = FACE_BOUND('',#4351,.T.);
#4351 = EDGE_LOOP('',(#4352,#4360,#4368,#4377,#4385,#4394,#4402,#4411,
    #4419,#4428,#4434,#4435,#4436,#4444,#4450,#4451,#4452,#4453,#4454,
    #4455,#4463,#4469,#4470,#4471,#4472,#4473));
#4352 = ORIENTED_EDGE('',*,*,#4353,.T.);
#4353 = EDGE_CURVE('',#3363,#4354,#4356,.T.);
#4354 = VERTEX_POINT('',#4355);
#4355 = CARTESIAN_POINT('',(99.362391458338,-32.62129799999,-4.));
#4356 = LINE('',#4357,#4358);
#4357 = CARTESIAN_POINT('',(99.362391458338,-44.68344092948,-4.));
#4358 = VECTOR('',#4359,1.);
#4359 = DIRECTION('',(-5.949667257335E-17,1.,0.));
#4360 = ORIENTED_EDGE('',*,*,#4361,.F.);
#4361 = EDGE_CURVE('',#4362,#4354,#4364,.T.);
#4362 = VERTEX_POINT('',#4363);
#4363 = CARTESIAN_POINT('',(94.078044370398,-32.62129799999,-4.));
#4364 = LINE('',#4365,#4366);
#4365 = CARTESIAN_POINT('',(94.078044370398,-32.62129799999,-4.));
#4366 = VECTOR('',#4367,1.);
#4367 = DIRECTION('',(1.,-6.156044856123E-16,0.));
#4368 = ORIENTED_EDGE('',*,*,#4369,.F.);
#4369 = EDGE_CURVE('',#4370,#4362,#4372,.T.);
#4370 = VERTEX_POINT('',#4371);
#4371 = CARTESIAN_POINT('',(89.296796406419,-37.3983256104,-4.));
#4372 = CIRCLE('',#4373,4.781248370398);
#4373 = AXIS2_PLACEMENT_3D('',#4374,#4375,#4376);
#4374 = CARTESIAN_POINT('',(94.078044370398,-37.40254637039,-4.));
#4375 = DIRECTION('',(0.,0.,-1.));
#4376 = DIRECTION('',(-0.999999369494,1.122947291399E-03,0.));
#4377 = ORIENTED_EDGE('',*,*,#4378,.F.);
#4378 = EDGE_CURVE('',#4379,#4370,#4381,.T.);
#4379 = VERTEX_POINT('',#4380);
#4380 = CARTESIAN_POINT('',(89.283286985456,-41.3488794107,-4.));
#4381 = LINE('',#4382,#4383);
#4382 = CARTESIAN_POINT('',(89.283286985456,-41.3488794107,-4.));
#4383 = VECTOR('',#4384,1.);
#4384 = DIRECTION('',(3.41960713813E-03,0.999994153126,0.));
#4385 = ORIENTED_EDGE('',*,*,#4386,.F.);
#4386 = EDGE_CURVE('',#4387,#4379,#4389,.T.);
#4387 = VERTEX_POINT('',#4388);
#4388 = CARTESIAN_POINT('',(87.783295755767,-42.84374999999,-4.));
#4389 = CIRCLE('',#4390,1.5);
#4390 = AXIS2_PLACEMENT_3D('',#4391,#4392,#4393);
#4391 = CARTESIAN_POINT('',(87.783295755767,-41.34374999999,-4.));
#4392 = DIRECTION('',(-0.,0.,1.));
#4393 = DIRECTION('',(5.684341886081E-14,-1.,0.));
#4394 = ORIENTED_EDGE('',*,*,#4395,.F.);
#4395 = EDGE_CURVE('',#4396,#4387,#4398,.T.);
#4396 = VERTEX_POINT('',#4397);
#4397 = CARTESIAN_POINT('',(57.150000077504,-42.84374999999,-4.));
#4398 = LINE('',#4399,#4400);
#4399 = CARTESIAN_POINT('',(57.150000077504,-42.84374999999,-4.));
#4400 = VECTOR('',#4401,1.);
#4401 = DIRECTION('',(1.,6.216290117254E-14,0.));
#4402 = ORIENTED_EDGE('',*,*,#4403,.F.);
#4403 = EDGE_CURVE('',#4404,#4396,#4406,.T.);
#4404 = VERTEX_POINT('',#4405);
#4405 = CARTESIAN_POINT('',(52.36875,-47.6250000775,-4.));
#4406 = CIRCLE('',#4407,4.781250077504);
#4407 = AXIS2_PLACEMENT_3D('',#4408,#4409,#4410);
#4408 = CARTESIAN_POINT('',(57.150000077504,-47.6250000775,-4.));
#4409 = DIRECTION('',(0.,0.,-1.));
#4410 = DIRECTION('',(-1.,0.,0.));
#4411 = ORIENTED_EDGE('',*,*,#4412,.F.);
#4412 = EDGE_CURVE('',#4413,#4404,#4415,.T.);
#4413 = VERTEX_POINT('',#4414);
#4414 = CARTESIAN_POINT('',(52.36875,-127.3968749224,-4.));
#4415 = LINE('',#4416,#4417);
#4416 = CARTESIAN_POINT('',(52.36875,-127.3968749224,-4.));
#4417 = VECTOR('',#4418,1.);
#4418 = DIRECTION('',(8.907183605019E-17,1.,0.));
#4419 = ORIENTED_EDGE('',*,*,#4420,.F.);
#4420 = EDGE_CURVE('',#4421,#4413,#4423,.T.);
#4421 = VERTEX_POINT('',#4422);
#4422 = CARTESIAN_POINT('',(57.150000077498,-132.1781249999,-4.));
#4423 = CIRCLE('',#4424,4.781250077504);
#4424 = AXIS2_PLACEMENT_3D('',#4425,#4426,#4427);
#4425 = CARTESIAN_POINT('',(57.150000077504,-127.3968749224,-4.));
#4426 = DIRECTION('',(-0.,0.,-1.));
#4427 = DIRECTION('',(-1.354824188232E-12,-1.,0.));
#4428 = ORIENTED_EDGE('',*,*,#4429,.F.);
#4429 = EDGE_CURVE('',#3908,#4421,#4430,.T.);
#4430 = LINE('',#4431,#4432);
#4431 = CARTESIAN_POINT('',(99.362391458339,-132.1781249999,-4.));
#4432 = VECTOR('',#4433,1.);
#4433 = DIRECTION('',(-1.,1.355395996312E-12,0.));
#4434 = ORIENTED_EDGE('',*,*,#3907,.T.);
#4435 = ORIENTED_EDGE('',*,*,#3000,.T.);
#4436 = ORIENTED_EDGE('',*,*,#4437,.T.);
#4437 = EDGE_CURVE('',#3003,#4438,#4440,.T.);
#4438 = VERTEX_POINT('',#4439);
#4439 = CARTESIAN_POINT('',(57.1500000775,-130.1781249999,-4.));
#4440 = LINE('',#4441,#4442);
#4441 = CARTESIAN_POINT('',(123.49687499999,-130.1781249999,-4.));
#4442 = VECTOR('',#4443,1.);
#4443 = DIRECTION('',(-1.,1.355395996312E-12,0.));
#4444 = ORIENTED_EDGE('',*,*,#4445,.F.);
#4445 = EDGE_CURVE('',#3649,#4438,#4446,.T.);
#4446 = LINE('',#4447,#4448);
#4447 = CARTESIAN_POINT('',(57.150000077504,-105.9236856918,-4.));
#4448 = VECTOR('',#4449,1.);
#4449 = DIRECTION('',(0.,-1.,0.));
#4450 = ORIENTED_EDGE('',*,*,#3656,.F.);
#4451 = ORIENTED_EDGE('',*,*,#3615,.T.);
#4452 = ORIENTED_EDGE('',*,*,#3589,.T.);
#4453 = ORIENTED_EDGE('',*,*,#3564,.T.);
#4454 = ORIENTED_EDGE('',*,*,#3542,.F.);
#4455 = ORIENTED_EDGE('',*,*,#4456,.F.);
#4456 = EDGE_CURVE('',#4457,#3543,#4459,.T.);
#4457 = VERTEX_POINT('',#4458);
#4458 = CARTESIAN_POINT('',(57.150000077504,-44.84374999999,-4.));
#4459 = LINE('',#4460,#4461);
#4460 = CARTESIAN_POINT('',(57.150000077504,-64.75649819191,-4.));
#4461 = VECTOR('',#4462,1.);
#4462 = DIRECTION('',(0.,-1.,0.));
#4463 = ORIENTED_EDGE('',*,*,#4464,.T.);
#4464 = EDGE_CURVE('',#4457,#3469,#4465,.T.);
#4465 = LINE('',#4466,#4467);
#4466 = CARTESIAN_POINT('',(57.150000077504,-44.84374999999,-4.));
#4467 = VECTOR('',#4468,1.);
#4468 = DIRECTION('',(1.,6.169899892498E-14,0.));
#4469 = ORIENTED_EDGE('',*,*,#3468,.T.);
#4470 = ORIENTED_EDGE('',*,*,#3443,.F.);
#4471 = ORIENTED_EDGE('',*,*,#3428,.T.);
#4472 = ORIENTED_EDGE('',*,*,#3419,.T.);
#4473 = ORIENTED_EDGE('',*,*,#3360,.T.);
#4474 = PLANE('',#4475);
#4475 = AXIS2_PLACEMENT_3D('',#4476,#4477,#4478);
#4476 = CARTESIAN_POINT('',(135.43456718505,-89.36688185897,-4.));
#4477 = DIRECTION('',(0.,0.,1.));
#4478 = DIRECTION('',(1.,0.,0.));
#4479 = ADVANCED_FACE('',(#4480),#4486,.T.);
#4480 = FACE_BOUND('',#4481,.F.);
#4481 = EDGE_LOOP('',(#4482,#4483,#4484,#4485));
#4482 = ORIENTED_EDGE('',*,*,#3233,.T.);
#4483 = ORIENTED_EDGE('',*,*,#3948,.T.);
#4484 = ORIENTED_EDGE('',*,*,#3177,.T.);
#4485 = ORIENTED_EDGE('',*,*,#3209,.T.);
#4486 = PLANE('',#4487);
#4487 = AXIS2_PLACEMENT_3D('',#4488,#4489,#4490);
#4488 = CARTESIAN_POINT('',(136.46562503875,-81.54068065148,-2.5));
#4489 = DIRECTION('',(0.,0.,1.));
#4490 = DIRECTION('',(1.,0.,0.));
#4491 = ADVANCED_FACE('',(#4492),#4498,.T.);
#4492 = FACE_BOUND('',#4493,.F.);
#4493 = EDGE_LOOP('',(#4494,#4495,#4496,#4497));
#4494 = ORIENTED_EDGE('',*,*,#3312,.T.);
#4495 = ORIENTED_EDGE('',*,*,#4063,.T.);
#4496 = ORIENTED_EDGE('',*,*,#3982,.T.);
#4497 = ORIENTED_EDGE('',*,*,#3280,.T.);
#4498 = PLANE('',#4499);
#4499 = AXIS2_PLACEMENT_3D('',#4500,#4501,#4502);
#4500 = CARTESIAN_POINT('',(136.46562503875,-81.54068065148,-2.5));
#4501 = DIRECTION('',(0.,0.,1.));
#4502 = DIRECTION('',(1.,0.,0.));
#4503 = ADVANCED_FACE('',(#4504),#4530,.T.);
#4504 = FACE_BOUND('',#4505,.T.);
#4505 = EDGE_LOOP('',(#4506,#4514,#4520,#4521,#4522,#4528,#4529));
#4506 = ORIENTED_EDGE('',*,*,#4507,.F.);
#4507 = EDGE_CURVE('',#4508,#3388,#4510,.T.);
#4508 = VERTEX_POINT('',#4509);
#4509 = CARTESIAN_POINT('',(102.11909522551,-32.62129799999,
    -14.28815852051));
#4510 = LINE('',#4511,#4512);
#4511 = CARTESIAN_POINT('',(102.11909522551,-3.172608513793E-15,
    -14.28815852051));
#4512 = VECTOR('',#4513,1.);
#4513 = DIRECTION('',(0.,-1.,2.22044604925E-16));
#4514 = ORIENTED_EDGE('',*,*,#4515,.F.);
#4515 = EDGE_CURVE('',#4042,#4508,#4516,.T.);
#4516 = LINE('',#4517,#4518);
#4517 = CARTESIAN_POINT('',(101.75212010959,-33.84922067012,
    -12.91858874278));
#4518 = VECTOR('',#4519,1.);
#4519 = DIRECTION('',(-0.195648807974,-0.654653670708,0.730171291799));
#4520 = ORIENTED_EDGE('',*,*,#4049,.F.);
#4521 = ORIENTED_EDGE('',*,*,#4006,.T.);
#4522 = ORIENTED_EDGE('',*,*,#4523,.T.);
#4523 = EDGE_CURVE('',#4009,#4354,#4524,.T.);
#4524 = LINE('',#4525,#4526);
#4525 = CARTESIAN_POINT('',(97.620640520038,-39.12160099586,
    2.500302995869));
#4526 = VECTOR('',#4527,1.);
#4527 = DIRECTION('',(-0.186156787897,-0.694746590607,0.694746590607));
#4528 = ORIENTED_EDGE('',*,*,#4353,.F.);
#4529 = ORIENTED_EDGE('',*,*,#3395,.F.);
#4530 = PLANE('',#4531);
#4531 = AXIS2_PLACEMENT_3D('',#4532,#4533,#4534);
#4532 = CARTESIAN_POINT('',(84.70239771749,1.126029080633E-14,
    50.711841479489));
#4533 = DIRECTION('',(0.965925826289,5.746937261686E-17,0.258819045103)
  );
#4534 = DIRECTION('',(0.258819045103,-2.144786184852E-16,-0.965925826289
    ));
#4535 = ADVANCED_FACE('',(#4536),#4547,.T.);
#4536 = FACE_BOUND('',#4537,.T.);
#4537 = EDGE_LOOP('',(#4538,#4539,#4545,#4546));
#4538 = ORIENTED_EDGE('',*,*,#4106,.F.);
#4539 = ORIENTED_EDGE('',*,*,#4540,.T.);
#4540 = EDGE_CURVE('',#4083,#4508,#4541,.T.);
#4541 = LINE('',#4542,#4543);
#4542 = CARTESIAN_POINT('',(167.11909522551,-32.62129799999,
    -31.70485602853));
#4543 = VECTOR('',#4544,1.);
#4544 = DIRECTION('',(-0.965925826289,5.946282714323E-16,0.258819045103)
  );
#4545 = ORIENTED_EDGE('',*,*,#4507,.T.);
#4546 = ORIENTED_EDGE('',*,*,#3387,.F.);
#4547 = PLANE('',#4548);
#4548 = AXIS2_PLACEMENT_3D('',#4549,#4550,#4551);
#4549 = CARTESIAN_POINT('',(102.11909522551,-3.172608513793E-15,
    -14.28815852051));
#4550 = DIRECTION('',(0.258819045103,2.144786184852E-16,0.965925826289)
  );
#4551 = DIRECTION('',(0.965925826289,-5.746937261686E-17,-0.258819045103
    ));
#4552 = ADVANCED_FACE('',(#4553),#4571,.T.);
#4553 = FACE_BOUND('',#4554,.F.);
#4554 = EDGE_LOOP('',(#4555,#4563,#4564,#4565));
#4555 = ORIENTED_EDGE('',*,*,#4556,.T.);
#4556 = EDGE_CURVE('',#4557,#3493,#4559,.T.);
#4557 = VERTEX_POINT('',#4558);
#4558 = CARTESIAN_POINT('',(57.150000077504,-44.84374999999,-2.5));
#4559 = LINE('',#4560,#4561);
#4560 = CARTESIAN_POINT('',(57.150000077504,-44.84374999999,-2.5));
#4561 = VECTOR('',#4562,1.);
#4562 = DIRECTION('',(1.,0.,0.));
#4563 = ORIENTED_EDGE('',*,*,#3492,.T.);
#4564 = ORIENTED_EDGE('',*,*,#3524,.T.);
#4565 = ORIENTED_EDGE('',*,*,#4566,.T.);
#4566 = EDGE_CURVE('',#3525,#4557,#4567,.T.);
#4567 = LINE('',#4568,#4569);
#4568 = CARTESIAN_POINT('',(57.150000077504,-47.84374999999,-2.5));
#4569 = VECTOR('',#4570,1.);
#4570 = DIRECTION('',(0.,1.,0.));
#4571 = PLANE('',#4572);
#4572 = AXIS2_PLACEMENT_3D('',#4573,#4574,#4575);
#4573 = CARTESIAN_POINT('',(136.46562503875,-81.54068065148,-2.5));
#4574 = DIRECTION('',(0.,0.,1.));
#4575 = DIRECTION('',(1.,0.,0.));
#4576 = ADVANCED_FACE('',(#4577),#4588,.F.);
#4577 = FACE_BOUND('',#4578,.F.);
#4578 = EDGE_LOOP('',(#4579,#4580,#4586,#4587));
#4579 = ORIENTED_EDGE('',*,*,#4556,.F.);
#4580 = ORIENTED_EDGE('',*,*,#4581,.T.);
#4581 = EDGE_CURVE('',#4557,#4457,#4582,.T.);
#4582 = LINE('',#4583,#4584);
#4583 = CARTESIAN_POINT('',(57.150000077504,-44.84374999999,-2.5));
#4584 = VECTOR('',#4585,1.);
#4585 = DIRECTION('',(0.,0.,-1.));
#4586 = ORIENTED_EDGE('',*,*,#4464,.T.);
#4587 = ORIENTED_EDGE('',*,*,#3502,.F.);
#4588 = PLANE('',#4589);
#4589 = AXIS2_PLACEMENT_3D('',#4590,#4591,#4592);
#4590 = CARTESIAN_POINT('',(57.150000077504,-44.84374999999,-2.5));
#4591 = DIRECTION('',(0.,-1.,0.));
#4592 = DIRECTION('',(1.,0.,0.));
#4593 = ADVANCED_FACE('',(#4594),#4600,.F.);
#4594 = FACE_BOUND('',#4595,.F.);
#4595 = EDGE_LOOP('',(#4596,#4597,#4598,#4599));
#4596 = ORIENTED_EDGE('',*,*,#4566,.F.);
#4597 = ORIENTED_EDGE('',*,*,#3550,.T.);
#4598 = ORIENTED_EDGE('',*,*,#4456,.F.);
#4599 = ORIENTED_EDGE('',*,*,#4581,.F.);
#4600 = PLANE('',#4601);
#4601 = AXIS2_PLACEMENT_3D('',#4602,#4603,#4604);
#4602 = CARTESIAN_POINT('',(57.150000077504,-47.84374999999,-2.5));
#4603 = DIRECTION('',(1.,0.,0.));
#4604 = DIRECTION('',(0.,1.,0.));
#4605 = ADVANCED_FACE('',(#4606),#4624,.T.);
#4606 = FACE_BOUND('',#4607,.F.);
#4607 = EDGE_LOOP('',(#4608,#4609,#4610,#4618));
#4608 = ORIENTED_EDGE('',*,*,#3638,.T.);
#4609 = ORIENTED_EDGE('',*,*,#3678,.T.);
#4610 = ORIENTED_EDGE('',*,*,#4611,.T.);
#4611 = EDGE_CURVE('',#3679,#4612,#4614,.T.);
#4612 = VERTEX_POINT('',#4613);
#4613 = CARTESIAN_POINT('',(57.150000077504,-130.1781249999,-2.5));
#4614 = LINE('',#4615,#4616);
#4615 = CARTESIAN_POINT('',(67.150000077504,-130.1781249999,-2.5));
#4616 = VECTOR('',#4617,1.);
#4617 = DIRECTION('',(-1.,0.,0.));
#4618 = ORIENTED_EDGE('',*,*,#4619,.T.);
#4619 = EDGE_CURVE('',#4612,#3639,#4620,.T.);
#4620 = LINE('',#4621,#4622);
#4621 = CARTESIAN_POINT('',(57.150000077504,-130.1781249999,-2.5));
#4622 = VECTOR('',#4623,1.);
#4623 = DIRECTION('',(0.,1.,0.));
#4624 = PLANE('',#4625);
#4625 = AXIS2_PLACEMENT_3D('',#4626,#4627,#4628);
#4626 = CARTESIAN_POINT('',(136.46562503875,-81.54068065148,-2.5));
#4627 = DIRECTION('',(0.,0.,1.));
#4628 = DIRECTION('',(1.,0.,0.));
#4629 = ADVANCED_FACE('',(#4630),#4641,.F.);
#4630 = FACE_BOUND('',#4631,.F.);
#4631 = EDGE_LOOP('',(#4632,#4633,#4639,#4640));
#4632 = ORIENTED_EDGE('',*,*,#4619,.F.);
#4633 = ORIENTED_EDGE('',*,*,#4634,.T.);
#4634 = EDGE_CURVE('',#4612,#4438,#4635,.T.);
#4635 = LINE('',#4636,#4637);
#4636 = CARTESIAN_POINT('',(57.150000077504,-130.1781249999,-2.5));
#4637 = VECTOR('',#4638,1.);
#4638 = DIRECTION('',(0.,0.,-1.));
#4639 = ORIENTED_EDGE('',*,*,#4445,.F.);
#4640 = ORIENTED_EDGE('',*,*,#3648,.F.);
#4641 = PLANE('',#4642);
#4642 = AXIS2_PLACEMENT_3D('',#4643,#4644,#4645);
#4643 = CARTESIAN_POINT('',(57.150000077504,-130.1781249999,-2.5));
#4644 = DIRECTION('',(1.,0.,0.));
#4645 = DIRECTION('',(0.,1.,0.));
#4646 = ADVANCED_FACE('',(#4647),#4653,.F.);
#4647 = FACE_BOUND('',#4648,.F.);
#4648 = EDGE_LOOP('',(#4649,#4650,#4651,#4652));
#4649 = ORIENTED_EDGE('',*,*,#4611,.F.);
#4650 = ORIENTED_EDGE('',*,*,#3689,.T.);
#4651 = ORIENTED_EDGE('',*,*,#4437,.T.);
#4652 = ORIENTED_EDGE('',*,*,#4634,.F.);
#4653 = PLANE('',#4654);
#4654 = AXIS2_PLACEMENT_3D('',#4655,#4656,#4657);
#4655 = CARTESIAN_POINT('',(67.150000077504,-130.1781249999,-2.5));
#4656 = DIRECTION('',(0.,1.,0.));
#4657 = DIRECTION('',(-1.,0.,0.));
#4658 = ADVANCED_FACE('',(#4659),#4670,.F.);
#4659 = FACE_BOUND('',#4660,.T.);
#4660 = EDGE_LOOP('',(#4661,#4667,#4668,#4669));
#4661 = ORIENTED_EDGE('',*,*,#4662,.F.);
#4662 = EDGE_CURVE('',#4295,#3908,#4663,.T.);
#4663 = LINE('',#4664,#4665);
#4664 = CARTESIAN_POINT('',(99.214189638458,-132.3712653719,
    -4.193140371969));
#4665 = VECTOR('',#4666,1.);
#4666 = DIRECTION('',(0.476905139544,0.621514878292,0.621514878292));
#4667 = ORIENTED_EDGE('',*,*,#4302,.T.);
#4668 = ORIENTED_EDGE('',*,*,#3885,.F.);
#4669 = ORIENTED_EDGE('',*,*,#3915,.F.);
#4670 = PLANE('',#4671);
#4671 = AXIS2_PLACEMENT_3D('',#4672,#4673,#4674);
#4672 = CARTESIAN_POINT('',(99.120910001766,-132.4281249999,
    -4.064704761276));
#4673 = DIRECTION('',(-0.683012701892,0.707106781187,-0.183012701892));
#4674 = DIRECTION('',(-0.258819045103,3.505374261712E-13,0.965925826289)
  );
#4675 = ADVANCED_FACE('',(#4676),#4687,.F.);
#4676 = FACE_BOUND('',#4677,.F.);
#4677 = EDGE_LOOP('',(#4678,#4684,#4685,#4686));
#4678 = ORIENTED_EDGE('',*,*,#4679,.F.);
#4679 = EDGE_CURVE('',#4017,#4362,#4680,.T.);
#4680 = LINE('',#4681,#4682);
#4681 = CARTESIAN_POINT('',(94.078044370398,-32.12129799999,-4.5));
#4682 = VECTOR('',#4683,1.);
#4683 = DIRECTION('',(2.248354335689E-16,-0.707106781187,0.707106781187)
  );
#4684 = ORIENTED_EDGE('',*,*,#4016,.T.);
#4685 = ORIENTED_EDGE('',*,*,#4523,.T.);
#4686 = ORIENTED_EDGE('',*,*,#4361,.F.);
#4687 = PLANE('',#4688);
#4688 = AXIS2_PLACEMENT_3D('',#4689,#4690,#4691);
#4689 = CARTESIAN_POINT('',(94.078044370398,-32.37129799999,-4.25));
#4690 = DIRECTION('',(-5.027373184444E-16,-0.707106781187,
    -0.707106781187));
#4691 = DIRECTION('',(1.,-6.632912098337E-16,-4.768672422144E-17));
#4692 = ADVANCED_FACE('',(#4693),#4699,.F.);
#4693 = FACE_BOUND('',#4694,.T.);
#4694 = EDGE_LOOP('',(#4695,#4696,#4697,#4698));
#4695 = ORIENTED_EDGE('',*,*,#4082,.F.);
#4696 = ORIENTED_EDGE('',*,*,#4041,.T.);
#4697 = ORIENTED_EDGE('',*,*,#4515,.T.);
#4698 = ORIENTED_EDGE('',*,*,#4540,.F.);
#4699 = PLANE('',#4700);
#4700 = AXIS2_PLACEMENT_3D('',#4701,#4702,#4703);
#4701 = CARTESIAN_POINT('',(167.05439046423,-32.37129799999,
    -31.9463374851));
#4702 = DIRECTION('',(-0.183012701892,-0.707106781187,-0.683012701892));
#4703 = DIRECTION('',(0.965925826289,-5.491802525683E-16,-0.258819045103
    ));
#4704 = ADVANCED_FACE('',(#4705),#4716,.T.);
#4705 = FACE_BOUND('',#4706,.F.);
#4706 = EDGE_LOOP('',(#4707,#4713,#4714,#4715));
#4707 = ORIENTED_EDGE('',*,*,#4708,.F.);
#4708 = EDGE_CURVE('',#4123,#4370,#4709,.T.);
#4709 = LINE('',#4710,#4711);
#4710 = CARTESIAN_POINT('',(89.046797868138,-37.39747070862,-4.25));
#4711 = VECTOR('',#4712,1.);
#4712 = DIRECTION('',(0.707102646823,-2.418027396366E-03,0.707106781187)
  );
#4713 = ORIENTED_EDGE('',*,*,#4122,.T.);
#4714 = ORIENTED_EDGE('',*,*,#4679,.T.);
#4715 = ORIENTED_EDGE('',*,*,#4369,.F.);
#4716 = CONICAL_SURFACE('',#4717,5.281248370398,0.785398163397);
#4717 = AXIS2_PLACEMENT_3D('',#4718,#4719,#4720);
#4718 = CARTESIAN_POINT('',(94.078044370398,-37.40254637039,-4.5));
#4719 = DIRECTION('',(-0.,-0.,-1.));
#4720 = DIRECTION('',(-0.999999369494,1.122947291399E-03,0.));
#4721 = ADVANCED_FACE('',(#4722),#4733,.F.);
#4722 = FACE_BOUND('',#4723,.F.);
#4723 = EDGE_LOOP('',(#4724,#4730,#4731,#4732));
#4724 = ORIENTED_EDGE('',*,*,#4725,.F.);
#4725 = EDGE_CURVE('',#4148,#4379,#4726,.T.);
#4726 = LINE('',#4727,#4728);
#4727 = CARTESIAN_POINT('',(88.783289908893,-41.34716960713,-4.5));
#4728 = VECTOR('',#4729,1.);
#4729 = DIRECTION('',(0.707102646823,-2.418027396364E-03,0.707106781187)
  );
#4730 = ORIENTED_EDGE('',*,*,#4147,.T.);
#4731 = ORIENTED_EDGE('',*,*,#4708,.T.);
#4732 = ORIENTED_EDGE('',*,*,#4378,.F.);
#4733 = PLANE('',#4734);
#4734 = AXIS2_PLACEMENT_3D('',#4735,#4736,#4737);
#4735 = CARTESIAN_POINT('',(89.033288447175,-41.34802450891,-4.25));
#4736 = DIRECTION('',(0.707102646823,-2.418027396366E-03,-0.707106781187
    ));
#4737 = DIRECTION('',(3.41960713813E-03,0.999994153126,2.3823479868E-17)
  );
#4738 = ADVANCED_FACE('',(#4739),#4750,.F.);
#4739 = FACE_BOUND('',#4740,.F.);
#4740 = EDGE_LOOP('',(#4741,#4747,#4748,#4749));
#4741 = ORIENTED_EDGE('',*,*,#4742,.F.);
#4742 = EDGE_CURVE('',#4172,#4387,#4743,.T.);
#4743 = LINE('',#4744,#4745);
#4744 = CARTESIAN_POINT('',(87.783295755767,-42.59374999999,-4.25));
#4745 = VECTOR('',#4746,1.);
#4746 = DIRECTION('',(4.395580895733E-14,-0.707106781187,0.707106781187)
  );
#4747 = ORIENTED_EDGE('',*,*,#4171,.T.);
#4748 = ORIENTED_EDGE('',*,*,#4725,.T.);
#4749 = ORIENTED_EDGE('',*,*,#4386,.F.);
#4750 = CONICAL_SURFACE('',#4751,1.,0.785398163397);
#4751 = AXIS2_PLACEMENT_3D('',#4752,#4753,#4754);
#4752 = CARTESIAN_POINT('',(87.783295755767,-41.34374999999,-4.5));
#4753 = DIRECTION('',(0.,0.,1.));
#4754 = DIRECTION('',(5.684341886081E-14,-1.,0.));
#4755 = ADVANCED_FACE('',(#4756),#4767,.F.);
#4756 = FACE_BOUND('',#4757,.F.);
#4757 = EDGE_LOOP('',(#4758,#4764,#4765,#4766));
#4758 = ORIENTED_EDGE('',*,*,#4759,.F.);
#4759 = EDGE_CURVE('',#4197,#4396,#4760,.T.);
#4760 = LINE('',#4761,#4762);
#4761 = CARTESIAN_POINT('',(57.150000077504,-42.34374999999,-4.5));
#4762 = VECTOR('',#4763,1.);
#4763 = DIRECTION('',(4.463392362943E-14,-0.707106781187,0.707106781187)
  );
#4764 = ORIENTED_EDGE('',*,*,#4196,.T.);
#4765 = ORIENTED_EDGE('',*,*,#4742,.T.);
#4766 = ORIENTED_EDGE('',*,*,#4395,.F.);
#4767 = PLANE('',#4768);
#4768 = AXIS2_PLACEMENT_3D('',#4769,#4770,#4771);
#4769 = CARTESIAN_POINT('',(57.150000077504,-42.59374999999,-4.25));
#4770 = DIRECTION('',(4.420980425373E-14,-0.707106781187,-0.707106781187
    ));
#4771 = DIRECTION('',(1.,6.234250296901E-14,1.796017964729E-16));
#4772 = ADVANCED_FACE('',(#4773),#4784,.T.);
#4773 = FACE_BOUND('',#4774,.F.);
#4774 = EDGE_LOOP('',(#4775,#4781,#4782,#4783));
#4775 = ORIENTED_EDGE('',*,*,#4776,.F.);
#4776 = EDGE_CURVE('',#4221,#4404,#4777,.T.);
#4777 = LINE('',#4778,#4779);
#4778 = CARTESIAN_POINT('',(52.11875,-47.6250000775,-4.25));
#4779 = VECTOR('',#4780,1.);
#4780 = DIRECTION('',(0.707106781187,-6.298329928382E-17,0.707106781187)
  );
#4781 = ORIENTED_EDGE('',*,*,#4220,.T.);
#4782 = ORIENTED_EDGE('',*,*,#4759,.T.);
#4783 = ORIENTED_EDGE('',*,*,#4403,.F.);
#4784 = CONICAL_SURFACE('',#4785,5.281250077504,0.785398163397);
#4785 = AXIS2_PLACEMENT_3D('',#4786,#4787,#4788);
#4786 = CARTESIAN_POINT('',(57.150000077504,-47.6250000775,-4.5));
#4787 = DIRECTION('',(-0.,-0.,-1.));
#4788 = DIRECTION('',(-1.,0.,0.));
#4789 = ADVANCED_FACE('',(#4790),#4801,.F.);
#4790 = FACE_BOUND('',#4791,.F.);
#4791 = EDGE_LOOP('',(#4792,#4798,#4799,#4800));
#4792 = ORIENTED_EDGE('',*,*,#4793,.F.);
#4793 = EDGE_CURVE('',#4246,#4413,#4794,.T.);
#4794 = LINE('',#4795,#4796);
#4795 = CARTESIAN_POINT('',(51.86875,-127.3968749224,-4.5));
#4796 = VECTOR('',#4797,1.);
#4797 = DIRECTION('',(0.707106781187,-2.056732144452E-16,0.707106781187)
  );
#4798 = ORIENTED_EDGE('',*,*,#4245,.T.);
#4799 = ORIENTED_EDGE('',*,*,#4776,.T.);
#4800 = ORIENTED_EDGE('',*,*,#4412,.F.);
#4801 = PLANE('',#4802);
#4802 = AXIS2_PLACEMENT_3D('',#4803,#4804,#4805);
#4803 = CARTESIAN_POINT('',(52.11875,-127.3968749224,-4.25));
#4804 = DIRECTION('',(0.707106781187,1.889513820523E-18,-0.707106781187)
  );
#4805 = DIRECTION('',(4.319982998946E-17,1.,4.587200606073E-17));
#4806 = ADVANCED_FACE('',(#4807),#4818,.T.);
#4807 = FACE_BOUND('',#4808,.F.);
#4808 = EDGE_LOOP('',(#4809,#4815,#4816,#4817));
#4809 = ORIENTED_EDGE('',*,*,#4810,.F.);
#4810 = EDGE_CURVE('',#4270,#4421,#4811,.T.);
#4811 = LINE('',#4812,#4813);
#4812 = CARTESIAN_POINT('',(57.150000077497,-132.4281249999,-4.25));
#4813 = VECTOR('',#4814,1.);
#4814 = DIRECTION('',(9.584097001856E-13,0.707106781187,0.707106781187)
  );
#4815 = ORIENTED_EDGE('',*,*,#4269,.T.);
#4816 = ORIENTED_EDGE('',*,*,#4793,.T.);
#4817 = ORIENTED_EDGE('',*,*,#4420,.F.);
#4818 = CONICAL_SURFACE('',#4819,5.281250077504,0.785398163397);
#4819 = AXIS2_PLACEMENT_3D('',#4820,#4821,#4822);
#4820 = CARTESIAN_POINT('',(57.150000077504,-127.3968749224,-4.5));
#4821 = DIRECTION('',(-0.,-0.,-1.));
#4822 = DIRECTION('',(-1.354824188232E-12,-1.,0.));
#4823 = ADVANCED_FACE('',(#4824),#4830,.F.);
#4824 = FACE_BOUND('',#4825,.F.);
#4825 = EDGE_LOOP('',(#4826,#4827,#4828,#4829));
#4826 = ORIENTED_EDGE('',*,*,#4662,.F.);
#4827 = ORIENTED_EDGE('',*,*,#4294,.T.);
#4828 = ORIENTED_EDGE('',*,*,#4810,.T.);
#4829 = ORIENTED_EDGE('',*,*,#4429,.F.);
#4830 = PLANE('',#4831);
#4831 = AXIS2_PLACEMENT_3D('',#4832,#4833,#4834);
#4832 = CARTESIAN_POINT('',(99.362391458339,-132.4281249999,-4.25));
#4833 = DIRECTION('',(9.586306998525E-13,0.707106781187,-0.707106781187)
  );
#4834 = DIRECTION('',(-1.,1.355552266676E-12,-1.562703630612E-16));
#4835 = ( GEOMETRIC_REPRESENTATION_CONTEXT(3) 
GLOBAL_UNCERTAINTY_ASSIGNED_CONTEXT((#4839)) 
GLOBAL_UNIT_ASSIGNED_CONTEXT((#4836,#4837,#4838)) REPRESENTATION_CONTEXT
('Context #1','3D Context with UNIT and UNCERTAINTY') );
#4836 = ( LENGTH_UNIT() NAMED_UNIT(*) SI_UNIT(.MILLI.,.METRE.) );
#4837 = ( NAMED_UNIT(*) PLANE_ANGLE_UNIT() SI_UNIT($,.RADIAN.) );
#4838 = ( NAMED_UNIT(*) SI_UNIT($,.STERADIAN.) SOLID_ANGLE_UNIT() );
#4839 = UNCERTAINTY_MEASURE_WITH_UNIT(LENGTH_MEASURE(2.E-04),#4836,
  'distance_accuracy_value','confusion accuracy');
#4840 = PRODUCT_RELATED_PRODUCT_CATEGORY('part',$,(#7));
#4841 = MECHANICAL_DESIGN_GEOMETRIC_PRESENTATION_REPRESENTATION('',(
    #4842),#4835);
#4842 = STYLED_ITEM('color',(#4843),#15);
#4843 = PRESENTATION_STYLE_ASSIGNMENT((#4844,#4850));
#4844 = SURFACE_STYLE_USAGE(.BOTH.,#4845);
#4845 = SURFACE_SIDE_STYLE('',(#4846));
#4846 = SURFACE_STYLE_FILL_AREA(#4847);
#4847 = FILL_AREA_STYLE('',(#4848));
#4848 = FILL_AREA_STYLE_COLOUR('',#4849);
#4849 = COLOUR_RGB('',0.678431390124,0.709803936702,0.741176476869);
#4850 = CURVE_STYLE('',#4851,POSITIVE_LENGTH_MEASURE(0.1),#4852);
#4851 = DRAUGHTING_PRE_DEFINED_CURVE_FONT('continuous');
#4852 = COLOUR_RGB('',9.803921802644E-02,9.803921802644E-02,
  9.803921802644E-02);
ENDSEC;
END-ISO-10303-21;
