ISO-10303-21;
HEADER;
FILE_DESCRIPTION(('FreeCAD Model'),'2;1');
FILE_NAME('Open CASCADE Shape Model','2026-06-08T16:26:32',(''),(''),
  'Open CASCADE STEP processor 7.8','FreeCAD','Unknown');
FILE_SCHEMA(('AUTOMOTIVE_DESIGN { 1 0 10303 214 1 1 1 1 }'));
ENDSEC;
DATA;
#1 = APPLICATION_PROTOCOL_DEFINITION('international standard',
  'automotive_design',2000,#2);
#2 = APPLICATION_CONTEXT(
  'core data for automotive mechanical design processes');
#3 = SHAPE_DEFINITION_REPRESENTATION(#4,#10);
#4 = PRODUCT_DEFINITION_SHAPE('','',#5);
#5 = PRODUCT_DEFINITION('design','',#6,#9);
#6 = PRODUCT_DEFINITION_FORMATION('','',#7);
#7 = PRODUCT('tenting','tenting','',(#8));
#8 = PRODUCT_CONTEXT('',#2,'mechanical');
#9 = PRODUCT_DEFINITION_CONTEXT('part definition',#2,'design');
#10 = ADVANCED_BREP_SHAPE_REPRESENTATION('',(#11,#15),#4294);
#11 = AXIS2_PLACEMENT_3D('',#12,#13,#14);
#12 = CARTESIAN_POINT('',(0.,0.,0.));
#13 = DIRECTION('',(0.,0.,1.));
#14 = DIRECTION('',(1.,0.,-0.));
#15 = MANIFOLD_SOLID_BREP('',#16);
#16 = CLOSED_SHELL('',(#17,#99,#159,#220,#264,#327,#382,#435,#518,#543,
    #582,#607,#1115,#1173,#1207,#1375,#1436,#1469,#1601,#1618,#1659,
    #1696,#1719,#1772,#1795,#1815,#1994,#2034,#2057,#2081,#2140,#2198,
    #2221,#2245,#2286,#2326,#2343,#2381,#2398,#2415,#2432,#2449,#2468,
    #2485,#2503,#2520,#2552,#2576,#2606,#2623,#2655,#2686,#2703,#2752,
    #2786,#2811,#2835,#2867,#2907,#2932,#2956,#2981,#3021,#3046,#3068,
    #3085,#3109,#3134,#3158,#3182,#3199,#3223,#3243,#3284,#3336,#3360,
    #3400,#3424,#3448,#3465,#3482,#3531,#3556,#3580,#3597,#3622,#3639,
    #3663,#3696,#3721,#3746,#3763,#3893,#3905,#3917,#3941,#3958,#3982,
    #3999,#4011,#4035,#4052,#4064,#4081,#4098,#4115,#4137,#4149,#4166,
    #4183,#4200,#4217,#4234,#4251,#4268,#4280));
#17 = ADVANCED_FACE('',(#18),#94,.F.);
#18 = FACE_BOUND('',#19,.T.);
#19 = EDGE_LOOP('',(#20,#30,#39,#56,#70,#78));
#20 = ORIENTED_EDGE('',*,*,#21,.T.);
#21 = EDGE_CURVE('',#22,#24,#26,.T.);
#22 = VERTEX_POINT('',#23);
#23 = CARTESIAN_POINT('',(180.65666129494,-162.873237698,-16.7655866438)
  );
#24 = VERTEX_POINT('',#25);
#25 = CARTESIAN_POINT('',(180.65666129494,-162.873237698,-4.5));
#26 = LINE('',#27,#28);
#27 = CARTESIAN_POINT('',(180.65666129494,-162.873237698,-4.));
#28 = VECTOR('',#29,1.);
#29 = DIRECTION('',(0.,0.,1.));
#30 = ORIENTED_EDGE('',*,*,#31,.T.);
#31 = EDGE_CURVE('',#24,#32,#34,.T.);
#32 = VERTEX_POINT('',#33);
#33 = CARTESIAN_POINT('',(171.37097767182,-157.5443118756,-4.5));
#34 = CIRCLE('',#35,111.46535512408);
#35 = AXIS2_PLACEMENT_3D('',#36,#37,#38);
#36 = CARTESIAN_POINT('',(120.59651671616,-256.7737404981,-4.5));
#37 = DIRECTION('',(0.,-0.,1.));
#38 = DIRECTION('',(0.538823426453,0.84241872908,0.));
#39 = ORIENTED_EDGE('',*,*,#40,.T.);
#40 = EDGE_CURVE('',#32,#41,#43,.T.);
#41 = VERTEX_POINT('',#42);
#42 = CARTESIAN_POINT('',(166.47159369933,-155.1863263901,
    -11.50893609274));
#43 = B_SPLINE_CURVE_WITH_KNOTS('',6,(#44,#45,#46,#47,#48,#49,#50,#51,
    #52,#53,#54,#55),.UNSPECIFIED.,.F.,.F.,(7,5,7),(-0.816298152984,
    -0.39625054436,9.389894569285),.UNSPECIFIED.);
#44 = CARTESIAN_POINT('',(171.95121029013,-157.8430158615,
    -3.669842853902));
#45 = CARTESIAN_POINT('',(171.91241387984,-157.8229913435,
    -3.725350358232));
#46 = CARTESIAN_POINT('',(171.87375203318,-157.8030362797,
    -3.780665337236));
#47 = CARTESIAN_POINT('',(171.83522475016,-157.78315067,-3.835787790915)
  );
#48 = CARTESIAN_POINT('',(171.79683203077,-157.7633345144,
    -3.890717719269));
#49 = CARTESIAN_POINT('',(171.75857387502,-157.7435878131,
    -3.945455122297));
#50 = CARTESIAN_POINT('',(170.83225809451,-157.2654758723,
    -5.270770449466));
#51 = CARTESIAN_POINT('',(169.93910759856,-156.81658597,-6.548574156121)
  );
#52 = CARTESIAN_POINT('',(169.04116273151,-156.3773240889,
    -7.833201724078));
#53 = CARTESIAN_POINT('',(168.13846596315,-155.9477160498,
    -9.124518695806));
#54 = CARTESIAN_POINT('',(167.2312711031,-155.5278795687,-10.42228653075
    ));
#55 = CARTESIAN_POINT('',(166.31960428918,-155.1178274594,
    -11.72634456688));
#56 = ORIENTED_EDGE('',*,*,#57,.T.);
#57 = EDGE_CURVE('',#41,#58,#60,.T.);
#58 = VERTEX_POINT('',#59);
#59 = CARTESIAN_POINT('',(154.29082069444,-150.5230027484,
    -10.44309712897));
#60 = B_SPLINE_CURVE_WITH_KNOTS('',8,(#61,#62,#63,#64,#65,#66,#67,#68,
    #69),.UNSPECIFIED.,.F.,.F.,(9,9),(-1.284911581648,12.819296275169),
  .PIECEWISE_BEZIER_KNOTS.);
#61 = CARTESIAN_POINT('',(167.39014538391,-155.6061483104,
    -11.58928840453));
#62 = CARTESIAN_POINT('',(165.79495410637,-154.868315308,-11.44974181514
    ));
#63 = CARTESIAN_POINT('',(164.18644487787,-154.159220487,-11.30904428001
    ));
#64 = CARTESIAN_POINT('',(162.56536263239,-153.4791911452,
    -11.16728842186));
#65 = CARTESIAN_POINT('',(160.9319344344,-152.8283715222,-11.02421542538
    ));
#66 = CARTESIAN_POINT('',(159.28755201949,-152.2072404522,
    -10.88070592843));
#67 = CARTESIAN_POINT('',(157.63170580912,-151.6156950861,
    -10.73546995774));
#68 = CARTESIAN_POINT('',(155.96626577561,-151.0543209967,
    -10.59014733561));
#69 = CARTESIAN_POINT('',(154.29082069444,-150.5230027484,
    -10.44309712897));
#70 = ORIENTED_EDGE('',*,*,#71,.T.);
#71 = EDGE_CURVE('',#58,#72,#74,.T.);
#72 = VERTEX_POINT('',#73);
#73 = CARTESIAN_POINT('',(154.29082069444,-150.5230027484,
    -14.45894550356));
#74 = LINE('',#75,#76);
#75 = CARTESIAN_POINT('',(154.29082069444,-150.5230027484,-4.));
#76 = VECTOR('',#77,1.);
#77 = DIRECTION('',(0.,0.,-1.));
#78 = ORIENTED_EDGE('',*,*,#79,.F.);
#79 = EDGE_CURVE('',#22,#72,#80,.T.);
#80 = B_SPLINE_CURVE_WITH_KNOTS('',12,(#81,#82,#83,#84,#85,#86,#87,#88,
    #89,#90,#91,#92,#93),.UNSPECIFIED.,.F.,.F.,(13,13),(60.556386943827,
    89.85845456914),.PIECEWISE_BEZIER_KNOTS.);
#81 = CARTESIAN_POINT('',(180.65666129494,-162.873237698,-16.76558664383
    ));
#82 = CARTESIAN_POINT('',(178.59724327318,-161.5560035997,
    -16.58660967679));
#83 = CARTESIAN_POINT('',(176.54333028145,-160.3116645921,
    -16.45958976562));
#84 = CARTESIAN_POINT('',(174.39957379969,-159.0757255484,
    -16.11678686486));
#85 = CARTESIAN_POINT('',(172.30693752472,-157.9472058739,
    -16.15842123925));
#86 = CARTESIAN_POINT('',(170.10522319803,-156.8067799475,
    -15.72325715876));
#87 = CARTESIAN_POINT('',(167.94074524165,-155.7712392419,
    -15.74528427307));
#88 = CARTESIAN_POINT('',(165.70428578967,-154.7477916443,
    -15.40316666007));
#89 = CARTESIAN_POINT('',(163.47111628777,-153.8014864125,
    -15.28567676077));
#90 = CARTESIAN_POINT('',(161.20318527235,-152.8974344302,
    -15.05677052223));
#91 = CARTESIAN_POINT('',(158.91805155053,-152.051436455,-14.86520081621
    ));
#92 = CARTESIAN_POINT('',(156.61385987939,-151.2596864657,-14.6618119569
    ));
#93 = CARTESIAN_POINT('',(154.29082069444,-150.5230027484,
    -14.45894550356));
#94 = CYLINDRICAL_SURFACE('',#95,111.46535512408);
#95 = AXIS2_PLACEMENT_3D('',#96,#97,#98);
#96 = CARTESIAN_POINT('',(120.59651671616,-256.7737404981,-4.));
#97 = DIRECTION('',(0.,0.,1.));
#98 = DIRECTION('',(1.,0.,0.));
#99 = ADVANCED_FACE('',(#100),#154,.T.);
#100 = FACE_BOUND('',#101,.F.);
#101 = EDGE_LOOP('',(#102,#103,#112,#121,#129));
#102 = ORIENTED_EDGE('',*,*,#21,.T.);
#103 = ORIENTED_EDGE('',*,*,#104,.F.);
#104 = EDGE_CURVE('',#105,#24,#107,.T.);
#105 = VERTEX_POINT('',#106);
#106 = CARTESIAN_POINT('',(180.9887147179,-163.0834573825,-4.5));
#107 = CIRCLE('',#108,5.281250259068);
#108 = AXIS2_PLACEMENT_3D('',#109,#110,#111);
#109 = CARTESIAN_POINT('',(183.64570067542,-158.5192455206,-4.5));
#110 = DIRECTION('',(-0.,0.,-1.));
#111 = DIRECTION('',(-0.503097908104,-0.864229422585,0.));
#112 = ORIENTED_EDGE('',*,*,#113,.F.);
#113 = EDGE_CURVE('',#114,#105,#116,.T.);
#114 = VERTEX_POINT('',#115);
#115 = CARTESIAN_POINT('',(188.21939721667,-161.1598712508,
    -4.499999999995));
#116 = CIRCLE('',#117,5.281250259068);
#117 = AXIS2_PLACEMENT_3D('',#118,#119,#120);
#118 = CARTESIAN_POINT('',(183.64570067542,-158.5192455206,-4.5));
#119 = DIRECTION('',(0.,-0.,-1.));
#120 = DIRECTION('',(0.866025338111,-0.50000011375,0.));
#121 = ORIENTED_EDGE('',*,*,#122,.T.);
#122 = EDGE_CURVE('',#114,#123,#125,.T.);
#123 = VERTEX_POINT('',#124);
#124 = CARTESIAN_POINT('',(188.21939721667,-161.1598712508,
    -17.42865772771));
#125 = LINE('',#126,#127);
#126 = CARTESIAN_POINT('',(188.21939721667,-161.1598712508,-4.));
#127 = VECTOR('',#128,1.);
#128 = DIRECTION('',(0.,0.,-1.));
#129 = ORIENTED_EDGE('',*,*,#130,.T.);
#130 = EDGE_CURVE('',#123,#22,#131,.T.);
#131 = B_SPLINE_CURVE_WITH_KNOTS('',11,(#132,#133,#134,#135,#136,#137,
    #138,#139,#140,#141,#142,#143,#144,#145,#146,#147,#148,#149,#150,
    #151,#152,#153),.UNSPECIFIED.,.F.,.F.,(12,10,12),(51.779908888936,
    60.492334264176,60.556386943829),.UNSPECIFIED.);
#132 = CARTESIAN_POINT('',(188.21939721667,-161.1598712508,
    -17.42865772771));
#133 = CARTESIAN_POINT('',(187.82741025812,-161.838812373,-17.3943633126
    ));
#134 = CARTESIAN_POINT('',(187.32495377117,-162.4536771531,
    -17.34997676374));
#135 = CARTESIAN_POINT('',(186.72247024027,-162.9811586589,
    -17.29959635012));
#136 = CARTESIAN_POINT('',(186.04174843977,-163.4198812899,
    -17.23073404801));
#137 = CARTESIAN_POINT('',(185.28204052556,-163.7096201112,
    -17.1849811447));
#138 = CARTESIAN_POINT('',(184.51028386011,-163.9352385379,
    -17.08204163834));
#139 = CARTESIAN_POINT('',(183.66553290061,-163.9427817294,
    -17.05182089231));
#140 = CARTESIAN_POINT('',(182.90431868775,-163.9014478997,
    -16.94248291351));
#141 = CARTESIAN_POINT('',(182.09863128368,-163.6804940659,
    -16.90166523684));
#142 = CARTESIAN_POINT('',(181.37037953917,-163.3510039463,
    -16.82831466283));
#143 = CARTESIAN_POINT('',(180.70502001868,-162.9060479665,
    -16.76980555258));
#144 = CARTESIAN_POINT('',(180.70016772274,-162.9027944665,
    -16.76937939883));
#145 = CARTESIAN_POINT('',(180.69531907341,-162.8995348526,
    -16.76895412795));
#146 = CARTESIAN_POINT('',(180.6904740712,-162.8962691234,
    -16.76852976405));
#147 = CARTESIAN_POINT('',(180.68563271869,-162.8929972782,
    -16.76810633141));
#148 = CARTESIAN_POINT('',(180.6807950152,-162.8897193153,
    -16.76768385405));
#149 = CARTESIAN_POINT('',(180.67596096404,-162.8864352338,
    -16.76726235631));
#150 = CARTESIAN_POINT('',(180.67113056464,-162.8831450325,
    -16.7668418622));
#151 = CARTESIAN_POINT('',(180.66630381946,-162.8798487102,
    -16.76642239599));
#152 = CARTESIAN_POINT('',(180.66148072906,-162.8765462658,
    -16.76600398181));
#153 = CARTESIAN_POINT('',(180.65666129494,-162.873237698,-16.7655866438
    ));
#154 = CYLINDRICAL_SURFACE('',#155,5.281250259068);
#155 = AXIS2_PLACEMENT_3D('',#156,#157,#158);
#156 = CARTESIAN_POINT('',(183.64570067542,-158.5192455206,-4.));
#157 = DIRECTION('',(0.,0.,1.));
#158 = DIRECTION('',(0.866026288806,-0.499998467095,0.));
#159 = ADVANCED_FACE('',(#160),#193,.T.);
#160 = FACE_BOUND('',#161,.T.);
#161 = EDGE_LOOP('',(#162,#169,#170,#177));
#162 = ORIENTED_EDGE('',*,*,#163,.T.);
#163 = EDGE_CURVE('',#164,#22,#166,.T.);
#164 = VERTEX_POINT('',#165);
#165 = CARTESIAN_POINT('',(180.85130193585,-162.4384340491,
    -17.28451108235));
#166 = B_SPLINE_CURVE_WITH_KNOTS('',1,(#167,#168),.UNSPECIFIED.,.F.,.F.,
  (2,2),(0.,8.776478054893),.PIECEWISE_BEZIER_KNOTS.);
#167 = CARTESIAN_POINT('',(180.85130193585,-162.4384340491,
    -17.28451108235));
#168 = CARTESIAN_POINT('',(180.65666129494,-162.873237698,-16.7655866438
    ));
#169 = ORIENTED_EDGE('',*,*,#79,.T.);
#170 = ORIENTED_EDGE('',*,*,#171,.F.);
#171 = EDGE_CURVE('',#172,#72,#174,.T.);
#172 = VERTEX_POINT('',#173);
#173 = CARTESIAN_POINT('',(154.39068446145,-150.0538184688,
    -14.9695070244));
#174 = B_SPLINE_CURVE_WITH_KNOTS('',1,(#175,#176),.UNSPECIFIED.,.F.,.F.,
  (2,2),(0.,29.302067625313),.PIECEWISE_BEZIER_KNOTS.);
#175 = CARTESIAN_POINT('',(154.39068446145,-150.0538184688,
    -14.9695070244));
#176 = CARTESIAN_POINT('',(154.29082069444,-150.5230027484,
    -14.45894550356));
#177 = ORIENTED_EDGE('',*,*,#178,.F.);
#178 = EDGE_CURVE('',#164,#172,#179,.T.);
#179 = B_SPLINE_CURVE_WITH_KNOTS('',12,(#180,#181,#182,#183,#184,#185,
    #186,#187,#188,#189,#190,#191,#192),.UNSPECIFIED.,.F.,.F.,(13,13),(
    60.556386943827,89.85845456914),.PIECEWISE_BEZIER_KNOTS.);
#180 = CARTESIAN_POINT('',(180.85130193585,-162.4384340492,
    -17.28451108235));
#181 = CARTESIAN_POINT('',(178.74611970661,-161.2762328931,
    -17.10033150271));
#182 = CARTESIAN_POINT('',(176.70807112804,-159.9431408966,
    -16.92202535644));
#183 = CARTESIAN_POINT('',(174.62267171553,-158.6615859483,-16.739576549
    ));
#184 = CARTESIAN_POINT('',(172.48323042785,-157.4779998971,
    -16.55239969012));
#185 = CARTESIAN_POINT('',(170.3043993041,-156.3548782409,
    -16.36177666715));
#186 = CARTESIAN_POINT('',(168.10430096356,-155.2961072274,
    -16.16929300377));
#187 = CARTESIAN_POINT('',(165.87052667615,-154.282635686,
    -15.97386307685));
#188 = CARTESIAN_POINT('',(163.62144247178,-153.3271893295,
    -15.77709370571));
#189 = CARTESIAN_POINT('',(161.34412523054,-152.4217806146,
    -15.57785426395));
#190 = CARTESIAN_POINT('',(159.04963443083,-151.57063686,-15.37711233048
    ));
#191 = CARTESIAN_POINT('',(156.73313195971,-150.7754088952,
    -15.17444462532));
#192 = CARTESIAN_POINT('',(154.39068446145,-150.0538184688,
    -14.9695070244));
#193 = B_SPLINE_SURFACE_WITH_KNOTS('',1,12,(
    (#194,#195,#196,#197,#198,#199,#200,#201,#202,#203,#204,#205,#206)
    ,(#207,#208,#209,#210,#211,#212,#213,#214,#215,#216,#217,#218,#219
  )),.UNSPECIFIED.,.F.,.F.,.F.,(2,2),(13,13),(0.,29.302067625313),(
    60.556386943827,89.85845456914),.PIECEWISE_BEZIER_KNOTS.);
#194 = CARTESIAN_POINT('',(180.85130193585,-162.4384340492,
    -17.28451108235));
#195 = CARTESIAN_POINT('',(178.74611970661,-161.2762328931,
    -17.10033150271));
#196 = CARTESIAN_POINT('',(176.70807112804,-159.9431408966,
    -16.92202535644));
#197 = CARTESIAN_POINT('',(174.62267171553,-158.6615859483,-16.739576549
    ));
#198 = CARTESIAN_POINT('',(172.48323042785,-157.4779998971,
    -16.55239969012));
#199 = CARTESIAN_POINT('',(170.3043993041,-156.3548782409,
    -16.36177666715));
#200 = CARTESIAN_POINT('',(168.10430096356,-155.2961072274,
    -16.16929300377));
#201 = CARTESIAN_POINT('',(165.87052667615,-154.282635686,
    -15.97386307685));
#202 = CARTESIAN_POINT('',(163.62144247178,-153.3271893295,
    -15.77709370571));
#203 = CARTESIAN_POINT('',(161.34412523054,-152.4217806146,
    -15.57785426395));
#204 = CARTESIAN_POINT('',(159.04963443083,-151.57063686,-15.37711233048
    ));
#205 = CARTESIAN_POINT('',(156.73313195971,-150.7754088952,
    -15.17444462532));
#206 = CARTESIAN_POINT('',(154.39068446145,-150.0538184688,
    -14.9695070244));
#207 = CARTESIAN_POINT('',(180.65666129494,-162.873237698,
    -16.76558664383));
#208 = CARTESIAN_POINT('',(178.59724327318,-161.5560035997,
    -16.58660967679));
#209 = CARTESIAN_POINT('',(176.54333028145,-160.3116645921,
    -16.45958976562));
#210 = CARTESIAN_POINT('',(174.39957379969,-159.0757255484,
    -16.11678686486));
#211 = CARTESIAN_POINT('',(172.30693752472,-157.9472058739,
    -16.15842123925));
#212 = CARTESIAN_POINT('',(170.10522319803,-156.8067799475,
    -15.72325715876));
#213 = CARTESIAN_POINT('',(167.94074524165,-155.7712392419,
    -15.74528427307));
#214 = CARTESIAN_POINT('',(165.70428578967,-154.7477916443,
    -15.40316666007));
#215 = CARTESIAN_POINT('',(163.47111628777,-153.8014864125,
    -15.28567676077));
#216 = CARTESIAN_POINT('',(161.20318527235,-152.8974344302,
    -15.05677052223));
#217 = CARTESIAN_POINT('',(158.91805155053,-152.051436455,
    -14.86520081621));
#218 = CARTESIAN_POINT('',(156.61385987939,-151.2596864657,
    -14.6618119569));
#219 = CARTESIAN_POINT('',(154.29082069444,-150.5230027484,
    -14.45894550356));
#220 = ADVANCED_FACE('',(#221),#259,.F.);
#221 = FACE_BOUND('',#222,.T.);
#222 = EDGE_LOOP('',(#223,#233,#234,#242,#251));
#223 = ORIENTED_EDGE('',*,*,#224,.F.);
#224 = EDGE_CURVE('',#32,#225,#227,.T.);
#225 = VERTEX_POINT('',#226);
#226 = CARTESIAN_POINT('',(171.12957587802,-156.9003574059,
    -4.035543552121));
#227 = B_SPLINE_CURVE_WITH_KNOTS('',4,(#228,#229,#230,#231,#232),
  .UNSPECIFIED.,.F.,.F.,(5,5),(0.,1.),.PIECEWISE_BEZIER_KNOTS.);
#228 = CARTESIAN_POINT('',(171.37097766287,-157.544311871,
    -4.500000012795));
#229 = CARTESIAN_POINT('',(171.31039261153,-157.3832321284,
    -4.384200108084));
#230 = CARTESIAN_POINT('',(171.24996446605,-157.2222139461,
    -4.268189659376));
#231 = CARTESIAN_POINT('',(171.18969247015,-157.0612561009,-4.1519702799
    ));
#232 = CARTESIAN_POINT('',(171.12957587802,-156.9003574059,
    -4.035543552121));
#233 = ORIENTED_EDGE('',*,*,#31,.F.);
#234 = ORIENTED_EDGE('',*,*,#235,.F.);
#235 = EDGE_CURVE('',#236,#24,#238,.T.);
#236 = VERTEX_POINT('',#237);
#237 = CARTESIAN_POINT('',(180.93964725791,-162.461025441,-4.));
#238 = LINE('',#239,#240);
#239 = CARTESIAN_POINT('',(180.65666129494,-162.873237698,-4.5));
#240 = VECTOR('',#241,1.);
#241 = DIRECTION('',(-0.400202586791,-0.582956164326,-0.707106781187));
#242 = ORIENTED_EDGE('',*,*,#243,.T.);
#243 = EDGE_CURVE('',#236,#244,#246,.T.);
#244 = VERTEX_POINT('',#245);
#245 = CARTESIAN_POINT('',(171.15446374115,-156.8731161723,-4.));
#246 = CIRCLE('',#247,111.96535512408);
#247 = AXIS2_PLACEMENT_3D('',#248,#249,#250);
#248 = CARTESIAN_POINT('',(120.59651671616,-256.7737404981,-4.));
#249 = DIRECTION('',(0.,-0.,1.));
#250 = DIRECTION('',(0.538823426453,0.84241872908,0.));
#251 = ORIENTED_EDGE('',*,*,#252,.F.);
#252 = EDGE_CURVE('',#225,#244,#253,.T.);
#253 = B_SPLINE_CURVE_WITH_KNOTS('',4,(#254,#255,#256,#257,#258),
  .UNSPECIFIED.,.F.,.F.,(5,5),(0.,1.),.PIECEWISE_BEZIER_KNOTS.);
#254 = CARTESIAN_POINT('',(171.12957587802,-156.9003574059,
    -4.035543552121));
#255 = CARTESIAN_POINT('',(171.13579782238,-156.8935469981,
    -4.026657694684));
#256 = CARTESIAN_POINT('',(171.14201978103,-156.8867366566,
    -4.017771816845));
#257 = CARTESIAN_POINT('',(171.14824175395,-156.8799263813,
    -4.008885918614));
#258 = CARTESIAN_POINT('',(171.15446374115,-156.8731161723,-4.));
#259 = CONICAL_SURFACE('',#260,111.46535512408,0.785398163397);
#260 = AXIS2_PLACEMENT_3D('',#261,#262,#263);
#261 = CARTESIAN_POINT('',(120.59651671616,-256.7737404981,-4.5));
#262 = DIRECTION('',(0.,0.,1.));
#263 = DIRECTION('',(0.538823426453,0.84241872908,0.));
#264 = ADVANCED_FACE('',(#265),#322,.F.);
#265 = FACE_BOUND('',#266,.T.);
#266 = EDGE_LOOP('',(#267,#268,#288,#296));
#267 = ORIENTED_EDGE('',*,*,#71,.F.);
#268 = ORIENTED_EDGE('',*,*,#269,.T.);
#269 = EDGE_CURVE('',#58,#270,#272,.T.);
#270 = VERTEX_POINT('',#271);
#271 = CARTESIAN_POINT('',(129.8023359999,-146.965524427,-8.301115884596
    ));
#272 = B_SPLINE_CURVE_WITH_KNOTS('',14,(#273,#274,#275,#276,#277,#278,
    #279,#280,#281,#282,#283,#284,#285,#286,#287),.UNSPECIFIED.,.F.,.F.,
  (15,15),(12.819296275169,37.74162086114),.PIECEWISE_BEZIER_KNOTS.);
#273 = CARTESIAN_POINT('',(154.29082069444,-150.5230027484,
    -10.44309712897));
#274 = CARTESIAN_POINT('',(152.59399883011,-150.0028202009,
    -10.29492465248));
#275 = CARTESIAN_POINT('',(150.88509056288,-149.5226924979,
    -10.14547314192));
#276 = CARTESIAN_POINT('',(149.16510627315,-149.082911936,
    -9.995033089084));
#277 = CARTESIAN_POINT('',(147.43452526606,-148.6835993485,
    -9.843659351439));
#278 = CARTESIAN_POINT('',(145.69560441808,-148.3253844224,
    -9.691518267195));
#279 = CARTESIAN_POINT('',(143.94725685367,-148.0078391738,
    -9.538606085836));
#280 = CARTESIAN_POINT('',(142.19349147149,-147.7320660031,
    -9.38514713925));
#281 = CARTESIAN_POINT('',(140.43213554022,-147.4972412295,
    -9.231090571742));
#282 = CARTESIAN_POINT('',(138.66706353716,-147.3043642135,
    -9.076656044091));
#283 = CARTESIAN_POINT('',(136.89741196775,-147.1529501683,
    -8.921845091301));
#284 = CARTESIAN_POINT('',(135.12527710021,-147.043391132,
    -8.766806664331));
#285 = CARTESIAN_POINT('',(133.35128015083,-146.9756063831,
    -8.61160264082));
#286 = CARTESIAN_POINT('',(131.57659118602,-146.9496581972,
    -8.456344434493));
#287 = CARTESIAN_POINT('',(129.8023359999,-146.965524427,-8.301115884596
    ));
#288 = ORIENTED_EDGE('',*,*,#289,.T.);
#289 = EDGE_CURVE('',#270,#290,#292,.T.);
#290 = VERTEX_POINT('',#291);
#291 = CARTESIAN_POINT('',(129.8023359999,-146.965524427,-12.31639873061
    ));
#292 = LINE('',#293,#294);
#293 = CARTESIAN_POINT('',(129.8023359999,-146.965524427,-4.));
#294 = VECTOR('',#295,1.);
#295 = DIRECTION('',(0.,0.,-1.));
#296 = ORIENTED_EDGE('',*,*,#297,.F.);
#297 = EDGE_CURVE('',#72,#290,#298,.T.);
#298 = B_SPLINE_CURVE_WITH_KNOTS('',8,(#299,#300,#301,#302,#303,#304,
    #305,#306,#307,#308,#309,#310,#311,#312,#313,#314,#315,#316,#317,
    #318,#319,#320,#321),.UNSPECIFIED.,.F.,.F.,(9,7,7,9),(89.85845456914
    ,114.70532092451,114.72607457658,114.75210193247),.UNSPECIFIED.);
#299 = CARTESIAN_POINT('',(154.29082069444,-150.5230027484,
    -14.45894550356));
#300 = CARTESIAN_POINT('',(151.32739213158,-149.6145256411,
    -14.19960107142));
#301 = CARTESIAN_POINT('',(148.32374293035,-148.8353709396,
    -13.93671703961));
#302 = CARTESIAN_POINT('',(145.28798943226,-148.1880480442,
    -13.67134790783));
#303 = CARTESIAN_POINT('',(142.22412454994,-147.6732950401,
    -13.40304993678));
#304 = CARTESIAN_POINT('',(139.14181479402,-147.2934713119,
    -13.13354869064));
#305 = CARTESIAN_POINT('',(136.04711419882,-147.0485585554,
    -12.86272921502));
#306 = CARTESIAN_POINT('',(132.94704988709,-146.9391986551,
    -12.59153199244));
#307 = CARTESIAN_POINT('',(129.84638667654,-146.9651424319,
    -12.32025412672));
#308 = CARTESIAN_POINT('',(129.84380228132,-146.9651641504,
    -12.32002801642));
#309 = CARTESIAN_POINT('',(129.84121734724,-146.9651859674,
    -12.31980183836));
#310 = CARTESIAN_POINT('',(129.83863161834,-146.9652078853,
    -12.31957557465));
#311 = CARTESIAN_POINT('',(129.83604598681,-146.9652298968,
    -12.31934930887));
#312 = CARTESIAN_POINT('',(129.83346092823,-146.9652519976,
    -12.31912308023));
#313 = CARTESIAN_POINT('',(129.8308758186,-146.9652741929,
    -12.31889682927));
#314 = CARTESIAN_POINT('',(129.82504514345,-146.9653244669,
    -12.3183865116));
#315 = CARTESIAN_POINT('',(129.82180111941,-146.9653525863,
    -12.3181025763));
#316 = CARTESIAN_POINT('',(129.81855705581,-146.9653808544,
    -12.31781862933));
#317 = CARTESIAN_POINT('',(129.8153129485,-146.9654092713,
    -12.31753467101));
#318 = CARTESIAN_POINT('',(129.81206879341,-146.9654378369,
    -12.31725070166));
#319 = CARTESIAN_POINT('',(129.80882458635,-146.9654665514,
    -12.3169667216));
#320 = CARTESIAN_POINT('',(129.80558032323,-146.9654954148,
    -12.31668273115));
#321 = CARTESIAN_POINT('',(129.8023359999,-146.965524427,-12.31639873061
    ));
#322 = CYLINDRICAL_SURFACE('',#323,81.076597415396);
#323 = AXIS2_PLACEMENT_3D('',#324,#325,#326);
#324 = CARTESIAN_POINT('',(130.52733232647,-228.0388802771,-4.));
#325 = DIRECTION('',(0.,0.,1.));
#326 = DIRECTION('',(1.,0.,0.));
#327 = ADVANCED_FACE('',(#328),#357,.T.);
#328 = FACE_BOUND('',#329,.T.);
#329 = EDGE_LOOP('',(#330,#331,#348,#356));
#330 = ORIENTED_EDGE('',*,*,#224,.T.);
#331 = ORIENTED_EDGE('',*,*,#332,.T.);
#332 = EDGE_CURVE('',#225,#333,#335,.T.);
#333 = VERTEX_POINT('',#334);
#334 = CARTESIAN_POINT('',(166.24191698226,-154.5666474719,
    -11.01584386227));
#335 = B_SPLINE_CURVE_WITH_KNOTS('',6,(#336,#337,#338,#339,#340,#341,
    #342,#343,#344,#345,#346,#347),.UNSPECIFIED.,.F.,.F.,(7,5,7),(
    -0.816298152984,-0.39625054436,9.389894569285),.UNSPECIFIED.);
#336 = CARTESIAN_POINT('',(171.68284910303,-157.1828028605,
    -3.245387498583));
#337 = CARTESIAN_POINT('',(171.64407929805,-157.1629648753,
    -3.300756518285));
#338 = CARTESIAN_POINT('',(171.60540551356,-157.1431760225,
    -3.355988406519));
#339 = CARTESIAN_POINT('',(171.56682774956,-157.123436302,
    -3.411083163285));
#340 = CARTESIAN_POINT('',(171.52834600605,-157.103745714,
    -3.466040788584));
#341 = CARTESIAN_POINT('',(171.48996028302,-157.0841042583,
    -3.520861282415));
#342 = CARTESIAN_POINT('',(170.55960840061,-156.6080557745,
    -4.849541468953));
#343 = CARTESIAN_POINT('',(169.6626634562,-156.1612117207,
    -6.130511603571));
#344 = CARTESIAN_POINT('',(168.7608764298,-155.7240564031,
    -7.418396947923));
#345 = CARTESIAN_POINT('',(167.85460536598,-155.2966111531,
    -8.712686161391));
#346 = CARTESIAN_POINT('',(166.94363719506,-154.8790240276,
    -10.01368353898));
#347 = CARTESIAN_POINT('',(166.02842121114,-154.4712609283,
    -11.32074742226));
#348 = ORIENTED_EDGE('',*,*,#349,.F.);
#349 = EDGE_CURVE('',#41,#333,#350,.T.);
#350 = B_SPLINE_CURVE_WITH_KNOTS('',4,(#351,#352,#353,#354,#355),
  .UNSPECIFIED.,.F.,.F.,(5,5),(0.,1.),.PIECEWISE_BEZIER_KNOTS.);
#351 = CARTESIAN_POINT('',(166.47159375524,-155.1863264153,
    -11.50893601277));
#352 = CARTESIAN_POINT('',(166.41386592034,-155.0311207685,
    -11.38574150853));
#353 = CARTESIAN_POINT('',(166.35634562017,-154.8761081382,
    -11.2624940616));
#354 = CARTESIAN_POINT('',(166.29902984266,-154.7212844805,
    -11.13919463928));
#355 = CARTESIAN_POINT('',(166.24191698226,-154.5666474719,
    -11.01584386227));
#356 = ORIENTED_EDGE('',*,*,#40,.F.);
#357 = B_SPLINE_SURFACE_WITH_KNOTS('',1,6,(
    (#358,#359,#360,#361,#362,#363,#364,#365,#366,#367,#368,#369)
    ,(#370,#371,#372,#373,#374,#375,#376,#377,#378,#379,#380,#381
  )),.UNSPECIFIED.,.F.,.F.,.F.,(2,2),(7,5,7),(0.,9.786145113645),(
    -0.816298152984,-0.39625054436,9.389894569285),.UNSPECIFIED.);
#358 = CARTESIAN_POINT('',(171.95121029013,-157.8430158615,
    -3.669842853902));
#359 = CARTESIAN_POINT('',(171.91241387984,-157.8229913435,
    -3.725350358232));
#360 = CARTESIAN_POINT('',(171.87375203318,-157.8030362797,
    -3.780665337236));
#361 = CARTESIAN_POINT('',(171.83522475016,-157.78315067,-3.835787790915
    ));
#362 = CARTESIAN_POINT('',(171.79683203077,-157.7633345144,
    -3.890717719269));
#363 = CARTESIAN_POINT('',(171.75857387502,-157.7435878131,
    -3.945455122297));
#364 = CARTESIAN_POINT('',(170.83225809451,-157.2654758723,
    -5.270770449466));
#365 = CARTESIAN_POINT('',(169.93910759856,-156.81658597,-6.548574156121
    ));
#366 = CARTESIAN_POINT('',(169.04116273151,-156.3773240889,
    -7.833201724078));
#367 = CARTESIAN_POINT('',(168.13846596315,-155.9477160498,
    -9.124518695806));
#368 = CARTESIAN_POINT('',(167.2312711031,-155.5278795687,
    -10.42228653075));
#369 = CARTESIAN_POINT('',(166.31960428918,-155.1178274594,
    -11.72634456688));
#370 = CARTESIAN_POINT('',(171.68284910303,-157.1828028605,
    -3.245387498583));
#371 = CARTESIAN_POINT('',(171.64407929805,-157.1629648753,
    -3.300756518285));
#372 = CARTESIAN_POINT('',(171.60540551356,-157.1431760225,
    -3.355988406519));
#373 = CARTESIAN_POINT('',(171.56682774956,-157.123436302,
    -3.411083163285));
#374 = CARTESIAN_POINT('',(171.52834600605,-157.103745714,
    -3.466040788584));
#375 = CARTESIAN_POINT('',(171.48996028302,-157.0841042583,
    -3.520861282415));
#376 = CARTESIAN_POINT('',(170.55960840061,-156.6080557745,
    -4.849541468953));
#377 = CARTESIAN_POINT('',(169.6626634562,-156.1612117207,
    -6.130511603571));
#378 = CARTESIAN_POINT('',(168.7608764298,-155.7240564031,
    -7.418396947923));
#379 = CARTESIAN_POINT('',(167.85460536598,-155.2966111531,
    -8.712686161391));
#380 = CARTESIAN_POINT('',(166.94363719506,-154.8790240276,
    -10.01368353898));
#381 = CARTESIAN_POINT('',(166.02842121114,-154.4712609283,
    -11.32074742226));
#382 = ADVANCED_FACE('',(#383),#416,.T.);
#383 = FACE_BOUND('',#384,.T.);
#384 = EDGE_LOOP('',(#385,#386,#396,#410,#415));
#385 = ORIENTED_EDGE('',*,*,#349,.T.);
#386 = ORIENTED_EDGE('',*,*,#387,.T.);
#387 = EDGE_CURVE('',#333,#388,#390,.T.);
#388 = VERTEX_POINT('',#389);
#389 = CARTESIAN_POINT('',(166.26077871355,-154.5438762652,
    -10.98890651831));
#390 = B_SPLINE_CURVE_WITH_KNOTS('',4,(#391,#392,#393,#394,#395),
  .UNSPECIFIED.,.F.,.F.,(5,5),(0.,1.),.PIECEWISE_BEZIER_KNOTS.);
#391 = CARTESIAN_POINT('',(166.24191698153,-154.5666474728,
    -11.0158438633));
#392 = CARTESIAN_POINT('',(166.24663241511,-154.5609559423,
    -11.00910952624));
#393 = CARTESIAN_POINT('',(166.25134784831,-154.5552644602,
    -11.00237518972));
#394 = CARTESIAN_POINT('',(166.25606328112,-154.5495730265,
    -10.99564085374));
#395 = CARTESIAN_POINT('',(166.26077871355,-154.5438816411,
    -10.98890651831));
#396 = ORIENTED_EDGE('',*,*,#397,.T.);
#397 = EDGE_CURVE('',#388,#398,#400,.T.);
#398 = VERTEX_POINT('',#399);
#399 = CARTESIAN_POINT('',(154.47508085254,-150.0662958696,
    -9.957791564164));
#400 = B_SPLINE_CURVE_WITH_KNOTS('',8,(#401,#402,#403,#404,#405,#406,
    #407,#408,#409),.UNSPECIFIED.,.F.,.F.,(9,9),(-1.284911581648,
    12.819296275169),.PIECEWISE_BEZIER_KNOTS.);
#401 = CARTESIAN_POINT('',(167.63462720851,-155.1686665301,
    -11.10910268697));
#402 = CARTESIAN_POINT('',(166.03298288019,-154.4274092434,
    -10.9689769653));
#403 = CARTESIAN_POINT('',(164.41756373891,-153.7138571143,
    -10.82764610366));
#404 = CARTESIAN_POINT('',(162.78994935461,-153.0316647669,
    -10.6852482965));
#405 = CARTESIAN_POINT('',(161.14965009989,-152.3762821304,
    -10.54174070698));
#406 = CARTESIAN_POINT('',(159.49838900017,-151.7520643064,
    -10.39727408029));
#407 = CARTESIAN_POINT('',(157.83546354723,-151.1584122251,
    -10.25178695493));
#408 = CARTESIAN_POINT('',(156.16415697954,-150.5907315837,
    -10.10556657704));
#409 = CARTESIAN_POINT('',(154.47508085254,-150.0662958696,
    -9.957791564164));
#410 = ORIENTED_EDGE('',*,*,#411,.F.);
#411 = EDGE_CURVE('',#58,#398,#412,.T.);
#412 = B_SPLINE_CURVE_WITH_KNOTS('',1,(#413,#414),.UNSPECIFIED.,.F.,.F.,
  (2,2),(0.,14.104207856817),.PIECEWISE_BEZIER_KNOTS.);
#413 = CARTESIAN_POINT('',(154.29082069444,-150.5230027484,
    -10.44309712897));
#414 = CARTESIAN_POINT('',(154.47508085254,-150.0662958696,
    -9.957791564164));
#415 = ORIENTED_EDGE('',*,*,#57,.F.);
#416 = B_SPLINE_SURFACE_WITH_KNOTS('',1,8,(
    (#417,#418,#419,#420,#421,#422,#423,#424,#425)
    ,(#426,#427,#428,#429,#430,#431,#432,#433,#434
  )),.UNSPECIFIED.,.F.,.F.,.F.,(2,2),(9,9),(0.,14.104207856817),(
    -1.284911581648,12.819296275169),.PIECEWISE_BEZIER_KNOTS.);
#417 = CARTESIAN_POINT('',(167.39014538391,-155.6061483104,
    -11.58928840453));
#418 = CARTESIAN_POINT('',(165.79495410637,-154.868315308,
    -11.44974181514));
#419 = CARTESIAN_POINT('',(164.18644487787,-154.159220487,
    -11.30904428001));
#420 = CARTESIAN_POINT('',(162.56536263239,-153.4791911452,
    -11.16728842186));
#421 = CARTESIAN_POINT('',(160.9319344344,-152.8283715222,
    -11.02421542538));
#422 = CARTESIAN_POINT('',(159.28755201949,-152.2072404522,
    -10.88070592843));
#423 = CARTESIAN_POINT('',(157.63170580912,-151.6156950861,
    -10.73546995774));
#424 = CARTESIAN_POINT('',(155.96626577561,-151.0543209967,
    -10.59014733561));
#425 = CARTESIAN_POINT('',(154.29082069444,-150.5230027484,
    -10.44309712897));
#426 = CARTESIAN_POINT('',(167.63462720851,-155.1686665301,
    -11.10910268697));
#427 = CARTESIAN_POINT('',(166.03298288019,-154.4274092434,
    -10.9689769653));
#428 = CARTESIAN_POINT('',(164.41756373891,-153.7138571143,
    -10.82764610366));
#429 = CARTESIAN_POINT('',(162.78994935461,-153.0316647669,
    -10.6852482965));
#430 = CARTESIAN_POINT('',(161.14965009989,-152.3762821304,
    -10.54174070698));
#431 = CARTESIAN_POINT('',(159.49838900017,-151.7520643064,
    -10.39727408029));
#432 = CARTESIAN_POINT('',(157.83546354723,-151.1584122251,
    -10.25178695493));
#433 = CARTESIAN_POINT('',(156.16415697954,-150.5907315837,
    -10.10556657704));
#434 = CARTESIAN_POINT('',(154.47508085254,-150.0662958696,
    -9.957791564164));
#435 = ADVANCED_FACE('',(#436),#473,.T.);
#436 = FACE_BOUND('',#437,.T.);
#437 = EDGE_LOOP('',(#438,#446,#447,#448));
#438 = ORIENTED_EDGE('',*,*,#439,.T.);
#439 = EDGE_CURVE('',#440,#123,#442,.T.);
#440 = VERTEX_POINT('',#441);
#441 = CARTESIAN_POINT('',(187.77751878367,-160.9280797568,
    -17.8904765374));
#442 = LINE('',#443,#444);
#443 = CARTESIAN_POINT('',(187.99845800017,-161.0439755038,
    -17.65956713256));
#444 = VECTOR('',#445,1.);
#445 = DIRECTION('',(0.649919297118,-0.340921288751,0.679247806114));
#446 = ORIENTED_EDGE('',*,*,#130,.T.);
#447 = ORIENTED_EDGE('',*,*,#163,.F.);
#448 = ORIENTED_EDGE('',*,*,#449,.F.);
#449 = EDGE_CURVE('',#440,#164,#450,.T.);
#450 = B_SPLINE_CURVE_WITH_KNOTS('',11,(#451,#452,#453,#454,#455,#456,
    #457,#458,#459,#460,#461,#462,#463,#464,#465,#466,#467,#468,#469,
    #470,#471,#472),.UNSPECIFIED.,.F.,.F.,(12,10,12),(51.779908888936,
    60.492334264176,60.556386943829),.UNSPECIFIED.);
#451 = CARTESIAN_POINT('',(187.77751878367,-160.9280797568,
    -17.8904765374));
#452 = CARTESIAN_POINT('',(187.42016419145,-161.5470358791,
    -17.85921206174));
#453 = CARTESIAN_POINT('',(186.96120022045,-162.1067841735,
    -17.81905791732));
#454 = CARTESIAN_POINT('',(186.41061115589,-162.5885095733,
    -17.77088761593));
#455 = CARTESIAN_POINT('',(185.78679759671,-162.9770500845,
    -17.71631100138));
#456 = CARTESIAN_POINT('',(185.09610568362,-163.2561200618,
    -17.65588328901));
#457 = CARTESIAN_POINT('',(184.38452093943,-163.421498838,
    -17.59362769079));
#458 = CARTESIAN_POINT('',(183.63035510416,-163.463420859,
    -17.52764672981));
#459 = CARTESIAN_POINT('',(182.92025846284,-163.3730836972,
    -17.46552132371));
#460 = CARTESIAN_POINT('',(182.22926118125,-163.1731869418,
    -17.40506689507));
#461 = CARTESIAN_POINT('',(181.58991897092,-162.8444874401,
    -17.34913169958));
#462 = CARTESIAN_POINT('',(180.90152102822,-162.466104207,
    -17.28890468362));
#463 = CARTESIAN_POINT('',(180.89649734726,-162.4633416747,
    -17.28846516849));
#464 = CARTESIAN_POINT('',(180.89147406443,-162.4605781377,
    -17.28802568819));
#465 = CARTESIAN_POINT('',(180.88645117775,-162.4578135992,
    -17.28758624254));
#466 = CARTESIAN_POINT('',(180.88142868624,-162.4550480624,
    -17.28714683148));
#467 = CARTESIAN_POINT('',(180.87640658748,-162.4522815301,
    -17.28670745476));
#468 = CARTESIAN_POINT('',(180.87138488064,-162.4495140058,
    -17.28626811235));
#469 = CARTESIAN_POINT('',(180.8663635635,-162.4467454924,
    -17.28582880402));
#470 = CARTESIAN_POINT('',(180.86134263481,-162.4439759931,
    -17.28538952968));
#471 = CARTESIAN_POINT('',(180.85632209277,-162.441205511,
    -17.28495028917));
#472 = CARTESIAN_POINT('',(180.85130193585,-162.4384340491,
    -17.28451108235));
#473 = B_SPLINE_SURFACE_WITH_KNOTS('',1,11,(
    (#474,#475,#476,#477,#478,#479,#480,#481,#482,#483,#484,#485,#486
      ,#487,#488,#489,#490,#491,#492,#493,#494,#495)
    ,(#496,#497,#498,#499,#500,#501,#502,#503,#504,#505,#506,#507,#508
      ,#509,#510,#511,#512,#513,#514,#515,#516,#517
  )),.UNSPECIFIED.,.F.,.F.,.F.,(2,2),(12,10,12),(0.,8.776478054893),(
    51.779908888936,60.492334264176,60.556386943829),.UNSPECIFIED.);
#474 = CARTESIAN_POINT('',(187.77751878367,-160.9280797568,
    -17.8904765374));
#475 = CARTESIAN_POINT('',(187.42016419145,-161.5470358791,
    -17.85921206174));
#476 = CARTESIAN_POINT('',(186.96120022045,-162.1067841735,
    -17.81905791732));
#477 = CARTESIAN_POINT('',(186.41061115589,-162.5885095733,
    -17.77088761593));
#478 = CARTESIAN_POINT('',(185.78679759671,-162.9770500845,
    -17.71631100138));
#479 = CARTESIAN_POINT('',(185.09610568362,-163.2561200618,
    -17.65588328901));
#480 = CARTESIAN_POINT('',(184.38452093943,-163.421498838,
    -17.59362769079));
#481 = CARTESIAN_POINT('',(183.63035510416,-163.463420859,
    -17.52764672981));
#482 = CARTESIAN_POINT('',(182.92025846284,-163.3730836972,
    -17.46552132371));
#483 = CARTESIAN_POINT('',(182.22926118125,-163.1731869418,
    -17.40506689507));
#484 = CARTESIAN_POINT('',(181.58991897092,-162.8444874401,
    -17.34913169958));
#485 = CARTESIAN_POINT('',(180.90152102822,-162.466104207,
    -17.28890468362));
#486 = CARTESIAN_POINT('',(180.89649734726,-162.4633416747,
    -17.28846516849));
#487 = CARTESIAN_POINT('',(180.89147406443,-162.4605781377,
    -17.28802568819));
#488 = CARTESIAN_POINT('',(180.88645117775,-162.4578135992,
    -17.28758624254));
#489 = CARTESIAN_POINT('',(180.88142868624,-162.4550480624,
    -17.28714683148));
#490 = CARTESIAN_POINT('',(180.87640658748,-162.4522815301,
    -17.28670745476));
#491 = CARTESIAN_POINT('',(180.87138488064,-162.4495140058,
    -17.28626811235));
#492 = CARTESIAN_POINT('',(180.8663635635,-162.4467454924,
    -17.28582880402));
#493 = CARTESIAN_POINT('',(180.86134263481,-162.4439759931,
    -17.28538952968));
#494 = CARTESIAN_POINT('',(180.85632209277,-162.441205511,
    -17.28495028917));
#495 = CARTESIAN_POINT('',(180.85130193585,-162.4384340491,
    -17.28451108235));
#496 = CARTESIAN_POINT('',(188.21939721667,-161.1598712508,
    -17.42865772771));
#497 = CARTESIAN_POINT('',(187.82741025812,-161.838812373,-17.3943633126
    ));
#498 = CARTESIAN_POINT('',(187.32495377117,-162.4536771531,
    -17.34997676374));
#499 = CARTESIAN_POINT('',(186.72247024027,-162.9811586589,
    -17.29959635012));
#500 = CARTESIAN_POINT('',(186.04174843977,-163.4198812899,
    -17.23073404801));
#501 = CARTESIAN_POINT('',(185.28204052556,-163.7096201112,
    -17.1849811447));
#502 = CARTESIAN_POINT('',(184.51028386011,-163.9352385379,
    -17.08204163834));
#503 = CARTESIAN_POINT('',(183.66553290061,-163.9427817294,
    -17.05182089231));
#504 = CARTESIAN_POINT('',(182.90431868775,-163.9014478997,
    -16.94248291351));
#505 = CARTESIAN_POINT('',(182.09863128368,-163.6804940659,
    -16.90166523684));
#506 = CARTESIAN_POINT('',(181.37037953917,-163.3510039463,
    -16.82831466283));
#507 = CARTESIAN_POINT('',(180.70502001868,-162.9060479665,
    -16.76980555258));
#508 = CARTESIAN_POINT('',(180.70016772274,-162.9027944665,
    -16.76937939883));
#509 = CARTESIAN_POINT('',(180.69531907341,-162.8995348526,
    -16.76895412795));
#510 = CARTESIAN_POINT('',(180.6904740712,-162.8962691234,
    -16.76852976405));
#511 = CARTESIAN_POINT('',(180.68563271869,-162.8929972782,
    -16.76810633141));
#512 = CARTESIAN_POINT('',(180.6807950152,-162.8897193153,
    -16.76768385405));
#513 = CARTESIAN_POINT('',(180.67596096404,-162.8864352338,
    -16.76726235631));
#514 = CARTESIAN_POINT('',(180.67113056464,-162.8831450325,
    -16.7668418622));
#515 = CARTESIAN_POINT('',(180.66630381946,-162.8798487102,
    -16.76642239599));
#516 = CARTESIAN_POINT('',(180.66148072906,-162.8765462658,
    -16.76600398181));
#517 = CARTESIAN_POINT('',(180.65666129494,-162.873237698,-16.7655866438
    ));
#518 = ADVANCED_FACE('',(#519),#538,.T.);
#519 = FACE_BOUND('',#520,.T.);
#520 = EDGE_LOOP('',(#521,#529,#536,#537));
#521 = ORIENTED_EDGE('',*,*,#522,.F.);
#522 = EDGE_CURVE('',#523,#105,#525,.T.);
#523 = VERTEX_POINT('',#524);
#524 = CARTESIAN_POINT('',(181.24026367196,-162.6513426712,-4.));
#525 = LINE('',#526,#527);
#526 = CARTESIAN_POINT('',(180.9887147179,-163.0834573825,-4.5));
#527 = VECTOR('',#528,1.);
#528 = DIRECTION('',(-0.355743942421,-0.611102485211,-0.707106781187));
#529 = ORIENTED_EDGE('',*,*,#530,.T.);
#530 = EDGE_CURVE('',#523,#236,#531,.T.);
#531 = CIRCLE('',#532,4.781250259068);
#532 = AXIS2_PLACEMENT_3D('',#533,#534,#535);
#533 = CARTESIAN_POINT('',(183.64570067542,-158.5192455206,-4.));
#534 = DIRECTION('',(-0.,0.,-1.));
#535 = DIRECTION('',(-0.503097908104,-0.864229422585,0.));
#536 = ORIENTED_EDGE('',*,*,#235,.T.);
#537 = ORIENTED_EDGE('',*,*,#104,.F.);
#538 = CONICAL_SURFACE('',#539,5.281250259068,0.785398163397);
#539 = AXIS2_PLACEMENT_3D('',#540,#541,#542);
#540 = CARTESIAN_POINT('',(183.64570067542,-158.5192455206,-4.5));
#541 = DIRECTION('',(-0.,-0.,-1.));
#542 = DIRECTION('',(-0.503097908104,-0.864229422585,0.));
#543 = ADVANCED_FACE('',(#544),#577,.T.);
#544 = FACE_BOUND('',#545,.T.);
#545 = EDGE_LOOP('',(#546,#556,#564,#570,#571));
#546 = ORIENTED_EDGE('',*,*,#547,.F.);
#547 = EDGE_CURVE('',#548,#550,#552,.T.);
#548 = VERTEX_POINT('',#549);
#549 = CARTESIAN_POINT('',(214.07369628219,-116.3789252588,-4.5));
#550 = VERTEX_POINT('',#551);
#551 = CARTESIAN_POINT('',(214.07369628219,-116.3789252588,
    -19.69061579842));
#552 = LINE('',#553,#554);
#553 = CARTESIAN_POINT('',(214.07369628219,-116.3789252588,-4.));
#554 = VECTOR('',#555,1.);
#555 = DIRECTION('',(0.,0.,-1.));
#556 = ORIENTED_EDGE('',*,*,#557,.T.);
#557 = EDGE_CURVE('',#548,#558,#560,.T.);
#558 = VERTEX_POINT('',#559);
#559 = CARTESIAN_POINT('',(207.26940648052,-128.1642973298,
    -4.500000000006));
#560 = LINE('',#561,#562);
#561 = CARTESIAN_POINT('',(214.07369628219,-116.3789252588,-4.5));
#562 = VECTOR('',#563,1.);
#563 = DIRECTION('',(-0.500000113749,-0.866025338112,-0.));
#564 = ORIENTED_EDGE('',*,*,#565,.T.);
#565 = EDGE_CURVE('',#558,#114,#566,.T.);
#566 = LINE('',#567,#568);
#567 = CARTESIAN_POINT('',(207.26940648051,-128.1642973298,-4.5));
#568 = VECTOR('',#569,1.);
#569 = DIRECTION('',(-0.50000011375,-0.866025338111,0.));
#570 = ORIENTED_EDGE('',*,*,#122,.T.);
#571 = ORIENTED_EDGE('',*,*,#572,.F.);
#572 = EDGE_CURVE('',#550,#123,#573,.T.);
#573 = LINE('',#574,#575);
#574 = CARTESIAN_POINT('',(214.08462192163,-116.3600015019,
    -19.69157166801));
#575 = VECTOR('',#576,1.);
#576 = DIRECTION('',(-0.499522407267,-0.865197926462,4.370254779487E-02)
  );
#577 = PLANE('',#578);
#578 = AXIS2_PLACEMENT_3D('',#579,#580,#581);
#579 = CARTESIAN_POINT('',(201.14654674943,-138.7693982548,-41.5));
#580 = DIRECTION('',(0.866025338111,-0.50000011375,0.));
#581 = DIRECTION('',(0.50000011375,0.866025338111,0.));
#582 = ADVANCED_FACE('',(#583),#602,.T.);
#583 = FACE_BOUND('',#584,.T.);
#584 = EDGE_LOOP('',(#585,#593,#600,#601));
#585 = ORIENTED_EDGE('',*,*,#586,.F.);
#586 = EDGE_CURVE('',#587,#114,#589,.T.);
#587 = VERTEX_POINT('',#588);
#588 = CARTESIAN_POINT('',(187.78638454761,-160.9098711939,
    -3.999999999995));
#589 = LINE('',#590,#591);
#590 = CARTESIAN_POINT('',(188.00289088214,-161.0348712224,
    -4.249999999995));
#591 = VECTOR('',#592,1.);
#592 = DIRECTION('',(0.612372389258,-0.353553471026,-0.707106781187));
#593 = ORIENTED_EDGE('',*,*,#594,.T.);
#594 = EDGE_CURVE('',#587,#523,#595,.T.);
#595 = CIRCLE('',#596,4.781250259068);
#596 = AXIS2_PLACEMENT_3D('',#597,#598,#599);
#597 = CARTESIAN_POINT('',(183.64570067542,-158.5192455206,-4.));
#598 = DIRECTION('',(0.,-0.,-1.));
#599 = DIRECTION('',(0.866025338111,-0.50000011375,0.));
#600 = ORIENTED_EDGE('',*,*,#522,.T.);
#601 = ORIENTED_EDGE('',*,*,#113,.F.);
#602 = CONICAL_SURFACE('',#603,5.281250259068,0.785398163397);
#603 = AXIS2_PLACEMENT_3D('',#604,#605,#606);
#604 = CARTESIAN_POINT('',(183.64570067542,-158.5192455206,-4.5));
#605 = DIRECTION('',(-0.,-0.,-1.));
#606 = DIRECTION('',(0.866025338111,-0.50000011375,0.));
#607 = ADVANCED_FACE('',(#608,#881),#1110,.F.);
#608 = FACE_BOUND('',#609,.F.);
#609 = EDGE_LOOP('',(#610,#618,#635,#643,#660,#668,#727,#735,#754,#762,
    #775,#783,#796,#804,#823,#831,#844,#853,#879,#880));
#610 = ORIENTED_EDGE('',*,*,#611,.F.);
#611 = EDGE_CURVE('',#612,#440,#614,.T.);
#612 = VERTEX_POINT('',#613);
#613 = CARTESIAN_POINT('',(213.63181784919,-116.1471337648,
    -20.1524346081));
#614 = LINE('',#615,#616);
#615 = CARTESIAN_POINT('',(213.64274348862,-116.1282100079,
    -20.1533904777));
#616 = VECTOR('',#617,1.);
#617 = DIRECTION('',(-0.499522407267,-0.865197926462,4.370254779487E-02)
  );
#618 = ORIENTED_EDGE('',*,*,#619,.F.);
#619 = EDGE_CURVE('',#620,#612,#622,.T.);
#620 = VERTEX_POINT('',#621);
#621 = CARTESIAN_POINT('',(214.28315265095,-113.7382995285,
    -20.2094190194));
#622 = B_SPLINE_CURVE_WITH_KNOTS('',6,(#623,#624,#625,#626,#627,#628,
    #629,#630,#631,#632,#633,#634),.UNSPECIFIED.,.F.,.F.,(7,5,7),(
    540.71446923951,543.48065485891,543.50251347206),.UNSPECIFIED.);
#623 = CARTESIAN_POINT('',(214.28315265095,-113.7382995285,
    -20.2094190194));
#624 = CARTESIAN_POINT('',(214.28315265095,-114.1553757555,
    -20.2094190194));
#625 = CARTESIAN_POINT('',(214.2394769626,-114.5724749123,-20.2055978918
    ));
#626 = CARTESIAN_POINT('',(214.1521237441,-114.9837431703,
    -20.19795547546));
#627 = CARTESIAN_POINT('',(214.02208385463,-115.3839473741,
    -20.18657845933));
#628 = CARTESIAN_POINT('',(213.85135854977,-115.7666640089,
    -20.17164193058));
#629 = CARTESIAN_POINT('',(213.64103030067,-116.1311790616,
    -20.15324059317));
#630 = CARTESIAN_POINT('',(213.63903264876,-116.1346358879,
    -20.15306582128));
#631 = CARTESIAN_POINT('',(213.63731664332,-116.1376104226,
    -20.15291569025));
#632 = CARTESIAN_POINT('',(213.63544958096,-116.1408431781,
    -20.15275234346));
#633 = CARTESIAN_POINT('',(213.6336387891,-116.1439798053,-20.1525939197
    ));
#634 = CARTESIAN_POINT('',(213.63181784918,-116.1471337648,
    -20.1524346081));
#635 = ORIENTED_EDGE('',*,*,#636,.F.);
#636 = EDGE_CURVE('',#637,#620,#639,.T.);
#637 = VERTEX_POINT('',#638);
#638 = CARTESIAN_POINT('',(214.28315265095,-37.40254807749,
    -20.2094190194));
#639 = LINE('',#640,#641);
#640 = CARTESIAN_POINT('',(214.28315265095,-37.40254807749,
    -20.2094190194));
#641 = VECTOR('',#642,1.);
#642 = DIRECTION('',(0.,-1.,2.22044604925E-16));
#643 = ORIENTED_EDGE('',*,*,#644,.F.);
#644 = EDGE_CURVE('',#645,#637,#647,.T.);
#645 = VERTEX_POINT('',#646);
#646 = CARTESIAN_POINT('',(209.45642205114,-32.62129799999,
    -19.78713481019));
#647 = B_SPLINE_CURVE_WITH_KNOTS('',6,(#648,#649,#650,#651,#652,#653,
    #654,#655,#656,#657,#658,#659),.UNSPECIFIED.,.F.,.F.,(7,5,7),(
    456.02335343976,456.06701521453,464.37871778842),.UNSPECIFIED.);
#648 = CARTESIAN_POINT('',(209.45642205113,-32.62129799999,
    -19.78713481019));
#649 = CARTESIAN_POINT('',(209.46368502969,-32.62129799999,
    -19.78777023848));
#650 = CARTESIAN_POINT('',(209.47090819246,-32.62129848863,
    -19.78840218334));
#651 = CARTESIAN_POINT('',(209.47835216984,-32.62129631121,
    -19.78905344697));
#652 = CARTESIAN_POINT('',(209.48520308679,-32.62130095627,
    -19.78965282454));
#653 = CARTESIAN_POINT('',(209.49316121223,-32.62129455689,
    -19.7903490703));
#654 = CARTESIAN_POINT('',(210.75314123413,-32.62194095123,
    -19.90058303843));
#655 = CARTESIAN_POINT('',(212.00507188831,-33.01427572423,
    -20.01011277815));
#656 = CARTESIAN_POINT('',(213.10378207394,-33.80263394612,
    -20.10623746385));
#657 = CARTESIAN_POINT('',(213.89010541689,-34.90013417755,
    -20.1750318422));
#658 = CARTESIAN_POINT('',(214.28315265095,-36.1513254778,-20.2094190194
    ));
#659 = CARTESIAN_POINT('',(214.28315265095,-37.40254807749,
    -20.2094190194));
#660 = ORIENTED_EDGE('',*,*,#661,.F.);
#661 = EDGE_CURVE('',#662,#645,#664,.T.);
#662 = VERTEX_POINT('',#663);
#663 = CARTESIAN_POINT('',(94.034550310637,-32.62129799291,
    -9.689029514149));
#664 = LINE('',#665,#666);
#665 = CARTESIAN_POINT('',(94.078044370398,-32.62129799999,
    -9.692834751307));
#666 = VECTOR('',#667,1.);
#667 = DIRECTION('',(0.996194698095,-6.132619246904E-16,
    -8.715574271178E-02));
#668 = ORIENTED_EDGE('',*,*,#669,.F.);
#669 = EDGE_CURVE('',#670,#662,#672,.T.);
#670 = VERTEX_POINT('',#671);
#671 = CARTESIAN_POINT('',(89.294893232766,-37.39848172904,
    -9.274363251007));
#672 = B_SPLINE_CURVE_WITH_KNOTS('',14,(#673,#674,#675,#676,#677,#678,
    #679,#680,#681,#682,#683,#684,#685,#686,#687,#688,#689,#690,#691,
    #692,#693,#694,#695,#696,#697,#698,#699,#700,#701,#702,#703,#704,
    #705,#706,#707,#708,#709,#710,#711,#712,#713,#714,#715,#716,#717,
    #718,#719,#720,#721,#722,#723,#724,#725,#726),.UNSPECIFIED.,.F.,.F.,
  (15,13,13,13,15),(331.89841274669,331.89848768351,331.89852515191,
    331.89856262032,340.16050427625),.UNSPECIFIED.);
#673 = CARTESIAN_POINT('',(89.294893232766,-37.39848172907,
    -9.274363251007));
#674 = CARTESIAN_POINT('',(89.294893251041,-37.39847638659,
    -9.274363252606));
#675 = CARTESIAN_POINT('',(89.294893266706,-37.3984718358,
    -9.274363253974));
#676 = CARTESIAN_POINT('',(89.294893280848,-37.3984677798,
    -9.274363255218));
#677 = CARTESIAN_POINT('',(89.294893294272,-37.39846392185,
    -9.274363256379));
#678 = CARTESIAN_POINT('',(89.294893308026,-37.39845996461,
    -9.274363257603));
#679 = CARTESIAN_POINT('',(89.294893323444,-37.39845561223,
    -9.274363258925));
#680 = CARTESIAN_POINT('',(89.294893340407,-37.39845056604,
    -9.274363260437));
#681 = CARTESIAN_POINT('',(89.294893361737,-37.3984445316,-9.27436326228
    ));
#682 = CARTESIAN_POINT('',(89.294893386216,-37.39843720935,
    -9.274363264438));
#683 = CARTESIAN_POINT('',(89.294893416778,-37.39842830478,
    -9.274363267102));
#684 = CARTESIAN_POINT('',(89.2948934531,-37.39841751932,-9.274363270285
    ));
#685 = CARTESIAN_POINT('',(89.294893496743,-37.39840455702,
    -9.274363274101));
#686 = CARTESIAN_POINT('',(89.294893548596,-37.39838912063,
    -9.274363278638));
#687 = CARTESIAN_POINT('',(89.294893639971,-37.3983618097,
    -9.274363286632));
#688 = CARTESIAN_POINT('',(89.294893674041,-37.39835186502,
    -9.274363289615));
#689 = CARTESIAN_POINT('',(89.294893710476,-37.39834088378,
    -9.274363292794));
#690 = CARTESIAN_POINT('',(89.294893754386,-37.39832867322,
    -9.274363296656));
#691 = CARTESIAN_POINT('',(89.294893795863,-37.39831503405,
    -9.27436330025));
#692 = CARTESIAN_POINT('',(89.294893852717,-37.39829977904,
    -9.27436330527));
#693 = CARTESIAN_POINT('',(89.29489390112,-37.3982827028,-9.274363309458
    ));
#694 = CARTESIAN_POINT('',(89.294893969206,-37.39826362264,
    -9.274363315452));
#695 = CARTESIAN_POINT('',(89.294894030659,-37.39824233208,
    -9.274363320805));
#696 = CARTESIAN_POINT('',(89.294894107281,-37.39821864564,
    -9.27436332752));
#697 = CARTESIAN_POINT('',(89.294894185071,-37.39819236225,
    -9.274363334322));
#698 = CARTESIAN_POINT('',(89.294894272252,-37.3981632905,-9.27436334195
    ));
#699 = CARTESIAN_POINT('',(89.294894365789,-37.39813123407,
    -9.274363350133));
#700 = CARTESIAN_POINT('',(89.294894568358,-37.39806076313,
    -9.274363367855));
#701 = CARTESIAN_POINT('',(89.294894610154,-37.39808171082,
    -9.274363371514));
#702 = CARTESIAN_POINT('',(89.294895306469,-37.39752166665,
    -9.274363432428));
#703 = CARTESIAN_POINT('',(89.29489288878,-37.39973941874,-9.27436322092
    ));
#704 = CARTESIAN_POINT('',(89.294900256009,-37.39324075819,
    -9.274363865449));
#705 = CARTESIAN_POINT('',(89.294885624256,-37.40634045497,
    -9.27436258536));
#706 = CARTESIAN_POINT('',(89.294908328506,-37.38618337495,
    -9.274364571703));
#707 = CARTESIAN_POINT('',(89.294882087058,-37.40962030472,
    -9.274362275887));
#708 = CARTESIAN_POINT('',(89.294906040685,-37.38834747625,
    -9.274364371555));
#709 = CARTESIAN_POINT('',(89.294889682214,-37.40297285717,
    -9.274362940371));
#710 = CARTESIAN_POINT('',(89.294898484385,-37.39518132545,
    -9.274363710465));
#711 = CARTESIAN_POINT('',(89.294895318427,-37.3980374628,
    -9.274363433478));
#712 = CARTESIAN_POINT('',(89.294896302441,-37.39718186272,
    -9.274363519568));
#713 = CARTESIAN_POINT('',(89.295494901371,-36.86414082106,
    -9.274415890187));
#714 = CARTESIAN_POINT('',(89.360119194662,-36.33030696478,
    -9.280069783244));
#715 = CARTESIAN_POINT('',(89.488806053893,-35.80418686713,
    -9.291328424544));
#716 = CARTESIAN_POINT('',(89.68040646467,-35.2943467691,-9.308091288454
    ));
#717 = CARTESIAN_POINT('',(89.932554970598,-34.80918901518,
    -9.330151424164));
#718 = CARTESIAN_POINT('',(90.24169564882,-34.35674144385,
    -9.357197729027));
#719 = CARTESIAN_POINT('',(90.603155834819,-33.94446182143,
    -9.388821397506));
#720 = CARTESIAN_POINT('',(91.011258946245,-33.57906189685,
    -9.424525793376));
#721 = CARTESIAN_POINT('',(91.45946758518,-33.26635555918,
    -9.463738968098));
#722 = CARTESIAN_POINT('',(91.940548279238,-33.01113568902,
    -9.505828075091));
#723 = CARTESIAN_POINT('',(92.446749059292,-32.81708418733,
    -9.550114904775));
#724 = CARTESIAN_POINT('',(92.969981195247,-32.68671975702,
    -9.595891785053));
#725 = CARTESIAN_POINT('',(93.501996332066,-32.62138794459,
    -9.642437078327));
#726 = CARTESIAN_POINT('',(94.034550310637,-32.62129799291,
    -9.689029514149));
#727 = ORIENTED_EDGE('',*,*,#728,.F.);
#728 = EDGE_CURVE('',#729,#670,#731,.T.);
#729 = VERTEX_POINT('',#730);
#730 = CARTESIAN_POINT('',(89.281383501538,-41.34912088616,
    -9.273181302677));
#731 = LINE('',#732,#733);
#732 = CARTESIAN_POINT('',(89.281384323337,-41.34888594179,
    -9.273181374575));
#733 = VECTOR('',#734,1.);
#734 = DIRECTION('',(3.419606985091E-03,0.999994108373,
    -2.991768447857E-04));
#735 = ORIENTED_EDGE('',*,*,#736,.F.);
#736 = EDGE_CURVE('',#737,#729,#739,.T.);
#737 = VERTEX_POINT('',#738);
#738 = CARTESIAN_POINT('',(87.739717884411,-42.84374999999,
    -9.138303038287));
#739 = B_SPLINE_CURVE_WITH_KNOTS('',7,(#740,#741,#742,#743,#744,#745,
    #746,#747,#748,#749,#750,#751,#752,#753),.UNSPECIFIED.,.F.,.F.,(8,6,
    8),(326.33386269168,326.37752645985,327.94782881463),.UNSPECIFIED.);
#740 = CARTESIAN_POINT('',(87.739717884412,-42.84374999999,
    -9.138303038287));
#741 = CARTESIAN_POINT('',(87.745943294604,-42.84374999999,
    -9.138847691104));
#742 = CARTESIAN_POINT('',(87.752147043568,-42.84375295395,
    -9.13939044881));
#743 = CARTESIAN_POINT('',(87.758490303915,-42.84373913478,
    -9.13994541218));
#744 = CARTESIAN_POINT('',(87.764377710255,-42.84376925999,
    -9.140460493492));
#745 = CARTESIAN_POINT('',(87.771386731839,-42.84372777312,
    -9.141073703423));
#746 = CARTESIAN_POINT('',(87.775379783796,-42.84377271898,
    -9.141423050202));
#747 = CARTESIAN_POINT('',(88.116585109019,-42.84286854777,
    -9.171274648081));
#748 = CARTESIAN_POINT('',(88.453807947601,-42.75750002009,
    -9.200777823527));
#749 = CARTESIAN_POINT('',(88.760990670602,-42.58032378012,
    -9.227652829409));
#750 = CARTESIAN_POINT('',(89.014300870415,-42.32968654249,
    -9.249814600239));
#751 = CARTESIAN_POINT('',(89.191179255701,-42.02120576517,
    -9.265289453768));
#752 = CARTESIAN_POINT('',(89.280181026764,-41.68537772774,
    -9.273076099766));
#753 = CARTESIAN_POINT('',(89.281383501538,-41.34912088616,
    -9.273181302677));
#754 = ORIENTED_EDGE('',*,*,#755,.F.);
#755 = EDGE_CURVE('',#756,#737,#758,.T.);
#756 = VERTEX_POINT('',#757);
#757 = CARTESIAN_POINT('',(57.106506139236,-42.84374999289,
    -6.458244284306));
#758 = LINE('',#759,#760);
#759 = CARTESIAN_POINT('',(57.150000077504,-42.84374999999,
    -6.462049510835));
#760 = VECTOR('',#761,1.);
#761 = DIRECTION('',(0.996194698095,6.192635256628E-14,
    -8.715574271178E-02));
#762 = ORIENTED_EDGE('',*,*,#763,.F.);
#763 = EDGE_CURVE('',#764,#756,#766,.T.);
#764 = VERTEX_POINT('',#765);
#765 = CARTESIAN_POINT('',(52.366847349047,-47.6250000775,
    -6.043577871356));
#766 = B_SPLINE_CURVE_WITH_KNOTS('',7,(#767,#768,#769,#770,#771,#772,
    #773,#774),.UNSPECIFIED.,.F.,.F.,(8,8),(287.3156771154,
    295.58355230796),.PIECEWISE_BEZIER_KNOTS.);
#767 = CARTESIAN_POINT('',(52.366847349047,-47.6250000775,
    -6.043577871356));
#768 = CARTESIAN_POINT('',(52.366847349048,-46.55815722144,
    -6.043577871356));
#769 = CARTESIAN_POINT('',(52.644690108385,-45.48755329989,
    -6.067885963031));
#770 = CARTESIAN_POINT('',(53.200857476457,-44.50186925942,
    -6.11654430274));
#771 = CARTESIAN_POINT('',(54.001820522511,-43.69146491105,
    -6.186619489144));
#772 = CARTESIAN_POINT('',(54.977093091025,-43.12722831232,
    -6.271944782701));
#773 = CARTESIAN_POINT('',(56.040630050068,-42.84393028698,
    -6.36499220982));
#774 = CARTESIAN_POINT('',(57.106506139236,-42.84374999289,
    -6.458244284306));
#775 = ORIENTED_EDGE('',*,*,#776,.F.);
#776 = EDGE_CURVE('',#777,#764,#779,.T.);
#777 = VERTEX_POINT('',#778);
#778 = CARTESIAN_POINT('',(52.366847349047,-127.3968749224,
    -6.043577871356));
#779 = LINE('',#780,#781);
#780 = CARTESIAN_POINT('',(52.366847349047,-127.3968749224,
    -6.043577871356));
#781 = VECTOR('',#782,1.);
#782 = DIRECTION('',(0.,1.,-2.22044604925E-16));
#783 = ORIENTED_EDGE('',*,*,#784,.F.);
#784 = EDGE_CURVE('',#785,#777,#787,.T.);
#785 = VERTEX_POINT('',#786);
#786 = CARTESIAN_POINT('',(57.106422206142,-132.1781249999,
    -6.458236941112));
#787 = B_SPLINE_CURVE_WITH_KNOTS('',7,(#788,#789,#790,#791,#792,#793,
    #794,#795),.UNSPECIFIED.,.F.,.F.,(8,8),(199.27592707793,
    207.5438022705),.PIECEWISE_BEZIER_KNOTS.);
#788 = CARTESIAN_POINT('',(57.10650613923,-132.178125007,-6.458244284306
    ));
#789 = CARTESIAN_POINT('',(56.040630050063,-132.1779447129,
    -6.364992209819));
#790 = CARTESIAN_POINT('',(54.977093091021,-131.8946466875,
    -6.271944782701));
#791 = CARTESIAN_POINT('',(54.001820522507,-131.3304100888,
    -6.186619489143));
#792 = CARTESIAN_POINT('',(53.200857476456,-130.5200057404,
    -6.11654430274));
#793 = CARTESIAN_POINT('',(52.644690108385,-129.5343217,-6.067885963031)
  );
#794 = CARTESIAN_POINT('',(52.366847349048,-128.4637177784,
    -6.043577871356));
#795 = CARTESIAN_POINT('',(52.366847349047,-127.3968749224,
    -6.043577871356));
#796 = ORIENTED_EDGE('',*,*,#797,.F.);
#797 = EDGE_CURVE('',#798,#785,#800,.T.);
#798 = VERTEX_POINT('',#799);
#799 = CARTESIAN_POINT('',(123.45329712864,-132.1781249999,
    -12.26283635479));
#800 = LINE('',#801,#802);
#801 = CARTESIAN_POINT('',(123.49687499999,-132.1781249999,
    -12.26664892451));
#802 = VECTOR('',#803,1.);
#803 = DIRECTION('',(-0.996194698095,1.350238305346E-12,
    8.715574271178E-02));
#804 = ORIENTED_EDGE('',*,*,#805,.F.);
#805 = EDGE_CURVE('',#806,#798,#808,.T.);
#806 = VERTEX_POINT('',#807);
#807 = CARTESIAN_POINT('',(124.99497234904,-133.6781249999,
    -12.39771545936));
#808 = B_SPLINE_CURVE_WITH_KNOTS('',7,(#809,#810,#811,#812,#813,#814,
    #815,#816,#817,#818,#819,#820,#821,#822),.UNSPECIFIED.,.F.,.F.,(8,6,
    8),(131.05807519761,132.63195379797,132.67561737929),.UNSPECIFIED.);
#809 = CARTESIAN_POINT('',(124.99497234904,-133.6781249999,
    -12.39771545936));
#810 = CARTESIAN_POINT('',(124.99497234904,-133.3410987452,
    -12.39771545936));
#811 = CARTESIAN_POINT('',(124.90677144052,-133.0041851571,
    -12.38999887975));
#812 = CARTESIAN_POINT('',(124.73019020509,-132.6944902274,
    -12.37455002347));
#813 = CARTESIAN_POINT('',(124.47667695001,-132.4427528435,
    -12.35237048761));
#814 = CARTESIAN_POINT('',(124.16891605193,-132.2647717757,
    -12.32544489796));
#815 = CARTESIAN_POINT('',(123.83092856441,-132.1790085315,
    -12.2958748244));
#816 = CARTESIAN_POINT('',(123.48895892409,-132.1781022792,
    -12.26595635761));
#817 = CARTESIAN_POINT('',(123.48496600936,-132.1781472289,
    -12.26560702284));
#818 = CARTESIAN_POINT('',(123.47795693963,-132.1781057379,
    -12.2649938087));
#819 = CARTESIAN_POINT('',(123.47206955404,-132.1781358663,
    -12.2644787292));
#820 = CARTESIAN_POINT('',(123.46572628646,-132.1781220457,
    -12.2639237652));
#821 = CARTESIAN_POINT('',(123.45952253883,-132.1781249999,
    -12.26338100761));
#822 = CARTESIAN_POINT('',(123.45329712864,-132.1781249999,
    -12.26283635479));
#823 = ORIENTED_EDGE('',*,*,#824,.F.);
#824 = EDGE_CURVE('',#825,#806,#827,.T.);
#825 = VERTEX_POINT('',#826);
#826 = CARTESIAN_POINT('',(124.99497234904,-141.6843749224,
    -12.39771545936));
#827 = LINE('',#828,#829);
#828 = CARTESIAN_POINT('',(124.99497234904,-141.6843749224,
    -12.39771545936));
#829 = VECTOR('',#830,1.);
#830 = DIRECTION('',(-2.094464790189E-13,1.,1.81018787195E-14));
#831 = ORIENTED_EDGE('',*,*,#832,.F.);
#832 = EDGE_CURVE('',#833,#825,#835,.T.);
#833 = VERTEX_POINT('',#834);
#834 = CARTESIAN_POINT('',(129.74217954979,-146.4672422881,
    -12.81304227266));
#835 = B_SPLINE_CURVE_WITH_KNOTS('',7,(#836,#837,#838,#839,#840,#841,
    #842,#843),.UNSPECIFIED.,.F.,.F.,(8,8),(114.77284675245,
    123.05182527532),.PIECEWISE_BEZIER_KNOTS.);
#836 = CARTESIAN_POINT('',(129.74217954979,-146.4672422881,
    -12.81304227266));
#837 = CARTESIAN_POINT('',(128.67341689448,-146.4583643019,
    -12.71953765636));
#838 = CARTESIAN_POINT('',(127.60651556037,-146.1706586789,
    -12.62619588456));
#839 = CARTESIAN_POINT('',(126.62943527457,-145.6060489738,
    -12.54071243624));
#840 = CARTESIAN_POINT('',(125.8289420202,-144.7986485542,
    -12.47067835128));
#841 = CARTESIAN_POINT('',(125.27297496382,-143.8181999428,
    -12.42203753657));
#842 = CARTESIAN_POINT('',(124.99497234904,-142.7512198678,
    -12.39771545936));
#843 = CARTESIAN_POINT('',(124.99497234904,-141.6843749224,
    -12.39771545936));
#844 = ORIENTED_EDGE('',*,*,#845,.F.);
#845 = EDGE_CURVE('',#846,#833,#848,.T.);
#846 = VERTEX_POINT('',#847);
#847 = CARTESIAN_POINT('',(129.76092590298,-146.4673612434,
    -12.81468236605));
#848 = B_SPLINE_CURVE_WITH_KNOTS('',3,(#849,#850,#851,#852),
  .UNSPECIFIED.,.F.,.F.,(4,4),(114.75210193247,114.77284675245),
  .PIECEWISE_BEZIER_KNOTS.);
#849 = CARTESIAN_POINT('',(129.76092590298,-146.4673612434,
    -12.81468236605));
#850 = CARTESIAN_POINT('',(129.75467706896,-146.467333847,
    -12.81413566391));
#851 = CARTESIAN_POINT('',(129.74842826843,-146.4672941949,
    -12.8135889647));
#852 = CARTESIAN_POINT('',(129.74217954979,-146.4672422881,
    -12.81304227266));
#853 = ORIENTED_EDGE('',*,*,#854,.F.);
#854 = EDGE_CURVE('',#172,#846,#855,.T.);
#855 = B_SPLINE_CURVE_WITH_KNOTS('',8,(#856,#857,#858,#859,#860,#861,
    #862,#863,#864,#865,#866,#867,#868,#869,#870,#871,#872,#873,#874,
    #875,#876,#877,#878),.UNSPECIFIED.,.F.,.F.,(9,7,7,9),(89.85845456914
    ,114.70532092451,114.72607457658,114.75210193247),.UNSPECIFIED.);
#856 = CARTESIAN_POINT('',(154.39068446145,-150.0538184688,
    -14.9695070244));
#857 = CARTESIAN_POINT('',(151.41124556937,-149.1360029863,
    -14.70883989778));
#858 = CARTESIAN_POINT('',(148.39028720547,-148.3433370511,
    -14.44454028807));
#859 = CARTESIAN_POINT('',(145.33381337973,-147.6962278744,
    -14.17713347806));
#860 = CARTESIAN_POINT('',(142.25225274576,-147.1778526162,
    -13.90753185673));
#861 = CARTESIAN_POINT('',(139.15069606696,-146.7969078006,
    -13.63618080817));
#862 = CARTESIAN_POINT('',(136.03705695358,-146.5499705552,
    -13.36377268355));
#863 = CARTESIAN_POINT('',(132.91791434913,-146.442392474,
    -13.09088306585));
#864 = CARTESIAN_POINT('',(129.79884068888,-146.4673520396,
    -12.81799947999));
#865 = CARTESIAN_POINT('',(129.79699006907,-146.4673664912,
    -12.81783757174));
#866 = CARTESIAN_POINT('',(129.79502167056,-146.4673788647,
    -12.81766535918));
#867 = CARTESIAN_POINT('',(129.79287316959,-146.4673895377,
    -12.81747738971));
#868 = CARTESIAN_POINT('',(129.79074923578,-146.4673976342,
    -12.81729156957));
#869 = CARTESIAN_POINT('',(129.78876736491,-146.4674026774,
    -12.81711817834));
#870 = CARTESIAN_POINT('',(129.78679045782,-146.4674052245,
    -12.81694522138));
#871 = CARTESIAN_POINT('',(129.78150611844,-146.467408064,
    -12.81648290159));
#872 = CARTESIAN_POINT('',(129.7785660878,-146.4674075766,
    -12.81622568224));
#873 = CARTESIAN_POINT('',(129.77562605427,-146.4674050221,
    -12.81596846264));
#874 = CARTESIAN_POINT('',(129.77268601954,-146.4674004005,
    -12.81571124293));
#875 = CARTESIAN_POINT('',(129.76974598536,-146.4673937118,
    -12.81545402327));
#876 = CARTESIAN_POINT('',(129.76680595338,-146.467384956,-12.8151968038
    ));
#877 = CARTESIAN_POINT('',(129.76386592536,-146.4673741332,
    -12.81493958468));
#878 = CARTESIAN_POINT('',(129.76092590298,-146.4673612434,
    -12.81468236605));
#879 = ORIENTED_EDGE('',*,*,#178,.F.);
#880 = ORIENTED_EDGE('',*,*,#449,.F.);
#881 = FACE_BOUND('',#882,.F.);
#882 = EDGE_LOOP('',(#883,#893,#901,#909,#918,#926,#935,#943,#951,#959,
    #968,#977,#985,#994,#1002,#1010,#1018,#1026,#1034,#1042,#1051,#1059,
    #1068,#1077,#1086,#1095,#1103));
#883 = ORIENTED_EDGE('',*,*,#884,.F.);
#884 = EDGE_CURVE('',#885,#887,#889,.T.);
#885 = VERTEX_POINT('',#886);
#886 = CARTESIAN_POINT('',(67.150000077504,-130.1781249999,
    -7.336936145732));
#887 = VERTEX_POINT('',#888);
#888 = CARTESIAN_POINT('',(123.49687499999,-130.1781249999,
    -12.26664892451));
#889 = LINE('',#890,#891);
#890 = CARTESIAN_POINT('',(128.05206536977,-130.178125,-12.66517644191)
  );
#891 = VECTOR('',#892,1.);
#892 = DIRECTION('',(0.996194698095,-1.350238305346E-12,
    -8.715574271178E-02));
#893 = ORIENTED_EDGE('',*,*,#894,.T.);
#894 = EDGE_CURVE('',#885,#895,#897,.T.);
#895 = VERTEX_POINT('',#896);
#896 = CARTESIAN_POINT('',(67.150000077504,-127.1781249999,
    -7.336936145732));
#897 = LINE('',#898,#899);
#898 = CARTESIAN_POINT('',(67.150000077504,-63.58906249995,
    -7.336936145732));
#899 = VECTOR('',#900,1.);
#900 = DIRECTION('',(0.,1.,-2.223138024784E-16));
#901 = ORIENTED_EDGE('',*,*,#902,.T.);
#902 = EDGE_CURVE('',#895,#903,#905,.T.);
#903 = VERTEX_POINT('',#904);
#904 = CARTESIAN_POINT('',(62.426717888089,-127.1781249999,
    -6.923702499695));
#905 = LINE('',#906,#907);
#906 = CARTESIAN_POINT('',(95.065499369477,-127.1781249999,
    -9.779225869432));
#907 = VECTOR('',#908,1.);
#908 = DIRECTION('',(-0.996194698095,0.,8.715574271178E-02));
#909 = ORIENTED_EDGE('',*,*,#910,.T.);
#910 = EDGE_CURVE('',#903,#911,#913,.T.);
#911 = VERTEX_POINT('',#912);
#912 = CARTESIAN_POINT('',(54.36875,-122.9073036302,-6.218721658724));
#913 = ELLIPSE('',#914,5.301423594809,5.281250077504);
#914 = AXIS2_PLACEMENT_3D('',#915,#916,#917);
#915 = CARTESIAN_POINT('',(57.150000077504,-127.3968749224,
    -6.462049510835));
#916 = DIRECTION('',(8.715574271178E-02,2.214678313423E-16,
    0.996194698095));
#917 = DIRECTION('',(-0.996194698095,-2.531388896671E-15,
    8.715574271178E-02));
#918 = ORIENTED_EDGE('',*,*,#919,.F.);
#919 = EDGE_CURVE('',#920,#911,#922,.T.);
#920 = VERTEX_POINT('',#921);
#921 = CARTESIAN_POINT('',(54.36875,-52.11457136967,-6.218721658724));
#922 = LINE('',#923,#924);
#923 = CARTESIAN_POINT('',(54.36875,-63.6984374612,-6.218721658724));
#924 = VECTOR('',#925,1.);
#925 = DIRECTION('',(0.,-1.,2.223138024784E-16));
#926 = ORIENTED_EDGE('',*,*,#927,.T.);
#927 = EDGE_CURVE('',#920,#928,#930,.T.);
#928 = VERTEX_POINT('',#929);
#929 = CARTESIAN_POINT('',(62.426717888089,-47.84374999999,
    -6.923702499695));
#930 = ELLIPSE('',#931,5.301423594809,5.281250077504);
#931 = AXIS2_PLACEMENT_3D('',#932,#933,#934);
#932 = CARTESIAN_POINT('',(57.150000077504,-47.6250000775,
    -6.462049510835));
#933 = DIRECTION('',(8.715574271178E-02,2.214678313423E-16,
    0.996194698095));
#934 = DIRECTION('',(-0.996194698095,-2.531388896671E-15,
    8.715574271178E-02));
#935 = ORIENTED_EDGE('',*,*,#936,.T.);
#936 = EDGE_CURVE('',#928,#937,#939,.T.);
#937 = VERTEX_POINT('',#938);
#938 = CARTESIAN_POINT('',(67.150000077504,-47.84374999999,
    -7.336936145732));
#939 = LINE('',#940,#941);
#940 = CARTESIAN_POINT('',(100.02751875203,-47.84374999999,
    -10.21334631342));
#941 = VECTOR('',#942,1.);
#942 = DIRECTION('',(0.996194698095,0.,-8.715574271178E-02));
#943 = ORIENTED_EDGE('',*,*,#944,.T.);
#944 = EDGE_CURVE('',#937,#945,#947,.T.);
#945 = VERTEX_POINT('',#946);
#946 = CARTESIAN_POINT('',(67.150000077504,-44.84374999999,
    -7.336936145732));
#947 = LINE('',#948,#949);
#948 = CARTESIAN_POINT('',(67.150000077504,-22.42187499999,
    -7.336936145732));
#949 = VECTOR('',#950,1.);
#950 = DIRECTION('',(0.,1.,-2.223138024784E-16));
#951 = ORIENTED_EDGE('',*,*,#952,.F.);
#952 = EDGE_CURVE('',#953,#945,#955,.T.);
#953 = VERTEX_POINT('',#954);
#954 = CARTESIAN_POINT('',(87.783295755767,-44.84374999999,
    -9.14211560801));
#955 = LINE('',#956,#957);
#956 = CARTESIAN_POINT('',(95.130617436076,-44.84374999999,
    -9.784922962048));
#957 = VECTOR('',#958,1.);
#958 = DIRECTION('',(-0.996194698095,-6.146421560683E-14,
    8.715574271178E-02));
#959 = ORIENTED_EDGE('',*,*,#960,.T.);
#960 = EDGE_CURVE('',#953,#961,#963,.T.);
#961 = VERTEX_POINT('',#962);
#962 = CARTESIAN_POINT('',(91.24506451459,-41.85965411941,
    -9.444981130029));
#963 = ELLIPSE('',#964,3.513369431391,3.5);
#964 = AXIS2_PLACEMENT_3D('',#965,#966,#967);
#965 = CARTESIAN_POINT('',(87.783295755767,-41.34374999999,
    -9.14211560801));
#966 = DIRECTION('',(8.715574271178E-02,2.214678313423E-16,
    0.996194698095));
#967 = DIRECTION('',(-0.996194698095,-2.531388896671E-15,
    8.715574271178E-02));
#968 = ORIENTED_EDGE('',*,*,#969,.T.);
#969 = EDGE_CURVE('',#961,#970,#972,.T.);
#970 = VERTEX_POINT('',#971);
#971 = CARTESIAN_POINT('',(98.567614711977,-34.62129799999,
    -10.08562126013));
#972 = ELLIPSE('',#973,5.301421881182,5.281248370398);
#973 = AXIS2_PLACEMENT_3D('',#974,#975,#976);
#974 = CARTESIAN_POINT('',(94.078044370398,-37.40254637039,
    -9.692834751307));
#975 = DIRECTION('',(8.715574271178E-02,2.214678313423E-16,
    0.996194698095));
#976 = DIRECTION('',(-0.996194698095,-2.531388896671E-15,
    8.715574271178E-02));
#977 = ORIENTED_EDGE('',*,*,#978,.F.);
#978 = EDGE_CURVE('',#979,#970,#981,.T.);
#979 = VERTEX_POINT('',#980);
#980 = CARTESIAN_POINT('',(205.01042863032,-34.62129799999,
    -19.39816078792));
#981 = LINE('',#982,#983);
#982 = CARTESIAN_POINT('',(113.45438459021,-34.62129799999,
    -11.38804486046));
#983 = VECTOR('',#984,1.);
#984 = DIRECTION('',(-0.996194698095,6.132619246904E-16,
    8.715574271178E-02));
#985 = ORIENTED_EDGE('',*,*,#986,.T.);
#986 = EDGE_CURVE('',#979,#987,#989,.T.);
#987 = VERTEX_POINT('',#988);
#988 = CARTESIAN_POINT('',(209.28125,-42.67926588808,-19.77180924156));
#989 = ELLIPSE('',#990,5.301423594809,5.281250077504);
#990 = AXIS2_PLACEMENT_3D('',#991,#992,#993);
#991 = CARTESIAN_POINT('',(209.49999992249,-37.40254807749,
    -19.79094737992));
#992 = DIRECTION('',(8.715574271178E-02,2.214678313423E-16,
    0.996194698095));
#993 = DIRECTION('',(-0.996194698095,-2.531388896671E-15,
    8.715574271178E-02));
#994 = ORIENTED_EDGE('',*,*,#995,.T.);
#995 = EDGE_CURVE('',#987,#996,#998,.T.);
#996 = VERTEX_POINT('',#997);
#997 = CARTESIAN_POINT('',(209.28125,-47.40254807749,-19.77180924156));
#998 = LINE('',#999,#1000);
#999 = CARTESIAN_POINT('',(209.28125,-23.70127403874,-19.77180924156));
#1000 = VECTOR('',#1001,1.);
#1001 = DIRECTION('',(0.,-1.,2.223138024784E-16));
#1002 = ORIENTED_EDGE('',*,*,#1003,.T.);
#1003 = EDGE_CURVE('',#996,#1004,#1006,.T.);
#1004 = VERTEX_POINT('',#1005);
#1005 = CARTESIAN_POINT('',(212.28125,-47.40254807749,-20.03427523203));
#1006 = LINE('',#1007,#1008);
#1007 = CARTESIAN_POINT('',(172.04192626512,-47.40254807749,
    -16.51379057874));
#1008 = VECTOR('',#1009,1.);
#1009 = DIRECTION('',(0.996194698095,0.,-8.715574271178E-02));
#1010 = ORIENTED_EDGE('',*,*,#1011,.F.);
#1011 = EDGE_CURVE('',#1012,#1004,#1014,.T.);
#1012 = VERTEX_POINT('',#1013);
#1013 = CARTESIAN_POINT('',(212.28125,-103.7382995285,-20.03427523203));
#1014 = LINE('',#1015,#1016);
#1015 = CARTESIAN_POINT('',(212.28125,-18.70127403874,-20.03427523203));
#1016 = VECTOR('',#1017,1.);
#1017 = DIRECTION('',(0.,1.,-2.223138024784E-16));
#1018 = ORIENTED_EDGE('',*,*,#1019,.T.);
#1019 = EDGE_CURVE('',#1012,#1020,#1022,.T.);
#1020 = VERTEX_POINT('',#1021);
#1021 = CARTESIAN_POINT('',(209.28125,-103.7382995285,-19.77180924156));
#1022 = LINE('',#1023,#1024);
#1023 = CARTESIAN_POINT('',(170.55332045035,-103.7382995285,
    -16.38355444554));
#1024 = VECTOR('',#1025,1.);
#1025 = DIRECTION('',(-0.996194698095,0.,8.715574271178E-02));
#1026 = ORIENTED_EDGE('',*,*,#1027,.T.);
#1027 = EDGE_CURVE('',#1020,#1028,#1030,.T.);
#1028 = VERTEX_POINT('',#1029);
#1029 = CARTESIAN_POINT('',(209.28125,-113.7382995285,-19.77180924156));
#1030 = LINE('',#1031,#1032);
#1031 = CARTESIAN_POINT('',(209.28125,-56.86914976427,-19.77180924156));
#1032 = VECTOR('',#1033,1.);
#1033 = DIRECTION('',(0.,-1.,2.223138024784E-16));
#1034 = ORIENTED_EDGE('',*,*,#1035,.T.);
#1035 = EDGE_CURVE('',#1028,#1036,#1038,.T.);
#1036 = VERTEX_POINT('',#1037);
#1037 = CARTESIAN_POINT('',(212.28125,-113.7382995285,-20.03427523203));
#1038 = LINE('',#1039,#1040);
#1039 = CARTESIAN_POINT('',(172.04192626512,-113.7382995285,
    -16.51379057874));
#1040 = VECTOR('',#1041,1.);
#1041 = DIRECTION('',(0.996194698095,0.,-8.715574271178E-02));
#1042 = ORIENTED_EDGE('',*,*,#1043,.F.);
#1043 = EDGE_CURVE('',#1044,#1036,#1046,.T.);
#1044 = VERTEX_POINT('',#1045);
#1045 = CARTESIAN_POINT('',(211.90863293691,-115.1289249744,
    -20.00167546318));
#1046 = ELLIPSE('',#1047,2.791874183216,2.781250259068);
#1047 = AXIS2_PLACEMENT_3D('',#1048,#1049,#1050);
#1048 = CARTESIAN_POINT('',(209.49999974093,-113.7382995285,
    -19.79094736403));
#1049 = DIRECTION('',(8.715574271178E-02,2.214678313423E-16,
    0.996194698095));
#1050 = DIRECTION('',(-0.996194698095,-2.531388896671E-15,
    8.715574271178E-02));
#1051 = ORIENTED_EDGE('',*,*,#1052,.F.);
#1052 = EDGE_CURVE('',#1053,#1044,#1055,.T.);
#1053 = VERTEX_POINT('',#1054);
#1054 = CARTESIAN_POINT('',(188.29912007869,-156.0217883826,
    -17.93611073758));
#1055 = LINE('',#1056,#1057);
#1056 = CARTESIAN_POINT('',(220.69136048444,-99.91679924747,
    -20.77006455811));
#1057 = VECTOR('',#1058,1.);
#1058 = DIRECTION('',(0.499522407268,0.865197926462,-4.370254779498E-02)
  );
#1059 = ORIENTED_EDGE('',*,*,#1060,.T.);
#1060 = EDGE_CURVE('',#1053,#1061,#1063,.T.);
#1061 = VERTEX_POINT('',#1062);
#1062 = CARTESIAN_POINT('',(178.3644721962,-158.5344128929,
    -17.0669416721));
#1063 = ELLIPSE('',#1064,5.301423777067,5.281250259068);
#1064 = AXIS2_PLACEMENT_3D('',#1065,#1066,#1067);
#1065 = CARTESIAN_POINT('',(183.64570067542,-158.5192455206,
    -17.52898929333));
#1066 = DIRECTION('',(8.715574271178E-02,2.214678313423E-16,
    0.996194698095));
#1067 = DIRECTION('',(-0.996194698095,-2.531388896671E-15,
    8.715574271178E-02));
#1068 = ORIENTED_EDGE('',*,*,#1069,.T.);
#1069 = EDGE_CURVE('',#1061,#1070,#1072,.T.);
#1070 = VERTEX_POINT('',#1071);
#1071 = CARTESIAN_POINT('',(155.03509148216,-148.1363310263,
    -15.02588533339));
#1072 = ELLIPSE('',#1073,114.40068426627,113.96535512448);
#1073 = AXIS2_PLACEMENT_3D('',#1074,#1075,#1076);
#1074 = CARTESIAN_POINT('',(120.59651671616,-256.7737404981,
    -12.01290045462));
#1075 = DIRECTION('',(8.715574271178E-02,2.214678313423E-16,
    0.996194698095));
#1076 = DIRECTION('',(-0.996194698095,-2.531388896671E-15,
    8.715574271178E-02));
#1077 = ORIENTED_EDGE('',*,*,#1078,.T.);
#1078 = EDGE_CURVE('',#1070,#1079,#1081,.T.);
#1079 = VERTEX_POINT('',#1080);
#1080 = CARTESIAN_POINT('',(129.77998071029,-144.4656243804,
    -12.81634944567));
#1081 = ELLIPSE('',#1082,83.895846440088,83.576597415798);
#1082 = AXIS2_PLACEMENT_3D('',#1083,#1084,#1085);
#1083 = CARTESIAN_POINT('',(130.52733232647,-228.0388802771,
    -12.88173423973));
#1084 = DIRECTION('',(8.715574271178E-02,2.214678313423E-16,
    0.996194698095));
#1085 = DIRECTION('',(-0.996194698095,-2.531388896671E-15,
    8.715574271178E-02));
#1086 = ORIENTED_EDGE('',*,*,#1087,.F.);
#1087 = EDGE_CURVE('',#1088,#1079,#1090,.T.);
#1088 = VERTEX_POINT('',#1089);
#1089 = CARTESIAN_POINT('',(126.99687499999,-141.6843749224,
    -12.57285924673));
#1090 = ELLIPSE('',#1091,2.791874000556,2.781250077103);
#1091 = AXIS2_PLACEMENT_3D('',#1092,#1093,#1094);
#1092 = CARTESIAN_POINT('',(129.77812507709,-141.6843749224,
    -12.8161870988));
#1093 = DIRECTION('',(8.715574271178E-02,2.214678313423E-16,
    0.996194698095));
#1094 = DIRECTION('',(-0.996194698095,-2.531388896671E-15,
    8.715574271178E-02));
#1095 = ORIENTED_EDGE('',*,*,#1096,.F.);
#1096 = EDGE_CURVE('',#1097,#1088,#1099,.T.);
#1097 = VERTEX_POINT('',#1098);
#1098 = CARTESIAN_POINT('',(126.99687499999,-133.6781249999,
    -12.57285924673));
#1099 = LINE('',#1100,#1101);
#1100 = CARTESIAN_POINT('',(126.99687499998,-70.8421874612,
    -12.57285924673));
#1101 = VECTOR('',#1102,1.);
#1102 = DIRECTION('',(2.076715088578E-13,-1.,-1.794658895236E-14));
#1103 = ORIENTED_EDGE('',*,*,#1104,.T.);
#1104 = EDGE_CURVE('',#1097,#887,#1105,.T.);
#1105 = ELLIPSE('',#1106,3.513369431391,3.5);
#1106 = AXIS2_PLACEMENT_3D('',#1107,#1108,#1109);
#1107 = CARTESIAN_POINT('',(123.49687499999,-133.6781249999,
    -12.26664892451));
#1108 = DIRECTION('',(8.715574271178E-02,2.214678313423E-16,
    0.996194698095));
#1109 = DIRECTION('',(-0.996194698095,-2.531388896671E-15,
    8.715574271178E-02));
#1110 = PLANE('',#1111);
#1111 = AXIS2_PLACEMENT_3D('',#1112,#1113,#1114);
#1112 = CARTESIAN_POINT('',(133.325,-6.345111173558E-15,-13.12649844537)
  );
#1113 = DIRECTION('',(8.715574271178E-02,2.214678313423E-16,
    0.996194698095));
#1114 = DIRECTION('',(0.996194698095,8.783020047481E-34,
    -8.715574271178E-02));
#1115 = ADVANCED_FACE('',(#1116),#1126,.T.);
#1116 = FACE_BOUND('',#1117,.T.);
#1117 = EDGE_LOOP('',(#1118,#1119,#1120,#1125));
#1118 = ORIENTED_EDGE('',*,*,#171,.T.);
#1119 = ORIENTED_EDGE('',*,*,#297,.T.);
#1120 = ORIENTED_EDGE('',*,*,#1121,.F.);
#1121 = EDGE_CURVE('',#846,#290,#1122,.T.);
#1122 = B_SPLINE_CURVE_WITH_KNOTS('',1,(#1123,#1124),.UNSPECIFIED.,.F.,
  .F.,(2,2),(0.,24.89364736333),.PIECEWISE_BEZIER_KNOTS.);
#1123 = CARTESIAN_POINT('',(129.76092590298,-146.4673612434,
    -12.81468236605));
#1124 = CARTESIAN_POINT('',(129.8023359999,-146.965524427,
    -12.31639873061));
#1125 = ORIENTED_EDGE('',*,*,#854,.F.);
#1126 = B_SPLINE_SURFACE_WITH_KNOTS('',1,8,(
    (#1127,#1128,#1129,#1130,#1131,#1132,#1133,#1134,#1135,#1136,#1137
      ,#1138,#1139,#1140,#1141,#1142,#1143,#1144,#1145,#1146,#1147,#1148
      ,#1149)
    ,(#1150,#1151,#1152,#1153,#1154,#1155,#1156,#1157,#1158,#1159,#1160
      ,#1161,#1162,#1163,#1164,#1165,#1166,#1167,#1168,#1169,#1170,#1171
      ,#1172
    )),.UNSPECIFIED.,.F.,.F.,.F.,(2,2),(9,7,7,9),(0.,24.89364736333),(
    89.85845456914,114.70532092451,114.72607457658,114.75210193247),
  .UNSPECIFIED.);
#1127 = CARTESIAN_POINT('',(154.39068446145,-150.0538184688,
    -14.9695070244));
#1128 = CARTESIAN_POINT('',(151.41124556937,-149.1360029863,
    -14.70883989778));
#1129 = CARTESIAN_POINT('',(148.39028720547,-148.3433370511,
    -14.44454028807));
#1130 = CARTESIAN_POINT('',(145.33381337973,-147.6962278744,
    -14.17713347806));
#1131 = CARTESIAN_POINT('',(142.25225274576,-147.1778526162,
    -13.90753185673));
#1132 = CARTESIAN_POINT('',(139.15069606696,-146.7969078006,
    -13.63618080817));
#1133 = CARTESIAN_POINT('',(136.03705695358,-146.5499705552,
    -13.36377268355));
#1134 = CARTESIAN_POINT('',(132.91791434913,-146.442392474,
    -13.09088306585));
#1135 = CARTESIAN_POINT('',(129.79884068888,-146.4673520396,
    -12.81799947999));
#1136 = CARTESIAN_POINT('',(129.79699006907,-146.4673664912,
    -12.81783757174));
#1137 = CARTESIAN_POINT('',(129.79502167056,-146.4673788647,
    -12.81766535918));
#1138 = CARTESIAN_POINT('',(129.79287316959,-146.4673895377,
    -12.81747738971));
#1139 = CARTESIAN_POINT('',(129.79074923578,-146.4673976342,
    -12.81729156957));
#1140 = CARTESIAN_POINT('',(129.78876736491,-146.4674026774,
    -12.81711817834));
#1141 = CARTESIAN_POINT('',(129.78679045782,-146.4674052245,
    -12.81694522138));
#1142 = CARTESIAN_POINT('',(129.78150611844,-146.467408064,
    -12.81648290159));
#1143 = CARTESIAN_POINT('',(129.7785660878,-146.4674075766,
    -12.81622568224));
#1144 = CARTESIAN_POINT('',(129.77562605427,-146.4674050221,
    -12.81596846264));
#1145 = CARTESIAN_POINT('',(129.77268601954,-146.4674004005,
    -12.81571124293));
#1146 = CARTESIAN_POINT('',(129.76974598536,-146.4673937118,
    -12.81545402327));
#1147 = CARTESIAN_POINT('',(129.76680595338,-146.467384956,
    -12.8151968038));
#1148 = CARTESIAN_POINT('',(129.76386592536,-146.4673741332,
    -12.81493958468));
#1149 = CARTESIAN_POINT('',(129.76092590298,-146.4673612434,
    -12.81468236605));
#1150 = CARTESIAN_POINT('',(154.29082069444,-150.5230027484,
    -14.45894550356));
#1151 = CARTESIAN_POINT('',(151.32739213158,-149.6145256411,
    -14.19960107142));
#1152 = CARTESIAN_POINT('',(148.32374293035,-148.8353709396,
    -13.93671703961));
#1153 = CARTESIAN_POINT('',(145.28798943226,-148.1880480442,
    -13.67134790783));
#1154 = CARTESIAN_POINT('',(142.22412454994,-147.6732950401,
    -13.40304993678));
#1155 = CARTESIAN_POINT('',(139.14181479402,-147.2934713119,
    -13.13354869064));
#1156 = CARTESIAN_POINT('',(136.04711419882,-147.0485585554,
    -12.86272921502));
#1157 = CARTESIAN_POINT('',(132.94704988709,-146.9391986551,
    -12.59153199244));
#1158 = CARTESIAN_POINT('',(129.84638667654,-146.9651424319,
    -12.32025412672));
#1159 = CARTESIAN_POINT('',(129.84380228132,-146.9651641504,
    -12.32002801642));
#1160 = CARTESIAN_POINT('',(129.84121734724,-146.9651859674,
    -12.31980183836));
#1161 = CARTESIAN_POINT('',(129.83863161834,-146.9652078853,
    -12.31957557465));
#1162 = CARTESIAN_POINT('',(129.83604598681,-146.9652298968,
    -12.31934930887));
#1163 = CARTESIAN_POINT('',(129.83346092823,-146.9652519976,
    -12.31912308023));
#1164 = CARTESIAN_POINT('',(129.8308758186,-146.9652741929,
    -12.31889682927));
#1165 = CARTESIAN_POINT('',(129.82504514345,-146.9653244669,
    -12.3183865116));
#1166 = CARTESIAN_POINT('',(129.82180111941,-146.9653525863,
    -12.3181025763));
#1167 = CARTESIAN_POINT('',(129.81855705581,-146.9653808544,
    -12.31781862933));
#1168 = CARTESIAN_POINT('',(129.8153129485,-146.9654092713,
    -12.31753467101));
#1169 = CARTESIAN_POINT('',(129.81206879341,-146.9654378369,
    -12.31725070166));
#1170 = CARTESIAN_POINT('',(129.80882458635,-146.9654665514,
    -12.3169667216));
#1171 = CARTESIAN_POINT('',(129.80558032323,-146.9654954148,
    -12.31668273115));
#1172 = CARTESIAN_POINT('',(129.8023359999,-146.965524427,
    -12.31639873061));
#1173 = ADVANCED_FACE('',(#1174),#1202,.T.);
#1174 = FACE_BOUND('',#1175,.T.);
#1175 = EDGE_LOOP('',(#1176,#1184,#1193,#1199,#1200,#1201));
#1176 = ORIENTED_EDGE('',*,*,#1177,.F.);
#1177 = EDGE_CURVE('',#1178,#244,#1180,.T.);
#1178 = VERTEX_POINT('',#1179);
#1179 = CARTESIAN_POINT('',(171.15446374115,-154.6365966117,-4.));
#1180 = LINE('',#1181,#1182);
#1181 = CARTESIAN_POINT('',(171.15446374115,-44.68344092948,-4.));
#1182 = VECTOR('',#1183,1.);
#1183 = DIRECTION('',(-1.554773061754E-16,-1.,0.));
#1184 = ORIENTED_EDGE('',*,*,#1185,.T.);
#1185 = EDGE_CURVE('',#1178,#1186,#1188,.T.);
#1186 = VERTEX_POINT('',#1187);
#1187 = CARTESIAN_POINT('',(166.26077871355,-152.3568963354,
    -10.98890651831));
#1188 = ELLIPSE('',#1189,198.69253321383,113.96535512448);
#1189 = AXIS2_PLACEMENT_3D('',#1190,#1191,#1192);
#1190 = CARTESIAN_POINT('',(120.59651671616,-256.7737404981,
    -76.20423127424));
#1191 = DIRECTION('',(-0.81915204431,1.273595531973E-16,0.573576436322)
  );
#1192 = DIRECTION('',(0.573576436322,-8.917811920495E-17,0.81915204431)
  );
#1193 = ORIENTED_EDGE('',*,*,#1194,.T.);
#1194 = EDGE_CURVE('',#1186,#388,#1195,.T.);
#1195 = LINE('',#1196,#1197);
#1196 = CARTESIAN_POINT('',(166.26077871355,-2.440027406418E-15,
    -10.98890651831));
#1197 = VECTOR('',#1198,1.);
#1198 = DIRECTION('',(0.,-1.,2.22044604925E-16));
#1199 = ORIENTED_EDGE('',*,*,#387,.F.);
#1200 = ORIENTED_EDGE('',*,*,#332,.F.);
#1201 = ORIENTED_EDGE('',*,*,#252,.T.);
#1202 = PLANE('',#1203);
#1203 = AXIS2_PLACEMENT_3D('',#1204,#1205,#1206);
#1204 = CARTESIAN_POINT('',(166.26077871355,-2.440027406418E-15,
    -10.98890651831));
#1205 = DIRECTION('',(-0.81915204431,1.273595531973E-16,0.573576436322)
  );
#1206 = DIRECTION('',(0.573576436322,1.818882920523E-16,0.81915204431));
#1207 = ADVANCED_FACE('',(#1208),#1370,.T.);
#1208 = FACE_BOUND('',#1209,.T.);
#1209 = EDGE_LOOP('',(#1210,#1211,#1212,#1213,#1214,#1222,#1230,#1239,
    #1247,#1256,#1264,#1272,#1280,#1289,#1297,#1305,#1313,#1321,#1329,
    #1338,#1346,#1354,#1363));
#1210 = ORIENTED_EDGE('',*,*,#1177,.T.);
#1211 = ORIENTED_EDGE('',*,*,#243,.F.);
#1212 = ORIENTED_EDGE('',*,*,#530,.F.);
#1213 = ORIENTED_EDGE('',*,*,#594,.F.);
#1214 = ORIENTED_EDGE('',*,*,#1215,.F.);
#1215 = EDGE_CURVE('',#1216,#587,#1218,.T.);
#1216 = VERTEX_POINT('',#1217);
#1217 = CARTESIAN_POINT('',(206.83639381146,-127.9142972729,
    -4.000000000006));
#1218 = LINE('',#1219,#1220);
#1219 = CARTESIAN_POINT('',(206.83639381145,-127.9142972729,-4.));
#1220 = VECTOR('',#1221,1.);
#1221 = DIRECTION('',(-0.50000011375,-0.866025338111,0.));
#1222 = ORIENTED_EDGE('',*,*,#1223,.F.);
#1223 = EDGE_CURVE('',#1224,#1216,#1226,.T.);
#1224 = VERTEX_POINT('',#1225);
#1225 = CARTESIAN_POINT('',(213.64068361313,-116.1289252019,-4.));
#1226 = LINE('',#1227,#1228);
#1227 = CARTESIAN_POINT('',(213.64068361314,-116.1289252019,-4.));
#1228 = VECTOR('',#1229,1.);
#1229 = DIRECTION('',(-0.500000113749,-0.866025338112,-0.));
#1230 = ORIENTED_EDGE('',*,*,#1231,.F.);
#1231 = EDGE_CURVE('',#1232,#1224,#1234,.T.);
#1232 = VERTEX_POINT('',#1233);
#1233 = CARTESIAN_POINT('',(214.28125,-113.7382995285,-4.));
#1234 = CIRCLE('',#1235,4.781250259068);
#1235 = AXIS2_PLACEMENT_3D('',#1236,#1237,#1238);
#1236 = CARTESIAN_POINT('',(209.49999974093,-113.7382995285,-4.));
#1237 = DIRECTION('',(0.,0.,-1.));
#1238 = DIRECTION('',(1.,0.,0.));
#1239 = ORIENTED_EDGE('',*,*,#1240,.F.);
#1240 = EDGE_CURVE('',#1241,#1232,#1243,.T.);
#1241 = VERTEX_POINT('',#1242);
#1242 = CARTESIAN_POINT('',(214.28125,-37.40254807749,-4.));
#1243 = LINE('',#1244,#1245);
#1244 = CARTESIAN_POINT('',(214.28125,-37.40254807749,-4.));
#1245 = VECTOR('',#1246,1.);
#1246 = DIRECTION('',(0.,-1.,0.));
#1247 = ORIENTED_EDGE('',*,*,#1248,.F.);
#1248 = EDGE_CURVE('',#1249,#1241,#1251,.T.);
#1249 = VERTEX_POINT('',#1250);
#1250 = CARTESIAN_POINT('',(209.49999992249,-32.62129799999,-4.));
#1251 = CIRCLE('',#1252,4.781250077504);
#1252 = AXIS2_PLACEMENT_3D('',#1253,#1254,#1255);
#1253 = CARTESIAN_POINT('',(209.49999992249,-37.40254807749,-4.));
#1254 = DIRECTION('',(0.,0.,-1.));
#1255 = DIRECTION('',(0.,1.,0.));
#1256 = ORIENTED_EDGE('',*,*,#1257,.F.);
#1257 = EDGE_CURVE('',#1258,#1249,#1260,.T.);
#1258 = VERTEX_POINT('',#1259);
#1259 = CARTESIAN_POINT('',(171.15446374115,-32.62129799999,-4.));
#1260 = LINE('',#1261,#1262);
#1261 = CARTESIAN_POINT('',(171.15446374115,-32.62129799999,-4.));
#1262 = VECTOR('',#1263,1.);
#1263 = DIRECTION('',(1.,-6.156044856123E-16,0.));
#1264 = ORIENTED_EDGE('',*,*,#1265,.T.);
#1265 = EDGE_CURVE('',#1258,#1266,#1268,.T.);
#1266 = VERTEX_POINT('',#1267);
#1267 = CARTESIAN_POINT('',(171.15446374115,-34.62129799999,-4.));
#1268 = LINE('',#1269,#1270);
#1269 = CARTESIAN_POINT('',(171.15446374115,-44.68344092948,-4.));
#1270 = VECTOR('',#1271,1.);
#1271 = DIRECTION('',(-1.554773061754E-16,-1.,0.));
#1272 = ORIENTED_EDGE('',*,*,#1273,.T.);
#1273 = EDGE_CURVE('',#1266,#1274,#1276,.T.);
#1274 = VERTEX_POINT('',#1275);
#1275 = CARTESIAN_POINT('',(205.01042863032,-34.62129799999,-4.));
#1276 = LINE('',#1277,#1278);
#1277 = CARTESIAN_POINT('',(94.078044370398,-34.62129799999,-4.));
#1278 = VECTOR('',#1279,1.);
#1279 = DIRECTION('',(1.,-6.156044856123E-16,0.));
#1280 = ORIENTED_EDGE('',*,*,#1281,.T.);
#1281 = EDGE_CURVE('',#1274,#1282,#1284,.T.);
#1282 = VERTEX_POINT('',#1283);
#1283 = CARTESIAN_POINT('',(209.28125,-42.67926588808,-4.));
#1284 = CIRCLE('',#1285,5.281250077504);
#1285 = AXIS2_PLACEMENT_3D('',#1286,#1287,#1288);
#1286 = CARTESIAN_POINT('',(209.49999992249,-37.40254807749,-4.));
#1287 = DIRECTION('',(0.,0.,1.));
#1288 = DIRECTION('',(1.,0.,0.));
#1289 = ORIENTED_EDGE('',*,*,#1290,.F.);
#1290 = EDGE_CURVE('',#1291,#1282,#1293,.T.);
#1291 = VERTEX_POINT('',#1292);
#1292 = CARTESIAN_POINT('',(209.28125,-37.40254807749,-4.));
#1293 = LINE('',#1294,#1295);
#1294 = CARTESIAN_POINT('',(209.28125,-64.53589723066,-4.));
#1295 = VECTOR('',#1296,1.);
#1296 = DIRECTION('',(0.,-1.,0.));
#1297 = ORIENTED_EDGE('',*,*,#1298,.F.);
#1298 = EDGE_CURVE('',#1299,#1291,#1301,.T.);
#1299 = VERTEX_POINT('',#1300);
#1300 = CARTESIAN_POINT('',(212.28125,-37.40254807749,-4.));
#1301 = LINE('',#1302,#1303);
#1302 = CARTESIAN_POINT('',(164.79300057784,-37.40254807749,-4.));
#1303 = VECTOR('',#1304,1.);
#1304 = DIRECTION('',(-1.,0.,0.));
#1305 = ORIENTED_EDGE('',*,*,#1306,.T.);
#1306 = EDGE_CURVE('',#1299,#1307,#1309,.T.);
#1307 = VERTEX_POINT('',#1308);
#1308 = CARTESIAN_POINT('',(212.28125,-47.40254807749,-4.));
#1309 = LINE('',#1310,#1311);
#1310 = CARTESIAN_POINT('',(212.28125,-37.40254807749,-4.));
#1311 = VECTOR('',#1312,1.);
#1312 = DIRECTION('',(0.,-1.,0.));
#1313 = ORIENTED_EDGE('',*,*,#1314,.T.);
#1314 = EDGE_CURVE('',#1307,#1315,#1317,.T.);
#1315 = VERTEX_POINT('',#1316);
#1316 = CARTESIAN_POINT('',(212.28125,-103.7382995285,-4.));
#1317 = LINE('',#1318,#1319);
#1318 = CARTESIAN_POINT('',(212.28125,-37.40254807749,-4.));
#1319 = VECTOR('',#1320,1.);
#1320 = DIRECTION('',(0.,-1.,0.));
#1321 = ORIENTED_EDGE('',*,*,#1322,.T.);
#1322 = EDGE_CURVE('',#1315,#1323,#1325,.T.);
#1323 = VERTEX_POINT('',#1324);
#1324 = CARTESIAN_POINT('',(212.28125,-113.7382995285,-4.));
#1325 = LINE('',#1326,#1327);
#1326 = CARTESIAN_POINT('',(212.28125,-37.40254807749,-4.));
#1327 = VECTOR('',#1328,1.);
#1328 = DIRECTION('',(0.,-1.,0.));
#1329 = ORIENTED_EDGE('',*,*,#1330,.T.);
#1330 = EDGE_CURVE('',#1323,#1331,#1333,.T.);
#1331 = VERTEX_POINT('',#1332);
#1332 = CARTESIAN_POINT('',(211.90863293691,-115.1289249744,-4.));
#1333 = CIRCLE('',#1334,2.781250259068);
#1334 = AXIS2_PLACEMENT_3D('',#1335,#1336,#1337);
#1335 = CARTESIAN_POINT('',(209.49999974093,-113.7382995285,-4.));
#1336 = DIRECTION('',(0.,0.,-1.));
#1337 = DIRECTION('',(1.,0.,0.));
#1338 = ORIENTED_EDGE('',*,*,#1339,.F.);
#1339 = EDGE_CURVE('',#1340,#1331,#1342,.T.);
#1340 = VERTEX_POINT('',#1341);
#1341 = CARTESIAN_POINT('',(205.10434313524,-126.9142970455,-4.));
#1342 = LINE('',#1343,#1344);
#1343 = CARTESIAN_POINT('',(205.10434313524,-126.9142970455,-4.));
#1344 = VECTOR('',#1345,1.);
#1345 = DIRECTION('',(0.500000113749,0.866025338112,0.));
#1346 = ORIENTED_EDGE('',*,*,#1347,.T.);
#1347 = EDGE_CURVE('',#1340,#1348,#1350,.T.);
#1348 = VERTEX_POINT('',#1349);
#1349 = CARTESIAN_POINT('',(188.29912007869,-156.0217883826,-4.));
#1350 = LINE('',#1351,#1352);
#1351 = CARTESIAN_POINT('',(205.10434313524,-126.9142970455,-4.));
#1352 = VECTOR('',#1353,1.);
#1353 = DIRECTION('',(-0.500000113751,-0.86602533811,0.));
#1354 = ORIENTED_EDGE('',*,*,#1355,.T.);
#1355 = EDGE_CURVE('',#1348,#1356,#1358,.T.);
#1356 = VERTEX_POINT('',#1357);
#1357 = CARTESIAN_POINT('',(178.3644721962,-158.5344128929,-4.));
#1358 = CIRCLE('',#1359,5.281250259068);
#1359 = AXIS2_PLACEMENT_3D('',#1360,#1361,#1362);
#1360 = CARTESIAN_POINT('',(183.64570067542,-158.5192455206,-4.));
#1361 = DIRECTION('',(0.,0.,1.));
#1362 = DIRECTION('',(1.,0.,0.));
#1363 = ORIENTED_EDGE('',*,*,#1364,.F.);
#1364 = EDGE_CURVE('',#1178,#1356,#1365,.T.);
#1365 = CIRCLE('',#1366,113.96535512448);
#1366 = AXIS2_PLACEMENT_3D('',#1367,#1368,#1369);
#1367 = CARTESIAN_POINT('',(120.59651671616,-256.7737404981,-4.));
#1368 = DIRECTION('',(0.,0.,-1.));
#1369 = DIRECTION('',(1.,0.,0.));
#1370 = PLANE('',#1371);
#1371 = AXIS2_PLACEMENT_3D('',#1372,#1373,#1374);
#1372 = CARTESIAN_POINT('',(135.43456718505,-89.36688185897,-4.));
#1373 = DIRECTION('',(0.,0.,1.));
#1374 = DIRECTION('',(1.,0.,0.));
#1375 = ADVANCED_FACE('',(#1376),#1405,.T.);
#1376 = FACE_BOUND('',#1377,.T.);
#1377 = EDGE_LOOP('',(#1378,#1379,#1399,#1404));
#1378 = ORIENTED_EDGE('',*,*,#411,.T.);
#1379 = ORIENTED_EDGE('',*,*,#1380,.T.);
#1380 = EDGE_CURVE('',#398,#1381,#1383,.T.);
#1381 = VERTEX_POINT('',#1382);
#1382 = CARTESIAN_POINT('',(129.84199763564,-146.4651847918,
    -7.802676035888));
#1383 = B_SPLINE_CURVE_WITH_KNOTS('',14,(#1384,#1385,#1386,#1387,#1388,
    #1389,#1390,#1391,#1392,#1393,#1394,#1395,#1396,#1397,#1398),
  .UNSPECIFIED.,.F.,.F.,(15,15),(12.819296275169,37.74162086114),
  .PIECEWISE_BEZIER_KNOTS.);
#1384 = CARTESIAN_POINT('',(154.47508085254,-150.0662958696,
    -9.957791564164));
#1385 = CARTESIAN_POINT('',(152.76958360293,-149.5367616148,
    -9.808579889207));
#1386 = CARTESIAN_POINT('',(151.05034969009,-149.0502510684,
    -9.658166411965));
#1387 = CARTESIAN_POINT('',(149.32266387048,-148.6068332884,
    -9.507013488618));
#1388 = CARTESIAN_POINT('',(147.57574530952,-148.2016719538,
    -9.354177918632));
#1389 = CARTESIAN_POINT('',(145.838191101,-147.8444929291,
    -9.202161622938));
#1390 = CARTESIAN_POINT('',(144.06269701725,-147.5180302713,
    -9.046826018885));
#1391 = CARTESIAN_POINT('',(142.31705157849,-147.2463490447,
    -8.894101832072));
#1392 = CARTESIAN_POINT('',(140.52930519298,-147.0034374869,
    -8.737694290605));
#1393 = CARTESIAN_POINT('',(138.76399029514,-146.8122068548,
    -8.583249249161));
#1394 = CARTESIAN_POINT('',(136.97855394318,-146.6571768655,
    -8.42704380926));
#1395 = CARTESIAN_POINT('',(135.19742038944,-146.5468638633,
    -8.271214814988));
#1396 = CARTESIAN_POINT('',(133.41221177261,-146.4779274618,
    -8.115029299122));
#1397 = CARTESIAN_POINT('',(131.62683743072,-146.4511076825,
    -7.958829284099));
#1398 = CARTESIAN_POINT('',(129.84199763564,-146.4651847918,
    -7.802676035888));
#1399 = ORIENTED_EDGE('',*,*,#1400,.F.);
#1400 = EDGE_CURVE('',#270,#1381,#1401,.T.);
#1401 = B_SPLINE_CURVE_WITH_KNOTS('',1,(#1402,#1403),.UNSPECIFIED.,.F.,
  .F.,(2,2),(0.,24.92232458597),.PIECEWISE_BEZIER_KNOTS.);
#1402 = CARTESIAN_POINT('',(129.8023359999,-146.965524427,
    -8.301115884596));
#1403 = CARTESIAN_POINT('',(129.84199763564,-146.4651847918,
    -7.802676035888));
#1404 = ORIENTED_EDGE('',*,*,#269,.F.);
#1405 = B_SPLINE_SURFACE_WITH_KNOTS('',1,14,(
    (#1406,#1407,#1408,#1409,#1410,#1411,#1412,#1413,#1414,#1415,#1416
      ,#1417,#1418,#1419,#1420)
    ,(#1421,#1422,#1423,#1424,#1425,#1426,#1427,#1428,#1429,#1430,#1431
      ,#1432,#1433,#1434,#1435
  )),.UNSPECIFIED.,.F.,.F.,.F.,(2,2),(15,15),(0.,24.92232458597),(
    12.819296275169,37.74162086114),.PIECEWISE_BEZIER_KNOTS.);
#1406 = CARTESIAN_POINT('',(154.29082069444,-150.5230027484,
    -10.44309712897));
#1407 = CARTESIAN_POINT('',(152.59399883011,-150.0028202009,
    -10.29492465248));
#1408 = CARTESIAN_POINT('',(150.88509056288,-149.5226924979,
    -10.14547314192));
#1409 = CARTESIAN_POINT('',(149.16510627315,-149.082911936,
    -9.995033089084));
#1410 = CARTESIAN_POINT('',(147.43452526606,-148.6835993485,
    -9.843659351439));
#1411 = CARTESIAN_POINT('',(145.69560441808,-148.3253844224,
    -9.691518267195));
#1412 = CARTESIAN_POINT('',(143.94725685367,-148.0078391738,
    -9.538606085836));
#1413 = CARTESIAN_POINT('',(142.19349147149,-147.7320660031,
    -9.38514713925));
#1414 = CARTESIAN_POINT('',(140.43213554022,-147.4972412295,
    -9.231090571742));
#1415 = CARTESIAN_POINT('',(138.66706353716,-147.3043642135,
    -9.076656044091));
#1416 = CARTESIAN_POINT('',(136.89741196775,-147.1529501683,
    -8.921845091301));
#1417 = CARTESIAN_POINT('',(135.12527710021,-147.043391132,
    -8.766806664331));
#1418 = CARTESIAN_POINT('',(133.35128015083,-146.9756063831,
    -8.61160264082));
#1419 = CARTESIAN_POINT('',(131.57659118602,-146.9496581972,
    -8.456344434493));
#1420 = CARTESIAN_POINT('',(129.8023359999,-146.965524427,
    -8.301115884596));
#1421 = CARTESIAN_POINT('',(154.47508085254,-150.0662958696,
    -9.957791564164));
#1422 = CARTESIAN_POINT('',(152.76958360293,-149.5367616148,
    -9.808579889207));
#1423 = CARTESIAN_POINT('',(151.05034969009,-149.0502510684,
    -9.658166411965));
#1424 = CARTESIAN_POINT('',(149.32266387048,-148.6068332884,
    -9.507013488618));
#1425 = CARTESIAN_POINT('',(147.57574530952,-148.2016719538,
    -9.354177918632));
#1426 = CARTESIAN_POINT('',(145.838191101,-147.8444929291,
    -9.202161622938));
#1427 = CARTESIAN_POINT('',(144.06269701725,-147.5180302713,
    -9.046826018885));
#1428 = CARTESIAN_POINT('',(142.31705157849,-147.2463490447,
    -8.894101832072));
#1429 = CARTESIAN_POINT('',(140.52930519298,-147.0034374869,
    -8.737694290605));
#1430 = CARTESIAN_POINT('',(138.76399029514,-146.8122068548,
    -8.583249249161));
#1431 = CARTESIAN_POINT('',(136.97855394318,-146.6571768655,
    -8.42704380926));
#1432 = CARTESIAN_POINT('',(135.19742038944,-146.5468638633,
    -8.271214814988));
#1433 = CARTESIAN_POINT('',(133.41221177261,-146.4779274618,
    -8.115029299122));
#1434 = CARTESIAN_POINT('',(131.62683743072,-146.4511076825,
    -7.958829284099));
#1435 = CARTESIAN_POINT('',(129.84199763564,-146.4651847918,
    -7.802676035888));
#1436 = ADVANCED_FACE('',(#1437),#1464,.T.);
#1437 = FACE_BOUND('',#1438,.F.);
#1438 = EDGE_LOOP('',(#1439,#1449,#1456,#1457));
#1439 = ORIENTED_EDGE('',*,*,#1440,.F.);
#1440 = EDGE_CURVE('',#1441,#1443,#1445,.T.);
#1441 = VERTEX_POINT('',#1442);
#1442 = CARTESIAN_POINT('',(129.78164869477,-146.9656238244,
    -8.299306022785));
#1443 = VERTEX_POINT('',#1444);
#1444 = CARTESIAN_POINT('',(129.78164869477,-146.9656238244,
    -12.31458803092));
#1445 = LINE('',#1446,#1447);
#1446 = CARTESIAN_POINT('',(129.78164869477,-146.9656238244,-4.));
#1447 = VECTOR('',#1448,1.);
#1448 = DIRECTION('',(0.,0.,-1.));
#1449 = ORIENTED_EDGE('',*,*,#1450,.F.);
#1450 = EDGE_CURVE('',#270,#1441,#1451,.T.);
#1451 = B_SPLINE_CURVE_WITH_KNOTS('',3,(#1452,#1453,#1454,#1455),
  .UNSPECIFIED.,.F.,.F.,(4,4),(37.74162086114,37.76237639316),
  .PIECEWISE_BEZIER_KNOTS.);
#1452 = CARTESIAN_POINT('',(129.8023359999,-146.965524427,
    -8.301115884596));
#1453 = CARTESIAN_POINT('',(129.79544046142,-146.9655860902,
    -8.300512597962));
#1454 = CARTESIAN_POINT('',(129.78854469988,-146.9656192234,
    -8.299909315202));
#1455 = CARTESIAN_POINT('',(129.78164869477,-146.9656238244,
    -8.299306022785));
#1456 = ORIENTED_EDGE('',*,*,#289,.T.);
#1457 = ORIENTED_EDGE('',*,*,#1458,.T.);
#1458 = EDGE_CURVE('',#290,#1443,#1459,.T.);
#1459 = B_SPLINE_CURVE_WITH_KNOTS('',3,(#1460,#1461,#1462,#1463),
  .UNSPECIFIED.,.F.,.F.,(4,4),(114.75210193247,114.77284675245),
  .PIECEWISE_BEZIER_KNOTS.);
#1460 = CARTESIAN_POINT('',(129.8023359999,-146.965524427,
    -12.31639873061));
#1461 = CARTESIAN_POINT('',(129.79544039324,-146.9655860908,
    -12.31579510519));
#1462 = CARTESIAN_POINT('',(129.78854454821,-146.9656192235,
    -12.31519153887));
#1463 = CARTESIAN_POINT('',(129.78164869477,-146.9656238244,
    -12.31458803092));
#1464 = CYLINDRICAL_SURFACE('',#1465,2.5);
#1465 = AXIS2_PLACEMENT_3D('',#1466,#1467,#1468);
#1466 = CARTESIAN_POINT('',(129.77998071029,-144.4656243808,-4.));
#1467 = DIRECTION('',(0.,0.,1.));
#1468 = DIRECTION('',(-0.999999777426,-6.671937940169E-04,0.));
#1469 = ADVANCED_FACE('',(#1470),#1596,.T.);
#1470 = FACE_BOUND('',#1471,.T.);
#1471 = EDGE_LOOP('',(#1472,#1473,#1482,#1491,#1500,#1508,#1517,#1525,
    #1533,#1541,#1554,#1562,#1587,#1594,#1595));
#1472 = ORIENTED_EDGE('',*,*,#1194,.F.);
#1473 = ORIENTED_EDGE('',*,*,#1474,.T.);
#1474 = EDGE_CURVE('',#1186,#1475,#1477,.T.);
#1475 = VERTEX_POINT('',#1476);
#1476 = CARTESIAN_POINT('',(155.03509148216,-148.1363310263,
    -10.00678614569));
#1477 = ELLIPSE('',#1478,114.40068426627,113.96535512448);
#1478 = AXIS2_PLACEMENT_3D('',#1479,#1480,#1481);
#1479 = CARTESIAN_POINT('',(120.59651671616,-256.7737404981,
    -6.993801266924));
#1480 = DIRECTION('',(8.715574271178E-02,2.211996581669E-16,
    0.996194698095));
#1481 = DIRECTION('',(-0.996194698095,-2.528323663249E-15,
    8.715574271178E-02));
#1482 = ORIENTED_EDGE('',*,*,#1483,.T.);
#1483 = EDGE_CURVE('',#1475,#1484,#1486,.T.);
#1484 = VERTEX_POINT('',#1485);
#1485 = CARTESIAN_POINT('',(129.77998071029,-144.4656243804,
    -7.797250257976));
#1486 = ELLIPSE('',#1487,83.895846440088,83.576597415798);
#1487 = AXIS2_PLACEMENT_3D('',#1488,#1489,#1490);
#1488 = CARTESIAN_POINT('',(130.52733232647,-228.0388802771,
    -7.862635052032));
#1489 = DIRECTION('',(8.715574271178E-02,2.211996581669E-16,
    0.996194698095));
#1490 = DIRECTION('',(-0.996194698095,-2.528323663249E-15,
    8.715574271178E-02));
#1491 = ORIENTED_EDGE('',*,*,#1492,.F.);
#1492 = EDGE_CURVE('',#1493,#1484,#1495,.T.);
#1493 = VERTEX_POINT('',#1494);
#1494 = CARTESIAN_POINT('',(126.99687499999,-141.6843749224,
    -7.553760059031));
#1495 = ELLIPSE('',#1496,2.791874000556,2.781250077103);
#1496 = AXIS2_PLACEMENT_3D('',#1497,#1498,#1499);
#1497 = CARTESIAN_POINT('',(129.77812507709,-141.6843749224,
    -7.797087911107));
#1498 = DIRECTION('',(8.715574271178E-02,2.211996581669E-16,
    0.996194698095));
#1499 = DIRECTION('',(-0.996194698095,-2.528323663249E-15,
    8.715574271178E-02));
#1500 = ORIENTED_EDGE('',*,*,#1501,.F.);
#1501 = EDGE_CURVE('',#1502,#1493,#1504,.T.);
#1502 = VERTEX_POINT('',#1503);
#1503 = CARTESIAN_POINT('',(126.99687499999,-133.6781249999,
    -7.553760059031));
#1504 = LINE('',#1505,#1506);
#1505 = CARTESIAN_POINT('',(126.99687499998,-70.84218746119,
    -7.55376005903));
#1506 = VECTOR('',#1507,1.);
#1507 = DIRECTION('',(2.076715088578E-13,-1.,-1.794685814992E-14));
#1508 = ORIENTED_EDGE('',*,*,#1509,.T.);
#1509 = EDGE_CURVE('',#1502,#1510,#1512,.T.);
#1510 = VERTEX_POINT('',#1511);
#1511 = CARTESIAN_POINT('',(123.49687499999,-130.1781249999,
    -7.247549736818));
#1512 = ELLIPSE('',#1513,3.513369431391,3.5);
#1513 = AXIS2_PLACEMENT_3D('',#1514,#1515,#1516);
#1514 = CARTESIAN_POINT('',(123.49687499999,-133.6781249999,
    -7.247549736817));
#1515 = DIRECTION('',(8.715574271178E-02,2.211996581669E-16,
    0.996194698095));
#1516 = DIRECTION('',(-0.996194698095,-2.528323663249E-15,
    8.715574271178E-02));
#1517 = ORIENTED_EDGE('',*,*,#1518,.F.);
#1518 = EDGE_CURVE('',#1519,#1510,#1521,.T.);
#1519 = VERTEX_POINT('',#1520);
#1520 = CARTESIAN_POINT('',(101.26077871355,-130.1781249999,
    -5.30214339149));
#1521 = LINE('',#1522,#1523);
#1522 = CARTESIAN_POINT('',(112.23784408332,-130.1781249999,
    -6.26251216973));
#1523 = VECTOR('',#1524,1.);
#1524 = DIRECTION('',(0.996194698095,-1.350238305346E-12,
    -8.715574271178E-02));
#1525 = ORIENTED_EDGE('',*,*,#1526,.T.);
#1526 = EDGE_CURVE('',#1519,#1527,#1529,.T.);
#1527 = VERTEX_POINT('',#1528);
#1528 = CARTESIAN_POINT('',(101.26077871355,-132.1781249999,
    -5.30214339149));
#1529 = LINE('',#1530,#1531);
#1530 = CARTESIAN_POINT('',(101.26077871355,-1.177312334619E-15,
    -5.30214339149));
#1531 = VECTOR('',#1532,1.);
#1532 = DIRECTION('',(0.,-1.,2.22044604925E-16));
#1533 = ORIENTED_EDGE('',*,*,#1534,.F.);
#1534 = EDGE_CURVE('',#1535,#1527,#1537,.T.);
#1535 = VERTEX_POINT('',#1536);
#1536 = CARTESIAN_POINT('',(123.54087656148,-132.1781251808,
    -7.251399374624));
#1537 = LINE('',#1538,#1539);
#1538 = CARTESIAN_POINT('',(123.49687499999,-132.1781249999,
    -7.247549736818));
#1539 = VECTOR('',#1540,1.);
#1540 = DIRECTION('',(-0.996194698095,1.350238305346E-12,
    8.715574271178E-02));
#1541 = ORIENTED_EDGE('',*,*,#1542,.F.);
#1542 = EDGE_CURVE('',#1543,#1535,#1545,.T.);
#1543 = VERTEX_POINT('',#1544);
#1544 = CARTESIAN_POINT('',(124.99497234904,-133.6781249999,
    -7.378616271663));
#1545 = B_SPLINE_CURVE_WITH_KNOTS('',7,(#1546,#1547,#1548,#1549,#1550,
    #1551,#1552,#1553),.UNSPECIFIED.,.F.,.F.,(8,8),(54.138888490002,
    55.668928256274),.PIECEWISE_BEZIER_KNOTS.);
#1546 = CARTESIAN_POINT('',(124.99497234904,-133.6781249999,
    -7.378616271663));
#1547 = CARTESIAN_POINT('',(124.99497234904,-133.3504514376,
    -7.378616271663));
#1548 = CARTESIAN_POINT('',(124.91164480497,-133.0227483525,
    -7.371326056201));
#1549 = CARTESIAN_POINT('',(124.74739185517,-132.7199079319,
    -7.356955785148));
#1550 = CARTESIAN_POINT('',(124.5126466544,-132.4629469361,
    -7.336418241272));
#1551 = CARTESIAN_POINT('',(124.21382671923,-132.2741020785,
    -7.31027488452));
#1552 = CARTESIAN_POINT('',(123.87897850998,-132.1784138748,
    -7.280979462221));
#1553 = CARTESIAN_POINT('',(123.54087656148,-132.1781251808,
    -7.251399374624));
#1554 = ORIENTED_EDGE('',*,*,#1555,.F.);
#1555 = EDGE_CURVE('',#1556,#1543,#1558,.T.);
#1556 = VERTEX_POINT('',#1557);
#1557 = CARTESIAN_POINT('',(124.99497234904,-141.6843749224,
    -7.378616271663));
#1558 = LINE('',#1559,#1560);
#1559 = CARTESIAN_POINT('',(124.99497234904,-141.6843749224,
    -7.378616271663));
#1560 = VECTOR('',#1561,1.);
#1561 = DIRECTION('',(-2.094464790189E-13,1.,1.810214791705E-14));
#1562 = ORIENTED_EDGE('',*,*,#1563,.F.);
#1563 = EDGE_CURVE('',#1564,#1556,#1566,.T.);
#1564 = VERTEX_POINT('',#1565);
#1565 = CARTESIAN_POINT('',(129.8211876479,-146.4653515035,
    -7.800855397874));
#1566 = B_SPLINE_CURVE_WITH_KNOTS('',7,(#1567,#1568,#1569,#1570,#1571,
    #1572,#1573,#1574,#1575,#1576,#1577,#1578,#1579,#1580,#1581,#1582,
    #1583,#1584,#1585,#1586),.UNSPECIFIED.,.F.,.F.,(8,6,6,8),(
    37.762376393159,37.785340660037,37.806096285288,46.132638567204),
  .UNSPECIFIED.);
#1567 = CARTESIAN_POINT('',(129.8211876479,-146.4653515035,
    -7.800855397874));
#1568 = CARTESIAN_POINT('',(129.81789843701,-146.4653782619,
    -7.800567629209));
#1569 = CARTESIAN_POINT('',(129.8146092283,-146.4654051709,
    -7.800279860735));
#1570 = CARTESIAN_POINT('',(129.81132002181,-146.4654322303,
    -7.799992092455));
#1571 = CARTESIAN_POINT('',(129.80803081751,-146.4654594402,
    -7.799704324367));
#1572 = CARTESIAN_POINT('',(129.80474161545,-146.4654868006,
    -7.799416556475));
#1573 = CARTESIAN_POINT('',(129.80145241561,-146.4655143114,
    -7.799128788777));
#1574 = CARTESIAN_POINT('',(129.79519036663,-146.4655669736,
    -7.798580930481));
#1575 = CARTESIAN_POINT('',(129.79322146302,-146.465583054,
    -7.798408673735));
#1576 = CARTESIAN_POINT('',(129.79086320739,-146.4655976748,
    -7.798202353102));
#1577 = CARTESIAN_POINT('',(129.78833917447,-146.465609774,
    -7.797981528835));
#1578 = CARTESIAN_POINT('',(129.78604645963,-146.4656174965,
    -7.797780942279));
#1579 = CARTESIAN_POINT('',(129.78385974996,-146.4656215298,
    -7.797589629972));
#1580 = CARTESIAN_POINT('',(128.70727792629,-146.4666323121,
    -7.703400925081));
#1581 = CARTESIAN_POINT('',(127.63263938071,-146.1855986009,
    -7.609382234995));
#1582 = CARTESIAN_POINT('',(126.64670172781,-145.6237305139,
    -7.523123867458));
#1583 = CARTESIAN_POINT('',(125.83798252713,-144.8150629646,
    -7.452370105452));
#1584 = CARTESIAN_POINT('',(125.27599090756,-143.8302576564,
    -7.403202209764));
#1585 = CARTESIAN_POINT('',(124.99497234904,-142.757306957,
    -7.378616271663));
#1586 = CARTESIAN_POINT('',(124.99497234904,-141.6843749224,
    -7.378616271663));
#1587 = ORIENTED_EDGE('',*,*,#1588,.F.);
#1588 = EDGE_CURVE('',#1381,#1564,#1589,.T.);
#1589 = B_SPLINE_CURVE_WITH_KNOTS('',3,(#1590,#1591,#1592,#1593),
  .UNSPECIFIED.,.F.,.F.,(4,4),(37.74162086114,37.76237639316),
  .PIECEWISE_BEZIER_KNOTS.);
#1590 = CARTESIAN_POINT('',(129.84199763564,-146.4651847918,
    -7.802676035888));
#1591 = CARTESIAN_POINT('',(129.8350609607,-146.4652395016,
    -7.802069155468));
#1592 = CARTESIAN_POINT('',(129.82812429803,-146.4652950723,
    -7.801462276123));
#1593 = CARTESIAN_POINT('',(129.8211876479,-146.4653515035,
    -7.800855397874));
#1594 = ORIENTED_EDGE('',*,*,#1380,.F.);
#1595 = ORIENTED_EDGE('',*,*,#397,.F.);
#1596 = PLANE('',#1597);
#1597 = AXIS2_PLACEMENT_3D('',#1598,#1599,#1600);
#1598 = CARTESIAN_POINT('',(101.26077871355,-1.177312334619E-15,
    -5.30214339149));
#1599 = DIRECTION('',(8.715574271178E-02,2.211996581669E-16,
    0.996194698095));
#1600 = DIRECTION('',(0.996194698095,-1.935246245739E-17,
    -8.715574271178E-02));
#1601 = ADVANCED_FACE('',(#1602),#1613,.F.);
#1602 = FACE_BOUND('',#1603,.F.);
#1603 = EDGE_LOOP('',(#1604,#1610,#1611,#1612));
#1604 = ORIENTED_EDGE('',*,*,#1605,.F.);
#1605 = EDGE_CURVE('',#612,#550,#1606,.T.);
#1606 = LINE('',#1607,#1608);
#1607 = CARTESIAN_POINT('',(213.85275706569,-116.2630295118,
    -19.92152520326));
#1608 = VECTOR('',#1609,1.);
#1609 = DIRECTION('',(0.649919297118,-0.340921288751,0.679247806114));
#1610 = ORIENTED_EDGE('',*,*,#611,.T.);
#1611 = ORIENTED_EDGE('',*,*,#439,.T.);
#1612 = ORIENTED_EDGE('',*,*,#572,.F.);
#1613 = PLANE('',#1614);
#1614 = AXIS2_PLACEMENT_3D('',#1615,#1616,#1617);
#1615 = CARTESIAN_POINT('',(213.86368270512,-116.2441057549,
    -19.92248107285));
#1616 = DIRECTION('',(-0.572784664488,0.367702628386,0.732606651079));
#1617 = DIRECTION('',(-0.499522407267,-0.865197926462,4.370254779487E-02
    ));
#1618 = ADVANCED_FACE('',(#1619),#1654,.T.);
#1619 = FACE_BOUND('',#1620,.F.);
#1620 = EDGE_LOOP('',(#1621,#1622,#1631,#1639));
#1621 = ORIENTED_EDGE('',*,*,#547,.F.);
#1622 = ORIENTED_EDGE('',*,*,#1623,.F.);
#1623 = EDGE_CURVE('',#1624,#548,#1626,.T.);
#1624 = VERTEX_POINT('',#1625);
#1625 = CARTESIAN_POINT('',(214.78125,-113.7382995285,-4.5));
#1626 = CIRCLE('',#1627,5.281250259068);
#1627 = AXIS2_PLACEMENT_3D('',#1628,#1629,#1630);
#1628 = CARTESIAN_POINT('',(209.49999974093,-113.7382995285,-4.5));
#1629 = DIRECTION('',(0.,0.,-1.));
#1630 = DIRECTION('',(1.,0.,0.));
#1631 = ORIENTED_EDGE('',*,*,#1632,.T.);
#1632 = EDGE_CURVE('',#1624,#1633,#1635,.T.);
#1633 = VERTEX_POINT('',#1634);
#1634 = CARTESIAN_POINT('',(214.78125,-113.7382995285,-19.75299689075));
#1635 = LINE('',#1636,#1637);
#1636 = CARTESIAN_POINT('',(214.78125,-113.7382995285,-4.));
#1637 = VECTOR('',#1638,1.);
#1638 = DIRECTION('',(0.,0.,-1.));
#1639 = ORIENTED_EDGE('',*,*,#1640,.T.);
#1640 = EDGE_CURVE('',#1633,#550,#1641,.T.);
#1641 = B_SPLINE_CURVE_WITH_KNOTS('',6,(#1642,#1643,#1644,#1645,#1646,
    #1647,#1648,#1649,#1650,#1651,#1652,#1653),.UNSPECIFIED.,.F.,.F.,(7,
    5,7),(540.71446923951,543.48065485891,543.50251347206),
  .UNSPECIFIED.);
#1642 = CARTESIAN_POINT('',(214.78125,-113.7382995285,-19.75299689075));
#1643 = CARTESIAN_POINT('',(214.78125,-114.1953582554,-19.75299689075));
#1644 = CARTESIAN_POINT('',(214.73378419671,-114.6524138911,
    -19.74881083874));
#1645 = CARTESIAN_POINT('',(214.63884861667,-115.1033753477,
    -19.74042974804));
#1646 = CARTESIAN_POINT('',(214.49747812493,-115.542095569,
    -19.72797294348));
#1647 = CARTESIAN_POINT('',(214.31173959861,-115.9627469187,
    -19.71157996965));
#1648 = CARTESIAN_POINT('',(214.08278290683,-116.3631263473,
    -19.69141313518));
#1649 = CARTESIAN_POINT('',(214.0809592684,-116.3663093623,
    -19.69125252803));
#1650 = CARTESIAN_POINT('',(214.07915393498,-116.3694541735,
    -19.69109400819));
#1651 = CARTESIAN_POINT('',(214.07733480148,-116.3726171553,
    -19.6909343433));
#1652 = CARTESIAN_POINT('',(214.0755172221,-116.3757712993,
    -19.69077511001));
#1653 = CARTESIAN_POINT('',(214.07369628219,-116.3789252588,
    -19.69061579842));
#1654 = CYLINDRICAL_SURFACE('',#1655,5.281250259068);
#1655 = AXIS2_PLACEMENT_3D('',#1656,#1657,#1658);
#1656 = CARTESIAN_POINT('',(209.49999974093,-113.7382995285,-4.));
#1657 = DIRECTION('',(0.,0.,1.));
#1658 = DIRECTION('',(1.,0.,0.));
#1659 = ADVANCED_FACE('',(#1660),#1671,.T.);
#1660 = FACE_BOUND('',#1661,.T.);
#1661 = EDGE_LOOP('',(#1662,#1668,#1669,#1670));
#1662 = ORIENTED_EDGE('',*,*,#1663,.T.);
#1663 = EDGE_CURVE('',#620,#1633,#1664,.T.);
#1664 = LINE('',#1665,#1666);
#1665 = CARTESIAN_POINT('',(214.53220132547,-113.7382995285,
    -19.98120795507));
#1666 = VECTOR('',#1667,1.);
#1667 = DIRECTION('',(0.737277336798,1.500111607442E-16,0.675590207629)
  );
#1668 = ORIENTED_EDGE('',*,*,#1640,.T.);
#1669 = ORIENTED_EDGE('',*,*,#1605,.F.);
#1670 = ORIENTED_EDGE('',*,*,#619,.F.);
#1671 = B_SPLINE_SURFACE_WITH_KNOTS('',1,6,(
    (#1672,#1673,#1674,#1675,#1676,#1677,#1678,#1679,#1680,#1681,#1682
      ,#1683)
    ,(#1684,#1685,#1686,#1687,#1688,#1689,#1690,#1691,#1692,#1693,#1694
      ,#1695
    )),.UNSPECIFIED.,.F.,.F.,.F.,(2,2),(7,5,7),(0.,2.788044232543),(
    540.71446923951,543.48065485891,543.50251347206),.UNSPECIFIED.);
#1672 = CARTESIAN_POINT('',(214.28315265095,-113.7382995285,
    -20.2094190194));
#1673 = CARTESIAN_POINT('',(214.28315265095,-114.1553757555,
    -20.2094190194));
#1674 = CARTESIAN_POINT('',(214.2394769626,-114.5724749123,
    -20.2055978918));
#1675 = CARTESIAN_POINT('',(214.1521237441,-114.9837431703,
    -20.19795547546));
#1676 = CARTESIAN_POINT('',(214.02208385463,-115.3839473741,
    -20.18657845933));
#1677 = CARTESIAN_POINT('',(213.85135854977,-115.7666640089,
    -20.17164193058));
#1678 = CARTESIAN_POINT('',(213.64103030067,-116.1311790616,
    -20.15324059317));
#1679 = CARTESIAN_POINT('',(213.63903264876,-116.1346358879,
    -20.15306582128));
#1680 = CARTESIAN_POINT('',(213.63731664332,-116.1376104226,
    -20.15291569025));
#1681 = CARTESIAN_POINT('',(213.63544958096,-116.1408431781,
    -20.15275234346));
#1682 = CARTESIAN_POINT('',(213.6336387891,-116.1439798053,
    -20.1525939197));
#1683 = CARTESIAN_POINT('',(213.63181784918,-116.1471337648,
    -20.1524346081));
#1684 = CARTESIAN_POINT('',(214.78125,-113.7382995285,-19.75299689075));
#1685 = CARTESIAN_POINT('',(214.78125,-114.1953582554,-19.75299689075));
#1686 = CARTESIAN_POINT('',(214.73378419671,-114.6524138911,
    -19.74881083874));
#1687 = CARTESIAN_POINT('',(214.63884861667,-115.1033753477,
    -19.74042974804));
#1688 = CARTESIAN_POINT('',(214.49747812493,-115.542095569,
    -19.72797294348));
#1689 = CARTESIAN_POINT('',(214.31173959861,-115.9627469187,
    -19.71157996965));
#1690 = CARTESIAN_POINT('',(214.08278290683,-116.3631263473,
    -19.69141313518));
#1691 = CARTESIAN_POINT('',(214.0809592684,-116.3663093623,
    -19.69125252803));
#1692 = CARTESIAN_POINT('',(214.07915393498,-116.3694541735,
    -19.69109400819));
#1693 = CARTESIAN_POINT('',(214.07733480148,-116.3726171553,
    -19.6909343433));
#1694 = CARTESIAN_POINT('',(214.0755172221,-116.3757712993,
    -19.69077511001));
#1695 = CARTESIAN_POINT('',(214.07369628219,-116.3789252588,
    -19.69061579842));
#1696 = ADVANCED_FACE('',(#1697),#1714,.T.);
#1697 = FACE_BOUND('',#1698,.F.);
#1698 = EDGE_LOOP('',(#1699,#1706,#1707,#1708));
#1699 = ORIENTED_EDGE('',*,*,#1700,.F.);
#1700 = EDGE_CURVE('',#637,#1701,#1703,.T.);
#1701 = VERTEX_POINT('',#1702);
#1702 = CARTESIAN_POINT('',(214.78125,-37.40254807749,-19.75299689075));
#1703 = B_SPLINE_CURVE_WITH_KNOTS('',1,(#1704,#1705),.UNSPECIFIED.,.F.,
  .F.,(2,2),(0.,8.355364348657),.PIECEWISE_BEZIER_KNOTS.);
#1704 = CARTESIAN_POINT('',(214.28315265095,-37.40254807749,
    -20.2094190194));
#1705 = CARTESIAN_POINT('',(214.78125,-37.40254807749,-19.75299689075));
#1706 = ORIENTED_EDGE('',*,*,#636,.T.);
#1707 = ORIENTED_EDGE('',*,*,#1663,.T.);
#1708 = ORIENTED_EDGE('',*,*,#1709,.F.);
#1709 = EDGE_CURVE('',#1701,#1633,#1710,.T.);
#1710 = LINE('',#1711,#1712);
#1711 = CARTESIAN_POINT('',(214.78125,-37.40254807749,-19.75299689075));
#1712 = VECTOR('',#1713,1.);
#1713 = DIRECTION('',(0.,-1.,2.22044604925E-16));
#1714 = PLANE('',#1715);
#1715 = AXIS2_PLACEMENT_3D('',#1716,#1717,#1718);
#1716 = CARTESIAN_POINT('',(214.53220132547,-37.40254807749,
    -19.98120795507));
#1717 = DIRECTION('',(0.675590207629,-2.697127522635E-16,-0.737277336798
    ));
#1718 = DIRECTION('',(7.161546521839E-17,1.,-3.001991709231E-16));
#1719 = ADVANCED_FACE('',(#1720),#1747,.T.);
#1720 = FACE_BOUND('',#1721,.T.);
#1721 = EDGE_LOOP('',(#1722,#1730,#1745,#1746));
#1722 = ORIENTED_EDGE('',*,*,#1723,.T.);
#1723 = EDGE_CURVE('',#645,#1724,#1726,.T.);
#1724 = VERTEX_POINT('',#1725);
#1725 = CARTESIAN_POINT('',(209.49999992249,-32.12129799999,
    -19.28903746115));
#1726 = LINE('',#1727,#1728);
#1727 = CARTESIAN_POINT('',(209.47821098681,-32.37129799999,
    -19.53808613567));
#1728 = VECTOR('',#1729,1.);
#1729 = DIRECTION('',(6.162841669085E-02,0.707106781187,0.704416026405)
  );
#1730 = ORIENTED_EDGE('',*,*,#1731,.T.);
#1731 = EDGE_CURVE('',#1724,#1701,#1732,.T.);
#1732 = B_SPLINE_CURVE_WITH_KNOTS('',6,(#1733,#1734,#1735,#1736,#1737,
    #1738,#1739,#1740,#1741,#1742,#1743,#1744),.UNSPECIFIED.,.F.,.F.,(7,
    5,7),(456.02335343976,456.06701521453,464.37871778842),
  .UNSPECIFIED.);
#1733 = CARTESIAN_POINT('',(209.49999992249,-32.12129799999,
    -19.28903746115));
#1734 = CARTESIAN_POINT('',(209.50726290105,-32.12129799999,
    -19.28967288943));
#1735 = CARTESIAN_POINT('',(209.51452584384,-32.12130998559,
    -19.29030831419));
#1736 = CARTESIAN_POINT('',(209.52178897363,-32.12133395921,
    -19.29094375734));
#1737 = CARTESIAN_POINT('',(209.52905165623,-32.12136991433,
    -19.29157915893));
#1738 = CARTESIAN_POINT('',(209.53631499517,-32.12141786256,
    -19.29221463048));
#1739 = CARTESIAN_POINT('',(210.92614720204,-32.13288633291,
    -19.413813075));
#1740 = CARTESIAN_POINT('',(212.30179513738,-32.57856772546,
    -19.53446300362));
#1741 = CARTESIAN_POINT('',(213.49933634997,-33.45348815603,
    -19.63991378333));
#1742 = CARTESIAN_POINT('',(214.35416159845,-34.66030935242,
    -19.71531580768));
#1743 = CARTESIAN_POINT('',(214.78125,-36.03137855672,-19.75299689075));
#1744 = CARTESIAN_POINT('',(214.78125,-37.40254807749,-19.75299689075));
#1745 = ORIENTED_EDGE('',*,*,#1700,.F.);
#1746 = ORIENTED_EDGE('',*,*,#644,.F.);
#1747 = B_SPLINE_SURFACE_WITH_KNOTS('',1,6,(
    (#1748,#1749,#1750,#1751,#1752,#1753,#1754,#1755,#1756,#1757,#1758
      ,#1759)
    ,(#1760,#1761,#1762,#1763,#1764,#1765,#1766,#1767,#1768,#1769,#1770
      ,#1771
    )),.UNSPECIFIED.,.F.,.F.,.F.,(2,2),(7,5,7),(0.,8.355364348657),(
    456.02335343976,456.06701521453,464.37871778842),.UNSPECIFIED.);
#1748 = CARTESIAN_POINT('',(209.45642205113,-32.62129799999,
    -19.78713481019));
#1749 = CARTESIAN_POINT('',(209.46368502969,-32.62129799999,
    -19.78777023848));
#1750 = CARTESIAN_POINT('',(209.47090819246,-32.62129848863,
    -19.78840218334));
#1751 = CARTESIAN_POINT('',(209.47835216984,-32.62129631121,
    -19.78905344697));
#1752 = CARTESIAN_POINT('',(209.48520308679,-32.62130095627,
    -19.78965282454));
#1753 = CARTESIAN_POINT('',(209.49316121223,-32.62129455689,
    -19.7903490703));
#1754 = CARTESIAN_POINT('',(210.75314123413,-32.62194095123,
    -19.90058303843));
#1755 = CARTESIAN_POINT('',(212.00507188831,-33.01427572423,
    -20.01011277815));
#1756 = CARTESIAN_POINT('',(213.10378207394,-33.80263394612,
    -20.10623746385));
#1757 = CARTESIAN_POINT('',(213.89010541689,-34.90013417755,
    -20.1750318422));
#1758 = CARTESIAN_POINT('',(214.28315265095,-36.1513254778,
    -20.2094190194));
#1759 = CARTESIAN_POINT('',(214.28315265095,-37.40254807749,
    -20.2094190194));
#1760 = CARTESIAN_POINT('',(209.49999992249,-32.12129799999,
    -19.28903746115));
#1761 = CARTESIAN_POINT('',(209.50726290105,-32.12129799999,
    -19.28967288943));
#1762 = CARTESIAN_POINT('',(209.51452584384,-32.12130998559,
    -19.29030831419));
#1763 = CARTESIAN_POINT('',(209.52178897363,-32.12133395921,
    -19.29094375734));
#1764 = CARTESIAN_POINT('',(209.52905165623,-32.12136991433,
    -19.29157915893));
#1765 = CARTESIAN_POINT('',(209.53631499517,-32.12141786256,
    -19.29221463048));
#1766 = CARTESIAN_POINT('',(210.92614720204,-32.13288633291,
    -19.413813075));
#1767 = CARTESIAN_POINT('',(212.30179513738,-32.57856772546,
    -19.53446300362));
#1768 = CARTESIAN_POINT('',(213.49933634997,-33.45348815603,
    -19.63991378333));
#1769 = CARTESIAN_POINT('',(214.35416159845,-34.66030935242,
    -19.71531580768));
#1770 = CARTESIAN_POINT('',(214.78125,-36.03137855672,-19.75299689075));
#1771 = CARTESIAN_POINT('',(214.78125,-37.40254807749,-19.75299689075));
#1772 = ADVANCED_FACE('',(#1773),#1790,.T.);
#1773 = FACE_BOUND('',#1774,.F.);
#1774 = EDGE_LOOP('',(#1775,#1782,#1783,#1784));
#1775 = ORIENTED_EDGE('',*,*,#1776,.F.);
#1776 = EDGE_CURVE('',#662,#1777,#1779,.T.);
#1777 = VERTEX_POINT('',#1778);
#1778 = CARTESIAN_POINT('',(94.078044370398,-32.12129799999,
    -9.190924832537));
#1779 = B_SPLINE_CURVE_WITH_KNOTS('',1,(#1780,#1781),.UNSPECIFIED.,.F.,
  .F.,(2,2),(0.,8.262091529553),.PIECEWISE_BEZIER_KNOTS.);
#1780 = CARTESIAN_POINT('',(94.034550310637,-32.62129799291,
    -9.689029514149));
#1781 = CARTESIAN_POINT('',(94.078044370398,-32.12129799999,
    -9.190924832537));
#1782 = ORIENTED_EDGE('',*,*,#661,.T.);
#1783 = ORIENTED_EDGE('',*,*,#1723,.T.);
#1784 = ORIENTED_EDGE('',*,*,#1785,.F.);
#1785 = EDGE_CURVE('',#1777,#1724,#1786,.T.);
#1786 = LINE('',#1787,#1788);
#1787 = CARTESIAN_POINT('',(94.121622241754,-32.12129799999,
    -9.194737402259));
#1788 = VECTOR('',#1789,1.);
#1789 = DIRECTION('',(0.996194698095,-6.132619246904E-16,
    -8.715574271178E-02));
#1790 = PLANE('',#1791);
#1791 = AXIS2_PLACEMENT_3D('',#1792,#1793,#1794);
#1792 = CARTESIAN_POINT('',(94.099833306076,-32.37129799999,
    -9.443786076783));
#1793 = DIRECTION('',(-6.162841669085E-02,0.707106781187,-0.704416026405
    ));
#1794 = DIRECTION('',(-0.996194698095,6.231468337544E-16,
    8.715574271178E-02));
#1795 = ADVANCED_FACE('',(#1796),#1806,.T.);
#1796 = FACE_BOUND('',#1797,.T.);
#1797 = EDGE_LOOP('',(#1798,#1799,#1800,#1805));
#1798 = ORIENTED_EDGE('',*,*,#1121,.T.);
#1799 = ORIENTED_EDGE('',*,*,#1458,.T.);
#1800 = ORIENTED_EDGE('',*,*,#1801,.F.);
#1801 = EDGE_CURVE('',#833,#1443,#1802,.T.);
#1802 = B_SPLINE_CURVE_WITH_KNOTS('',1,(#1803,#1804),.UNSPECIFIED.,.F.,
  .F.,(2,2),(0.,2.074481998007E-02),.PIECEWISE_BEZIER_KNOTS.);
#1803 = CARTESIAN_POINT('',(129.74217954979,-146.4672422881,
    -12.81304227266));
#1804 = CARTESIAN_POINT('',(129.78164869477,-146.9656238244,
    -12.31458803092));
#1805 = ORIENTED_EDGE('',*,*,#845,.F.);
#1806 = B_SPLINE_SURFACE_WITH_KNOTS('',1,3,(
    (#1807,#1808,#1809,#1810)
    ,(#1811,#1812,#1813,#1814
    )),.UNSPECIFIED.,.F.,.F.,.F.,(2,2),(4,4),(0.,2.074481998007E-02),(
    114.75210193247,114.77284675245),.PIECEWISE_BEZIER_KNOTS.);
#1807 = CARTESIAN_POINT('',(129.76092590298,-146.4673612434,
    -12.81468236605));
#1808 = CARTESIAN_POINT('',(129.75467706896,-146.467333847,
    -12.81413566391));
#1809 = CARTESIAN_POINT('',(129.74842826843,-146.4672941949,
    -12.8135889647));
#1810 = CARTESIAN_POINT('',(129.74217954979,-146.4672422881,
    -12.81304227266));
#1811 = CARTESIAN_POINT('',(129.8023359999,-146.965524427,
    -12.31639873061));
#1812 = CARTESIAN_POINT('',(129.79544039324,-146.9655860908,
    -12.31579510519));
#1813 = CARTESIAN_POINT('',(129.78854454821,-146.9656192235,
    -12.31519153887));
#1814 = CARTESIAN_POINT('',(129.78164869477,-146.9656238244,
    -12.31458803092));
#1815 = ADVANCED_FACE('',(#1816),#1885,.T.);
#1816 = FACE_BOUND('',#1817,.T.);
#1817 = EDGE_LOOP('',(#1818,#1826,#1883,#1884));
#1818 = ORIENTED_EDGE('',*,*,#1819,.T.);
#1819 = EDGE_CURVE('',#670,#1820,#1822,.T.);
#1820 = VERTEX_POINT('',#1821);
#1821 = CARTESIAN_POINT('',(88.796799329856,-37.39661580683,
    -8.730785658772));
#1822 = LINE('',#1823,#1824);
#1823 = CARTESIAN_POINT('',(89.045846281311,-37.39754876794,
    -9.002574454889));
#1824 = VECTOR('',#1825,1.);
#1825 = DIRECTION('',(-0.675585691825,2.530828707277E-03,0.737277131008)
  );
#1826 = ORIENTED_EDGE('',*,*,#1827,.T.);
#1827 = EDGE_CURVE('',#1820,#1777,#1828,.T.);
#1828 = B_SPLINE_CURVE_WITH_KNOTS('',14,(#1829,#1830,#1831,#1832,#1833,
    #1834,#1835,#1836,#1837,#1838,#1839,#1840,#1841,#1842,#1843,#1844,
    #1845,#1846,#1847,#1848,#1849,#1850,#1851,#1852,#1853,#1854,#1855,
    #1856,#1857,#1858,#1859,#1860,#1861,#1862,#1863,#1864,#1865,#1866,
    #1867,#1868,#1869,#1870,#1871,#1872,#1873,#1874,#1875,#1876,#1877,
    #1878,#1879,#1880,#1881,#1882),.UNSPECIFIED.,.F.,.F.,(15,13,13,13,15
    ),(331.89841274669,331.89848768351,331.89852515191,331.89856262032,
    340.16050427625),.UNSPECIFIED.);
#1829 = CARTESIAN_POINT('',(88.796799329856,-37.39661580683,
    -8.730785658772));
#1830 = CARTESIAN_POINT('',(88.796799335867,-37.39661046438,
    -8.730785660369));
#1831 = CARTESIAN_POINT('',(88.796799341894,-37.39660505293,
    -8.730785661998));
#1832 = CARTESIAN_POINT('',(88.796799348181,-37.39659959833,
    -8.730785663603));
#1833 = CARTESIAN_POINT('',(88.796799354092,-37.3965941266,
    -8.730785665319));
#1834 = CARTESIAN_POINT('',(88.79679936055,-37.39658866312,
    -8.730785666811));
#1835 = CARTESIAN_POINT('',(88.796799366465,-37.39658323495,
    -8.730785668665));
#1836 = CARTESIAN_POINT('',(88.796799372556,-37.39657786584,
    -8.730785669987));
#1837 = CARTESIAN_POINT('',(88.796799378681,-37.39657258467,
    -8.730785671857));
#1838 = CARTESIAN_POINT('',(88.796799384305,-37.39656741389,
    -8.730785673159));
#1839 = CARTESIAN_POINT('',(88.796799390184,-37.39656238253,
    -8.730785674818));
#1840 = CARTESIAN_POINT('',(88.796799395622,-37.39655751413,
    -8.730785676182));
#1841 = CARTESIAN_POINT('',(88.796799400926,-37.39655283593,
    -8.730785677596));
#1842 = CARTESIAN_POINT('',(88.79679940603,-37.39654837321,
    -8.730785678905));
#1843 = CARTESIAN_POINT('',(88.796799413176,-37.3965420414,
    -8.730785680757));
#1844 = CARTESIAN_POINT('',(88.796799415741,-37.39654000423,
    -8.73078568137));
#1845 = CARTESIAN_POINT('',(88.796799417049,-37.39653805681,
    -8.730785681844));
#1846 = CARTESIAN_POINT('',(88.796799421313,-37.39653621813,
    -8.730785682575));
#1847 = CARTESIAN_POINT('',(88.79679941934,-37.39653450075,
    -8.730785682684));
#1848 = CARTESIAN_POINT('',(88.79679942677,-37.39653292932,
    -8.730785683667));
#1849 = CARTESIAN_POINT('',(88.796799421798,-37.39653150998,
    -8.730785683431));
#1850 = CARTESIAN_POINT('',(88.796799429538,-37.39653027241,
    -8.73078568438));
#1851 = CARTESIAN_POINT('',(88.79679942572,-37.39652922115,
    -8.730785684192));
#1852 = CARTESIAN_POINT('',(88.796799429927,-37.39652838339,
    -8.730785684731));
#1853 = CARTESIAN_POINT('',(88.79679942894,-37.39652776913,
    -8.730785684741));
#1854 = CARTESIAN_POINT('',(88.796799430023,-37.39652739927,
    -8.730785684905));
#1855 = CARTESIAN_POINT('',(88.796799429985,-37.39652728905,
    -8.730785684922));
#1856 = CARTESIAN_POINT('',(88.796799429607,-37.39652762295,
    -8.730785684837));
#1857 = CARTESIAN_POINT('',(88.796799435103,-37.39652289328,
    -8.730785685255));
#1858 = CARTESIAN_POINT('',(88.796799382542,-37.39656879999,
    -8.730785680547));
#1859 = CARTESIAN_POINT('',(88.796799606097,-37.39637260714,
    -8.730785699876));
#1860 = CARTESIAN_POINT('',(88.796798965473,-37.39693609646,
    -8.73078564394));
#1861 = CARTESIAN_POINT('',(88.796800265197,-37.39579148253,
    -8.730785756716));
#1862 = CARTESIAN_POINT('',(88.796798274971,-37.39754537844,
    -8.730785583496));
#1863 = CARTESIAN_POINT('',(88.7968005952,-37.39549981719,-8.73078578481
    ));
#1864 = CARTESIAN_POINT('',(88.796798495968,-37.39735095734,
    -8.730785602158));
#1865 = CARTESIAN_POINT('',(88.796799944588,-37.39607337072,
    -8.730785727716));
#1866 = CARTESIAN_POINT('',(88.796799177907,-37.39674954168,
    -8.730785660863));
#1867 = CARTESIAN_POINT('',(88.796799463444,-37.39649770953,
    -8.730785685465));
#1868 = CARTESIAN_POINT('',(88.796799382191,-37.39656937578,
    -8.730785678286));
#1869 = CARTESIAN_POINT('',(88.797471822043,-36.8026722214,
    -8.730844027943));
#1870 = CARTESIAN_POINT('',(88.870070689557,-36.20818008903,
    -8.737146977812));
#1871 = CARTESIAN_POINT('',(89.014852738405,-35.62264006806,
    -8.749683186575));
#1872 = CARTESIAN_POINT('',(89.23063105509,-35.05597962393,
    -8.768336029794));
#1873 = CARTESIAN_POINT('',(89.514605179252,-34.51797008261,
    -8.792876347683));
#1874 = CARTESIAN_POINT('',(89.862384868158,-34.01780302418,
    -8.822960211966));
#1875 = CARTESIAN_POINT('',(90.268159890365,-33.56377022266,
    -8.858131716651));
#1876 = CARTESIAN_POINT('',(90.72496840837,-33.16304054436,
    -8.897830807768));
#1877 = CARTESIAN_POINT('',(91.225016280292,-32.82152711044,
    -8.941406153483));
#1878 = CARTESIAN_POINT('',(91.759999863665,-32.54383814859,
    -8.988133071082));
#1879 = CARTESIAN_POINT('',(92.32138466452,-32.33330484342,
    -9.037236512933));
#1880 = CARTESIAN_POINT('',(92.900592372106,-32.19207959194,
    -9.087919125483));
#1881 = CARTESIAN_POINT('',(93.489048678502,-32.12129799998,
    -9.139394386652));
#1882 = CARTESIAN_POINT('',(94.078044370398,-32.12129799999,
    -9.190924832537));
#1883 = ORIENTED_EDGE('',*,*,#1776,.F.);
#1884 = ORIENTED_EDGE('',*,*,#669,.F.);
#1885 = B_SPLINE_SURFACE_WITH_KNOTS('',1,14,(
    (#1886,#1887,#1888,#1889,#1890,#1891,#1892,#1893,#1894,#1895,#1896
      ,#1897,#1898,#1899,#1900,#1901,#1902,#1903,#1904,#1905,#1906,#1907
      ,#1908,#1909,#1910,#1911,#1912,#1913,#1914,#1915,#1916,#1917,#1918
      ,#1919,#1920,#1921,#1922,#1923,#1924,#1925,#1926,#1927,#1928,#1929
      ,#1930,#1931,#1932,#1933,#1934,#1935,#1936,#1937,#1938,#1939)
    ,(#1940,#1941,#1942,#1943,#1944,#1945,#1946,#1947,#1948,#1949,#1950
      ,#1951,#1952,#1953,#1954,#1955,#1956,#1957,#1958,#1959,#1960,#1961
      ,#1962,#1963,#1964,#1965,#1966,#1967,#1968,#1969,#1970,#1971,#1972
      ,#1973,#1974,#1975,#1976,#1977,#1978,#1979,#1980,#1981,#1982,#1983
      ,#1984,#1985,#1986,#1987,#1988,#1989,#1990,#1991,#1992,#1993
  )),.UNSPECIFIED.,.F.,.F.,.F.,(2,2),(15,13,13,13,15),(0.,8.262091529553
    ),(331.89841274669,331.89848768351,331.89852515191,331.89856262032,
    340.16050427625),.UNSPECIFIED.);
#1886 = CARTESIAN_POINT('',(89.294893232766,-37.39848172907,
    -9.274363251007));
#1887 = CARTESIAN_POINT('',(89.294893251041,-37.39847638659,
    -9.274363252606));
#1888 = CARTESIAN_POINT('',(89.294893266706,-37.3984718358,
    -9.274363253974));
#1889 = CARTESIAN_POINT('',(89.294893280848,-37.3984677798,
    -9.274363255218));
#1890 = CARTESIAN_POINT('',(89.294893294272,-37.39846392185,
    -9.274363256379));
#1891 = CARTESIAN_POINT('',(89.294893308026,-37.39845996461,
    -9.274363257603));
#1892 = CARTESIAN_POINT('',(89.294893323444,-37.39845561223,
    -9.274363258925));
#1893 = CARTESIAN_POINT('',(89.294893340407,-37.39845056604,
    -9.274363260437));
#1894 = CARTESIAN_POINT('',(89.294893361737,-37.3984445316,
    -9.27436326228));
#1895 = CARTESIAN_POINT('',(89.294893386216,-37.39843720935,
    -9.274363264438));
#1896 = CARTESIAN_POINT('',(89.294893416778,-37.39842830478,
    -9.274363267102));
#1897 = CARTESIAN_POINT('',(89.2948934531,-37.39841751932,
    -9.274363270285));
#1898 = CARTESIAN_POINT('',(89.294893496743,-37.39840455702,
    -9.274363274101));
#1899 = CARTESIAN_POINT('',(89.294893548596,-37.39838912063,
    -9.274363278638));
#1900 = CARTESIAN_POINT('',(89.294893639971,-37.3983618097,
    -9.274363286632));
#1901 = CARTESIAN_POINT('',(89.294893674041,-37.39835186502,
    -9.274363289615));
#1902 = CARTESIAN_POINT('',(89.294893710476,-37.39834088378,
    -9.274363292794));
#1903 = CARTESIAN_POINT('',(89.294893754386,-37.39832867322,
    -9.274363296656));
#1904 = CARTESIAN_POINT('',(89.294893795863,-37.39831503405,
    -9.27436330025));
#1905 = CARTESIAN_POINT('',(89.294893852717,-37.39829977904,
    -9.27436330527));
#1906 = CARTESIAN_POINT('',(89.29489390112,-37.3982827028,
    -9.274363309458));
#1907 = CARTESIAN_POINT('',(89.294893969206,-37.39826362264,
    -9.274363315452));
#1908 = CARTESIAN_POINT('',(89.294894030659,-37.39824233208,
    -9.274363320805));
#1909 = CARTESIAN_POINT('',(89.294894107281,-37.39821864564,
    -9.27436332752));
#1910 = CARTESIAN_POINT('',(89.294894185071,-37.39819236225,
    -9.274363334322));
#1911 = CARTESIAN_POINT('',(89.294894272252,-37.3981632905,
    -9.27436334195));
#1912 = CARTESIAN_POINT('',(89.294894365789,-37.39813123407,
    -9.274363350133));
#1913 = CARTESIAN_POINT('',(89.294894568358,-37.39806076313,
    -9.274363367855));
#1914 = CARTESIAN_POINT('',(89.294894610154,-37.39808171082,
    -9.274363371514));
#1915 = CARTESIAN_POINT('',(89.294895306469,-37.39752166665,
    -9.274363432428));
#1916 = CARTESIAN_POINT('',(89.29489288878,-37.39973941874,
    -9.27436322092));
#1917 = CARTESIAN_POINT('',(89.294900256009,-37.39324075819,
    -9.274363865449));
#1918 = CARTESIAN_POINT('',(89.294885624256,-37.40634045497,
    -9.27436258536));
#1919 = CARTESIAN_POINT('',(89.294908328506,-37.38618337495,
    -9.274364571703));
#1920 = CARTESIAN_POINT('',(89.294882087058,-37.40962030472,
    -9.274362275887));
#1921 = CARTESIAN_POINT('',(89.294906040685,-37.38834747625,
    -9.274364371555));
#1922 = CARTESIAN_POINT('',(89.294889682214,-37.40297285717,
    -9.274362940371));
#1923 = CARTESIAN_POINT('',(89.294898484385,-37.39518132545,
    -9.274363710465));
#1924 = CARTESIAN_POINT('',(89.294895318427,-37.3980374628,
    -9.274363433478));
#1925 = CARTESIAN_POINT('',(89.294896302441,-37.39718186272,
    -9.274363519568));
#1926 = CARTESIAN_POINT('',(89.295494901371,-36.86414082106,
    -9.274415890187));
#1927 = CARTESIAN_POINT('',(89.360119194662,-36.33030696478,
    -9.280069783244));
#1928 = CARTESIAN_POINT('',(89.488806053893,-35.80418686713,
    -9.291328424544));
#1929 = CARTESIAN_POINT('',(89.68040646467,-35.2943467691,
    -9.308091288454));
#1930 = CARTESIAN_POINT('',(89.932554970598,-34.80918901518,
    -9.330151424164));
#1931 = CARTESIAN_POINT('',(90.24169564882,-34.35674144385,
    -9.357197729027));
#1932 = CARTESIAN_POINT('',(90.603155834819,-33.94446182143,
    -9.388821397506));
#1933 = CARTESIAN_POINT('',(91.011258946245,-33.57906189685,
    -9.424525793376));
#1934 = CARTESIAN_POINT('',(91.45946758518,-33.26635555918,
    -9.463738968098));
#1935 = CARTESIAN_POINT('',(91.940548279238,-33.01113568902,
    -9.505828075091));
#1936 = CARTESIAN_POINT('',(92.446749059292,-32.81708418733,
    -9.550114904775));
#1937 = CARTESIAN_POINT('',(92.969981195247,-32.68671975702,
    -9.595891785053));
#1938 = CARTESIAN_POINT('',(93.501996332066,-32.62138794459,
    -9.642437078327));
#1939 = CARTESIAN_POINT('',(94.034550310637,-32.62129799291,
    -9.689029514149));
#1940 = CARTESIAN_POINT('',(88.796799329856,-37.39661580683,
    -8.730785658772));
#1941 = CARTESIAN_POINT('',(88.796799335867,-37.39661046438,
    -8.730785660369));
#1942 = CARTESIAN_POINT('',(88.796799341894,-37.39660505293,
    -8.730785661998));
#1943 = CARTESIAN_POINT('',(88.796799348181,-37.39659959833,
    -8.730785663603));
#1944 = CARTESIAN_POINT('',(88.796799354092,-37.3965941266,
    -8.730785665319));
#1945 = CARTESIAN_POINT('',(88.79679936055,-37.39658866312,
    -8.730785666811));
#1946 = CARTESIAN_POINT('',(88.796799366465,-37.39658323495,
    -8.730785668665));
#1947 = CARTESIAN_POINT('',(88.796799372556,-37.39657786584,
    -8.730785669987));
#1948 = CARTESIAN_POINT('',(88.796799378681,-37.39657258467,
    -8.730785671857));
#1949 = CARTESIAN_POINT('',(88.796799384305,-37.39656741389,
    -8.730785673159));
#1950 = CARTESIAN_POINT('',(88.796799390184,-37.39656238253,
    -8.730785674818));
#1951 = CARTESIAN_POINT('',(88.796799395622,-37.39655751413,
    -8.730785676182));
#1952 = CARTESIAN_POINT('',(88.796799400926,-37.39655283593,
    -8.730785677596));
#1953 = CARTESIAN_POINT('',(88.79679940603,-37.39654837321,
    -8.730785678905));
#1954 = CARTESIAN_POINT('',(88.796799413176,-37.3965420414,
    -8.730785680757));
#1955 = CARTESIAN_POINT('',(88.796799415741,-37.39654000423,
    -8.73078568137));
#1956 = CARTESIAN_POINT('',(88.796799417049,-37.39653805681,
    -8.730785681844));
#1957 = CARTESIAN_POINT('',(88.796799421313,-37.39653621813,
    -8.730785682575));
#1958 = CARTESIAN_POINT('',(88.79679941934,-37.39653450075,
    -8.730785682684));
#1959 = CARTESIAN_POINT('',(88.79679942677,-37.39653292932,
    -8.730785683667));
#1960 = CARTESIAN_POINT('',(88.796799421798,-37.39653150998,
    -8.730785683431));
#1961 = CARTESIAN_POINT('',(88.796799429538,-37.39653027241,
    -8.73078568438));
#1962 = CARTESIAN_POINT('',(88.79679942572,-37.39652922115,
    -8.730785684192));
#1963 = CARTESIAN_POINT('',(88.796799429927,-37.39652838339,
    -8.730785684731));
#1964 = CARTESIAN_POINT('',(88.79679942894,-37.39652776913,
    -8.730785684741));
#1965 = CARTESIAN_POINT('',(88.796799430023,-37.39652739927,
    -8.730785684905));
#1966 = CARTESIAN_POINT('',(88.796799429985,-37.39652728905,
    -8.730785684922));
#1967 = CARTESIAN_POINT('',(88.796799429607,-37.39652762295,
    -8.730785684837));
#1968 = CARTESIAN_POINT('',(88.796799435103,-37.39652289328,
    -8.730785685255));
#1969 = CARTESIAN_POINT('',(88.796799382542,-37.39656879999,
    -8.730785680547));
#1970 = CARTESIAN_POINT('',(88.796799606097,-37.39637260714,
    -8.730785699876));
#1971 = CARTESIAN_POINT('',(88.796798965473,-37.39693609646,
    -8.73078564394));
#1972 = CARTESIAN_POINT('',(88.796800265197,-37.39579148253,
    -8.730785756716));
#1973 = CARTESIAN_POINT('',(88.796798274971,-37.39754537844,
    -8.730785583496));
#1974 = CARTESIAN_POINT('',(88.7968005952,-37.39549981719,-8.73078578481
    ));
#1975 = CARTESIAN_POINT('',(88.796798495968,-37.39735095734,
    -8.730785602158));
#1976 = CARTESIAN_POINT('',(88.796799944588,-37.39607337072,
    -8.730785727716));
#1977 = CARTESIAN_POINT('',(88.796799177907,-37.39674954168,
    -8.730785660863));
#1978 = CARTESIAN_POINT('',(88.796799463444,-37.39649770953,
    -8.730785685465));
#1979 = CARTESIAN_POINT('',(88.796799382191,-37.39656937578,
    -8.730785678286));
#1980 = CARTESIAN_POINT('',(88.797471822043,-36.8026722214,
    -8.730844027943));
#1981 = CARTESIAN_POINT('',(88.870070689557,-36.20818008903,
    -8.737146977812));
#1982 = CARTESIAN_POINT('',(89.014852738405,-35.62264006806,
    -8.749683186575));
#1983 = CARTESIAN_POINT('',(89.23063105509,-35.05597962393,
    -8.768336029794));
#1984 = CARTESIAN_POINT('',(89.514605179252,-34.51797008261,
    -8.792876347683));
#1985 = CARTESIAN_POINT('',(89.862384868158,-34.01780302418,
    -8.822960211966));
#1986 = CARTESIAN_POINT('',(90.268159890365,-33.56377022266,
    -8.858131716651));
#1987 = CARTESIAN_POINT('',(90.72496840837,-33.16304054436,
    -8.897830807768));
#1988 = CARTESIAN_POINT('',(91.225016280292,-32.82152711044,
    -8.941406153483));
#1989 = CARTESIAN_POINT('',(91.759999863665,-32.54383814859,
    -8.988133071082));
#1990 = CARTESIAN_POINT('',(92.32138466452,-32.33330484342,
    -9.037236512933));
#1991 = CARTESIAN_POINT('',(92.900592372106,-32.19207959194,
    -9.087919125483));
#1992 = CARTESIAN_POINT('',(93.489048678502,-32.12129799998,
    -9.139394386652));
#1993 = CARTESIAN_POINT('',(94.078044370398,-32.12129799999,
    -9.190924832537));
#1994 = ADVANCED_FACE('',(#1995),#2017,.T.);
#1995 = FACE_BOUND('',#1996,.T.);
#1996 = EDGE_LOOP('',(#1997,#1998,#2011,#2016));
#1997 = ORIENTED_EDGE('',*,*,#1801,.T.);
#1998 = ORIENTED_EDGE('',*,*,#1999,.T.);
#1999 = EDGE_CURVE('',#1443,#2000,#2002,.T.);
#2000 = VERTEX_POINT('',#2001);
#2001 = CARTESIAN_POINT('',(124.49687499999,-141.6843749224,
    -11.854137588));
#2002 = B_SPLINE_CURVE_WITH_KNOTS('',7,(#2003,#2004,#2005,#2006,#2007,
    #2008,#2009,#2010),.UNSPECIFIED.,.F.,.F.,(8,8),(114.77284675245,
    123.05182527532),.PIECEWISE_BEZIER_KNOTS.);
#2003 = CARTESIAN_POINT('',(129.78164869477,-146.9656238244,
    -12.31458803092));
#2004 = CARTESIAN_POINT('',(128.60220198625,-146.9664107441,
    -12.21136578671));
#2005 = CARTESIAN_POINT('',(127.4198149233,-146.6599029713,
    -12.10815034486));
#2006 = CARTESIAN_POINT('',(126.33036250832,-146.0434087371,
    -12.01335299297));
#2007 = CARTESIAN_POINT('',(125.43345869681,-145.1518297043,
    -11.93543257248));
#2008 = CARTESIAN_POINT('',(124.80901996703,-144.0619124302,
    -11.88123844743));
#2009 = CARTESIAN_POINT('',(124.49687499999,-142.8730924821,
    -11.854137588));
#2010 = CARTESIAN_POINT('',(124.49687499999,-141.6843749224,
    -11.854137588));
#2011 = ORIENTED_EDGE('',*,*,#2012,.F.);
#2012 = EDGE_CURVE('',#825,#2000,#2013,.T.);
#2013 = B_SPLINE_CURVE_WITH_KNOTS('',1,(#2014,#2015),.UNSPECIFIED.,.F.,
  .F.,(2,2),(0.,8.278978522873),.PIECEWISE_BEZIER_KNOTS.);
#2014 = CARTESIAN_POINT('',(124.99497234904,-141.6843749224,
    -12.39771545936));
#2015 = CARTESIAN_POINT('',(124.49687499999,-141.6843749224,
    -11.854137588));
#2016 = ORIENTED_EDGE('',*,*,#832,.F.);
#2017 = B_SPLINE_SURFACE_WITH_KNOTS('',1,7,(
    (#2018,#2019,#2020,#2021,#2022,#2023,#2024,#2025)
    ,(#2026,#2027,#2028,#2029,#2030,#2031,#2032,#2033
  )),.UNSPECIFIED.,.F.,.F.,.F.,(2,2),(8,8),(0.,8.278978522873),(
    114.77284675245,123.05182527532),.PIECEWISE_BEZIER_KNOTS.);
#2018 = CARTESIAN_POINT('',(129.74217954979,-146.4672422881,
    -12.81304227266));
#2019 = CARTESIAN_POINT('',(128.67341689448,-146.4583643019,
    -12.71953765636));
#2020 = CARTESIAN_POINT('',(127.60651556037,-146.1706586789,
    -12.62619588456));
#2021 = CARTESIAN_POINT('',(126.62943527457,-145.6060489738,
    -12.54071243624));
#2022 = CARTESIAN_POINT('',(125.8289420202,-144.7986485542,
    -12.47067835128));
#2023 = CARTESIAN_POINT('',(125.27297496382,-143.8181999428,
    -12.42203753657));
#2024 = CARTESIAN_POINT('',(124.99497234904,-142.7512198678,
    -12.39771545936));
#2025 = CARTESIAN_POINT('',(124.99497234904,-141.6843749224,
    -12.39771545936));
#2026 = CARTESIAN_POINT('',(129.78164869477,-146.9656238244,
    -12.31458803092));
#2027 = CARTESIAN_POINT('',(128.60220198625,-146.9664107441,
    -12.21136578671));
#2028 = CARTESIAN_POINT('',(127.4198149233,-146.6599029713,
    -12.10815034486));
#2029 = CARTESIAN_POINT('',(126.33036250832,-146.0434087371,
    -12.01335299297));
#2030 = CARTESIAN_POINT('',(125.43345869681,-145.1518297043,
    -11.93543257248));
#2031 = CARTESIAN_POINT('',(124.80901996703,-144.0619124302,
    -11.88123844743));
#2032 = CARTESIAN_POINT('',(124.49687499999,-142.8730924821,
    -11.854137588));
#2033 = CARTESIAN_POINT('',(124.49687499999,-141.6843749224,
    -11.854137588));
#2034 = ADVANCED_FACE('',(#2035),#2052,.T.);
#2035 = FACE_BOUND('',#2036,.F.);
#2036 = EDGE_LOOP('',(#2037,#2044,#2045,#2046));
#2037 = ORIENTED_EDGE('',*,*,#2038,.F.);
#2038 = EDGE_CURVE('',#729,#2039,#2041,.T.);
#2039 = VERTEX_POINT('',#2040);
#2040 = CARTESIAN_POINT('',(88.783289908893,-41.34716960713,
    -8.729603736564));
#2041 = B_SPLINE_CURVE_WITH_KNOTS('',1,(#2042,#2043),.UNSPECIFIED.,.F.,
  .F.,(2,2),(0.,1.613966122956),.PIECEWISE_BEZIER_KNOTS.);
#2042 = CARTESIAN_POINT('',(89.281383501538,-41.34912088616,
    -9.273181302677));
#2043 = CARTESIAN_POINT('',(88.783289908893,-41.34716960713,
    -8.729603736564));
#2044 = ORIENTED_EDGE('',*,*,#728,.T.);
#2045 = ORIENTED_EDGE('',*,*,#1819,.T.);
#2046 = ORIENTED_EDGE('',*,*,#2047,.F.);
#2047 = EDGE_CURVE('',#2039,#1820,#2048,.T.);
#2048 = LINE('',#2049,#2050);
#2049 = CARTESIAN_POINT('',(88.783290420427,-41.34702001958,
    -8.729603782341));
#2050 = VECTOR('',#2051,1.);
#2051 = DIRECTION('',(3.419606985091E-03,0.999994108373,
    -2.991768447857E-04));
#2052 = PLANE('',#2053);
#2053 = AXIS2_PLACEMENT_3D('',#2054,#2055,#2056);
#2054 = CARTESIAN_POINT('',(89.032337371882,-41.34795298069,
    -9.001392578458));
#2055 = DIRECTION('',(-0.737273544412,2.319078431482E-03,-0.675590365966
    ));
#2056 = DIRECTION('',(-3.419606985092E-03,-0.999994108373,
    2.991768447853E-04));
#2057 = ADVANCED_FACE('',(#2058),#2076,.T.);
#2058 = FACE_BOUND('',#2059,.F.);
#2059 = EDGE_LOOP('',(#2060,#2061,#2062,#2070));
#2060 = ORIENTED_EDGE('',*,*,#2012,.F.);
#2061 = ORIENTED_EDGE('',*,*,#824,.T.);
#2062 = ORIENTED_EDGE('',*,*,#2063,.T.);
#2063 = EDGE_CURVE('',#806,#2064,#2066,.T.);
#2064 = VERTEX_POINT('',#2065);
#2065 = CARTESIAN_POINT('',(124.49687499999,-133.6781249999,
    -11.854137588));
#2066 = LINE('',#2067,#2068);
#2067 = CARTESIAN_POINT('',(124.74592367451,-133.6781249999,
    -12.12592652368));
#2068 = VECTOR('',#2069,1.);
#2069 = DIRECTION('',(-0.675590207629,-1.548460951809E-13,0.737277336798
    ));
#2070 = ORIENTED_EDGE('',*,*,#2071,.F.);
#2071 = EDGE_CURVE('',#2000,#2064,#2072,.T.);
#2072 = LINE('',#2073,#2074);
#2073 = CARTESIAN_POINT('',(124.49687499999,-141.6843749224,
    -11.854137588));
#2074 = VECTOR('',#2075,1.);
#2075 = DIRECTION('',(-2.094464790189E-13,1.,1.81018787195E-14));
#2076 = PLANE('',#2077);
#2077 = AXIS2_PLACEMENT_3D('',#2078,#2079,#2080);
#2078 = CARTESIAN_POINT('',(124.74592367452,-141.6843749224,
    -12.12592652368));
#2079 = DIRECTION('',(-0.737277336798,-1.417742589453E-13,
    -0.675590207629));
#2080 = DIRECTION('',(2.091394536555E-13,-1.,-1.838321563122E-14));
#2081 = ADVANCED_FACE('',(#2082),#2111,.T.);
#2082 = FACE_BOUND('',#2083,.T.);
#2083 = EDGE_LOOP('',(#2084,#2092,#2109,#2110));
#2084 = ORIENTED_EDGE('',*,*,#2085,.T.);
#2085 = EDGE_CURVE('',#737,#2086,#2088,.T.);
#2086 = VERTEX_POINT('',#2087);
#2087 = CARTESIAN_POINT('',(87.783295755767,-42.34374999999,
    -8.640205689239));
#2088 = LINE('',#2089,#2090);
#2089 = CARTESIAN_POINT('',(87.761506820089,-42.59374999999,
    -8.889254363763));
#2090 = VECTOR('',#2091,1.);
#2091 = DIRECTION('',(6.162841669081E-02,0.707106781187,0.704416026405)
  );
#2092 = ORIENTED_EDGE('',*,*,#2093,.T.);
#2093 = EDGE_CURVE('',#2086,#2039,#2094,.T.);
#2094 = B_SPLINE_CURVE_WITH_KNOTS('',7,(#2095,#2096,#2097,#2098,#2099,
    #2100,#2101,#2102,#2103,#2104,#2105,#2106,#2107,#2108),
  .UNSPECIFIED.,.F.,.F.,(8,6,8),(326.33386269168,326.37752645985,
    327.94782881463),.UNSPECIFIED.);
#2095 = CARTESIAN_POINT('',(87.783295755767,-42.34374999999,
    -8.640205689239));
#2096 = CARTESIAN_POINT('',(87.78952116596,-42.34374999999,
    -8.640750342057));
#2097 = CARTESIAN_POINT('',(87.795746816158,-42.34370476718,
    -8.641295019687));
#2098 = CARTESIAN_POINT('',(87.80197100586,-42.34361442493,
    -8.64183954708));
#2099 = CARTESIAN_POINT('',(87.808199450485,-42.34347855971,
    -8.642384534507));
#2100 = CARTESIAN_POINT('',(87.814419749394,-42.34329796508,
    -8.642928779668));
#2101 = CARTESIAN_POINT('',(87.82065206102,-42.34307139767,
    -8.643474362294));
#2102 = CARTESIAN_POINT('',(88.050527741777,-42.33304497348,
    -8.6636038368));
#2103 = CARTESIAN_POINT('',(88.269464969299,-42.26491367371,
    -8.68298059598));
#2104 = CARTESIAN_POINT('',(88.464134840578,-42.14173889742,
    -8.700508616928));
#2105 = CARTESIAN_POINT('',(88.620897314231,-41.97371405151,
    -8.714733827158));
#2106 = CARTESIAN_POINT('',(88.728300232418,-41.77518144593,
    -8.724576253608));
#2107 = CARTESIAN_POINT('',(88.782557792032,-41.56126220645,
    -8.729536754574));
#2108 = CARTESIAN_POINT('',(88.783289908893,-41.34716960713,
    -8.729603736564));
#2109 = ORIENTED_EDGE('',*,*,#2038,.F.);
#2110 = ORIENTED_EDGE('',*,*,#736,.F.);
#2111 = B_SPLINE_SURFACE_WITH_KNOTS('',1,7,(
    (#2112,#2113,#2114,#2115,#2116,#2117,#2118,#2119,#2120,#2121,#2122
      ,#2123,#2124,#2125)
    ,(#2126,#2127,#2128,#2129,#2130,#2131,#2132,#2133,#2134,#2135,#2136
      ,#2137,#2138,#2139
    )),.UNSPECIFIED.,.F.,.F.,.F.,(2,2),(8,6,8),(0.,1.613966122956),(
    326.33386269168,326.37752645985,327.94782881463),.UNSPECIFIED.);
#2112 = CARTESIAN_POINT('',(87.739717884412,-42.84374999999,
    -9.138303038287));
#2113 = CARTESIAN_POINT('',(87.745943294604,-42.84374999999,
    -9.138847691104));
#2114 = CARTESIAN_POINT('',(87.752147043568,-42.84375295395,
    -9.13939044881));
#2115 = CARTESIAN_POINT('',(87.758490303915,-42.84373913478,
    -9.13994541218));
#2116 = CARTESIAN_POINT('',(87.764377710255,-42.84376925999,
    -9.140460493492));
#2117 = CARTESIAN_POINT('',(87.771386731839,-42.84372777312,
    -9.141073703423));
#2118 = CARTESIAN_POINT('',(87.775379783796,-42.84377271898,
    -9.141423050202));
#2119 = CARTESIAN_POINT('',(88.116585109019,-42.84286854777,
    -9.171274648081));
#2120 = CARTESIAN_POINT('',(88.453807947601,-42.75750002009,
    -9.200777823527));
#2121 = CARTESIAN_POINT('',(88.760990670602,-42.58032378012,
    -9.227652829409));
#2122 = CARTESIAN_POINT('',(89.014300870415,-42.32968654249,
    -9.249814600239));
#2123 = CARTESIAN_POINT('',(89.191179255701,-42.02120576517,
    -9.265289453768));
#2124 = CARTESIAN_POINT('',(89.280181026764,-41.68537772774,
    -9.273076099766));
#2125 = CARTESIAN_POINT('',(89.281383501538,-41.34912088616,
    -9.273181302677));
#2126 = CARTESIAN_POINT('',(87.783295755767,-42.34374999999,
    -8.640205689239));
#2127 = CARTESIAN_POINT('',(87.78952116596,-42.34374999999,
    -8.640750342057));
#2128 = CARTESIAN_POINT('',(87.795746816158,-42.34370476718,
    -8.641295019687));
#2129 = CARTESIAN_POINT('',(87.80197100586,-42.34361442493,
    -8.64183954708));
#2130 = CARTESIAN_POINT('',(87.808199450485,-42.34347855971,
    -8.642384534507));
#2131 = CARTESIAN_POINT('',(87.814419749394,-42.34329796508,
    -8.642928779668));
#2132 = CARTESIAN_POINT('',(87.82065206102,-42.34307139767,
    -8.643474362294));
#2133 = CARTESIAN_POINT('',(88.050527741777,-42.33304497348,
    -8.6636038368));
#2134 = CARTESIAN_POINT('',(88.269464969299,-42.26491367371,
    -8.68298059598));
#2135 = CARTESIAN_POINT('',(88.464134840578,-42.14173889742,
    -8.700508616928));
#2136 = CARTESIAN_POINT('',(88.620897314231,-41.97371405151,
    -8.714733827158));
#2137 = CARTESIAN_POINT('',(88.728300232418,-41.77518144593,
    -8.724576253608));
#2138 = CARTESIAN_POINT('',(88.782557792032,-41.56126220645,
    -8.729536754574));
#2139 = CARTESIAN_POINT('',(88.783289908893,-41.34716960713,
    -8.729603736564));
#2140 = ADVANCED_FACE('',(#2141),#2169,.T.);
#2141 = FACE_BOUND('',#2142,.T.);
#2142 = EDGE_LOOP('',(#2143,#2144,#2163,#2168));
#2143 = ORIENTED_EDGE('',*,*,#2063,.T.);
#2144 = ORIENTED_EDGE('',*,*,#2145,.T.);
#2145 = EDGE_CURVE('',#2064,#2146,#2148,.T.);
#2146 = VERTEX_POINT('',#2147);
#2147 = CARTESIAN_POINT('',(123.49687499999,-132.6781249999,
    -11.76473900574));
#2148 = B_SPLINE_CURVE_WITH_KNOTS('',7,(#2149,#2150,#2151,#2152,#2153,
    #2154,#2155,#2156,#2157,#2158,#2159,#2160,#2161,#2162),
  .UNSPECIFIED.,.F.,.F.,(8,6,8),(131.05807519761,132.63195379797,
    132.67561737929),.UNSPECIFIED.);
#2149 = CARTESIAN_POINT('',(124.49687499999,-133.6781249999,
    -11.854137588));
#2150 = CARTESIAN_POINT('',(124.49687499999,-133.4635427121,
    -11.854137588));
#2151 = CARTESIAN_POINT('',(124.44310477343,-133.2489601429,
    -11.84922168593));
#2152 = CARTESIAN_POINT('',(124.33590224687,-133.0496956583,
    -11.83939678545));
#2153 = CARTESIAN_POINT('',(124.17904922876,-132.8809807747,
    -11.82516197205));
#2154 = CARTESIAN_POINT('',(123.98404307468,-132.7572725764,
    -11.8076023092));
#2155 = CARTESIAN_POINT('',(123.76461729283,-132.6888522843,
    -11.78818183916));
#2156 = CARTESIAN_POINT('',(123.53423130547,-132.6788036023,
    -11.76800767882));
#2157 = CARTESIAN_POINT('',(123.52799899345,-132.6785770348,
    -11.76746209616));
#2158 = CARTESIAN_POINT('',(123.52177869482,-132.6783964402,
    -11.76691785102));
#2159 = CARTESIAN_POINT('',(123.51555025003,-132.678260575,
    -11.76637286358));
#2160 = CARTESIAN_POINT('',(123.50932606039,-132.6781702328,
    -11.76582833619));
#2161 = CARTESIAN_POINT('',(123.50310041019,-132.6781249999,
    -11.76528365856));
#2162 = CARTESIAN_POINT('',(123.49687499999,-132.6781249999,
    -11.76473900574));
#2163 = ORIENTED_EDGE('',*,*,#2164,.F.);
#2164 = EDGE_CURVE('',#798,#2146,#2165,.T.);
#2165 = B_SPLINE_CURVE_WITH_KNOTS('',1,(#2166,#2167),.UNSPECIFIED.,.F.,
  .F.,(2,2),(0.,1.61754218168),.PIECEWISE_BEZIER_KNOTS.);
#2166 = CARTESIAN_POINT('',(123.45329712864,-132.1781249999,
    -12.26283635479));
#2167 = CARTESIAN_POINT('',(123.49687499999,-132.6781249999,
    -11.76473900574));
#2168 = ORIENTED_EDGE('',*,*,#805,.F.);
#2169 = B_SPLINE_SURFACE_WITH_KNOTS('',1,7,(
    (#2170,#2171,#2172,#2173,#2174,#2175,#2176,#2177,#2178,#2179,#2180
      ,#2181,#2182,#2183)
    ,(#2184,#2185,#2186,#2187,#2188,#2189,#2190,#2191,#2192,#2193,#2194
      ,#2195,#2196,#2197
    )),.UNSPECIFIED.,.F.,.F.,.F.,(2,2),(8,6,8),(0.,1.61754218168),(
    131.05807519761,132.63195379797,132.67561737929),.UNSPECIFIED.);
#2170 = CARTESIAN_POINT('',(124.99497234904,-133.6781249999,
    -12.39771545936));
#2171 = CARTESIAN_POINT('',(124.99497234904,-133.3410987452,
    -12.39771545936));
#2172 = CARTESIAN_POINT('',(124.90677144052,-133.0041851571,
    -12.38999887975));
#2173 = CARTESIAN_POINT('',(124.73019020509,-132.6944902274,
    -12.37455002347));
#2174 = CARTESIAN_POINT('',(124.47667695001,-132.4427528435,
    -12.35237048761));
#2175 = CARTESIAN_POINT('',(124.16891605193,-132.2647717757,
    -12.32544489796));
#2176 = CARTESIAN_POINT('',(123.83092856441,-132.1790085315,
    -12.2958748244));
#2177 = CARTESIAN_POINT('',(123.48895892409,-132.1781022792,
    -12.26595635761));
#2178 = CARTESIAN_POINT('',(123.48496600936,-132.1781472289,
    -12.26560702284));
#2179 = CARTESIAN_POINT('',(123.47795693963,-132.1781057379,
    -12.2649938087));
#2180 = CARTESIAN_POINT('',(123.47206955404,-132.1781358663,
    -12.2644787292));
#2181 = CARTESIAN_POINT('',(123.46572628646,-132.1781220457,
    -12.2639237652));
#2182 = CARTESIAN_POINT('',(123.45952253883,-132.1781249999,
    -12.26338100761));
#2183 = CARTESIAN_POINT('',(123.45329712864,-132.1781249999,
    -12.26283635479));
#2184 = CARTESIAN_POINT('',(124.49687499999,-133.6781249999,
    -11.854137588));
#2185 = CARTESIAN_POINT('',(124.49687499999,-133.4635427121,
    -11.854137588));
#2186 = CARTESIAN_POINT('',(124.44310477343,-133.2489601429,
    -11.84922168593));
#2187 = CARTESIAN_POINT('',(124.33590224687,-133.0496956583,
    -11.83939678545));
#2188 = CARTESIAN_POINT('',(124.17904922876,-132.8809807747,
    -11.82516197205));
#2189 = CARTESIAN_POINT('',(123.98404307468,-132.7572725764,
    -11.8076023092));
#2190 = CARTESIAN_POINT('',(123.76461729283,-132.6888522843,
    -11.78818183916));
#2191 = CARTESIAN_POINT('',(123.53423130547,-132.6788036023,
    -11.76800767882));
#2192 = CARTESIAN_POINT('',(123.52799899345,-132.6785770348,
    -11.76746209616));
#2193 = CARTESIAN_POINT('',(123.52177869482,-132.6783964402,
    -11.76691785102));
#2194 = CARTESIAN_POINT('',(123.51555025003,-132.678260575,
    -11.76637286358));
#2195 = CARTESIAN_POINT('',(123.50932606039,-132.6781702328,
    -11.76582833619));
#2196 = CARTESIAN_POINT('',(123.50310041019,-132.6781249999,
    -11.76528365856));
#2197 = CARTESIAN_POINT('',(123.49687499999,-132.6781249999,
    -11.76473900574));
#2198 = ADVANCED_FACE('',(#2199),#2216,.T.);
#2199 = FACE_BOUND('',#2200,.F.);
#2200 = EDGE_LOOP('',(#2201,#2208,#2209,#2210));
#2201 = ORIENTED_EDGE('',*,*,#2202,.F.);
#2202 = EDGE_CURVE('',#756,#2203,#2205,.T.);
#2203 = VERTEX_POINT('',#2204);
#2204 = CARTESIAN_POINT('',(57.150000077504,-42.34374999999,
    -5.960139592065));
#2205 = B_SPLINE_CURVE_WITH_KNOTS('',1,(#2206,#2207),.UNSPECIFIED.,.F.,
  .F.,(2,2),(0.,8.267875192568),.PIECEWISE_BEZIER_KNOTS.);
#2206 = CARTESIAN_POINT('',(57.106506139236,-42.84374999289,
    -6.458244284306));
#2207 = CARTESIAN_POINT('',(57.150000077504,-42.34374999999,
    -5.960139592065));
#2208 = ORIENTED_EDGE('',*,*,#755,.T.);
#2209 = ORIENTED_EDGE('',*,*,#2085,.T.);
#2210 = ORIENTED_EDGE('',*,*,#2211,.F.);
#2211 = EDGE_CURVE('',#2203,#2086,#2212,.T.);
#2212 = LINE('',#2213,#2214);
#2213 = CARTESIAN_POINT('',(57.19357794886,-42.34374999999,
    -5.963952161788));
#2214 = VECTOR('',#2215,1.);
#2215 = DIRECTION('',(0.996194698095,6.192635256628E-14,
    -8.715574271178E-02));
#2216 = PLANE('',#2217);
#2217 = AXIS2_PLACEMENT_3D('',#2218,#2219,#2220);
#2218 = CARTESIAN_POINT('',(57.171789013182,-42.59374999999,
    -6.213000836312));
#2219 = DIRECTION('',(-6.16284166909E-02,0.707106781187,-0.704416026405)
  );
#2220 = DIRECTION('',(-0.996194698095,-6.182291432685E-14,
    8.715574271178E-02));
#2221 = ADVANCED_FACE('',(#2222),#2240,.T.);
#2222 = FACE_BOUND('',#2223,.F.);
#2223 = EDGE_LOOP('',(#2224,#2225,#2226,#2234));
#2224 = ORIENTED_EDGE('',*,*,#2164,.F.);
#2225 = ORIENTED_EDGE('',*,*,#797,.T.);
#2226 = ORIENTED_EDGE('',*,*,#2227,.T.);
#2227 = EDGE_CURVE('',#785,#2228,#2230,.T.);
#2228 = VERTEX_POINT('',#2229);
#2229 = CARTESIAN_POINT('',(57.150000077497,-132.6781249999,
    -5.960139592065));
#2230 = LINE('',#2231,#2232);
#2231 = CARTESIAN_POINT('',(57.128211141819,-132.4281249999,
    -6.209188266588));
#2232 = VECTOR('',#2233,1.);
#2233 = DIRECTION('',(6.16284166899E-02,-0.707106781187,0.704416026405)
  );
#2234 = ORIENTED_EDGE('',*,*,#2235,.F.);
#2235 = EDGE_CURVE('',#2146,#2228,#2236,.T.);
#2236 = LINE('',#2237,#2238);
#2237 = CARTESIAN_POINT('',(123.54045287135,-132.6781249999,
    -11.76855157547));
#2238 = VECTOR('',#2239,1.);
#2239 = DIRECTION('',(-0.996194698095,1.350238305346E-12,
    8.715574271178E-02));
#2240 = PLANE('',#2241);
#2241 = AXIS2_PLACEMENT_3D('',#2242,#2243,#2244);
#2242 = CARTESIAN_POINT('',(123.51866393567,-132.4281249999,
    -12.01760024999));
#2243 = DIRECTION('',(-6.162841669181E-02,-0.707106781187,
    -0.704416026405));
#2244 = DIRECTION('',(0.996194698095,-1.350159421547E-12,
    -8.715574271178E-02));
#2245 = ADVANCED_FACE('',(#2246),#2269,.T.);
#2246 = FACE_BOUND('',#2247,.T.);
#2247 = EDGE_LOOP('',(#2248,#2256,#2267,#2268));
#2248 = ORIENTED_EDGE('',*,*,#2249,.T.);
#2249 = EDGE_CURVE('',#764,#2250,#2252,.T.);
#2250 = VERTEX_POINT('',#2251);
#2251 = CARTESIAN_POINT('',(51.86875,-47.6250000775,-5.5));
#2252 = LINE('',#2253,#2254);
#2253 = CARTESIAN_POINT('',(52.117798674524,-47.6250000775,
    -5.771788935678));
#2254 = VECTOR('',#2255,1.);
#2255 = DIRECTION('',(-0.675590207629,1.637084549695E-16,0.737277336798)
  );
#2256 = ORIENTED_EDGE('',*,*,#2257,.T.);
#2257 = EDGE_CURVE('',#2250,#2203,#2258,.T.);
#2258 = B_SPLINE_CURVE_WITH_KNOTS('',7,(#2259,#2260,#2261,#2262,#2263,
    #2264,#2265,#2266),.UNSPECIFIED.,.F.,.F.,(8,8),(287.3156771154,
    295.58355230796),.PIECEWISE_BEZIER_KNOTS.);
#2259 = CARTESIAN_POINT('',(51.86875,-47.6250000775,-5.5));
#2260 = CARTESIAN_POINT('',(51.86875,-46.43635644566,-5.5));
#2261 = CARTESIAN_POINT('',(52.180876305784,-45.24476468961,
    -5.52709891242));
#2262 = CARTESIAN_POINT('',(52.80791877107,-44.14974635938,
    -5.581188331171));
#2263 = CARTESIAN_POINT('',(53.711281073927,-43.26171167878,
    -5.659139389408));
#2264 = CARTESIAN_POINT('',(54.794662642478,-42.65091219596,
    -5.754109013996));
#2265 = CARTESIAN_POINT('',(55.971161141946,-42.34374999999,
    -5.857004549124));
#2266 = CARTESIAN_POINT('',(57.150000077504,-42.34374999999,
    -5.960139592065));
#2267 = ORIENTED_EDGE('',*,*,#2202,.F.);
#2268 = ORIENTED_EDGE('',*,*,#763,.F.);
#2269 = B_SPLINE_SURFACE_WITH_KNOTS('',1,7,(
    (#2270,#2271,#2272,#2273,#2274,#2275,#2276,#2277)
    ,(#2278,#2279,#2280,#2281,#2282,#2283,#2284,#2285
  )),.UNSPECIFIED.,.F.,.F.,.F.,(2,2),(8,8),(0.,8.267875192568),(
    287.3156771154,295.58355230796),.PIECEWISE_BEZIER_KNOTS.);
#2270 = CARTESIAN_POINT('',(52.366847349047,-47.6250000775,
    -6.043577871356));
#2271 = CARTESIAN_POINT('',(52.366847349048,-46.55815722144,
    -6.043577871356));
#2272 = CARTESIAN_POINT('',(52.644690108385,-45.48755329989,
    -6.067885963031));
#2273 = CARTESIAN_POINT('',(53.200857476457,-44.50186925942,
    -6.11654430274));
#2274 = CARTESIAN_POINT('',(54.001820522511,-43.69146491105,
    -6.186619489144));
#2275 = CARTESIAN_POINT('',(54.977093091025,-43.12722831232,
    -6.271944782701));
#2276 = CARTESIAN_POINT('',(56.040630050068,-42.84393028698,
    -6.36499220982));
#2277 = CARTESIAN_POINT('',(57.106506139236,-42.84374999289,
    -6.458244284306));
#2278 = CARTESIAN_POINT('',(51.86875,-47.6250000775,-5.5));
#2279 = CARTESIAN_POINT('',(51.86875,-46.43635644566,-5.5));
#2280 = CARTESIAN_POINT('',(52.180876305784,-45.24476468961,
    -5.52709891242));
#2281 = CARTESIAN_POINT('',(52.80791877107,-44.14974635938,
    -5.581188331171));
#2282 = CARTESIAN_POINT('',(53.711281073927,-43.26171167878,
    -5.659139389408));
#2283 = CARTESIAN_POINT('',(54.794662642478,-42.65091219596,
    -5.754109013996));
#2284 = CARTESIAN_POINT('',(55.971161141946,-42.34374999999,
    -5.857004549124));
#2285 = CARTESIAN_POINT('',(57.150000077504,-42.34374999999,
    -5.960139592065));
#2286 = ADVANCED_FACE('',(#2287),#2309,.T.);
#2287 = FACE_BOUND('',#2288,.T.);
#2288 = EDGE_LOOP('',(#2289,#2290,#2303,#2308));
#2289 = ORIENTED_EDGE('',*,*,#2227,.T.);
#2290 = ORIENTED_EDGE('',*,*,#2291,.T.);
#2291 = EDGE_CURVE('',#2228,#2292,#2294,.T.);
#2292 = VERTEX_POINT('',#2293);
#2293 = CARTESIAN_POINT('',(51.86875,-127.3968749224,-5.5));
#2294 = B_SPLINE_CURVE_WITH_KNOTS('',7,(#2295,#2296,#2297,#2298,#2299,
    #2300,#2301,#2302),.UNSPECIFIED.,.F.,.F.,(8,8),(199.27592707793,
    207.5438022705),.PIECEWISE_BEZIER_KNOTS.);
#2295 = CARTESIAN_POINT('',(57.150000077497,-132.6781249999,
    -5.960139592065));
#2296 = CARTESIAN_POINT('',(55.97116114194,-132.6781249999,
    -5.857004549123));
#2297 = CARTESIAN_POINT('',(54.794662642473,-132.3709628039,
    -5.754109013995));
#2298 = CARTESIAN_POINT('',(53.711281073924,-131.7601633211,
    -5.659139389407));
#2299 = CARTESIAN_POINT('',(52.807918771068,-130.8721286405,
    -5.581188331171));
#2300 = CARTESIAN_POINT('',(52.180876305784,-129.7771103102,
    -5.52709891242));
#2301 = CARTESIAN_POINT('',(51.86875,-128.5855185542,-5.5));
#2302 = CARTESIAN_POINT('',(51.86875,-127.3968749224,-5.5));
#2303 = ORIENTED_EDGE('',*,*,#2304,.F.);
#2304 = EDGE_CURVE('',#777,#2292,#2305,.T.);
#2305 = B_SPLINE_CURVE_WITH_KNOTS('',1,(#2306,#2307),.UNSPECIFIED.,.F.,
  .F.,(2,2),(0.,8.267875192561),.PIECEWISE_BEZIER_KNOTS.);
#2306 = CARTESIAN_POINT('',(52.366847349047,-127.3968749224,
    -6.043577871356));
#2307 = CARTESIAN_POINT('',(51.86875,-127.3968749224,-5.5));
#2308 = ORIENTED_EDGE('',*,*,#784,.F.);
#2309 = B_SPLINE_SURFACE_WITH_KNOTS('',1,7,(
    (#2310,#2311,#2312,#2313,#2314,#2315,#2316,#2317)
    ,(#2318,#2319,#2320,#2321,#2322,#2323,#2324,#2325
  )),.UNSPECIFIED.,.F.,.F.,.F.,(2,2),(8,8),(0.,8.267875192561),(
    199.27592707793,207.5438022705),.PIECEWISE_BEZIER_KNOTS.);
#2310 = CARTESIAN_POINT('',(57.10650613923,-132.178125007,
    -6.458244284306));
#2311 = CARTESIAN_POINT('',(56.040630050063,-132.1779447129,
    -6.364992209819));
#2312 = CARTESIAN_POINT('',(54.977093091021,-131.8946466875,
    -6.271944782701));
#2313 = CARTESIAN_POINT('',(54.001820522507,-131.3304100888,
    -6.186619489143));
#2314 = CARTESIAN_POINT('',(53.200857476456,-130.5200057404,
    -6.11654430274));
#2315 = CARTESIAN_POINT('',(52.644690108385,-129.5343217,-6.067885963031
    ));
#2316 = CARTESIAN_POINT('',(52.366847349048,-128.4637177784,
    -6.043577871356));
#2317 = CARTESIAN_POINT('',(52.366847349047,-127.3968749224,
    -6.043577871356));
#2318 = CARTESIAN_POINT('',(57.150000077497,-132.6781249999,
    -5.960139592065));
#2319 = CARTESIAN_POINT('',(55.97116114194,-132.6781249999,
    -5.857004549123));
#2320 = CARTESIAN_POINT('',(54.794662642473,-132.3709628039,
    -5.754109013995));
#2321 = CARTESIAN_POINT('',(53.711281073924,-131.7601633211,
    -5.659139389407));
#2322 = CARTESIAN_POINT('',(52.807918771068,-130.8721286405,
    -5.581188331171));
#2323 = CARTESIAN_POINT('',(52.180876305784,-129.7771103102,
    -5.52709891242));
#2324 = CARTESIAN_POINT('',(51.86875,-128.5855185542,-5.5));
#2325 = CARTESIAN_POINT('',(51.86875,-127.3968749224,-5.5));
#2326 = ADVANCED_FACE('',(#2327),#2338,.T.);
#2327 = FACE_BOUND('',#2328,.F.);
#2328 = EDGE_LOOP('',(#2329,#2330,#2331,#2332));
#2329 = ORIENTED_EDGE('',*,*,#2304,.F.);
#2330 = ORIENTED_EDGE('',*,*,#776,.T.);
#2331 = ORIENTED_EDGE('',*,*,#2249,.T.);
#2332 = ORIENTED_EDGE('',*,*,#2333,.F.);
#2333 = EDGE_CURVE('',#2292,#2250,#2334,.T.);
#2334 = LINE('',#2335,#2336);
#2335 = CARTESIAN_POINT('',(51.86875,-127.3968749224,-5.5));
#2336 = VECTOR('',#2337,1.);
#2337 = DIRECTION('',(0.,1.,-2.22044604925E-16));
#2338 = PLANE('',#2339);
#2339 = AXIS2_PLACEMENT_3D('',#2340,#2341,#2342);
#2340 = CARTESIAN_POINT('',(52.117798674524,-127.3968749224,
    -5.771788935678));
#2341 = DIRECTION('',(-0.737277336798,-1.845827664798E-16,
    -0.675590207629));
#2342 = DIRECTION('',(2.548886140556E-17,-1.,2.45400843222E-16));
#2343 = ADVANCED_FACE('',(#2344),#2376,.T.);
#2344 = FACE_BOUND('',#2345,.T.);
#2345 = EDGE_LOOP('',(#2346,#2356,#2362,#2363,#2369,#2370));
#2346 = ORIENTED_EDGE('',*,*,#2347,.F.);
#2347 = EDGE_CURVE('',#2348,#2350,#2352,.T.);
#2348 = VERTEX_POINT('',#2349);
#2349 = CARTESIAN_POINT('',(100.65357927803,-130.1781249999,-4.));
#2350 = VERTEX_POINT('',#2351);
#2351 = CARTESIAN_POINT('',(67.150000077504,-130.1781249999,-4.));
#2352 = LINE('',#2353,#2354);
#2353 = CARTESIAN_POINT('',(123.49687499999,-130.1781249999,-4.));
#2354 = VECTOR('',#2355,1.);
#2355 = DIRECTION('',(-1.,1.355395996312E-12,-0.));
#2356 = ORIENTED_EDGE('',*,*,#2357,.T.);
#2357 = EDGE_CURVE('',#2348,#1519,#2358,.T.);
#2358 = LINE('',#2359,#2360);
#2359 = CARTESIAN_POINT('',(89.209596729534,-130.1781249999,
    20.541699771141));
#2360 = VECTOR('',#2361,1.);
#2361 = DIRECTION('',(0.422618261773,-5.728150999761E-13,-0.906307787021
    ));
#2362 = ORIENTED_EDGE('',*,*,#1518,.T.);
#2363 = ORIENTED_EDGE('',*,*,#2364,.T.);
#2364 = EDGE_CURVE('',#1510,#887,#2365,.T.);
#2365 = LINE('',#2366,#2367);
#2366 = CARTESIAN_POINT('',(123.49687499999,-130.1781249999,-4.));
#2367 = VECTOR('',#2368,1.);
#2368 = DIRECTION('',(0.,0.,-1.));
#2369 = ORIENTED_EDGE('',*,*,#884,.F.);
#2370 = ORIENTED_EDGE('',*,*,#2371,.F.);
#2371 = EDGE_CURVE('',#2350,#885,#2372,.T.);
#2372 = LINE('',#2373,#2374);
#2373 = CARTESIAN_POINT('',(67.150000077504,-130.1781249999,-2.5));
#2374 = VECTOR('',#2375,1.);
#2375 = DIRECTION('',(0.,0.,-1.));
#2376 = PLANE('',#2377);
#2377 = AXIS2_PLACEMENT_3D('',#2378,#2379,#2380);
#2378 = CARTESIAN_POINT('',(123.49687499999,-130.1781249999,-4.));
#2379 = DIRECTION('',(1.355395996312E-12,1.,0.));
#2380 = DIRECTION('',(-1.,1.355395996312E-12,0.));
#2381 = ADVANCED_FACE('',(#2382),#2393,.T.);
#2382 = FACE_BOUND('',#2383,.F.);
#2383 = EDGE_LOOP('',(#2384,#2385,#2386,#2387));
#2384 = ORIENTED_EDGE('',*,*,#1509,.T.);
#2385 = ORIENTED_EDGE('',*,*,#2364,.T.);
#2386 = ORIENTED_EDGE('',*,*,#1104,.F.);
#2387 = ORIENTED_EDGE('',*,*,#2388,.F.);
#2388 = EDGE_CURVE('',#1502,#1097,#2389,.T.);
#2389 = LINE('',#2390,#2391);
#2390 = CARTESIAN_POINT('',(126.99687499999,-133.6781249999,-4.));
#2391 = VECTOR('',#2392,1.);
#2392 = DIRECTION('',(0.,0.,-1.));
#2393 = CYLINDRICAL_SURFACE('',#2394,3.5);
#2394 = AXIS2_PLACEMENT_3D('',#2395,#2396,#2397);
#2395 = CARTESIAN_POINT('',(123.49687499999,-133.6781249999,-4.));
#2396 = DIRECTION('',(0.,0.,1.));
#2397 = DIRECTION('',(1.110223024625E-16,-1.,0.));
#2398 = ADVANCED_FACE('',(#2399),#2410,.T.);
#2399 = FACE_BOUND('',#2400,.T.);
#2400 = EDGE_LOOP('',(#2401,#2402,#2408,#2409));
#2401 = ORIENTED_EDGE('',*,*,#1501,.T.);
#2402 = ORIENTED_EDGE('',*,*,#2403,.T.);
#2403 = EDGE_CURVE('',#1493,#1088,#2404,.T.);
#2404 = LINE('',#2405,#2406);
#2405 = CARTESIAN_POINT('',(126.99687499999,-141.6843749224,-4.));
#2406 = VECTOR('',#2407,1.);
#2407 = DIRECTION('',(0.,0.,-1.));
#2408 = ORIENTED_EDGE('',*,*,#1096,.F.);
#2409 = ORIENTED_EDGE('',*,*,#2388,.F.);
#2410 = PLANE('',#2411);
#2411 = AXIS2_PLACEMENT_3D('',#2412,#2413,#2414);
#2412 = CARTESIAN_POINT('',(126.99687499999,-141.6843749224,-4.));
#2413 = DIRECTION('',(1.,2.076715088578E-13,0.));
#2414 = DIRECTION('',(-2.076715088578E-13,1.,0.));
#2415 = ADVANCED_FACE('',(#2416),#2427,.F.);
#2416 = FACE_BOUND('',#2417,.T.);
#2417 = EDGE_LOOP('',(#2418,#2419,#2425,#2426));
#2418 = ORIENTED_EDGE('',*,*,#1492,.T.);
#2419 = ORIENTED_EDGE('',*,*,#2420,.T.);
#2420 = EDGE_CURVE('',#1484,#1079,#2421,.T.);
#2421 = LINE('',#2422,#2423);
#2422 = CARTESIAN_POINT('',(129.77998071029,-144.4656243804,-4.));
#2423 = VECTOR('',#2424,1.);
#2424 = DIRECTION('',(0.,0.,-1.));
#2425 = ORIENTED_EDGE('',*,*,#1087,.F.);
#2426 = ORIENTED_EDGE('',*,*,#2403,.F.);
#2427 = CYLINDRICAL_SURFACE('',#2428,2.781250077103);
#2428 = AXIS2_PLACEMENT_3D('',#2429,#2430,#2431);
#2429 = CARTESIAN_POINT('',(129.77812507709,-141.6843749224,-4.));
#2430 = DIRECTION('',(0.,0.,1.));
#2431 = DIRECTION('',(-3.254771097083E-08,-1.,0.));
#2432 = ADVANCED_FACE('',(#2433),#2444,.T.);
#2433 = FACE_BOUND('',#2434,.F.);
#2434 = EDGE_LOOP('',(#2435,#2436,#2437,#2438));
#2435 = ORIENTED_EDGE('',*,*,#1483,.T.);
#2436 = ORIENTED_EDGE('',*,*,#2420,.T.);
#2437 = ORIENTED_EDGE('',*,*,#1078,.F.);
#2438 = ORIENTED_EDGE('',*,*,#2439,.F.);
#2439 = EDGE_CURVE('',#1475,#1070,#2440,.T.);
#2440 = LINE('',#2441,#2442);
#2441 = CARTESIAN_POINT('',(155.03509148216,-148.1363310263,-4.));
#2442 = VECTOR('',#2443,1.);
#2443 = DIRECTION('',(0.,0.,-1.));
#2444 = CYLINDRICAL_SURFACE('',#2445,83.576597415798);
#2445 = AXIS2_PLACEMENT_3D('',#2446,#2447,#2448);
#2446 = CARTESIAN_POINT('',(130.52733232647,-228.0388802771,-4.));
#2447 = DIRECTION('',(0.,0.,1.));
#2448 = DIRECTION('',(1.,0.,0.));
#2449 = ADVANCED_FACE('',(#2450),#2463,.T.);
#2450 = FACE_BOUND('',#2451,.F.);
#2451 = EDGE_LOOP('',(#2452,#2453,#2454,#2455,#2456,#2457));
#2452 = ORIENTED_EDGE('',*,*,#1364,.F.);
#2453 = ORIENTED_EDGE('',*,*,#1185,.T.);
#2454 = ORIENTED_EDGE('',*,*,#1474,.T.);
#2455 = ORIENTED_EDGE('',*,*,#2439,.T.);
#2456 = ORIENTED_EDGE('',*,*,#1069,.F.);
#2457 = ORIENTED_EDGE('',*,*,#2458,.T.);
#2458 = EDGE_CURVE('',#1061,#1356,#2459,.T.);
#2459 = LINE('',#2460,#2461);
#2460 = CARTESIAN_POINT('',(178.3644721962,-158.5344128929,-4.));
#2461 = VECTOR('',#2462,1.);
#2462 = DIRECTION('',(0.,0.,1.));
#2463 = CYLINDRICAL_SURFACE('',#2464,113.96535512448);
#2464 = AXIS2_PLACEMENT_3D('',#2465,#2466,#2467);
#2465 = CARTESIAN_POINT('',(120.59651671616,-256.7737404981,-4.));
#2466 = DIRECTION('',(0.,0.,1.));
#2467 = DIRECTION('',(1.,0.,0.));
#2468 = ADVANCED_FACE('',(#2469),#2480,.T.);
#2469 = FACE_BOUND('',#2470,.T.);
#2470 = EDGE_LOOP('',(#2471,#2472,#2478,#2479));
#2471 = ORIENTED_EDGE('',*,*,#1355,.F.);
#2472 = ORIENTED_EDGE('',*,*,#2473,.F.);
#2473 = EDGE_CURVE('',#1053,#1348,#2474,.T.);
#2474 = LINE('',#2475,#2476);
#2475 = CARTESIAN_POINT('',(188.29912007869,-156.0217883826,-4.));
#2476 = VECTOR('',#2477,1.);
#2477 = DIRECTION('',(0.,0.,1.));
#2478 = ORIENTED_EDGE('',*,*,#1060,.T.);
#2479 = ORIENTED_EDGE('',*,*,#2458,.T.);
#2480 = CYLINDRICAL_SURFACE('',#2481,5.281250259068);
#2481 = AXIS2_PLACEMENT_3D('',#2482,#2483,#2484);
#2482 = CARTESIAN_POINT('',(183.64570067542,-158.5192455206,-4.));
#2483 = DIRECTION('',(0.,0.,1.));
#2484 = DIRECTION('',(1.,0.,0.));
#2485 = ADVANCED_FACE('',(#2486),#2498,.T.);
#2486 = FACE_BOUND('',#2487,.T.);
#2487 = EDGE_LOOP('',(#2488,#2489,#2490,#2491,#2492));
#2488 = ORIENTED_EDGE('',*,*,#1052,.F.);
#2489 = ORIENTED_EDGE('',*,*,#2473,.T.);
#2490 = ORIENTED_EDGE('',*,*,#1347,.F.);
#2491 = ORIENTED_EDGE('',*,*,#1339,.T.);
#2492 = ORIENTED_EDGE('',*,*,#2493,.T.);
#2493 = EDGE_CURVE('',#1331,#1044,#2494,.T.);
#2494 = LINE('',#2495,#2496);
#2495 = CARTESIAN_POINT('',(211.90863293691,-115.1289249744,-4.));
#2496 = VECTOR('',#2497,1.);
#2497 = DIRECTION('',(0.,0.,-1.));
#2498 = PLANE('',#2499);
#2499 = AXIS2_PLACEMENT_3D('',#2500,#2501,#2502);
#2500 = CARTESIAN_POINT('',(198.98148340416,-137.5193979704,-41.5));
#2501 = DIRECTION('',(-0.86602533811,0.500000113751,0.));
#2502 = DIRECTION('',(-0.500000113751,-0.86602533811,0.));
#2503 = ADVANCED_FACE('',(#2504),#2515,.F.);
#2504 = FACE_BOUND('',#2505,.T.);
#2505 = EDGE_LOOP('',(#2506,#2507,#2513,#2514));
#2506 = ORIENTED_EDGE('',*,*,#1330,.F.);
#2507 = ORIENTED_EDGE('',*,*,#2508,.T.);
#2508 = EDGE_CURVE('',#1323,#1036,#2509,.T.);
#2509 = LINE('',#2510,#2511);
#2510 = CARTESIAN_POINT('',(212.28125,-113.7382995285,-4.));
#2511 = VECTOR('',#2512,1.);
#2512 = DIRECTION('',(0.,0.,-1.));
#2513 = ORIENTED_EDGE('',*,*,#1043,.F.);
#2514 = ORIENTED_EDGE('',*,*,#2493,.F.);
#2515 = CYLINDRICAL_SURFACE('',#2516,2.781250259068);
#2516 = AXIS2_PLACEMENT_3D('',#2517,#2518,#2519);
#2517 = CARTESIAN_POINT('',(209.49999974093,-113.7382995285,-4.));
#2518 = DIRECTION('',(0.,0.,1.));
#2519 = DIRECTION('',(1.,0.,0.));
#2520 = ADVANCED_FACE('',(#2521),#2547,.F.);
#2521 = FACE_BOUND('',#2522,.F.);
#2522 = EDGE_LOOP('',(#2523,#2533,#2539,#2540,#2541));
#2523 = ORIENTED_EDGE('',*,*,#2524,.F.);
#2524 = EDGE_CURVE('',#2525,#2527,#2529,.T.);
#2525 = VERTEX_POINT('',#2526);
#2526 = CARTESIAN_POINT('',(212.28125,-113.7382995285,-2.5));
#2527 = VERTEX_POINT('',#2528);
#2528 = CARTESIAN_POINT('',(209.28125,-113.7382995285,-2.5));
#2529 = LINE('',#2530,#2531);
#2530 = CARTESIAN_POINT('',(212.28125,-113.7382995285,-2.5));
#2531 = VECTOR('',#2532,1.);
#2532 = DIRECTION('',(-1.,0.,0.));
#2533 = ORIENTED_EDGE('',*,*,#2534,.T.);
#2534 = EDGE_CURVE('',#2525,#1323,#2535,.T.);
#2535 = LINE('',#2536,#2537);
#2536 = CARTESIAN_POINT('',(212.28125,-113.7382995285,-2.5));
#2537 = VECTOR('',#2538,1.);
#2538 = DIRECTION('',(0.,0.,-1.));
#2539 = ORIENTED_EDGE('',*,*,#2508,.T.);
#2540 = ORIENTED_EDGE('',*,*,#1035,.F.);
#2541 = ORIENTED_EDGE('',*,*,#2542,.F.);
#2542 = EDGE_CURVE('',#2527,#1028,#2543,.T.);
#2543 = LINE('',#2544,#2545);
#2544 = CARTESIAN_POINT('',(209.28125,-113.7382995285,-2.5));
#2545 = VECTOR('',#2546,1.);
#2546 = DIRECTION('',(0.,0.,-1.));
#2547 = PLANE('',#2548);
#2548 = AXIS2_PLACEMENT_3D('',#2549,#2550,#2551);
#2549 = CARTESIAN_POINT('',(212.28125,-113.7382995285,-2.5));
#2550 = DIRECTION('',(0.,1.,0.));
#2551 = DIRECTION('',(-1.,0.,0.));
#2552 = ADVANCED_FACE('',(#2553),#2571,.F.);
#2553 = FACE_BOUND('',#2554,.F.);
#2554 = EDGE_LOOP('',(#2555,#2563,#2564,#2565));
#2555 = ORIENTED_EDGE('',*,*,#2556,.F.);
#2556 = EDGE_CURVE('',#2527,#2557,#2559,.T.);
#2557 = VERTEX_POINT('',#2558);
#2558 = CARTESIAN_POINT('',(209.28125,-103.7382995285,-2.5));
#2559 = LINE('',#2560,#2561);
#2560 = CARTESIAN_POINT('',(209.28125,-113.7382995285,-2.5));
#2561 = VECTOR('',#2562,1.);
#2562 = DIRECTION('',(0.,1.,0.));
#2563 = ORIENTED_EDGE('',*,*,#2542,.T.);
#2564 = ORIENTED_EDGE('',*,*,#1027,.F.);
#2565 = ORIENTED_EDGE('',*,*,#2566,.F.);
#2566 = EDGE_CURVE('',#2557,#1020,#2567,.T.);
#2567 = LINE('',#2568,#2569);
#2568 = CARTESIAN_POINT('',(209.28125,-103.7382995285,-2.5));
#2569 = VECTOR('',#2570,1.);
#2570 = DIRECTION('',(0.,0.,-1.));
#2571 = PLANE('',#2572);
#2572 = AXIS2_PLACEMENT_3D('',#2573,#2574,#2575);
#2573 = CARTESIAN_POINT('',(209.28125,-113.7382995285,-2.5));
#2574 = DIRECTION('',(1.,0.,0.));
#2575 = DIRECTION('',(0.,1.,0.));
#2576 = ADVANCED_FACE('',(#2577),#2601,.F.);
#2577 = FACE_BOUND('',#2578,.F.);
#2578 = EDGE_LOOP('',(#2579,#2587,#2588,#2589,#2595));
#2579 = ORIENTED_EDGE('',*,*,#2580,.F.);
#2580 = EDGE_CURVE('',#2557,#2581,#2583,.T.);
#2581 = VERTEX_POINT('',#2582);
#2582 = CARTESIAN_POINT('',(212.28125,-103.7382995285,-2.5));
#2583 = LINE('',#2584,#2585);
#2584 = CARTESIAN_POINT('',(209.28125,-103.7382995285,-2.5));
#2585 = VECTOR('',#2586,1.);
#2586 = DIRECTION('',(1.,0.,0.));
#2587 = ORIENTED_EDGE('',*,*,#2566,.T.);
#2588 = ORIENTED_EDGE('',*,*,#1019,.F.);
#2589 = ORIENTED_EDGE('',*,*,#2590,.F.);
#2590 = EDGE_CURVE('',#1315,#1012,#2591,.T.);
#2591 = LINE('',#2592,#2593);
#2592 = CARTESIAN_POINT('',(212.28125,-103.7382995285,-2.5));
#2593 = VECTOR('',#2594,1.);
#2594 = DIRECTION('',(0.,0.,-1.));
#2595 = ORIENTED_EDGE('',*,*,#2596,.F.);
#2596 = EDGE_CURVE('',#2581,#1315,#2597,.T.);
#2597 = LINE('',#2598,#2599);
#2598 = CARTESIAN_POINT('',(212.28125,-103.7382995285,-2.5));
#2599 = VECTOR('',#2600,1.);
#2600 = DIRECTION('',(0.,0.,-1.));
#2601 = PLANE('',#2602);
#2602 = AXIS2_PLACEMENT_3D('',#2603,#2604,#2605);
#2603 = CARTESIAN_POINT('',(209.28125,-103.7382995285,-2.5));
#2604 = DIRECTION('',(0.,-1.,0.));
#2605 = DIRECTION('',(1.,0.,0.));
#2606 = ADVANCED_FACE('',(#2607),#2618,.T.);
#2607 = FACE_BOUND('',#2608,.T.);
#2608 = EDGE_LOOP('',(#2609,#2610,#2616,#2617));
#2609 = ORIENTED_EDGE('',*,*,#1314,.F.);
#2610 = ORIENTED_EDGE('',*,*,#2611,.T.);
#2611 = EDGE_CURVE('',#1307,#1004,#2612,.T.);
#2612 = LINE('',#2613,#2614);
#2613 = CARTESIAN_POINT('',(212.28125,-47.40254807749,-2.5));
#2614 = VECTOR('',#2615,1.);
#2615 = DIRECTION('',(0.,0.,-1.));
#2616 = ORIENTED_EDGE('',*,*,#1011,.F.);
#2617 = ORIENTED_EDGE('',*,*,#2590,.F.);
#2618 = PLANE('',#2619);
#2619 = AXIS2_PLACEMENT_3D('',#2620,#2621,#2622);
#2620 = CARTESIAN_POINT('',(212.28125,-37.40254807749,-4.));
#2621 = DIRECTION('',(-1.,-0.,-0.));
#2622 = DIRECTION('',(0.,-1.,0.));
#2623 = ADVANCED_FACE('',(#2624),#2650,.F.);
#2624 = FACE_BOUND('',#2625,.F.);
#2625 = EDGE_LOOP('',(#2626,#2636,#2642,#2643,#2644));
#2626 = ORIENTED_EDGE('',*,*,#2627,.F.);
#2627 = EDGE_CURVE('',#2628,#2630,#2632,.T.);
#2628 = VERTEX_POINT('',#2629);
#2629 = CARTESIAN_POINT('',(212.28125,-47.40254807749,-2.5));
#2630 = VERTEX_POINT('',#2631);
#2631 = CARTESIAN_POINT('',(209.28125,-47.40254807749,-2.5));
#2632 = LINE('',#2633,#2634);
#2633 = CARTESIAN_POINT('',(212.28125,-47.40254807749,-2.5));
#2634 = VECTOR('',#2635,1.);
#2635 = DIRECTION('',(-1.,0.,0.));
#2636 = ORIENTED_EDGE('',*,*,#2637,.T.);
#2637 = EDGE_CURVE('',#2628,#1307,#2638,.T.);
#2638 = LINE('',#2639,#2640);
#2639 = CARTESIAN_POINT('',(212.28125,-47.40254807749,-2.5));
#2640 = VECTOR('',#2641,1.);
#2641 = DIRECTION('',(0.,0.,-1.));
#2642 = ORIENTED_EDGE('',*,*,#2611,.T.);
#2643 = ORIENTED_EDGE('',*,*,#1003,.F.);
#2644 = ORIENTED_EDGE('',*,*,#2645,.F.);
#2645 = EDGE_CURVE('',#2630,#996,#2646,.T.);
#2646 = LINE('',#2647,#2648);
#2647 = CARTESIAN_POINT('',(209.28125,-47.40254807749,-2.5));
#2648 = VECTOR('',#2649,1.);
#2649 = DIRECTION('',(0.,0.,-1.));
#2650 = PLANE('',#2651);
#2651 = AXIS2_PLACEMENT_3D('',#2652,#2653,#2654);
#2652 = CARTESIAN_POINT('',(212.28125,-47.40254807749,-2.5));
#2653 = DIRECTION('',(0.,1.,0.));
#2654 = DIRECTION('',(-1.,0.,0.));
#2655 = ADVANCED_FACE('',(#2656),#2681,.F.);
#2656 = FACE_BOUND('',#2657,.F.);
#2657 = EDGE_LOOP('',(#2658,#2666,#2667,#2668,#2674,#2675));
#2658 = ORIENTED_EDGE('',*,*,#2659,.F.);
#2659 = EDGE_CURVE('',#2630,#2660,#2662,.T.);
#2660 = VERTEX_POINT('',#2661);
#2661 = CARTESIAN_POINT('',(209.28125,-37.40254807749,-2.5));
#2662 = LINE('',#2663,#2664);
#2663 = CARTESIAN_POINT('',(209.28125,-47.40254807749,-2.5));
#2664 = VECTOR('',#2665,1.);
#2665 = DIRECTION('',(0.,1.,0.));
#2666 = ORIENTED_EDGE('',*,*,#2645,.T.);
#2667 = ORIENTED_EDGE('',*,*,#995,.F.);
#2668 = ORIENTED_EDGE('',*,*,#2669,.T.);
#2669 = EDGE_CURVE('',#987,#1282,#2670,.T.);
#2670 = LINE('',#2671,#2672);
#2671 = CARTESIAN_POINT('',(209.28125,-42.67926588808,-4.));
#2672 = VECTOR('',#2673,1.);
#2673 = DIRECTION('',(0.,0.,1.));
#2674 = ORIENTED_EDGE('',*,*,#1290,.F.);
#2675 = ORIENTED_EDGE('',*,*,#2676,.F.);
#2676 = EDGE_CURVE('',#2660,#1291,#2677,.T.);
#2677 = LINE('',#2678,#2679);
#2678 = CARTESIAN_POINT('',(209.28125,-37.40254807749,-2.5));
#2679 = VECTOR('',#2680,1.);
#2680 = DIRECTION('',(0.,0.,-1.));
#2681 = PLANE('',#2682);
#2682 = AXIS2_PLACEMENT_3D('',#2683,#2684,#2685);
#2683 = CARTESIAN_POINT('',(209.28125,-47.40254807749,-2.5));
#2684 = DIRECTION('',(1.,0.,0.));
#2685 = DIRECTION('',(0.,1.,0.));
#2686 = ADVANCED_FACE('',(#2687),#2698,.T.);
#2687 = FACE_BOUND('',#2688,.T.);
#2688 = EDGE_LOOP('',(#2689,#2690,#2696,#2697));
#2689 = ORIENTED_EDGE('',*,*,#1281,.F.);
#2690 = ORIENTED_EDGE('',*,*,#2691,.F.);
#2691 = EDGE_CURVE('',#979,#1274,#2692,.T.);
#2692 = LINE('',#2693,#2694);
#2693 = CARTESIAN_POINT('',(205.01042863032,-34.62129799999,-4.));
#2694 = VECTOR('',#2695,1.);
#2695 = DIRECTION('',(0.,0.,1.));
#2696 = ORIENTED_EDGE('',*,*,#986,.T.);
#2697 = ORIENTED_EDGE('',*,*,#2669,.T.);
#2698 = CYLINDRICAL_SURFACE('',#2699,5.281250077504);
#2699 = AXIS2_PLACEMENT_3D('',#2700,#2701,#2702);
#2700 = CARTESIAN_POINT('',(209.49999992249,-37.40254807749,-4.));
#2701 = DIRECTION('',(0.,0.,1.));
#2702 = DIRECTION('',(1.,0.,0.));
#2703 = ADVANCED_FACE('',(#2704),#2747,.T.);
#2704 = FACE_BOUND('',#2705,.T.);
#2705 = EDGE_LOOP('',(#2706,#2716,#2722,#2723,#2724,#2725,#2733,#2741));
#2706 = ORIENTED_EDGE('',*,*,#2707,.F.);
#2707 = EDGE_CURVE('',#2708,#2710,#2712,.T.);
#2708 = VERTEX_POINT('',#2709);
#2709 = CARTESIAN_POINT('',(98.567614711977,-34.62129799999,-4.));
#2710 = VERTEX_POINT('',#2711);
#2711 = CARTESIAN_POINT('',(100.65357927803,-34.62129799999,-4.));
#2712 = LINE('',#2713,#2714);
#2713 = CARTESIAN_POINT('',(94.078044370398,-34.62129799999,-4.));
#2714 = VECTOR('',#2715,1.);
#2715 = DIRECTION('',(1.,-6.156044856123E-16,0.));
#2716 = ORIENTED_EDGE('',*,*,#2717,.F.);
#2717 = EDGE_CURVE('',#970,#2708,#2718,.T.);
#2718 = LINE('',#2719,#2720);
#2719 = CARTESIAN_POINT('',(98.567614711977,-34.62129799999,-4.));
#2720 = VECTOR('',#2721,1.);
#2721 = DIRECTION('',(0.,0.,1.));
#2722 = ORIENTED_EDGE('',*,*,#978,.F.);
#2723 = ORIENTED_EDGE('',*,*,#2691,.T.);
#2724 = ORIENTED_EDGE('',*,*,#1273,.F.);
#2725 = ORIENTED_EDGE('',*,*,#2726,.T.);
#2726 = EDGE_CURVE('',#1266,#2727,#2729,.T.);
#2727 = VERTEX_POINT('',#2728);
#2728 = CARTESIAN_POINT('',(166.26077871355,-34.62129799999,
    -10.98890651831));
#2729 = LINE('',#2730,#2731);
#2730 = CARTESIAN_POINT('',(156.02893838602,-34.62129799999,
    -25.6014888885));
#2731 = VECTOR('',#2732,1.);
#2732 = DIRECTION('',(-0.573576436322,3.53096227041E-16,-0.81915204431)
  );
#2733 = ORIENTED_EDGE('',*,*,#2734,.T.);
#2734 = EDGE_CURVE('',#2727,#2735,#2737,.T.);
#2735 = VERTEX_POINT('',#2736);
#2736 = CARTESIAN_POINT('',(101.26077871355,-34.62129799999,
    -5.30214339149));
#2737 = LINE('',#2738,#2739);
#2738 = CARTESIAN_POINT('',(97.640163303778,-34.62129799999,
    -4.985380588278));
#2739 = VECTOR('',#2740,1.);
#2740 = DIRECTION('',(-0.996194698095,6.132619246904E-16,
    8.715574271178E-02));
#2741 = ORIENTED_EDGE('',*,*,#2742,.T.);
#2742 = EDGE_CURVE('',#2735,#2710,#2743,.T.);
#2743 = LINE('',#2744,#2745);
#2744 = CARTESIAN_POINT('',(86.582404026787,-34.62129799999,
    26.175732703164));
#2745 = VECTOR('',#2746,1.);
#2746 = DIRECTION('',(-0.422618261773,2.601656976493E-16,0.906307787021)
  );
#2747 = PLANE('',#2748);
#2748 = AXIS2_PLACEMENT_3D('',#2749,#2750,#2751);
#2749 = CARTESIAN_POINT('',(94.078044370398,-34.62129799999,-4.));
#2750 = DIRECTION('',(-6.156044856123E-16,-1.,-0.));
#2751 = DIRECTION('',(1.,-6.156044856123E-16,0.));
#2752 = ADVANCED_FACE('',(#2753),#2781,.T.);
#2753 = FACE_BOUND('',#2754,.T.);
#2754 = EDGE_LOOP('',(#2755,#2763,#2764,#2765,#2774));
#2755 = ORIENTED_EDGE('',*,*,#2756,.F.);
#2756 = EDGE_CURVE('',#961,#2757,#2759,.T.);
#2757 = VERTEX_POINT('',#2758);
#2758 = CARTESIAN_POINT('',(91.24506451459,-41.85965411941,-4.));
#2759 = LINE('',#2760,#2761);
#2760 = CARTESIAN_POINT('',(91.24506451459,-41.85965411941,-4.));
#2761 = VECTOR('',#2762,1.);
#2762 = DIRECTION('',(0.,0.,1.));
#2763 = ORIENTED_EDGE('',*,*,#969,.T.);
#2764 = ORIENTED_EDGE('',*,*,#2717,.T.);
#2765 = ORIENTED_EDGE('',*,*,#2766,.F.);
#2766 = EDGE_CURVE('',#2767,#2708,#2769,.T.);
#2767 = VERTEX_POINT('',#2768);
#2768 = CARTESIAN_POINT('',(99.359292740796,-37.40254637039,-4.));
#2769 = CIRCLE('',#2770,5.281248370398);
#2770 = AXIS2_PLACEMENT_3D('',#2771,#2772,#2773);
#2771 = CARTESIAN_POINT('',(94.078044370398,-37.40254637039,-4.));
#2772 = DIRECTION('',(0.,0.,1.));
#2773 = DIRECTION('',(1.,0.,0.));
#2774 = ORIENTED_EDGE('',*,*,#2775,.F.);
#2775 = EDGE_CURVE('',#2757,#2767,#2776,.T.);
#2776 = CIRCLE('',#2777,5.281248370398);
#2777 = AXIS2_PLACEMENT_3D('',#2778,#2779,#2780);
#2778 = CARTESIAN_POINT('',(94.078044370398,-37.40254637039,-4.));
#2779 = DIRECTION('',(0.,0.,1.));
#2780 = DIRECTION('',(1.,0.,0.));
#2781 = CYLINDRICAL_SURFACE('',#2782,5.281248370398);
#2782 = AXIS2_PLACEMENT_3D('',#2783,#2784,#2785);
#2783 = CARTESIAN_POINT('',(94.078044370398,-37.40254637039,-4.));
#2784 = DIRECTION('',(0.,0.,1.));
#2785 = DIRECTION('',(1.,0.,0.));
#2786 = ADVANCED_FACE('',(#2787),#2806,.T.);
#2787 = FACE_BOUND('',#2788,.F.);
#2788 = EDGE_LOOP('',(#2789,#2798,#2799,#2800));
#2789 = ORIENTED_EDGE('',*,*,#2790,.F.);
#2790 = EDGE_CURVE('',#2757,#2791,#2793,.T.);
#2791 = VERTEX_POINT('',#2792);
#2792 = CARTESIAN_POINT('',(87.783295755767,-44.84374999999,-4.));
#2793 = CIRCLE('',#2794,3.5);
#2794 = AXIS2_PLACEMENT_3D('',#2795,#2796,#2797);
#2795 = CARTESIAN_POINT('',(87.783295755767,-41.34374999999,-4.));
#2796 = DIRECTION('',(0.,-0.,-1.));
#2797 = DIRECTION('',(1.110223024625E-16,-1.,0.));
#2798 = ORIENTED_EDGE('',*,*,#2756,.F.);
#2799 = ORIENTED_EDGE('',*,*,#960,.F.);
#2800 = ORIENTED_EDGE('',*,*,#2801,.F.);
#2801 = EDGE_CURVE('',#2791,#953,#2802,.T.);
#2802 = LINE('',#2803,#2804);
#2803 = CARTESIAN_POINT('',(87.783295755767,-44.84374999999,-4.));
#2804 = VECTOR('',#2805,1.);
#2805 = DIRECTION('',(0.,0.,-1.));
#2806 = CYLINDRICAL_SURFACE('',#2807,3.5);
#2807 = AXIS2_PLACEMENT_3D('',#2808,#2809,#2810);
#2808 = CARTESIAN_POINT('',(87.783295755767,-41.34374999999,-4.));
#2809 = DIRECTION('',(0.,0.,1.));
#2810 = DIRECTION('',(1.110223024625E-16,-1.,0.));
#2811 = ADVANCED_FACE('',(#2812),#2830,.T.);
#2812 = FACE_BOUND('',#2813,.T.);
#2813 = EDGE_LOOP('',(#2814,#2822,#2828,#2829));
#2814 = ORIENTED_EDGE('',*,*,#2815,.F.);
#2815 = EDGE_CURVE('',#2816,#2791,#2818,.T.);
#2816 = VERTEX_POINT('',#2817);
#2817 = CARTESIAN_POINT('',(67.150000077504,-44.84374999999,-4.));
#2818 = LINE('',#2819,#2820);
#2819 = CARTESIAN_POINT('',(57.150000077504,-44.84374999999,-4.));
#2820 = VECTOR('',#2821,1.);
#2821 = DIRECTION('',(1.,6.169899892498E-14,0.));
#2822 = ORIENTED_EDGE('',*,*,#2823,.T.);
#2823 = EDGE_CURVE('',#2816,#945,#2824,.T.);
#2824 = LINE('',#2825,#2826);
#2825 = CARTESIAN_POINT('',(67.150000077504,-44.84374999999,-2.5));
#2826 = VECTOR('',#2827,1.);
#2827 = DIRECTION('',(0.,0.,-1.));
#2828 = ORIENTED_EDGE('',*,*,#952,.F.);
#2829 = ORIENTED_EDGE('',*,*,#2801,.F.);
#2830 = PLANE('',#2831);
#2831 = AXIS2_PLACEMENT_3D('',#2832,#2833,#2834);
#2832 = CARTESIAN_POINT('',(57.150000077504,-44.84374999999,-4.));
#2833 = DIRECTION('',(6.169899892498E-14,-1.,0.));
#2834 = DIRECTION('',(1.,6.169899892498E-14,0.));
#2835 = ADVANCED_FACE('',(#2836),#2862,.F.);
#2836 = FACE_BOUND('',#2837,.F.);
#2837 = EDGE_LOOP('',(#2838,#2848,#2854,#2855,#2856));
#2838 = ORIENTED_EDGE('',*,*,#2839,.F.);
#2839 = EDGE_CURVE('',#2840,#2842,#2844,.T.);
#2840 = VERTEX_POINT('',#2841);
#2841 = CARTESIAN_POINT('',(67.150000077504,-44.84374999999,-2.5));
#2842 = VERTEX_POINT('',#2843);
#2843 = CARTESIAN_POINT('',(67.150000077504,-47.84374999999,-2.5));
#2844 = LINE('',#2845,#2846);
#2845 = CARTESIAN_POINT('',(67.150000077504,-44.84374999999,-2.5));
#2846 = VECTOR('',#2847,1.);
#2847 = DIRECTION('',(0.,-1.,0.));
#2848 = ORIENTED_EDGE('',*,*,#2849,.T.);
#2849 = EDGE_CURVE('',#2840,#2816,#2850,.T.);
#2850 = LINE('',#2851,#2852);
#2851 = CARTESIAN_POINT('',(67.150000077504,-44.84374999999,-2.5));
#2852 = VECTOR('',#2853,1.);
#2853 = DIRECTION('',(0.,0.,-1.));
#2854 = ORIENTED_EDGE('',*,*,#2823,.T.);
#2855 = ORIENTED_EDGE('',*,*,#944,.F.);
#2856 = ORIENTED_EDGE('',*,*,#2857,.F.);
#2857 = EDGE_CURVE('',#2842,#937,#2858,.T.);
#2858 = LINE('',#2859,#2860);
#2859 = CARTESIAN_POINT('',(67.150000077504,-47.84374999999,-2.5));
#2860 = VECTOR('',#2861,1.);
#2861 = DIRECTION('',(0.,0.,-1.));
#2862 = PLANE('',#2863);
#2863 = AXIS2_PLACEMENT_3D('',#2864,#2865,#2866);
#2864 = CARTESIAN_POINT('',(67.150000077504,-44.84374999999,-2.5));
#2865 = DIRECTION('',(-1.,-0.,-0.));
#2866 = DIRECTION('',(0.,-1.,0.));
#2867 = ADVANCED_FACE('',(#2868),#2902,.F.);
#2868 = FACE_BOUND('',#2869,.F.);
#2869 = EDGE_LOOP('',(#2870,#2878,#2879,#2880,#2888,#2896));
#2870 = ORIENTED_EDGE('',*,*,#2871,.F.);
#2871 = EDGE_CURVE('',#2842,#2872,#2874,.T.);
#2872 = VERTEX_POINT('',#2873);
#2873 = CARTESIAN_POINT('',(57.150000077504,-47.84374999999,-2.5));
#2874 = LINE('',#2875,#2876);
#2875 = CARTESIAN_POINT('',(67.150000077504,-47.84374999999,-2.5));
#2876 = VECTOR('',#2877,1.);
#2877 = DIRECTION('',(-1.,0.,0.));
#2878 = ORIENTED_EDGE('',*,*,#2857,.T.);
#2879 = ORIENTED_EDGE('',*,*,#936,.F.);
#2880 = ORIENTED_EDGE('',*,*,#2881,.T.);
#2881 = EDGE_CURVE('',#928,#2882,#2884,.T.);
#2882 = VERTEX_POINT('',#2883);
#2883 = CARTESIAN_POINT('',(62.426717888089,-47.84374999999,-4.));
#2884 = LINE('',#2885,#2886);
#2885 = CARTESIAN_POINT('',(62.426717888089,-47.84374999999,-4.));
#2886 = VECTOR('',#2887,1.);
#2887 = DIRECTION('',(0.,0.,1.));
#2888 = ORIENTED_EDGE('',*,*,#2889,.F.);
#2889 = EDGE_CURVE('',#2890,#2882,#2892,.T.);
#2890 = VERTEX_POINT('',#2891);
#2891 = CARTESIAN_POINT('',(57.150000077504,-47.84374999999,-4.));
#2892 = LINE('',#2893,#2894);
#2893 = CARTESIAN_POINT('',(93.727375616593,-47.84374999999,-4.));
#2894 = VECTOR('',#2895,1.);
#2895 = DIRECTION('',(1.,0.,0.));
#2896 = ORIENTED_EDGE('',*,*,#2897,.F.);
#2897 = EDGE_CURVE('',#2872,#2890,#2898,.T.);
#2898 = LINE('',#2899,#2900);
#2899 = CARTESIAN_POINT('',(57.150000077504,-47.84374999999,-2.5));
#2900 = VECTOR('',#2901,1.);
#2901 = DIRECTION('',(0.,0.,-1.));
#2902 = PLANE('',#2903);
#2903 = AXIS2_PLACEMENT_3D('',#2904,#2905,#2906);
#2904 = CARTESIAN_POINT('',(67.150000077504,-47.84374999999,-2.5));
#2905 = DIRECTION('',(0.,1.,0.));
#2906 = DIRECTION('',(-1.,0.,0.));
#2907 = ADVANCED_FACE('',(#2908),#2927,.T.);
#2908 = FACE_BOUND('',#2909,.T.);
#2909 = EDGE_LOOP('',(#2910,#2919,#2925,#2926));
#2910 = ORIENTED_EDGE('',*,*,#2911,.F.);
#2911 = EDGE_CURVE('',#2912,#2882,#2914,.T.);
#2912 = VERTEX_POINT('',#2913);
#2913 = CARTESIAN_POINT('',(54.36875,-52.11457136967,-4.));
#2914 = CIRCLE('',#2915,5.281250077504);
#2915 = AXIS2_PLACEMENT_3D('',#2916,#2917,#2918);
#2916 = CARTESIAN_POINT('',(57.150000077504,-47.6250000775,-4.));
#2917 = DIRECTION('',(0.,0.,1.));
#2918 = DIRECTION('',(1.,0.,0.));
#2919 = ORIENTED_EDGE('',*,*,#2920,.F.);
#2920 = EDGE_CURVE('',#920,#2912,#2921,.T.);
#2921 = LINE('',#2922,#2923);
#2922 = CARTESIAN_POINT('',(54.36875,-52.11457136967,-4.));
#2923 = VECTOR('',#2924,1.);
#2924 = DIRECTION('',(0.,0.,1.));
#2925 = ORIENTED_EDGE('',*,*,#927,.T.);
#2926 = ORIENTED_EDGE('',*,*,#2881,.T.);
#2927 = CYLINDRICAL_SURFACE('',#2928,5.281250077504);
#2928 = AXIS2_PLACEMENT_3D('',#2929,#2930,#2931);
#2929 = CARTESIAN_POINT('',(57.150000077504,-47.6250000775,-4.));
#2930 = DIRECTION('',(0.,0.,1.));
#2931 = DIRECTION('',(1.,0.,0.));
#2932 = ADVANCED_FACE('',(#2933),#2951,.T.);
#2933 = FACE_BOUND('',#2934,.T.);
#2934 = EDGE_LOOP('',(#2935,#2943,#2949,#2950));
#2935 = ORIENTED_EDGE('',*,*,#2936,.F.);
#2936 = EDGE_CURVE('',#2937,#2912,#2939,.T.);
#2937 = VERTEX_POINT('',#2938);
#2938 = CARTESIAN_POINT('',(54.36875,-122.9073036302,-4.));
#2939 = LINE('',#2940,#2941);
#2940 = CARTESIAN_POINT('',(54.36875,-127.3968749224,-4.));
#2941 = VECTOR('',#2942,1.);
#2942 = DIRECTION('',(0.,1.,0.));
#2943 = ORIENTED_EDGE('',*,*,#2944,.F.);
#2944 = EDGE_CURVE('',#911,#2937,#2945,.T.);
#2945 = LINE('',#2946,#2947);
#2946 = CARTESIAN_POINT('',(54.36875,-122.9073036302,-4.));
#2947 = VECTOR('',#2948,1.);
#2948 = DIRECTION('',(0.,0.,1.));
#2949 = ORIENTED_EDGE('',*,*,#919,.F.);
#2950 = ORIENTED_EDGE('',*,*,#2920,.T.);
#2951 = PLANE('',#2952);
#2952 = AXIS2_PLACEMENT_3D('',#2953,#2954,#2955);
#2953 = CARTESIAN_POINT('',(54.36875,-127.3968749224,-4.));
#2954 = DIRECTION('',(1.,0.,0.));
#2955 = DIRECTION('',(0.,1.,0.));
#2956 = ADVANCED_FACE('',(#2957),#2976,.T.);
#2957 = FACE_BOUND('',#2958,.T.);
#2958 = EDGE_LOOP('',(#2959,#2960,#2961,#2970));
#2959 = ORIENTED_EDGE('',*,*,#910,.T.);
#2960 = ORIENTED_EDGE('',*,*,#2944,.T.);
#2961 = ORIENTED_EDGE('',*,*,#2962,.F.);
#2962 = EDGE_CURVE('',#2963,#2937,#2965,.T.);
#2963 = VERTEX_POINT('',#2964);
#2964 = CARTESIAN_POINT('',(62.426717888089,-127.1781249999,-4.));
#2965 = CIRCLE('',#2966,5.281250077504);
#2966 = AXIS2_PLACEMENT_3D('',#2967,#2968,#2969);
#2967 = CARTESIAN_POINT('',(57.150000077504,-127.3968749224,-4.));
#2968 = DIRECTION('',(0.,0.,1.));
#2969 = DIRECTION('',(1.,0.,0.));
#2970 = ORIENTED_EDGE('',*,*,#2971,.F.);
#2971 = EDGE_CURVE('',#903,#2963,#2972,.T.);
#2972 = LINE('',#2973,#2974);
#2973 = CARTESIAN_POINT('',(62.426717888089,-127.1781249999,-4.));
#2974 = VECTOR('',#2975,1.);
#2975 = DIRECTION('',(0.,0.,1.));
#2976 = CYLINDRICAL_SURFACE('',#2977,5.281250077504);
#2977 = AXIS2_PLACEMENT_3D('',#2978,#2979,#2980);
#2978 = CARTESIAN_POINT('',(57.150000077504,-127.3968749224,-4.));
#2979 = DIRECTION('',(0.,0.,1.));
#2980 = DIRECTION('',(1.,0.,0.));
#2981 = ADVANCED_FACE('',(#2982),#3016,.F.);
#2982 = FACE_BOUND('',#2983,.F.);
#2983 = EDGE_LOOP('',(#2984,#2994,#3002,#3008,#3009,#3010));
#2984 = ORIENTED_EDGE('',*,*,#2985,.F.);
#2985 = EDGE_CURVE('',#2986,#2988,#2990,.T.);
#2986 = VERTEX_POINT('',#2987);
#2987 = CARTESIAN_POINT('',(57.150000077504,-127.1781249999,-2.5));
#2988 = VERTEX_POINT('',#2989);
#2989 = CARTESIAN_POINT('',(67.150000077504,-127.1781249999,-2.5));
#2990 = LINE('',#2991,#2992);
#2991 = CARTESIAN_POINT('',(57.150000077504,-127.1781249999,-2.5));
#2992 = VECTOR('',#2993,1.);
#2993 = DIRECTION('',(1.,0.,0.));
#2994 = ORIENTED_EDGE('',*,*,#2995,.T.);
#2995 = EDGE_CURVE('',#2986,#2996,#2998,.T.);
#2996 = VERTEX_POINT('',#2997);
#2997 = CARTESIAN_POINT('',(57.150000077504,-127.1781249999,-4.));
#2998 = LINE('',#2999,#3000);
#2999 = CARTESIAN_POINT('',(57.150000077504,-127.1781249999,-2.5));
#3000 = VECTOR('',#3001,1.);
#3001 = DIRECTION('',(0.,0.,-1.));
#3002 = ORIENTED_EDGE('',*,*,#3003,.F.);
#3003 = EDGE_CURVE('',#2963,#2996,#3004,.T.);
#3004 = LINE('',#3005,#3006);
#3005 = CARTESIAN_POINT('',(88.727375616593,-127.1781249999,-4.));
#3006 = VECTOR('',#3007,1.);
#3007 = DIRECTION('',(-1.,0.,0.));
#3008 = ORIENTED_EDGE('',*,*,#2971,.F.);
#3009 = ORIENTED_EDGE('',*,*,#902,.F.);
#3010 = ORIENTED_EDGE('',*,*,#3011,.F.);
#3011 = EDGE_CURVE('',#2988,#895,#3012,.T.);
#3012 = LINE('',#3013,#3014);
#3013 = CARTESIAN_POINT('',(67.150000077504,-127.1781249999,-2.5));
#3014 = VECTOR('',#3015,1.);
#3015 = DIRECTION('',(0.,0.,-1.));
#3016 = PLANE('',#3017);
#3017 = AXIS2_PLACEMENT_3D('',#3018,#3019,#3020);
#3018 = CARTESIAN_POINT('',(57.150000077504,-127.1781249999,-2.5));
#3019 = DIRECTION('',(0.,-1.,0.));
#3020 = DIRECTION('',(1.,0.,0.));
#3021 = ADVANCED_FACE('',(#3022),#3041,.F.);
#3022 = FACE_BOUND('',#3023,.F.);
#3023 = EDGE_LOOP('',(#3024,#3032,#3033,#3034,#3035));
#3024 = ORIENTED_EDGE('',*,*,#3025,.F.);
#3025 = EDGE_CURVE('',#2988,#3026,#3028,.T.);
#3026 = VERTEX_POINT('',#3027);
#3027 = CARTESIAN_POINT('',(67.150000077504,-130.1781249999,-2.5));
#3028 = LINE('',#3029,#3030);
#3029 = CARTESIAN_POINT('',(67.150000077504,-127.1781249999,-2.5));
#3030 = VECTOR('',#3031,1.);
#3031 = DIRECTION('',(0.,-1.,0.));
#3032 = ORIENTED_EDGE('',*,*,#3011,.T.);
#3033 = ORIENTED_EDGE('',*,*,#894,.F.);
#3034 = ORIENTED_EDGE('',*,*,#2371,.F.);
#3035 = ORIENTED_EDGE('',*,*,#3036,.F.);
#3036 = EDGE_CURVE('',#3026,#2350,#3037,.T.);
#3037 = LINE('',#3038,#3039);
#3038 = CARTESIAN_POINT('',(67.150000077504,-130.1781249999,-2.5));
#3039 = VECTOR('',#3040,1.);
#3040 = DIRECTION('',(0.,0.,-1.));
#3041 = PLANE('',#3042);
#3042 = AXIS2_PLACEMENT_3D('',#3043,#3044,#3045);
#3043 = CARTESIAN_POINT('',(67.150000077504,-127.1781249999,-2.5));
#3044 = DIRECTION('',(-1.,-0.,-0.));
#3045 = DIRECTION('',(0.,-1.,0.));
#3046 = ADVANCED_FACE('',(#3047),#3063,.T.);
#3047 = FACE_BOUND('',#3048,.T.);
#3048 = EDGE_LOOP('',(#3049,#3055,#3056,#3062));
#3049 = ORIENTED_EDGE('',*,*,#3050,.F.);
#3050 = EDGE_CURVE('',#1232,#1624,#3051,.T.);
#3051 = LINE('',#3052,#3053);
#3052 = CARTESIAN_POINT('',(214.53125,-113.7382995285,-4.25));
#3053 = VECTOR('',#3054,1.);
#3054 = DIRECTION('',(0.707106781187,-2.90882763039E-35,-0.707106781187)
  );
#3055 = ORIENTED_EDGE('',*,*,#1231,.T.);
#3056 = ORIENTED_EDGE('',*,*,#3057,.T.);
#3057 = EDGE_CURVE('',#1224,#548,#3058,.T.);
#3058 = LINE('',#3059,#3060);
#3059 = CARTESIAN_POINT('',(214.07369628219,-116.3789252588,-4.5));
#3060 = VECTOR('',#3061,1.);
#3061 = DIRECTION('',(0.612372389258,-0.353553471026,-0.707106781187));
#3062 = ORIENTED_EDGE('',*,*,#1623,.F.);
#3063 = CONICAL_SURFACE('',#3064,5.281250259068,0.785398163397);
#3064 = AXIS2_PLACEMENT_3D('',#3065,#3066,#3067);
#3065 = CARTESIAN_POINT('',(209.49999974093,-113.7382995285,-4.5));
#3066 = DIRECTION('',(-0.,-0.,-1.));
#3067 = DIRECTION('',(1.,0.,0.));
#3068 = ADVANCED_FACE('',(#3069),#3080,.F.);
#3069 = FACE_BOUND('',#3070,.F.);
#3070 = EDGE_LOOP('',(#3071,#3077,#3078,#3079));
#3071 = ORIENTED_EDGE('',*,*,#3072,.F.);
#3072 = EDGE_CURVE('',#2581,#2525,#3073,.T.);
#3073 = LINE('',#3074,#3075);
#3074 = CARTESIAN_POINT('',(212.28125,-103.7382995285,-2.5));
#3075 = VECTOR('',#3076,1.);
#3076 = DIRECTION('',(0.,-1.,0.));
#3077 = ORIENTED_EDGE('',*,*,#2596,.T.);
#3078 = ORIENTED_EDGE('',*,*,#1322,.T.);
#3079 = ORIENTED_EDGE('',*,*,#2534,.F.);
#3080 = PLANE('',#3081);
#3081 = AXIS2_PLACEMENT_3D('',#3082,#3083,#3084);
#3082 = CARTESIAN_POINT('',(212.28125,-103.7382995285,-2.5));
#3083 = DIRECTION('',(-1.,-0.,-0.));
#3084 = DIRECTION('',(0.,-1.,0.));
#3085 = ADVANCED_FACE('',(#3086),#3104,.F.);
#3086 = FACE_BOUND('',#3087,.T.);
#3087 = EDGE_LOOP('',(#3088,#3096,#3097,#3098));
#3088 = ORIENTED_EDGE('',*,*,#3089,.F.);
#3089 = EDGE_CURVE('',#1241,#3090,#3092,.T.);
#3090 = VERTEX_POINT('',#3091);
#3091 = CARTESIAN_POINT('',(214.78125,-37.40254807749,-4.5));
#3092 = LINE('',#3093,#3094);
#3093 = CARTESIAN_POINT('',(214.78125,-37.40254807749,-4.5));
#3094 = VECTOR('',#3095,1.);
#3095 = DIRECTION('',(0.707106781187,4.329780281177E-17,-0.707106781187)
  );
#3096 = ORIENTED_EDGE('',*,*,#1240,.T.);
#3097 = ORIENTED_EDGE('',*,*,#3050,.T.);
#3098 = ORIENTED_EDGE('',*,*,#3099,.F.);
#3099 = EDGE_CURVE('',#3090,#1624,#3100,.T.);
#3100 = LINE('',#3101,#3102);
#3101 = CARTESIAN_POINT('',(214.78125,-37.40254807749,-4.5));
#3102 = VECTOR('',#3103,1.);
#3103 = DIRECTION('',(0.,-1.,0.));
#3104 = PLANE('',#3105);
#3105 = AXIS2_PLACEMENT_3D('',#3106,#3107,#3108);
#3106 = CARTESIAN_POINT('',(214.53125,-37.40254807749,-4.25));
#3107 = DIRECTION('',(-0.707106781187,-1.889513820523E-18,
    -0.707106781187));
#3108 = DIRECTION('',(-1.336088035637E-18,1.,-1.336088035637E-18));
#3109 = ADVANCED_FACE('',(#3110),#3129,.T.);
#3110 = FACE_BOUND('',#3111,.T.);
#3111 = EDGE_LOOP('',(#3112,#3120,#3121,#3122));
#3112 = ORIENTED_EDGE('',*,*,#3113,.F.);
#3113 = EDGE_CURVE('',#1249,#3114,#3116,.T.);
#3114 = VERTEX_POINT('',#3115);
#3115 = CARTESIAN_POINT('',(209.49999992249,-32.12129799999,-4.5));
#3116 = LINE('',#3117,#3118);
#3117 = CARTESIAN_POINT('',(209.49999992249,-32.37129799999,-4.25));
#3118 = VECTOR('',#3119,1.);
#3119 = DIRECTION('',(4.352981063053E-16,0.707106781187,-0.707106781187)
  );
#3120 = ORIENTED_EDGE('',*,*,#1248,.T.);
#3121 = ORIENTED_EDGE('',*,*,#3089,.T.);
#3122 = ORIENTED_EDGE('',*,*,#3123,.F.);
#3123 = EDGE_CURVE('',#3114,#3090,#3124,.T.);
#3124 = CIRCLE('',#3125,5.281250077504);
#3125 = AXIS2_PLACEMENT_3D('',#3126,#3127,#3128);
#3126 = CARTESIAN_POINT('',(209.49999992249,-37.40254807749,-4.5));
#3127 = DIRECTION('',(0.,0.,-1.));
#3128 = DIRECTION('',(0.,1.,0.));
#3129 = CONICAL_SURFACE('',#3130,5.281250077504,0.785398163397);
#3130 = AXIS2_PLACEMENT_3D('',#3131,#3132,#3133);
#3131 = CARTESIAN_POINT('',(209.49999992249,-37.40254807749,-4.5));
#3132 = DIRECTION('',(-0.,-0.,-1.));
#3133 = DIRECTION('',(0.,1.,0.));
#3134 = ADVANCED_FACE('',(#3135),#3153,.F.);
#3135 = FACE_BOUND('',#3136,.F.);
#3136 = EDGE_LOOP('',(#3137,#3145,#3151,#3152));
#3137 = ORIENTED_EDGE('',*,*,#3138,.F.);
#3138 = EDGE_CURVE('',#3139,#2628,#3141,.T.);
#3139 = VERTEX_POINT('',#3140);
#3140 = CARTESIAN_POINT('',(212.28125,-37.40254807749,-2.5));
#3141 = LINE('',#3142,#3143);
#3142 = CARTESIAN_POINT('',(212.28125,-37.40254807749,-2.5));
#3143 = VECTOR('',#3144,1.);
#3144 = DIRECTION('',(0.,-1.,0.));
#3145 = ORIENTED_EDGE('',*,*,#3146,.T.);
#3146 = EDGE_CURVE('',#3139,#1299,#3147,.T.);
#3147 = LINE('',#3148,#3149);
#3148 = CARTESIAN_POINT('',(212.28125,-37.40254807749,-2.5));
#3149 = VECTOR('',#3150,1.);
#3150 = DIRECTION('',(0.,0.,-1.));
#3151 = ORIENTED_EDGE('',*,*,#1306,.T.);
#3152 = ORIENTED_EDGE('',*,*,#2637,.F.);
#3153 = PLANE('',#3154);
#3154 = AXIS2_PLACEMENT_3D('',#3155,#3156,#3157);
#3155 = CARTESIAN_POINT('',(212.28125,-37.40254807749,-2.5));
#3156 = DIRECTION('',(-1.,-0.,-0.));
#3157 = DIRECTION('',(0.,-1.,0.));
#3158 = ADVANCED_FACE('',(#3159),#3177,.F.);
#3159 = FACE_BOUND('',#3160,.T.);
#3160 = EDGE_LOOP('',(#3161,#3169,#3170,#3171));
#3161 = ORIENTED_EDGE('',*,*,#3162,.F.);
#3162 = EDGE_CURVE('',#1258,#3163,#3165,.T.);
#3163 = VERTEX_POINT('',#3164);
#3164 = CARTESIAN_POINT('',(171.41474726643,-32.12129799999,-4.5));
#3165 = LINE('',#3166,#3167);
#3166 = CARTESIAN_POINT('',(171.26907609923,-32.40112970859,
    -4.220168291397));
#3167 = VECTOR('',#3168,1.);
#3168 = DIRECTION('',(0.345437164203,0.663578618397,-0.663578618397));
#3169 = ORIENTED_EDGE('',*,*,#1257,.T.);
#3170 = ORIENTED_EDGE('',*,*,#3113,.T.);
#3171 = ORIENTED_EDGE('',*,*,#3172,.F.);
#3172 = EDGE_CURVE('',#3163,#3114,#3173,.T.);
#3173 = LINE('',#3174,#3175);
#3174 = CARTESIAN_POINT('',(171.15446374115,-32.12129799999,-4.5));
#3175 = VECTOR('',#3176,1.);
#3176 = DIRECTION('',(1.,-6.156044856123E-16,0.));
#3177 = PLANE('',#3178);
#3178 = AXIS2_PLACEMENT_3D('',#3179,#3180,#3181);
#3179 = CARTESIAN_POINT('',(171.15446374115,-32.37129799999,-4.25));
#3180 = DIRECTION('',(-5.027373184444E-16,-0.707106781187,
    -0.707106781187));
#3181 = DIRECTION('',(-1.,6.632912098337E-16,4.768672422144E-17));
#3182 = ADVANCED_FACE('',(#3183),#3194,.F.);
#3183 = FACE_BOUND('',#3184,.F.);
#3184 = EDGE_LOOP('',(#3185,#3191,#3192,#3193));
#3185 = ORIENTED_EDGE('',*,*,#3186,.F.);
#3186 = EDGE_CURVE('',#2660,#3139,#3187,.T.);
#3187 = LINE('',#3188,#3189);
#3188 = CARTESIAN_POINT('',(209.28125,-37.40254807749,-2.5));
#3189 = VECTOR('',#3190,1.);
#3190 = DIRECTION('',(1.,0.,0.));
#3191 = ORIENTED_EDGE('',*,*,#2676,.T.);
#3192 = ORIENTED_EDGE('',*,*,#1298,.F.);
#3193 = ORIENTED_EDGE('',*,*,#3146,.F.);
#3194 = PLANE('',#3195);
#3195 = AXIS2_PLACEMENT_3D('',#3196,#3197,#3198);
#3196 = CARTESIAN_POINT('',(209.28125,-37.40254807749,-2.5));
#3197 = DIRECTION('',(0.,-1.,0.));
#3198 = DIRECTION('',(1.,0.,0.));
#3199 = ADVANCED_FACE('',(#3200),#3218,.T.);
#3200 = FACE_BOUND('',#3201,.T.);
#3201 = EDGE_LOOP('',(#3202,#3203,#3211,#3217));
#3202 = ORIENTED_EDGE('',*,*,#1265,.F.);
#3203 = ORIENTED_EDGE('',*,*,#3204,.T.);
#3204 = EDGE_CURVE('',#1258,#3205,#3207,.T.);
#3205 = VERTEX_POINT('',#3206);
#3206 = CARTESIAN_POINT('',(166.26077871355,-32.62129799999,
    -10.98890651831));
#3207 = LINE('',#3208,#3209);
#3208 = CARTESIAN_POINT('',(171.15446374115,-32.62129799999,-4.));
#3209 = VECTOR('',#3210,1.);
#3210 = DIRECTION('',(-0.573576436322,3.53096227041E-16,-0.81915204431)
  );
#3211 = ORIENTED_EDGE('',*,*,#3212,.T.);
#3212 = EDGE_CURVE('',#3205,#2727,#3213,.T.);
#3213 = LINE('',#3214,#3215);
#3214 = CARTESIAN_POINT('',(166.26077871355,-2.440027406418E-15,
    -10.98890651831));
#3215 = VECTOR('',#3216,1.);
#3216 = DIRECTION('',(0.,-1.,2.22044604925E-16));
#3217 = ORIENTED_EDGE('',*,*,#2726,.F.);
#3218 = PLANE('',#3219);
#3219 = AXIS2_PLACEMENT_3D('',#3220,#3221,#3222);
#3220 = CARTESIAN_POINT('',(166.26077871355,-2.440027406418E-15,
    -10.98890651831));
#3221 = DIRECTION('',(-0.81915204431,1.273595531973E-16,0.573576436322)
  );
#3222 = DIRECTION('',(0.573576436322,1.818882920523E-16,0.81915204431));
#3223 = ADVANCED_FACE('',(#3224),#3234,.T.);
#3224 = FACE_BOUND('',#3225,.T.);
#3225 = EDGE_LOOP('',(#3226,#3227,#3228,#3233));
#3226 = ORIENTED_EDGE('',*,*,#1400,.T.);
#3227 = ORIENTED_EDGE('',*,*,#1588,.T.);
#3228 = ORIENTED_EDGE('',*,*,#3229,.F.);
#3229 = EDGE_CURVE('',#1441,#1564,#3230,.T.);
#3230 = B_SPLINE_CURVE_WITH_KNOTS('',1,(#3231,#3232),.UNSPECIFIED.,.F.,
  .F.,(2,2),(0.,2.075553201986E-02),.PIECEWISE_BEZIER_KNOTS.);
#3231 = CARTESIAN_POINT('',(129.78164869477,-146.9656238244,
    -8.299306022785));
#3232 = CARTESIAN_POINT('',(129.8211876479,-146.4653515035,
    -7.800855397874));
#3233 = ORIENTED_EDGE('',*,*,#1450,.F.);
#3234 = B_SPLINE_SURFACE_WITH_KNOTS('',1,3,(
    (#3235,#3236,#3237,#3238)
    ,(#3239,#3240,#3241,#3242
    )),.UNSPECIFIED.,.F.,.F.,.F.,(2,2),(4,4),(0.,2.075553201986E-02),(
    37.74162086114,37.76237639316),.PIECEWISE_BEZIER_KNOTS.);
#3235 = CARTESIAN_POINT('',(129.8023359999,-146.965524427,
    -8.301115884596));
#3236 = CARTESIAN_POINT('',(129.79544046142,-146.9655860902,
    -8.300512597962));
#3237 = CARTESIAN_POINT('',(129.78854469988,-146.9656192234,
    -8.299909315202));
#3238 = CARTESIAN_POINT('',(129.78164869477,-146.9656238244,
    -8.299306022785));
#3239 = CARTESIAN_POINT('',(129.84199763564,-146.4651847918,
    -7.802676035888));
#3240 = CARTESIAN_POINT('',(129.8350609607,-146.4652395016,
    -7.802069155468));
#3241 = CARTESIAN_POINT('',(129.82812429803,-146.4652950723,
    -7.801462276123));
#3242 = CARTESIAN_POINT('',(129.8211876479,-146.4653515035,
    -7.800855397874));
#3243 = ADVANCED_FACE('',(#3244),#3279,.T.);
#3244 = FACE_BOUND('',#3245,.F.);
#3245 = EDGE_LOOP('',(#3246,#3254,#3277,#3278));
#3246 = ORIENTED_EDGE('',*,*,#3247,.F.);
#3247 = EDGE_CURVE('',#3248,#2000,#3250,.T.);
#3248 = VERTEX_POINT('',#3249);
#3249 = CARTESIAN_POINT('',(124.49687499999,-141.6843749224,
    -7.835038400307));
#3250 = LINE('',#3251,#3252);
#3251 = CARTESIAN_POINT('',(124.49687499999,-141.6843749224,-4.));
#3252 = VECTOR('',#3253,1.);
#3253 = DIRECTION('',(0.,0.,-1.));
#3254 = ORIENTED_EDGE('',*,*,#3255,.F.);
#3255 = EDGE_CURVE('',#1441,#3248,#3256,.T.);
#3256 = B_SPLINE_CURVE_WITH_KNOTS('',7,(#3257,#3258,#3259,#3260,#3261,
    #3262,#3263,#3264,#3265,#3266,#3267,#3268,#3269,#3270,#3271,#3272,
    #3273,#3274,#3275,#3276),.UNSPECIFIED.,.F.,.F.,(8,6,6,8),(
    37.762376393159,37.785340660037,37.806096285288,46.132638567204),
  .UNSPECIFIED.);
#3257 = CARTESIAN_POINT('',(129.78164869477,-146.9656238244,
    -8.299306022785));
#3258 = CARTESIAN_POINT('',(129.77837875688,-146.9656260061,
    -8.299019954445));
#3259 = CARTESIAN_POINT('',(129.77510879776,-146.9656258257,
    -8.29873388444));
#3260 = CARTESIAN_POINT('',(129.7718388171,-146.9656232833,
    -8.298447812066));
#3261 = CARTESIAN_POINT('',(129.7685688145,-146.9656183787,
    -8.298161736613));
#3262 = CARTESIAN_POINT('',(129.76529878969,-146.9656111119,
    -8.297875657376));
#3263 = CARTESIAN_POINT('',(129.76202874226,-146.9656014828,
    -8.297589573648));
#3264 = CARTESIAN_POINT('',(129.75580310815,-146.9655786532,
    -8.297044911061));
#3265 = CARTESIAN_POINT('',(129.75284740872,-146.9655658847,
    -8.296786322585));
#3266 = CARTESIAN_POINT('',(129.7498919866,-146.9655511876,
    -8.296527755047));
#3267 = CARTESIAN_POINT('',(129.74693658074,-146.9655345608,
    -8.296269186528));
#3268 = CARTESIAN_POINT('',(129.74398116997,-146.9655160047,
    -8.296010616208));
#3269 = CARTESIAN_POINT('',(129.74102599449,-146.9654955206,
    -8.295752065543));
#3270 = CARTESIAN_POINT('',(128.55248798937,-146.9564810759,
    -8.19176539852));
#3271 = CARTESIAN_POINT('',(127.37193912945,-146.637018021,
    -8.088242037333));
#3272 = CARTESIAN_POINT('',(126.29340114821,-146.0101342557,
    -7.993457535074));
#3273 = CARTESIAN_POINT('',(125.41313743597,-145.1173594252,
    -7.915862859242));
#3274 = CARTESIAN_POINT('',(124.80226018386,-144.0359752399,
    -7.861981299436));
#3275 = CARTESIAN_POINT('',(124.49687499999,-142.8601622716,
    -7.835038400307));
#3276 = CARTESIAN_POINT('',(124.49687499999,-141.6843749224,
    -7.835038400307));
#3277 = ORIENTED_EDGE('',*,*,#1440,.T.);
#3278 = ORIENTED_EDGE('',*,*,#1999,.T.);
#3279 = CYLINDRICAL_SURFACE('',#3280,5.281250077504);
#3280 = AXIS2_PLACEMENT_3D('',#3281,#3282,#3283);
#3281 = CARTESIAN_POINT('',(129.7781250775,-141.6843749224,-4.));
#3282 = DIRECTION('',(0.,0.,1.));
#3283 = DIRECTION('',(-3.254771097083E-08,-1.,0.));
#3284 = ADVANCED_FACE('',(#3285),#3295,.T.);
#3285 = FACE_BOUND('',#3286,.T.);
#3286 = EDGE_LOOP('',(#3287,#3288,#3289,#3294));
#3287 = ORIENTED_EDGE('',*,*,#3229,.T.);
#3288 = ORIENTED_EDGE('',*,*,#1563,.T.);
#3289 = ORIENTED_EDGE('',*,*,#3290,.F.);
#3290 = EDGE_CURVE('',#3248,#1556,#3291,.T.);
#3291 = B_SPLINE_CURVE_WITH_KNOTS('',1,(#3292,#3293),.UNSPECIFIED.,.F.,
  .F.,(2,2),(0.,8.370262174045),.PIECEWISE_BEZIER_KNOTS.);
#3292 = CARTESIAN_POINT('',(124.49687499999,-141.6843749224,
    -7.835038400307));
#3293 = CARTESIAN_POINT('',(124.99497234904,-141.6843749224,
    -7.378616271663));
#3294 = ORIENTED_EDGE('',*,*,#3255,.F.);
#3295 = B_SPLINE_SURFACE_WITH_KNOTS('',1,7,(
    (#3296,#3297,#3298,#3299,#3300,#3301,#3302,#3303,#3304,#3305,#3306
      ,#3307,#3308,#3309,#3310,#3311,#3312,#3313,#3314,#3315)
    ,(#3316,#3317,#3318,#3319,#3320,#3321,#3322,#3323,#3324,#3325,#3326
      ,#3327,#3328,#3329,#3330,#3331,#3332,#3333,#3334,#3335
  )),.UNSPECIFIED.,.F.,.F.,.F.,(2,2),(8,6,6,8),(0.,8.370262174045),(
    37.762376393159,37.785340660037,37.806096285288,46.132638567204),
  .UNSPECIFIED.);
#3296 = CARTESIAN_POINT('',(129.78164869477,-146.9656238244,
    -8.299306022785));
#3297 = CARTESIAN_POINT('',(129.77837875688,-146.9656260061,
    -8.299019954445));
#3298 = CARTESIAN_POINT('',(129.77510879776,-146.9656258257,
    -8.29873388444));
#3299 = CARTESIAN_POINT('',(129.7718388171,-146.9656232833,
    -8.298447812066));
#3300 = CARTESIAN_POINT('',(129.7685688145,-146.9656183787,
    -8.298161736613));
#3301 = CARTESIAN_POINT('',(129.76529878969,-146.9656111119,
    -8.297875657376));
#3302 = CARTESIAN_POINT('',(129.76202874226,-146.9656014828,
    -8.297589573648));
#3303 = CARTESIAN_POINT('',(129.75580310815,-146.9655786532,
    -8.297044911061));
#3304 = CARTESIAN_POINT('',(129.75284740872,-146.9655658847,
    -8.296786322585));
#3305 = CARTESIAN_POINT('',(129.7498919866,-146.9655511876,
    -8.296527755047));
#3306 = CARTESIAN_POINT('',(129.74693658074,-146.9655345608,
    -8.296269186528));
#3307 = CARTESIAN_POINT('',(129.74398116997,-146.9655160047,
    -8.296010616208));
#3308 = CARTESIAN_POINT('',(129.74102599449,-146.9654955206,
    -8.295752065543));
#3309 = CARTESIAN_POINT('',(128.55248798937,-146.9564810759,
    -8.19176539852));
#3310 = CARTESIAN_POINT('',(127.37193912945,-146.637018021,
    -8.088242037333));
#3311 = CARTESIAN_POINT('',(126.29340114821,-146.0101342557,
    -7.993457535074));
#3312 = CARTESIAN_POINT('',(125.41313743597,-145.1173594252,
    -7.915862859242));
#3313 = CARTESIAN_POINT('',(124.80226018386,-144.0359752399,
    -7.861981299436));
#3314 = CARTESIAN_POINT('',(124.49687499999,-142.8601622716,
    -7.835038400307));
#3315 = CARTESIAN_POINT('',(124.49687499999,-141.6843749224,
    -7.835038400307));
#3316 = CARTESIAN_POINT('',(129.8211876479,-146.4653515035,
    -7.800855397874));
#3317 = CARTESIAN_POINT('',(129.81789843701,-146.4653782619,
    -7.800567629209));
#3318 = CARTESIAN_POINT('',(129.8146092283,-146.4654051709,
    -7.800279860735));
#3319 = CARTESIAN_POINT('',(129.81132002181,-146.4654322303,
    -7.799992092455));
#3320 = CARTESIAN_POINT('',(129.80803081751,-146.4654594402,
    -7.799704324367));
#3321 = CARTESIAN_POINT('',(129.80474161545,-146.4654868006,
    -7.799416556475));
#3322 = CARTESIAN_POINT('',(129.80145241561,-146.4655143114,
    -7.799128788777));
#3323 = CARTESIAN_POINT('',(129.79519036663,-146.4655669736,
    -7.798580930481));
#3324 = CARTESIAN_POINT('',(129.79322146302,-146.465583054,
    -7.798408673735));
#3325 = CARTESIAN_POINT('',(129.79086320739,-146.4655976748,
    -7.798202353102));
#3326 = CARTESIAN_POINT('',(129.78833917447,-146.465609774,
    -7.797981528835));
#3327 = CARTESIAN_POINT('',(129.78604645963,-146.4656174965,
    -7.797780942279));
#3328 = CARTESIAN_POINT('',(129.78385974996,-146.4656215298,
    -7.797589629972));
#3329 = CARTESIAN_POINT('',(128.70727792629,-146.4666323121,
    -7.703400925081));
#3330 = CARTESIAN_POINT('',(127.63263938071,-146.1855986009,
    -7.609382234995));
#3331 = CARTESIAN_POINT('',(126.64670172781,-145.6237305139,
    -7.523123867458));
#3332 = CARTESIAN_POINT('',(125.83798252713,-144.8150629646,
    -7.452370105452));
#3333 = CARTESIAN_POINT('',(125.27599090756,-143.8302576564,
    -7.403202209764));
#3334 = CARTESIAN_POINT('',(124.99497234904,-142.757306957,
    -7.378616271663));
#3335 = CARTESIAN_POINT('',(124.99497234904,-141.6843749224,
    -7.378616271663));
#3336 = ADVANCED_FACE('',(#3337),#3355,.F.);
#3337 = FACE_BOUND('',#3338,.F.);
#3338 = EDGE_LOOP('',(#3339,#3340,#3348,#3354));
#3339 = ORIENTED_EDGE('',*,*,#3290,.F.);
#3340 = ORIENTED_EDGE('',*,*,#3341,.T.);
#3341 = EDGE_CURVE('',#3248,#3342,#3344,.T.);
#3342 = VERTEX_POINT('',#3343);
#3343 = CARTESIAN_POINT('',(124.49687499999,-133.6781249999,
    -7.835038400307));
#3344 = LINE('',#3345,#3346);
#3345 = CARTESIAN_POINT('',(124.49687499999,-141.6843749224,
    -7.835038400307));
#3346 = VECTOR('',#3347,1.);
#3347 = DIRECTION('',(-2.094464790189E-13,1.,1.810214791705E-14));
#3348 = ORIENTED_EDGE('',*,*,#3349,.T.);
#3349 = EDGE_CURVE('',#3342,#1543,#3350,.T.);
#3350 = LINE('',#3351,#3352);
#3351 = CARTESIAN_POINT('',(124.74592367451,-133.6781249999,
    -7.606827335985));
#3352 = VECTOR('',#3353,1.);
#3353 = DIRECTION('',(0.737277336798,1.42190508383E-13,0.675590207629));
#3354 = ORIENTED_EDGE('',*,*,#1555,.F.);
#3355 = PLANE('',#3356);
#3356 = AXIS2_PLACEMENT_3D('',#3357,#3358,#3359);
#3357 = CARTESIAN_POINT('',(124.74592367452,-141.6843749224,
    -7.606827335985));
#3358 = DIRECTION('',(0.675590207629,1.544868807121E-13,-0.737277336798)
  );
#3359 = DIRECTION('',(-2.092036631548E-13,1.,1.783716090032E-14));
#3360 = ADVANCED_FACE('',(#3361),#3383,.T.);
#3361 = FACE_BOUND('',#3362,.T.);
#3362 = EDGE_LOOP('',(#3363,#3364,#3365,#3372));
#3363 = ORIENTED_EDGE('',*,*,#3349,.T.);
#3364 = ORIENTED_EDGE('',*,*,#1542,.T.);
#3365 = ORIENTED_EDGE('',*,*,#3366,.F.);
#3366 = EDGE_CURVE('',#3367,#1535,#3369,.T.);
#3367 = VERTEX_POINT('',#3368);
#3368 = CARTESIAN_POINT('',(123.49687499999,-132.6781249999,
    -7.749459655588));
#3369 = B_SPLINE_CURVE_WITH_KNOTS('',1,(#3370,#3371),.UNSPECIFIED.,.F.,
  .F.,(2,2),(0.,1.530039766271),.PIECEWISE_BEZIER_KNOTS.);
#3370 = CARTESIAN_POINT('',(123.49687499999,-132.6781249999,
    -7.749459655588));
#3371 = CARTESIAN_POINT('',(123.54087656148,-132.1781251808,
    -7.251399374624));
#3372 = ORIENTED_EDGE('',*,*,#3373,.F.);
#3373 = EDGE_CURVE('',#3342,#3367,#3374,.T.);
#3374 = B_SPLINE_CURVE_WITH_KNOTS('',7,(#3375,#3376,#3377,#3378,#3379,
    #3380,#3381,#3382),.UNSPECIFIED.,.F.,.F.,(8,8),(54.138888490002,
    55.668928256274),.PIECEWISE_BEZIER_KNOTS.);
#3375 = CARTESIAN_POINT('',(124.49687499999,-133.6781249999,
    -7.835038400307));
#3376 = CARTESIAN_POINT('',(124.49687499999,-133.4504099958,
    -7.835038400307));
#3377 = CARTESIAN_POINT('',(124.43631702718,-133.2199119345,
    -7.829945040238));
#3378 = CARTESIAN_POINT('',(124.31289908141,-133.0071227706,
    -7.819923372103));
#3379 = CARTESIAN_POINT('',(124.13294709494,-132.8415006512,
    -7.805263583359));
#3380 = CARTESIAN_POINT('',(123.93050388564,-132.7337291489,
    -7.787361379812));
#3381 = CARTESIAN_POINT('',(123.71483915092,-132.6781249999,
    -7.768529047841));
#3382 = CARTESIAN_POINT('',(123.49687499999,-132.6781249999,
    -7.749459655588));
#3383 = B_SPLINE_SURFACE_WITH_KNOTS('',1,7,(
    (#3384,#3385,#3386,#3387,#3388,#3389,#3390,#3391)
    ,(#3392,#3393,#3394,#3395,#3396,#3397,#3398,#3399
  )),.UNSPECIFIED.,.F.,.F.,.F.,(2,2),(8,8),(0.,1.530039766271),(
    54.138888490002,55.668928256274),.PIECEWISE_BEZIER_KNOTS.);
#3384 = CARTESIAN_POINT('',(124.49687499999,-133.6781249999,
    -7.835038400307));
#3385 = CARTESIAN_POINT('',(124.49687499999,-133.4504099958,
    -7.835038400307));
#3386 = CARTESIAN_POINT('',(124.43631702718,-133.2199119345,
    -7.829945040238));
#3387 = CARTESIAN_POINT('',(124.31289908141,-133.0071227706,
    -7.819923372103));
#3388 = CARTESIAN_POINT('',(124.13294709494,-132.8415006512,
    -7.805263583359));
#3389 = CARTESIAN_POINT('',(123.93050388564,-132.7337291489,
    -7.787361379812));
#3390 = CARTESIAN_POINT('',(123.71483915092,-132.6781249999,
    -7.768529047841));
#3391 = CARTESIAN_POINT('',(123.49687499999,-132.6781249999,
    -7.749459655588));
#3392 = CARTESIAN_POINT('',(124.99497234904,-133.6781249999,
    -7.378616271663));
#3393 = CARTESIAN_POINT('',(124.99497234904,-133.3504514376,
    -7.378616271663));
#3394 = CARTESIAN_POINT('',(124.91164480497,-133.0227483525,
    -7.371326056201));
#3395 = CARTESIAN_POINT('',(124.74739185517,-132.7199079319,
    -7.356955785148));
#3396 = CARTESIAN_POINT('',(124.5126466544,-132.4629469361,
    -7.336418241272));
#3397 = CARTESIAN_POINT('',(124.21382671923,-132.2741020785,
    -7.31027488452));
#3398 = CARTESIAN_POINT('',(123.87897850998,-132.1784138748,
    -7.280979462221));
#3399 = CARTESIAN_POINT('',(123.54087656148,-132.1781251808,
    -7.251399374624));
#3400 = ADVANCED_FACE('',(#3401),#3419,.F.);
#3401 = FACE_BOUND('',#3402,.F.);
#3402 = EDGE_LOOP('',(#3403,#3404,#3412,#3418));
#3403 = ORIENTED_EDGE('',*,*,#3366,.F.);
#3404 = ORIENTED_EDGE('',*,*,#3405,.T.);
#3405 = EDGE_CURVE('',#3367,#3406,#3408,.T.);
#3406 = VERTEX_POINT('',#3407);
#3407 = CARTESIAN_POINT('',(100.92962420364,-132.6781249999,
    -5.77508104478));
#3408 = LINE('',#3409,#3410);
#3409 = CARTESIAN_POINT('',(123.45329712864,-132.6781249999,
    -7.745647085865));
#3410 = VECTOR('',#3411,1.);
#3411 = DIRECTION('',(-0.996194698095,1.350238305346E-12,
    8.715574271178E-02));
#3412 = ORIENTED_EDGE('',*,*,#3413,.T.);
#3413 = EDGE_CURVE('',#3406,#1527,#3414,.T.);
#3414 = LINE('',#3415,#3416);
#3415 = CARTESIAN_POINT('',(103.06555663753,-129.4531463722,
    -2.724653396552));
#3416 = VECTOR('',#3417,1.);
#3417 = DIRECTION('',(0.43358303097,0.654653670708,0.619220741484));
#3418 = ORIENTED_EDGE('',*,*,#1534,.F.);
#3419 = PLANE('',#3420);
#3420 = AXIS2_PLACEMENT_3D('',#3421,#3422,#3423);
#3421 = CARTESIAN_POINT('',(123.47508606431,-132.4281249999,
    -7.496598411341));
#3422 = DIRECTION('',(-6.16284166899E-02,0.707106781187,-0.704416026405)
  );
#3423 = DIRECTION('',(-0.996194698095,1.350219496996E-12,
    8.715574271178E-02));
#3424 = ADVANCED_FACE('',(#3425),#3443,.T.);
#3425 = FACE_BOUND('',#3426,.T.);
#3426 = EDGE_LOOP('',(#3427,#3435,#3441,#3442));
#3427 = ORIENTED_EDGE('',*,*,#3428,.F.);
#3428 = EDGE_CURVE('',#3429,#2348,#3431,.T.);
#3429 = VERTEX_POINT('',#3430);
#3430 = CARTESIAN_POINT('',(100.65357927803,-132.1781249999,-4.));
#3431 = LINE('',#3432,#3433);
#3432 = CARTESIAN_POINT('',(100.65357927803,-44.68344092948,-4.));
#3433 = VECTOR('',#3434,1.);
#3434 = DIRECTION('',(-1.035410997383E-16,1.,0.));
#3435 = ORIENTED_EDGE('',*,*,#3436,.T.);
#3436 = EDGE_CURVE('',#3429,#1527,#3437,.T.);
#3437 = LINE('',#3438,#3439);
#3438 = CARTESIAN_POINT('',(100.65357927803,-132.1781249999,-4.));
#3439 = VECTOR('',#3440,1.);
#3440 = DIRECTION('',(0.422618261773,-5.728150999761E-13,-0.906307787021
    ));
#3441 = ORIENTED_EDGE('',*,*,#1526,.F.);
#3442 = ORIENTED_EDGE('',*,*,#2357,.F.);
#3443 = PLANE('',#3444);
#3444 = AXIS2_PLACEMENT_3D('',#3445,#3446,#3447);
#3445 = CARTESIAN_POINT('',(73.685660046695,1.195330266277E-14,
    53.832889417912));
#3446 = DIRECTION('',(0.906307787021,9.384010496956E-17,0.422618261773)
  );
#3447 = DIRECTION('',(0.422618261773,-2.012407545097E-16,-0.906307787021
    ));
#3448 = ADVANCED_FACE('',(#3449),#3460,.F.);
#3449 = FACE_BOUND('',#3450,.F.);
#3450 = EDGE_LOOP('',(#3451,#3452,#3453,#3459));
#3451 = ORIENTED_EDGE('',*,*,#1632,.F.);
#3452 = ORIENTED_EDGE('',*,*,#3099,.F.);
#3453 = ORIENTED_EDGE('',*,*,#3454,.T.);
#3454 = EDGE_CURVE('',#3090,#1701,#3455,.T.);
#3455 = LINE('',#3456,#3457);
#3456 = CARTESIAN_POINT('',(214.78125,-37.40254807749,-4.));
#3457 = VECTOR('',#3458,1.);
#3458 = DIRECTION('',(0.,0.,-1.));
#3459 = ORIENTED_EDGE('',*,*,#1709,.T.);
#3460 = PLANE('',#3461);
#3461 = AXIS2_PLACEMENT_3D('',#3462,#3463,#3464);
#3462 = CARTESIAN_POINT('',(214.78125,-37.40254807749,-4.));
#3463 = DIRECTION('',(-1.,-0.,-0.));
#3464 = DIRECTION('',(0.,-1.,0.));
#3465 = ADVANCED_FACE('',(#3466),#3477,.T.);
#3466 = FACE_BOUND('',#3467,.F.);
#3467 = EDGE_LOOP('',(#3468,#3469,#3470,#3476));
#3468 = ORIENTED_EDGE('',*,*,#3454,.F.);
#3469 = ORIENTED_EDGE('',*,*,#3123,.F.);
#3470 = ORIENTED_EDGE('',*,*,#3471,.T.);
#3471 = EDGE_CURVE('',#3114,#1724,#3472,.T.);
#3472 = LINE('',#3473,#3474);
#3473 = CARTESIAN_POINT('',(209.49999992249,-32.12129799999,-4.));
#3474 = VECTOR('',#3475,1.);
#3475 = DIRECTION('',(0.,0.,-1.));
#3476 = ORIENTED_EDGE('',*,*,#1731,.T.);
#3477 = CYLINDRICAL_SURFACE('',#3478,5.281250077504);
#3478 = AXIS2_PLACEMENT_3D('',#3479,#3480,#3481);
#3479 = CARTESIAN_POINT('',(209.49999992249,-37.40254807749,-4.));
#3480 = DIRECTION('',(0.,0.,1.));
#3481 = DIRECTION('',(1.,0.,0.));
#3482 = ADVANCED_FACE('',(#3483),#3526,.F.);
#3483 = FACE_BOUND('',#3484,.F.);
#3484 = EDGE_LOOP('',(#3485,#3486,#3487,#3495,#3503,#3511,#3519,#3525));
#3485 = ORIENTED_EDGE('',*,*,#3471,.F.);
#3486 = ORIENTED_EDGE('',*,*,#3172,.F.);
#3487 = ORIENTED_EDGE('',*,*,#3488,.T.);
#3488 = EDGE_CURVE('',#3163,#3489,#3491,.T.);
#3489 = VERTEX_POINT('',#3490);
#3490 = CARTESIAN_POINT('',(166.50477748075,-32.12129799999,
    -11.51216356312));
#3491 = LINE('',#3492,#3493);
#3492 = CARTESIAN_POINT('',(171.5640397633,-32.12129799999,
    -4.286788218161));
#3493 = VECTOR('',#3494,1.);
#3494 = DIRECTION('',(-0.573576436322,3.53096227041E-16,-0.81915204431)
  );
#3495 = ORIENTED_EDGE('',*,*,#3496,.T.);
#3496 = EDGE_CURVE('',#3489,#3497,#3499,.T.);
#3497 = VERTEX_POINT('',#3498);
#3498 = CARTESIAN_POINT('',(100.92962420364,-32.12129799999,
    -5.77508104478));
#3499 = LINE('',#3500,#3501);
#3500 = CARTESIAN_POINT('',(166.2172008422,-32.12129799999,
    -11.48700386736));
#3501 = VECTOR('',#3502,1.);
#3502 = DIRECTION('',(-0.996194698095,6.132619246904E-16,
    8.715574271178E-02));
#3503 = ORIENTED_EDGE('',*,*,#3504,.T.);
#3504 = EDGE_CURVE('',#3497,#3505,#3507,.T.);
#3505 = VERTEX_POINT('',#3506);
#3506 = CARTESIAN_POINT('',(100.33504414764,-32.12129799999,-4.5));
#3507 = LINE('',#3508,#3509);
#3508 = CARTESIAN_POINT('',(100.80762482004,-32.12129799999,
    -5.513452522377));
#3509 = VECTOR('',#3510,1.);
#3510 = DIRECTION('',(-0.422618261773,2.601656976493E-16,0.906307787021)
  );
#3511 = ORIENTED_EDGE('',*,*,#3512,.F.);
#3512 = EDGE_CURVE('',#3513,#3505,#3515,.T.);
#3513 = VERTEX_POINT('',#3514);
#3514 = CARTESIAN_POINT('',(94.078044370398,-32.12129799999,-4.5));
#3515 = LINE('',#3516,#3517);
#3516 = CARTESIAN_POINT('',(94.078044370398,-32.12129799999,-4.5));
#3517 = VECTOR('',#3518,1.);
#3518 = DIRECTION('',(1.,-6.156044856123E-16,0.));
#3519 = ORIENTED_EDGE('',*,*,#3520,.T.);
#3520 = EDGE_CURVE('',#3513,#1777,#3521,.T.);
#3521 = LINE('',#3522,#3523);
#3522 = CARTESIAN_POINT('',(94.078044370398,-32.12129799999,-4.));
#3523 = VECTOR('',#3524,1.);
#3524 = DIRECTION('',(0.,0.,-1.));
#3525 = ORIENTED_EDGE('',*,*,#1785,.T.);
#3526 = PLANE('',#3527);
#3527 = AXIS2_PLACEMENT_3D('',#3528,#3529,#3530);
#3528 = CARTESIAN_POINT('',(94.078044370398,-32.12129799999,-4.));
#3529 = DIRECTION('',(-6.156044856123E-16,-1.,-0.));
#3530 = DIRECTION('',(1.,-6.156044856123E-16,0.));
#3531 = ADVANCED_FACE('',(#3532),#3551,.T.);
#3532 = FACE_BOUND('',#3533,.F.);
#3533 = EDGE_LOOP('',(#3534,#3535,#3544,#3550));
#3534 = ORIENTED_EDGE('',*,*,#3520,.F.);
#3535 = ORIENTED_EDGE('',*,*,#3536,.F.);
#3536 = EDGE_CURVE('',#3537,#3513,#3539,.T.);
#3537 = VERTEX_POINT('',#3538);
#3538 = CARTESIAN_POINT('',(88.796799329856,-37.39661580683,-4.5));
#3539 = CIRCLE('',#3540,5.281248370398);
#3540 = AXIS2_PLACEMENT_3D('',#3541,#3542,#3543);
#3541 = CARTESIAN_POINT('',(94.078044370398,-37.40254637039,-4.5));
#3542 = DIRECTION('',(0.,0.,-1.));
#3543 = DIRECTION('',(-0.999999369494,1.122947291399E-03,0.));
#3544 = ORIENTED_EDGE('',*,*,#3545,.T.);
#3545 = EDGE_CURVE('',#3537,#1820,#3546,.T.);
#3546 = LINE('',#3547,#3548);
#3547 = CARTESIAN_POINT('',(88.796799329856,-37.39661580683,-4.));
#3548 = VECTOR('',#3549,1.);
#3549 = DIRECTION('',(0.,0.,-1.));
#3550 = ORIENTED_EDGE('',*,*,#1827,.T.);
#3551 = CYLINDRICAL_SURFACE('',#3552,5.281248370398);
#3552 = AXIS2_PLACEMENT_3D('',#3553,#3554,#3555);
#3553 = CARTESIAN_POINT('',(94.078044370398,-37.40254637039,-4.));
#3554 = DIRECTION('',(0.,0.,1.));
#3555 = DIRECTION('',(-1.,-6.843476888621E-07,0.));
#3556 = ADVANCED_FACE('',(#3557),#3575,.F.);
#3557 = FACE_BOUND('',#3558,.F.);
#3558 = EDGE_LOOP('',(#3559,#3560,#3568,#3574));
#3559 = ORIENTED_EDGE('',*,*,#3545,.F.);
#3560 = ORIENTED_EDGE('',*,*,#3561,.F.);
#3561 = EDGE_CURVE('',#3562,#3537,#3564,.T.);
#3562 = VERTEX_POINT('',#3563);
#3563 = CARTESIAN_POINT('',(88.783289908893,-41.34716960713,-4.5));
#3564 = LINE('',#3565,#3566);
#3565 = CARTESIAN_POINT('',(88.783289908893,-41.34716960713,-4.5));
#3566 = VECTOR('',#3567,1.);
#3567 = DIRECTION('',(3.41960713813E-03,0.999994153126,0.));
#3568 = ORIENTED_EDGE('',*,*,#3569,.T.);
#3569 = EDGE_CURVE('',#3562,#2039,#3570,.T.);
#3570 = LINE('',#3571,#3572);
#3571 = CARTESIAN_POINT('',(88.783289908893,-41.34716960713,-4.));
#3572 = VECTOR('',#3573,1.);
#3573 = DIRECTION('',(0.,0.,-1.));
#3574 = ORIENTED_EDGE('',*,*,#2047,.T.);
#3575 = PLANE('',#3576);
#3576 = AXIS2_PLACEMENT_3D('',#3577,#3578,#3579);
#3577 = CARTESIAN_POINT('',(88.783289908893,-41.34716960713,-4.));
#3578 = DIRECTION('',(0.999994153126,-3.41960713813E-03,0.));
#3579 = DIRECTION('',(3.41960713813E-03,0.999994153126,0.));
#3580 = ADVANCED_FACE('',(#3581),#3592,.F.);
#3581 = FACE_BOUND('',#3582,.F.);
#3582 = EDGE_LOOP('',(#3583,#3589,#3590,#3591));
#3583 = ORIENTED_EDGE('',*,*,#3584,.F.);
#3584 = EDGE_CURVE('',#3342,#2064,#3585,.T.);
#3585 = LINE('',#3586,#3587);
#3586 = CARTESIAN_POINT('',(124.49687499999,-133.6781249999,-4.));
#3587 = VECTOR('',#3588,1.);
#3588 = DIRECTION('',(0.,0.,-1.));
#3589 = ORIENTED_EDGE('',*,*,#3341,.F.);
#3590 = ORIENTED_EDGE('',*,*,#3247,.T.);
#3591 = ORIENTED_EDGE('',*,*,#2071,.T.);
#3592 = PLANE('',#3593);
#3593 = AXIS2_PLACEMENT_3D('',#3594,#3595,#3596);
#3594 = CARTESIAN_POINT('',(124.49687499999,-141.6843749224,-4.));
#3595 = DIRECTION('',(1.,2.094464790189E-13,0.));
#3596 = DIRECTION('',(-2.094464790189E-13,1.,0.));
#3597 = ADVANCED_FACE('',(#3598),#3617,.F.);
#3598 = FACE_BOUND('',#3599,.F.);
#3599 = EDGE_LOOP('',(#3600,#3601,#3610,#3616));
#3600 = ORIENTED_EDGE('',*,*,#3569,.F.);
#3601 = ORIENTED_EDGE('',*,*,#3602,.F.);
#3602 = EDGE_CURVE('',#3603,#3562,#3605,.T.);
#3603 = VERTEX_POINT('',#3604);
#3604 = CARTESIAN_POINT('',(87.783295755767,-42.34374999999,-4.5));
#3605 = CIRCLE('',#3606,1.);
#3606 = AXIS2_PLACEMENT_3D('',#3607,#3608,#3609);
#3607 = CARTESIAN_POINT('',(87.783295755767,-41.34374999999,-4.5));
#3608 = DIRECTION('',(-0.,0.,1.));
#3609 = DIRECTION('',(5.684341886081E-14,-1.,0.));
#3610 = ORIENTED_EDGE('',*,*,#3611,.T.);
#3611 = EDGE_CURVE('',#3603,#2086,#3612,.T.);
#3612 = LINE('',#3613,#3614);
#3613 = CARTESIAN_POINT('',(87.783295755767,-42.34374999999,-4.));
#3614 = VECTOR('',#3615,1.);
#3615 = DIRECTION('',(0.,0.,-1.));
#3616 = ORIENTED_EDGE('',*,*,#2093,.T.);
#3617 = CYLINDRICAL_SURFACE('',#3618,1.);
#3618 = AXIS2_PLACEMENT_3D('',#3619,#3620,#3621);
#3619 = CARTESIAN_POINT('',(87.783295755767,-41.34374999999,-4.));
#3620 = DIRECTION('',(0.,0.,1.));
#3621 = DIRECTION('',(-1.110223024625E-16,-1.,0.));
#3622 = ADVANCED_FACE('',(#3623),#3634,.F.);
#3623 = FACE_BOUND('',#3624,.F.);
#3624 = EDGE_LOOP('',(#3625,#3631,#3632,#3633));
#3625 = ORIENTED_EDGE('',*,*,#3626,.F.);
#3626 = EDGE_CURVE('',#3367,#2146,#3627,.T.);
#3627 = LINE('',#3628,#3629);
#3628 = CARTESIAN_POINT('',(123.49687499999,-132.6781249999,-4.));
#3629 = VECTOR('',#3630,1.);
#3630 = DIRECTION('',(0.,0.,-1.));
#3631 = ORIENTED_EDGE('',*,*,#3373,.F.);
#3632 = ORIENTED_EDGE('',*,*,#3584,.T.);
#3633 = ORIENTED_EDGE('',*,*,#2145,.T.);
#3634 = CYLINDRICAL_SURFACE('',#3635,1.);
#3635 = AXIS2_PLACEMENT_3D('',#3636,#3637,#3638);
#3636 = CARTESIAN_POINT('',(123.49687499999,-133.6781249999,-4.));
#3637 = DIRECTION('',(0.,0.,1.));
#3638 = DIRECTION('',(-1.110223024625E-16,-1.,0.));
#3639 = ADVANCED_FACE('',(#3640),#3658,.F.);
#3640 = FACE_BOUND('',#3641,.F.);
#3641 = EDGE_LOOP('',(#3642,#3643,#3651,#3657));
#3642 = ORIENTED_EDGE('',*,*,#3611,.F.);
#3643 = ORIENTED_EDGE('',*,*,#3644,.F.);
#3644 = EDGE_CURVE('',#3645,#3603,#3647,.T.);
#3645 = VERTEX_POINT('',#3646);
#3646 = CARTESIAN_POINT('',(57.150000077504,-42.34374999999,-4.5));
#3647 = LINE('',#3648,#3649);
#3648 = CARTESIAN_POINT('',(57.150000077504,-42.34374999999,-4.5));
#3649 = VECTOR('',#3650,1.);
#3650 = DIRECTION('',(1.,6.216290117254E-14,0.));
#3651 = ORIENTED_EDGE('',*,*,#3652,.T.);
#3652 = EDGE_CURVE('',#3645,#2203,#3653,.T.);
#3653 = LINE('',#3654,#3655);
#3654 = CARTESIAN_POINT('',(57.150000077504,-42.34374999999,-4.));
#3655 = VECTOR('',#3656,1.);
#3656 = DIRECTION('',(0.,0.,-1.));
#3657 = ORIENTED_EDGE('',*,*,#2211,.T.);
#3658 = PLANE('',#3659);
#3659 = AXIS2_PLACEMENT_3D('',#3660,#3661,#3662);
#3660 = CARTESIAN_POINT('',(57.150000077504,-42.34374999999,-4.));
#3661 = DIRECTION('',(6.216290117254E-14,-1.,0.));
#3662 = DIRECTION('',(1.,6.216290117254E-14,0.));
#3663 = ADVANCED_FACE('',(#3664),#3691,.F.);
#3664 = FACE_BOUND('',#3665,.F.);
#3665 = EDGE_LOOP('',(#3666,#3674,#3682,#3688,#3689,#3690));
#3666 = ORIENTED_EDGE('',*,*,#3667,.F.);
#3667 = EDGE_CURVE('',#3668,#2228,#3670,.T.);
#3668 = VERTEX_POINT('',#3669);
#3669 = CARTESIAN_POINT('',(57.150000077497,-132.6781249999,-4.5));
#3670 = LINE('',#3671,#3672);
#3671 = CARTESIAN_POINT('',(57.150000077497,-132.6781249999,-4.));
#3672 = VECTOR('',#3673,1.);
#3673 = DIRECTION('',(0.,0.,-1.));
#3674 = ORIENTED_EDGE('',*,*,#3675,.F.);
#3675 = EDGE_CURVE('',#3676,#3668,#3678,.T.);
#3676 = VERTEX_POINT('',#3677);
#3677 = CARTESIAN_POINT('',(100.33504414764,-132.6781249999,-4.5));
#3678 = LINE('',#3679,#3680);
#3679 = CARTESIAN_POINT('',(100.65357927803,-132.6781249999,-4.5));
#3680 = VECTOR('',#3681,1.);
#3681 = DIRECTION('',(-1.,1.355395996312E-12,0.));
#3682 = ORIENTED_EDGE('',*,*,#3683,.T.);
#3683 = EDGE_CURVE('',#3676,#3406,#3684,.T.);
#3684 = LINE('',#3685,#3686);
#3685 = CARTESIAN_POINT('',(100.20042538452,-132.6781249999,
    -4.211309130887));
#3686 = VECTOR('',#3687,1.);
#3687 = DIRECTION('',(0.422618261773,-5.728150999761E-13,-0.906307787021
    ));
#3688 = ORIENTED_EDGE('',*,*,#3405,.F.);
#3689 = ORIENTED_EDGE('',*,*,#3626,.T.);
#3690 = ORIENTED_EDGE('',*,*,#2235,.T.);
#3691 = PLANE('',#3692);
#3692 = AXIS2_PLACEMENT_3D('',#3693,#3694,#3695);
#3693 = CARTESIAN_POINT('',(123.49687499999,-132.6781249999,-4.));
#3694 = DIRECTION('',(1.355395996312E-12,1.,0.));
#3695 = DIRECTION('',(-1.,1.355395996312E-12,0.));
#3696 = ADVANCED_FACE('',(#3697),#3716,.T.);
#3697 = FACE_BOUND('',#3698,.F.);
#3698 = EDGE_LOOP('',(#3699,#3700,#3709,#3715));
#3699 = ORIENTED_EDGE('',*,*,#3652,.F.);
#3700 = ORIENTED_EDGE('',*,*,#3701,.F.);
#3701 = EDGE_CURVE('',#3702,#3645,#3704,.T.);
#3702 = VERTEX_POINT('',#3703);
#3703 = CARTESIAN_POINT('',(51.86875,-47.6250000775,-4.5));
#3704 = CIRCLE('',#3705,5.281250077504);
#3705 = AXIS2_PLACEMENT_3D('',#3706,#3707,#3708);
#3706 = CARTESIAN_POINT('',(57.150000077504,-47.6250000775,-4.5));
#3707 = DIRECTION('',(0.,0.,-1.));
#3708 = DIRECTION('',(-1.,0.,0.));
#3709 = ORIENTED_EDGE('',*,*,#3710,.T.);
#3710 = EDGE_CURVE('',#3702,#2250,#3711,.T.);
#3711 = LINE('',#3712,#3713);
#3712 = CARTESIAN_POINT('',(51.86875,-47.6250000775,-4.));
#3713 = VECTOR('',#3714,1.);
#3714 = DIRECTION('',(0.,0.,-1.));
#3715 = ORIENTED_EDGE('',*,*,#2257,.T.);
#3716 = CYLINDRICAL_SURFACE('',#3717,5.281250077504);
#3717 = AXIS2_PLACEMENT_3D('',#3718,#3719,#3720);
#3718 = CARTESIAN_POINT('',(57.150000077504,-47.6250000775,-4.));
#3719 = DIRECTION('',(0.,0.,1.));
#3720 = DIRECTION('',(-1.,3.25477170885E-08,0.));
#3721 = ADVANCED_FACE('',(#3722),#3741,.T.);
#3722 = FACE_BOUND('',#3723,.F.);
#3723 = EDGE_LOOP('',(#3724,#3732,#3739,#3740));
#3724 = ORIENTED_EDGE('',*,*,#3725,.F.);
#3725 = EDGE_CURVE('',#3726,#2292,#3728,.T.);
#3726 = VERTEX_POINT('',#3727);
#3727 = CARTESIAN_POINT('',(51.86875,-127.3968749224,-4.5));
#3728 = LINE('',#3729,#3730);
#3729 = CARTESIAN_POINT('',(51.86875,-127.3968749224,-4.));
#3730 = VECTOR('',#3731,1.);
#3731 = DIRECTION('',(0.,0.,-1.));
#3732 = ORIENTED_EDGE('',*,*,#3733,.F.);
#3733 = EDGE_CURVE('',#3668,#3726,#3734,.T.);
#3734 = CIRCLE('',#3735,5.281250077504);
#3735 = AXIS2_PLACEMENT_3D('',#3736,#3737,#3738);
#3736 = CARTESIAN_POINT('',(57.150000077504,-127.3968749224,-4.5));
#3737 = DIRECTION('',(-0.,0.,-1.));
#3738 = DIRECTION('',(-1.354824188232E-12,-1.,0.));
#3739 = ORIENTED_EDGE('',*,*,#3667,.T.);
#3740 = ORIENTED_EDGE('',*,*,#2291,.T.);
#3741 = CYLINDRICAL_SURFACE('',#3742,5.281250077504);
#3742 = AXIS2_PLACEMENT_3D('',#3743,#3744,#3745);
#3743 = CARTESIAN_POINT('',(57.150000077504,-127.3968749224,-4.));
#3744 = DIRECTION('',(0.,0.,1.));
#3745 = DIRECTION('',(-3.254771696604E-08,-1.,0.));
#3746 = ADVANCED_FACE('',(#3747),#3758,.F.);
#3747 = FACE_BOUND('',#3748,.F.);
#3748 = EDGE_LOOP('',(#3749,#3750,#3756,#3757));
#3749 = ORIENTED_EDGE('',*,*,#3710,.F.);
#3750 = ORIENTED_EDGE('',*,*,#3751,.F.);
#3751 = EDGE_CURVE('',#3726,#3702,#3752,.T.);
#3752 = LINE('',#3753,#3754);
#3753 = CARTESIAN_POINT('',(51.86875,-127.3968749224,-4.5));
#3754 = VECTOR('',#3755,1.);
#3755 = DIRECTION('',(8.907183605019E-17,1.,0.));
#3756 = ORIENTED_EDGE('',*,*,#3725,.T.);
#3757 = ORIENTED_EDGE('',*,*,#2333,.T.);
#3758 = PLANE('',#3759);
#3759 = AXIS2_PLACEMENT_3D('',#3760,#3761,#3762);
#3760 = CARTESIAN_POINT('',(51.86875,-127.3968749224,-4.));
#3761 = DIRECTION('',(1.,-8.907183605019E-17,0.));
#3762 = DIRECTION('',(8.907183605019E-17,1.,0.));
#3763 = ADVANCED_FACE('',(#3764),#3888,.T.);
#3764 = FACE_BOUND('',#3765,.T.);
#3765 = EDGE_LOOP('',(#3766,#3774,#3782,#3791,#3799,#3808,#3816,#3825,
    #3833,#3842,#3848,#3849,#3850,#3858,#3864,#3865,#3866,#3867,#3868,
    #3869,#3877,#3883,#3884,#3885,#3886,#3887));
#3766 = ORIENTED_EDGE('',*,*,#3767,.T.);
#3767 = EDGE_CURVE('',#2710,#3768,#3770,.T.);
#3768 = VERTEX_POINT('',#3769);
#3769 = CARTESIAN_POINT('',(100.65357927803,-32.62129799999,-4.));
#3770 = LINE('',#3771,#3772);
#3771 = CARTESIAN_POINT('',(100.65357927803,-44.68344092948,-4.));
#3772 = VECTOR('',#3773,1.);
#3773 = DIRECTION('',(-1.035410997383E-16,1.,0.));
#3774 = ORIENTED_EDGE('',*,*,#3775,.F.);
#3775 = EDGE_CURVE('',#3776,#3768,#3778,.T.);
#3776 = VERTEX_POINT('',#3777);
#3777 = CARTESIAN_POINT('',(94.078044370398,-32.62129799999,-4.));
#3778 = LINE('',#3779,#3780);
#3779 = CARTESIAN_POINT('',(94.078044370398,-32.62129799999,-4.));
#3780 = VECTOR('',#3781,1.);
#3781 = DIRECTION('',(1.,-6.156044856123E-16,0.));
#3782 = ORIENTED_EDGE('',*,*,#3783,.F.);
#3783 = EDGE_CURVE('',#3784,#3776,#3786,.T.);
#3784 = VERTEX_POINT('',#3785);
#3785 = CARTESIAN_POINT('',(89.296796406419,-37.3983256104,-4.));
#3786 = CIRCLE('',#3787,4.781248370398);
#3787 = AXIS2_PLACEMENT_3D('',#3788,#3789,#3790);
#3788 = CARTESIAN_POINT('',(94.078044370398,-37.40254637039,-4.));
#3789 = DIRECTION('',(0.,0.,-1.));
#3790 = DIRECTION('',(-0.999999369494,1.122947291399E-03,0.));
#3791 = ORIENTED_EDGE('',*,*,#3792,.F.);
#3792 = EDGE_CURVE('',#3793,#3784,#3795,.T.);
#3793 = VERTEX_POINT('',#3794);
#3794 = CARTESIAN_POINT('',(89.283286985456,-41.3488794107,-4.));
#3795 = LINE('',#3796,#3797);
#3796 = CARTESIAN_POINT('',(89.283286985456,-41.3488794107,-4.));
#3797 = VECTOR('',#3798,1.);
#3798 = DIRECTION('',(3.41960713813E-03,0.999994153126,0.));
#3799 = ORIENTED_EDGE('',*,*,#3800,.F.);
#3800 = EDGE_CURVE('',#3801,#3793,#3803,.T.);
#3801 = VERTEX_POINT('',#3802);
#3802 = CARTESIAN_POINT('',(87.783295755767,-42.84374999999,-4.));
#3803 = CIRCLE('',#3804,1.5);
#3804 = AXIS2_PLACEMENT_3D('',#3805,#3806,#3807);
#3805 = CARTESIAN_POINT('',(87.783295755767,-41.34374999999,-4.));
#3806 = DIRECTION('',(-0.,0.,1.));
#3807 = DIRECTION('',(5.684341886081E-14,-1.,0.));
#3808 = ORIENTED_EDGE('',*,*,#3809,.F.);
#3809 = EDGE_CURVE('',#3810,#3801,#3812,.T.);
#3810 = VERTEX_POINT('',#3811);
#3811 = CARTESIAN_POINT('',(57.150000077504,-42.84374999999,-4.));
#3812 = LINE('',#3813,#3814);
#3813 = CARTESIAN_POINT('',(57.150000077504,-42.84374999999,-4.));
#3814 = VECTOR('',#3815,1.);
#3815 = DIRECTION('',(1.,6.216290117254E-14,0.));
#3816 = ORIENTED_EDGE('',*,*,#3817,.F.);
#3817 = EDGE_CURVE('',#3818,#3810,#3820,.T.);
#3818 = VERTEX_POINT('',#3819);
#3819 = CARTESIAN_POINT('',(52.36875,-47.6250000775,-4.));
#3820 = CIRCLE('',#3821,4.781250077504);
#3821 = AXIS2_PLACEMENT_3D('',#3822,#3823,#3824);
#3822 = CARTESIAN_POINT('',(57.150000077504,-47.6250000775,-4.));
#3823 = DIRECTION('',(0.,0.,-1.));
#3824 = DIRECTION('',(-1.,0.,0.));
#3825 = ORIENTED_EDGE('',*,*,#3826,.F.);
#3826 = EDGE_CURVE('',#3827,#3818,#3829,.T.);
#3827 = VERTEX_POINT('',#3828);
#3828 = CARTESIAN_POINT('',(52.36875,-127.3968749224,-4.));
#3829 = LINE('',#3830,#3831);
#3830 = CARTESIAN_POINT('',(52.36875,-127.3968749224,-4.));
#3831 = VECTOR('',#3832,1.);
#3832 = DIRECTION('',(8.907183605019E-17,1.,0.));
#3833 = ORIENTED_EDGE('',*,*,#3834,.F.);
#3834 = EDGE_CURVE('',#3835,#3827,#3837,.T.);
#3835 = VERTEX_POINT('',#3836);
#3836 = CARTESIAN_POINT('',(57.150000077498,-132.1781249999,-4.));
#3837 = CIRCLE('',#3838,4.781250077504);
#3838 = AXIS2_PLACEMENT_3D('',#3839,#3840,#3841);
#3839 = CARTESIAN_POINT('',(57.150000077504,-127.3968749224,-4.));
#3840 = DIRECTION('',(-0.,0.,-1.));
#3841 = DIRECTION('',(-1.354824188232E-12,-1.,0.));
#3842 = ORIENTED_EDGE('',*,*,#3843,.F.);
#3843 = EDGE_CURVE('',#3429,#3835,#3844,.T.);
#3844 = LINE('',#3845,#3846);
#3845 = CARTESIAN_POINT('',(100.65357927803,-132.1781249999,-4.));
#3846 = VECTOR('',#3847,1.);
#3847 = DIRECTION('',(-1.,1.355395996312E-12,0.));
#3848 = ORIENTED_EDGE('',*,*,#3428,.T.);
#3849 = ORIENTED_EDGE('',*,*,#2347,.T.);
#3850 = ORIENTED_EDGE('',*,*,#3851,.T.);
#3851 = EDGE_CURVE('',#2350,#3852,#3854,.T.);
#3852 = VERTEX_POINT('',#3853);
#3853 = CARTESIAN_POINT('',(57.1500000775,-130.1781249999,-4.));
#3854 = LINE('',#3855,#3856);
#3855 = CARTESIAN_POINT('',(123.49687499999,-130.1781249999,-4.));
#3856 = VECTOR('',#3857,1.);
#3857 = DIRECTION('',(-1.,1.355395996312E-12,0.));
#3858 = ORIENTED_EDGE('',*,*,#3859,.F.);
#3859 = EDGE_CURVE('',#2996,#3852,#3860,.T.);
#3860 = LINE('',#3861,#3862);
#3861 = CARTESIAN_POINT('',(57.150000077504,-105.9236856918,-4.));
#3862 = VECTOR('',#3863,1.);
#3863 = DIRECTION('',(0.,-1.,0.));
#3864 = ORIENTED_EDGE('',*,*,#3003,.F.);
#3865 = ORIENTED_EDGE('',*,*,#2962,.T.);
#3866 = ORIENTED_EDGE('',*,*,#2936,.T.);
#3867 = ORIENTED_EDGE('',*,*,#2911,.T.);
#3868 = ORIENTED_EDGE('',*,*,#2889,.F.);
#3869 = ORIENTED_EDGE('',*,*,#3870,.F.);
#3870 = EDGE_CURVE('',#3871,#2890,#3873,.T.);
#3871 = VERTEX_POINT('',#3872);
#3872 = CARTESIAN_POINT('',(57.150000077504,-44.84374999999,-4.));
#3873 = LINE('',#3874,#3875);
#3874 = CARTESIAN_POINT('',(57.150000077504,-64.75649819191,-4.));
#3875 = VECTOR('',#3876,1.);
#3876 = DIRECTION('',(0.,-1.,0.));
#3877 = ORIENTED_EDGE('',*,*,#3878,.T.);
#3878 = EDGE_CURVE('',#3871,#2816,#3879,.T.);
#3879 = LINE('',#3880,#3881);
#3880 = CARTESIAN_POINT('',(57.150000077504,-44.84374999999,-4.));
#3881 = VECTOR('',#3882,1.);
#3882 = DIRECTION('',(1.,6.169899892498E-14,0.));
#3883 = ORIENTED_EDGE('',*,*,#2815,.T.);
#3884 = ORIENTED_EDGE('',*,*,#2790,.F.);
#3885 = ORIENTED_EDGE('',*,*,#2775,.T.);
#3886 = ORIENTED_EDGE('',*,*,#2766,.T.);
#3887 = ORIENTED_EDGE('',*,*,#2707,.T.);
#3888 = PLANE('',#3889);
#3889 = AXIS2_PLACEMENT_3D('',#3890,#3891,#3892);
#3890 = CARTESIAN_POINT('',(135.43456718505,-89.36688185897,-4.));
#3891 = DIRECTION('',(0.,0.,1.));
#3892 = DIRECTION('',(1.,0.,0.));
#3893 = ADVANCED_FACE('',(#3894),#3900,.T.);
#3894 = FACE_BOUND('',#3895,.F.);
#3895 = EDGE_LOOP('',(#3896,#3897,#3898,#3899));
#3896 = ORIENTED_EDGE('',*,*,#2580,.T.);
#3897 = ORIENTED_EDGE('',*,*,#3072,.T.);
#3898 = ORIENTED_EDGE('',*,*,#2524,.T.);
#3899 = ORIENTED_EDGE('',*,*,#2556,.T.);
#3900 = PLANE('',#3901);
#3901 = AXIS2_PLACEMENT_3D('',#3902,#3903,#3904);
#3902 = CARTESIAN_POINT('',(136.46562503875,-81.54068065148,-2.5));
#3903 = DIRECTION('',(0.,0.,1.));
#3904 = DIRECTION('',(1.,0.,0.));
#3905 = ADVANCED_FACE('',(#3906),#3912,.T.);
#3906 = FACE_BOUND('',#3907,.F.);
#3907 = EDGE_LOOP('',(#3908,#3909,#3910,#3911));
#3908 = ORIENTED_EDGE('',*,*,#2659,.T.);
#3909 = ORIENTED_EDGE('',*,*,#3186,.T.);
#3910 = ORIENTED_EDGE('',*,*,#3138,.T.);
#3911 = ORIENTED_EDGE('',*,*,#2627,.T.);
#3912 = PLANE('',#3913);
#3913 = AXIS2_PLACEMENT_3D('',#3914,#3915,#3916);
#3914 = CARTESIAN_POINT('',(136.46562503875,-81.54068065148,-2.5));
#3915 = DIRECTION('',(0.,0.,1.));
#3916 = DIRECTION('',(1.,0.,0.));
#3917 = ADVANCED_FACE('',(#3918),#3936,.T.);
#3918 = FACE_BOUND('',#3919,.T.);
#3919 = EDGE_LOOP('',(#3920,#3928,#3934,#3935));
#3920 = ORIENTED_EDGE('',*,*,#3921,.F.);
#3921 = EDGE_CURVE('',#3922,#2735,#3924,.T.);
#3922 = VERTEX_POINT('',#3923);
#3923 = CARTESIAN_POINT('',(101.26077871355,-32.62129799999,
    -5.30214339149));
#3924 = LINE('',#3925,#3926);
#3925 = CARTESIAN_POINT('',(101.26077871355,-1.177312334619E-15,
    -5.30214339149));
#3926 = VECTOR('',#3927,1.);
#3927 = DIRECTION('',(0.,-1.,2.22044604925E-16));
#3928 = ORIENTED_EDGE('',*,*,#3929,.T.);
#3929 = EDGE_CURVE('',#3922,#3768,#3930,.T.);
#3930 = LINE('',#3931,#3932);
#3931 = CARTESIAN_POINT('',(101.26077871355,-32.62129799999,
    -5.30214339149));
#3932 = VECTOR('',#3933,1.);
#3933 = DIRECTION('',(-0.422618261773,2.601656976493E-16,0.906307787021)
  );
#3934 = ORIENTED_EDGE('',*,*,#3767,.F.);
#3935 = ORIENTED_EDGE('',*,*,#2742,.F.);
#3936 = PLANE('',#3937);
#3937 = AXIS2_PLACEMENT_3D('',#3938,#3939,#3940);
#3938 = CARTESIAN_POINT('',(73.685660046695,1.195330266277E-14,
    53.832889417912));
#3939 = DIRECTION('',(0.906307787021,9.384010496956E-17,0.422618261773)
  );
#3940 = DIRECTION('',(0.422618261773,-2.012407545097E-16,-0.906307787021
    ));
#3941 = ADVANCED_FACE('',(#3942),#3953,.T.);
#3942 = FACE_BOUND('',#3943,.T.);
#3943 = EDGE_LOOP('',(#3944,#3945,#3951,#3952));
#3944 = ORIENTED_EDGE('',*,*,#3212,.F.);
#3945 = ORIENTED_EDGE('',*,*,#3946,.T.);
#3946 = EDGE_CURVE('',#3205,#3922,#3947,.T.);
#3947 = LINE('',#3948,#3949);
#3948 = CARTESIAN_POINT('',(166.26077871355,-32.62129799999,
    -10.98890651831));
#3949 = VECTOR('',#3950,1.);
#3950 = DIRECTION('',(-0.996194698095,6.132619246904E-16,
    8.715574271178E-02));
#3951 = ORIENTED_EDGE('',*,*,#3921,.T.);
#3952 = ORIENTED_EDGE('',*,*,#2734,.F.);
#3953 = PLANE('',#3954);
#3954 = AXIS2_PLACEMENT_3D('',#3955,#3956,#3957);
#3955 = CARTESIAN_POINT('',(101.26077871355,-1.177312334619E-15,
    -5.30214339149));
#3956 = DIRECTION('',(8.715574271178E-02,2.211996581669E-16,
    0.996194698095));
#3957 = DIRECTION('',(0.996194698095,-1.935246245739E-17,
    -8.715574271178E-02));
#3958 = ADVANCED_FACE('',(#3959),#3977,.T.);
#3959 = FACE_BOUND('',#3960,.F.);
#3960 = EDGE_LOOP('',(#3961,#3969,#3970,#3971));
#3961 = ORIENTED_EDGE('',*,*,#3962,.T.);
#3962 = EDGE_CURVE('',#3963,#2840,#3965,.T.);
#3963 = VERTEX_POINT('',#3964);
#3964 = CARTESIAN_POINT('',(57.150000077504,-44.84374999999,-2.5));
#3965 = LINE('',#3966,#3967);
#3966 = CARTESIAN_POINT('',(57.150000077504,-44.84374999999,-2.5));
#3967 = VECTOR('',#3968,1.);
#3968 = DIRECTION('',(1.,0.,0.));
#3969 = ORIENTED_EDGE('',*,*,#2839,.T.);
#3970 = ORIENTED_EDGE('',*,*,#2871,.T.);
#3971 = ORIENTED_EDGE('',*,*,#3972,.T.);
#3972 = EDGE_CURVE('',#2872,#3963,#3973,.T.);
#3973 = LINE('',#3974,#3975);
#3974 = CARTESIAN_POINT('',(57.150000077504,-47.84374999999,-2.5));
#3975 = VECTOR('',#3976,1.);
#3976 = DIRECTION('',(0.,1.,0.));
#3977 = PLANE('',#3978);
#3978 = AXIS2_PLACEMENT_3D('',#3979,#3980,#3981);
#3979 = CARTESIAN_POINT('',(136.46562503875,-81.54068065148,-2.5));
#3980 = DIRECTION('',(0.,0.,1.));
#3981 = DIRECTION('',(1.,0.,0.));
#3982 = ADVANCED_FACE('',(#3983),#3994,.F.);
#3983 = FACE_BOUND('',#3984,.F.);
#3984 = EDGE_LOOP('',(#3985,#3986,#3992,#3993));
#3985 = ORIENTED_EDGE('',*,*,#3962,.F.);
#3986 = ORIENTED_EDGE('',*,*,#3987,.T.);
#3987 = EDGE_CURVE('',#3963,#3871,#3988,.T.);
#3988 = LINE('',#3989,#3990);
#3989 = CARTESIAN_POINT('',(57.150000077504,-44.84374999999,-2.5));
#3990 = VECTOR('',#3991,1.);
#3991 = DIRECTION('',(0.,0.,-1.));
#3992 = ORIENTED_EDGE('',*,*,#3878,.T.);
#3993 = ORIENTED_EDGE('',*,*,#2849,.F.);
#3994 = PLANE('',#3995);
#3995 = AXIS2_PLACEMENT_3D('',#3996,#3997,#3998);
#3996 = CARTESIAN_POINT('',(57.150000077504,-44.84374999999,-2.5));
#3997 = DIRECTION('',(0.,-1.,0.));
#3998 = DIRECTION('',(1.,0.,0.));
#3999 = ADVANCED_FACE('',(#4000),#4006,.F.);
#4000 = FACE_BOUND('',#4001,.F.);
#4001 = EDGE_LOOP('',(#4002,#4003,#4004,#4005));
#4002 = ORIENTED_EDGE('',*,*,#3972,.F.);
#4003 = ORIENTED_EDGE('',*,*,#2897,.T.);
#4004 = ORIENTED_EDGE('',*,*,#3870,.F.);
#4005 = ORIENTED_EDGE('',*,*,#3987,.F.);
#4006 = PLANE('',#4007);
#4007 = AXIS2_PLACEMENT_3D('',#4008,#4009,#4010);
#4008 = CARTESIAN_POINT('',(57.150000077504,-47.84374999999,-2.5));
#4009 = DIRECTION('',(1.,0.,0.));
#4010 = DIRECTION('',(0.,1.,0.));
#4011 = ADVANCED_FACE('',(#4012),#4030,.T.);
#4012 = FACE_BOUND('',#4013,.F.);
#4013 = EDGE_LOOP('',(#4014,#4015,#4016,#4024));
#4014 = ORIENTED_EDGE('',*,*,#2985,.T.);
#4015 = ORIENTED_EDGE('',*,*,#3025,.T.);
#4016 = ORIENTED_EDGE('',*,*,#4017,.T.);
#4017 = EDGE_CURVE('',#3026,#4018,#4020,.T.);
#4018 = VERTEX_POINT('',#4019);
#4019 = CARTESIAN_POINT('',(57.150000077504,-130.1781249999,-2.5));
#4020 = LINE('',#4021,#4022);
#4021 = CARTESIAN_POINT('',(67.150000077504,-130.1781249999,-2.5));
#4022 = VECTOR('',#4023,1.);
#4023 = DIRECTION('',(-1.,0.,0.));
#4024 = ORIENTED_EDGE('',*,*,#4025,.T.);
#4025 = EDGE_CURVE('',#4018,#2986,#4026,.T.);
#4026 = LINE('',#4027,#4028);
#4027 = CARTESIAN_POINT('',(57.150000077504,-130.1781249999,-2.5));
#4028 = VECTOR('',#4029,1.);
#4029 = DIRECTION('',(0.,1.,0.));
#4030 = PLANE('',#4031);
#4031 = AXIS2_PLACEMENT_3D('',#4032,#4033,#4034);
#4032 = CARTESIAN_POINT('',(136.46562503875,-81.54068065148,-2.5));
#4033 = DIRECTION('',(0.,0.,1.));
#4034 = DIRECTION('',(1.,0.,0.));
#4035 = ADVANCED_FACE('',(#4036),#4047,.F.);
#4036 = FACE_BOUND('',#4037,.F.);
#4037 = EDGE_LOOP('',(#4038,#4039,#4045,#4046));
#4038 = ORIENTED_EDGE('',*,*,#4025,.F.);
#4039 = ORIENTED_EDGE('',*,*,#4040,.T.);
#4040 = EDGE_CURVE('',#4018,#3852,#4041,.T.);
#4041 = LINE('',#4042,#4043);
#4042 = CARTESIAN_POINT('',(57.150000077504,-130.1781249999,-2.5));
#4043 = VECTOR('',#4044,1.);
#4044 = DIRECTION('',(0.,0.,-1.));
#4045 = ORIENTED_EDGE('',*,*,#3859,.F.);
#4046 = ORIENTED_EDGE('',*,*,#2995,.F.);
#4047 = PLANE('',#4048);
#4048 = AXIS2_PLACEMENT_3D('',#4049,#4050,#4051);
#4049 = CARTESIAN_POINT('',(57.150000077504,-130.1781249999,-2.5));
#4050 = DIRECTION('',(1.,0.,0.));
#4051 = DIRECTION('',(0.,1.,0.));
#4052 = ADVANCED_FACE('',(#4053),#4059,.F.);
#4053 = FACE_BOUND('',#4054,.F.);
#4054 = EDGE_LOOP('',(#4055,#4056,#4057,#4058));
#4055 = ORIENTED_EDGE('',*,*,#4017,.F.);
#4056 = ORIENTED_EDGE('',*,*,#3036,.T.);
#4057 = ORIENTED_EDGE('',*,*,#3851,.T.);
#4058 = ORIENTED_EDGE('',*,*,#4040,.F.);
#4059 = PLANE('',#4060);
#4060 = AXIS2_PLACEMENT_3D('',#4061,#4062,#4063);
#4061 = CARTESIAN_POINT('',(67.150000077504,-130.1781249999,-2.5));
#4062 = DIRECTION('',(0.,1.,0.));
#4063 = DIRECTION('',(-1.,0.,0.));
#4064 = ADVANCED_FACE('',(#4065),#4076,.F.);
#4065 = FACE_BOUND('',#4066,.F.);
#4066 = EDGE_LOOP('',(#4067,#4068,#4069,#4075));
#4067 = ORIENTED_EDGE('',*,*,#3162,.F.);
#4068 = ORIENTED_EDGE('',*,*,#3204,.T.);
#4069 = ORIENTED_EDGE('',*,*,#4070,.T.);
#4070 = EDGE_CURVE('',#3205,#3489,#4071,.T.);
#4071 = LINE('',#4072,#4073);
#4072 = CARTESIAN_POINT('',(165.85024560296,-33.46255862459,
    -10.10851542163));
#4073 = VECTOR('',#4074,1.);
#4074 = DIRECTION('',(0.31946937719,0.654653670708,-0.685104290211));
#4075 = ORIENTED_EDGE('',*,*,#3488,.F.);
#4076 = PLANE('',#4077);
#4077 = AXIS2_PLACEMENT_3D('',#4078,#4079,#4080);
#4078 = CARTESIAN_POINT('',(171.35925175223,-32.37129799999,
    -4.14339410908));
#4079 = DIRECTION('',(0.579227965354,-0.707106781187,-0.405579787652));
#4080 = DIRECTION('',(-0.573576436322,4.4306174825E-16,-0.81915204431));
#4081 = ADVANCED_FACE('',(#4082),#4093,.F.);
#4082 = FACE_BOUND('',#4083,.T.);
#4083 = EDGE_LOOP('',(#4084,#4090,#4091,#4092));
#4084 = ORIENTED_EDGE('',*,*,#4085,.F.);
#4085 = EDGE_CURVE('',#3676,#3429,#4086,.T.);
#4086 = LINE('',#4087,#4088);
#4087 = CARTESIAN_POINT('',(100.52117950135,-132.3859510198,
    -4.207826019872));
#4088 = VECTOR('',#4089,1.);
#4089 = DIRECTION('',(0.410726089396,0.644710818696,0.644710818697));
#4090 = ORIENTED_EDGE('',*,*,#3683,.T.);
#4091 = ORIENTED_EDGE('',*,*,#3413,.T.);
#4092 = ORIENTED_EDGE('',*,*,#3436,.F.);
#4093 = PLANE('',#4094);
#4094 = AXIS2_PLACEMENT_3D('',#4095,#4096,#4097);
#4095 = CARTESIAN_POINT('',(100.42700233127,-132.4281249999,
    -4.105654565443));
#4096 = DIRECTION('',(-0.640856382044,0.707106781187,-0.298836238753));
#4097 = DIRECTION('',(-0.422618261773,5.721373138533E-13,0.906307787021)
  );
#4098 = ADVANCED_FACE('',(#4099),#4110,.F.);
#4099 = FACE_BOUND('',#4100,.T.);
#4100 = EDGE_LOOP('',(#4101,#4102,#4103,#4109));
#4101 = ORIENTED_EDGE('',*,*,#4070,.T.);
#4102 = ORIENTED_EDGE('',*,*,#3496,.T.);
#4103 = ORIENTED_EDGE('',*,*,#4104,.T.);
#4104 = EDGE_CURVE('',#3497,#3922,#4105,.T.);
#4105 = LINE('',#4106,#4107);
#4106 = CARTESIAN_POINT('',(106.46526697118,-40.47939460122,
    2.130636140325));
#4107 = VECTOR('',#4108,1.);
#4108 = DIRECTION('',(0.43358303097,-0.654653670708,0.619220741484));
#4109 = ORIENTED_EDGE('',*,*,#3946,.F.);
#4110 = PLANE('',#4111);
#4111 = AXIS2_PLACEMENT_3D('',#4112,#4113,#4114);
#4112 = CARTESIAN_POINT('',(166.23898977788,-32.37129799999,
    -11.23795519284));
#4113 = DIRECTION('',(-6.162841669085E-02,-0.707106781187,
    -0.704416026405));
#4114 = DIRECTION('',(0.996194698095,-6.213270462631E-16,
    -8.715574271178E-02));
#4115 = ADVANCED_FACE('',(#4116),#4132,.F.);
#4116 = FACE_BOUND('',#4117,.F.);
#4117 = EDGE_LOOP('',(#4118,#4124,#4125,#4131));
#4118 = ORIENTED_EDGE('',*,*,#4119,.F.);
#4119 = EDGE_CURVE('',#3513,#3776,#4120,.T.);
#4120 = LINE('',#4121,#4122);
#4121 = CARTESIAN_POINT('',(94.078044370398,-32.12129799999,-4.5));
#4122 = VECTOR('',#4123,1.);
#4123 = DIRECTION('',(2.248354335689E-16,-0.707106781187,0.707106781187)
  );
#4124 = ORIENTED_EDGE('',*,*,#3512,.T.);
#4125 = ORIENTED_EDGE('',*,*,#4126,.T.);
#4126 = EDGE_CURVE('',#3505,#3768,#4127,.T.);
#4127 = LINE('',#4128,#4129);
#4128 = CARTESIAN_POINT('',(99.845359083929,-31.35264641812,
    -5.268651581872));
#4129 = VECTOR('',#4130,1.);
#4130 = DIRECTION('',(0.410726089396,-0.644710818697,0.644710818697));
#4131 = ORIENTED_EDGE('',*,*,#3775,.F.);
#4132 = PLANE('',#4133);
#4133 = AXIS2_PLACEMENT_3D('',#4134,#4135,#4136);
#4134 = CARTESIAN_POINT('',(94.078044370398,-32.37129799999,-4.25));
#4135 = DIRECTION('',(-5.027373184444E-16,-0.707106781187,
    -0.707106781187));
#4136 = DIRECTION('',(1.,-6.632912098337E-16,-4.768672422144E-17));
#4137 = ADVANCED_FACE('',(#4138),#4144,.F.);
#4138 = FACE_BOUND('',#4139,.T.);
#4139 = EDGE_LOOP('',(#4140,#4141,#4142,#4143));
#4140 = ORIENTED_EDGE('',*,*,#4104,.F.);
#4141 = ORIENTED_EDGE('',*,*,#3504,.T.);
#4142 = ORIENTED_EDGE('',*,*,#4126,.T.);
#4143 = ORIENTED_EDGE('',*,*,#3929,.F.);
#4144 = PLANE('',#4145);
#4145 = AXIS2_PLACEMENT_3D('',#4146,#4147,#4148);
#4146 = CARTESIAN_POINT('',(101.0342017668,-32.37129799999,
    -5.407797956934));
#4147 = DIRECTION('',(-0.640856382045,-0.707106781187,-0.298836238753));
#4148 = DIRECTION('',(0.422618261773,-4.14515642009E-17,-0.906307787021)
  );
#4149 = ADVANCED_FACE('',(#4150),#4161,.T.);
#4150 = FACE_BOUND('',#4151,.F.);
#4151 = EDGE_LOOP('',(#4152,#4158,#4159,#4160));
#4152 = ORIENTED_EDGE('',*,*,#4153,.F.);
#4153 = EDGE_CURVE('',#3537,#3784,#4154,.T.);
#4154 = LINE('',#4155,#4156);
#4155 = CARTESIAN_POINT('',(89.046797868138,-37.39747070862,-4.25));
#4156 = VECTOR('',#4157,1.);
#4157 = DIRECTION('',(0.707102646823,-2.418027396366E-03,0.707106781187)
  );
#4158 = ORIENTED_EDGE('',*,*,#3536,.T.);
#4159 = ORIENTED_EDGE('',*,*,#4119,.T.);
#4160 = ORIENTED_EDGE('',*,*,#3783,.F.);
#4161 = CONICAL_SURFACE('',#4162,5.281248370398,0.785398163397);
#4162 = AXIS2_PLACEMENT_3D('',#4163,#4164,#4165);
#4163 = CARTESIAN_POINT('',(94.078044370398,-37.40254637039,-4.5));
#4164 = DIRECTION('',(-0.,-0.,-1.));
#4165 = DIRECTION('',(-0.999999369494,1.122947291399E-03,0.));
#4166 = ADVANCED_FACE('',(#4167),#4178,.F.);
#4167 = FACE_BOUND('',#4168,.F.);
#4168 = EDGE_LOOP('',(#4169,#4175,#4176,#4177));
#4169 = ORIENTED_EDGE('',*,*,#4170,.F.);
#4170 = EDGE_CURVE('',#3562,#3793,#4171,.T.);
#4171 = LINE('',#4172,#4173);
#4172 = CARTESIAN_POINT('',(88.783289908893,-41.34716960713,-4.5));
#4173 = VECTOR('',#4174,1.);
#4174 = DIRECTION('',(0.707102646823,-2.418027396364E-03,0.707106781187)
  );
#4175 = ORIENTED_EDGE('',*,*,#3561,.T.);
#4176 = ORIENTED_EDGE('',*,*,#4153,.T.);
#4177 = ORIENTED_EDGE('',*,*,#3792,.F.);
#4178 = PLANE('',#4179);
#4179 = AXIS2_PLACEMENT_3D('',#4180,#4181,#4182);
#4180 = CARTESIAN_POINT('',(89.033288447175,-41.34802450891,-4.25));
#4181 = DIRECTION('',(0.707102646823,-2.418027396366E-03,-0.707106781187
    ));
#4182 = DIRECTION('',(3.41960713813E-03,0.999994153126,2.3823479868E-17)
  );
#4183 = ADVANCED_FACE('',(#4184),#4195,.F.);
#4184 = FACE_BOUND('',#4185,.F.);
#4185 = EDGE_LOOP('',(#4186,#4192,#4193,#4194));
#4186 = ORIENTED_EDGE('',*,*,#4187,.F.);
#4187 = EDGE_CURVE('',#3603,#3801,#4188,.T.);
#4188 = LINE('',#4189,#4190);
#4189 = CARTESIAN_POINT('',(87.783295755767,-42.59374999999,-4.25));
#4190 = VECTOR('',#4191,1.);
#4191 = DIRECTION('',(4.395580895733E-14,-0.707106781187,0.707106781187)
  );
#4192 = ORIENTED_EDGE('',*,*,#3602,.T.);
#4193 = ORIENTED_EDGE('',*,*,#4170,.T.);
#4194 = ORIENTED_EDGE('',*,*,#3800,.F.);
#4195 = CONICAL_SURFACE('',#4196,1.,0.785398163397);
#4196 = AXIS2_PLACEMENT_3D('',#4197,#4198,#4199);
#4197 = CARTESIAN_POINT('',(87.783295755767,-41.34374999999,-4.5));
#4198 = DIRECTION('',(0.,0.,1.));
#4199 = DIRECTION('',(5.684341886081E-14,-1.,0.));
#4200 = ADVANCED_FACE('',(#4201),#4212,.F.);
#4201 = FACE_BOUND('',#4202,.F.);
#4202 = EDGE_LOOP('',(#4203,#4209,#4210,#4211));
#4203 = ORIENTED_EDGE('',*,*,#4204,.F.);
#4204 = EDGE_CURVE('',#3645,#3810,#4205,.T.);
#4205 = LINE('',#4206,#4207);
#4206 = CARTESIAN_POINT('',(57.150000077504,-42.34374999999,-4.5));
#4207 = VECTOR('',#4208,1.);
#4208 = DIRECTION('',(4.463392362943E-14,-0.707106781187,0.707106781187)
  );
#4209 = ORIENTED_EDGE('',*,*,#3644,.T.);
#4210 = ORIENTED_EDGE('',*,*,#4187,.T.);
#4211 = ORIENTED_EDGE('',*,*,#3809,.F.);
#4212 = PLANE('',#4213);
#4213 = AXIS2_PLACEMENT_3D('',#4214,#4215,#4216);
#4214 = CARTESIAN_POINT('',(57.150000077504,-42.59374999999,-4.25));
#4215 = DIRECTION('',(4.420980425373E-14,-0.707106781187,-0.707106781187
    ));
#4216 = DIRECTION('',(1.,6.234250296901E-14,1.796017964729E-16));
#4217 = ADVANCED_FACE('',(#4218),#4229,.F.);
#4218 = FACE_BOUND('',#4219,.F.);
#4219 = EDGE_LOOP('',(#4220,#4221,#4222,#4228));
#4220 = ORIENTED_EDGE('',*,*,#4085,.F.);
#4221 = ORIENTED_EDGE('',*,*,#3675,.T.);
#4222 = ORIENTED_EDGE('',*,*,#4223,.T.);
#4223 = EDGE_CURVE('',#3668,#3835,#4224,.T.);
#4224 = LINE('',#4225,#4226);
#4225 = CARTESIAN_POINT('',(57.150000077497,-132.4281249999,-4.25));
#4226 = VECTOR('',#4227,1.);
#4227 = DIRECTION('',(9.584097001856E-13,0.707106781187,0.707106781187)
  );
#4228 = ORIENTED_EDGE('',*,*,#3843,.F.);
#4229 = PLANE('',#4230);
#4230 = AXIS2_PLACEMENT_3D('',#4231,#4232,#4233);
#4231 = CARTESIAN_POINT('',(100.65357927803,-132.4281249999,-4.25));
#4232 = DIRECTION('',(9.586306998525E-13,0.707106781187,-0.707106781187)
  );
#4233 = DIRECTION('',(-1.,1.355552266676E-12,-1.562703630612E-16));
#4234 = ADVANCED_FACE('',(#4235),#4246,.T.);
#4235 = FACE_BOUND('',#4236,.F.);
#4236 = EDGE_LOOP('',(#4237,#4243,#4244,#4245));
#4237 = ORIENTED_EDGE('',*,*,#4238,.F.);
#4238 = EDGE_CURVE('',#3702,#3818,#4239,.T.);
#4239 = LINE('',#4240,#4241);
#4240 = CARTESIAN_POINT('',(52.11875,-47.6250000775,-4.25));
#4241 = VECTOR('',#4242,1.);
#4242 = DIRECTION('',(0.707106781187,-6.298329928382E-17,0.707106781187)
  );
#4243 = ORIENTED_EDGE('',*,*,#3701,.T.);
#4244 = ORIENTED_EDGE('',*,*,#4204,.T.);
#4245 = ORIENTED_EDGE('',*,*,#3817,.F.);
#4246 = CONICAL_SURFACE('',#4247,5.281250077504,0.785398163397);
#4247 = AXIS2_PLACEMENT_3D('',#4248,#4249,#4250);
#4248 = CARTESIAN_POINT('',(57.150000077504,-47.6250000775,-4.5));
#4249 = DIRECTION('',(-0.,-0.,-1.));
#4250 = DIRECTION('',(-1.,0.,0.));
#4251 = ADVANCED_FACE('',(#4252),#4263,.T.);
#4252 = FACE_BOUND('',#4253,.F.);
#4253 = EDGE_LOOP('',(#4254,#4255,#4256,#4262));
#4254 = ORIENTED_EDGE('',*,*,#4223,.F.);
#4255 = ORIENTED_EDGE('',*,*,#3733,.T.);
#4256 = ORIENTED_EDGE('',*,*,#4257,.T.);
#4257 = EDGE_CURVE('',#3726,#3827,#4258,.T.);
#4258 = LINE('',#4259,#4260);
#4259 = CARTESIAN_POINT('',(51.86875,-127.3968749224,-4.5));
#4260 = VECTOR('',#4261,1.);
#4261 = DIRECTION('',(0.707106781187,-2.056732144452E-16,0.707106781187)
  );
#4262 = ORIENTED_EDGE('',*,*,#3834,.F.);
#4263 = CONICAL_SURFACE('',#4264,5.281250077504,0.785398163397);
#4264 = AXIS2_PLACEMENT_3D('',#4265,#4266,#4267);
#4265 = CARTESIAN_POINT('',(57.150000077504,-127.3968749224,-4.5));
#4266 = DIRECTION('',(-0.,-0.,-1.));
#4267 = DIRECTION('',(-1.354824188232E-12,-1.,0.));
#4268 = ADVANCED_FACE('',(#4269),#4275,.F.);
#4269 = FACE_BOUND('',#4270,.F.);
#4270 = EDGE_LOOP('',(#4271,#4272,#4273,#4274));
#4271 = ORIENTED_EDGE('',*,*,#4257,.F.);
#4272 = ORIENTED_EDGE('',*,*,#3751,.T.);
#4273 = ORIENTED_EDGE('',*,*,#4238,.T.);
#4274 = ORIENTED_EDGE('',*,*,#3826,.F.);
#4275 = PLANE('',#4276);
#4276 = AXIS2_PLACEMENT_3D('',#4277,#4278,#4279);
#4277 = CARTESIAN_POINT('',(52.11875,-127.3968749224,-4.25));
#4278 = DIRECTION('',(0.707106781187,1.889513820523E-18,-0.707106781187)
  );
#4279 = DIRECTION('',(4.319982998946E-17,1.,4.587200606073E-17));
#4280 = ADVANCED_FACE('',(#4281),#4289,.T.);
#4281 = FACE_BOUND('',#4282,.T.);
#4282 = EDGE_LOOP('',(#4283,#4284,#4285,#4286,#4287,#4288));
#4283 = ORIENTED_EDGE('',*,*,#3057,.F.);
#4284 = ORIENTED_EDGE('',*,*,#1223,.T.);
#4285 = ORIENTED_EDGE('',*,*,#1215,.T.);
#4286 = ORIENTED_EDGE('',*,*,#586,.T.);
#4287 = ORIENTED_EDGE('',*,*,#565,.F.);
#4288 = ORIENTED_EDGE('',*,*,#557,.F.);
#4289 = PLANE('',#4290);
#4290 = AXIS2_PLACEMENT_3D('',#4291,#4292,#4293);
#4291 = CARTESIAN_POINT('',(200.9300404149,-138.6443982264,-4.25));
#4292 = DIRECTION('',(0.612372389258,-0.353553471026,0.707106781187));
#4293 = DIRECTION('',(0.755928970586,-5.521759821269E-18,-0.65465364234)
  );
#4294 = ( GEOMETRIC_REPRESENTATION_CONTEXT(3) 
GLOBAL_UNCERTAINTY_ASSIGNED_CONTEXT((#4298)) 
GLOBAL_UNIT_ASSIGNED_CONTEXT((#4295,#4296,#4297)) REPRESENTATION_CONTEXT
('Context #1','3D Context with UNIT and UNCERTAINTY') );
#4295 = ( LENGTH_UNIT() NAMED_UNIT(*) SI_UNIT(.MILLI.,.METRE.) );
#4296 = ( NAMED_UNIT(*) PLANE_ANGLE_UNIT() SI_UNIT($,.RADIAN.) );
#4297 = ( NAMED_UNIT(*) SI_UNIT($,.STERADIAN.) SOLID_ANGLE_UNIT() );
#4298 = UNCERTAINTY_MEASURE_WITH_UNIT(LENGTH_MEASURE(2.E-04),#4295,
  'distance_accuracy_value','confusion accuracy');
#4299 = PRODUCT_RELATED_PRODUCT_CATEGORY('part',$,(#7));
#4300 = MECHANICAL_DESIGN_GEOMETRIC_PRESENTATION_REPRESENTATION('',(
    #4301),#4294);
#4301 = STYLED_ITEM('color',(#4302),#15);
#4302 = PRESENTATION_STYLE_ASSIGNMENT((#4303,#4309));
#4303 = SURFACE_STYLE_USAGE(.BOTH.,#4304);
#4304 = SURFACE_SIDE_STYLE('',(#4305));
#4305 = SURFACE_STYLE_FILL_AREA(#4306);
#4306 = FILL_AREA_STYLE('',(#4307));
#4307 = FILL_AREA_STYLE_COLOUR('',#4308);
#4308 = COLOUR_RGB('',0.678431390124,0.709803936702,0.741176476869);
#4309 = CURVE_STYLE('',#4310,POSITIVE_LENGTH_MEASURE(0.1),#4311);
#4310 = DRAUGHTING_PRE_DEFINED_CURVE_FONT('continuous');
#4311 = COLOUR_RGB('',9.803921802644E-02,9.803921802644E-02,
  9.803921802644E-02);
ENDSEC;
END-ISO-10303-21;
