ISO-10303-21;
HEADER;
FILE_DESCRIPTION(('FreeCAD Model'),'2;1');
FILE_NAME('Open CASCADE Shape Model','2026-06-08T16:19:04',(''),(''),
  'Open CASCADE STEP processor 7.8','FreeCAD','Unknown');
FILE_SCHEMA(('AUTOMOTIVE_DESIGN { 1 0 10303 214 1 1 1 1 }'));
ENDSEC;
DATA;
#1 = APPLICATION_PROTOCOL_DEFINITION('international standard',
  'automotive_design',2000,#2);
#2 = APPLICATION_CONTEXT(
  'core data for automotive mechanical design processes');
#3 = SHAPE_DEFINITION_REPRESENTATION(#4,#10);
#4 = PRODUCT_DEFINITION_SHAPE('','',#5);
#5 = PRODUCT_DEFINITION('design','',#6,#9);
#6 = PRODUCT_DEFINITION_FORMATION('','',#7);
#7 = PRODUCT('Fusion','Fusion','',(#8));
#8 = PRODUCT_CONTEXT('',#2,'mechanical');
#9 = PRODUCT_DEFINITION_CONTEXT('part definition',#2,'design');
#10 = ADVANCED_BREP_SHAPE_REPRESENTATION('',(#11,#15),#2351);
#11 = AXIS2_PLACEMENT_3D('',#12,#13,#14);
#12 = CARTESIAN_POINT('',(0.,0.,0.));
#13 = DIRECTION('',(0.,0.,1.));
#14 = DIRECTION('',(1.,0.,-0.));
#15 = MANIFOLD_SOLID_BREP('',#16);
#16 = CLOSED_SHELL('',(#17,#141,#190,#230,#268,#382,#479,#517,#548,#580,
    #659,#677,#716,#742,#766,#804,#827,#852,#869,#882,#902,#951,#976,
    #993,#1058,#1089,#1213,#1262,#1302,#1340,#1445,#1542,#1580,#1611,
    #1643,#1722,#1740,#1779,#1805,#1829,#1867,#1890,#1915,#1932,#1945,
    #1965,#2014,#2039,#2056,#2121,#2143,#2165,#2187,#2204,#2221,#2238,
    #2255,#2267,#2297,#2327));
#17 = ADVANCED_FACE('',(#18),#136,.F.);
#18 = FACE_BOUND('',#19,.F.);
#19 = EDGE_LOOP('',(#20,#71,#79,#128));
#20 = ORIENTED_EDGE('',*,*,#21,.T.);
#21 = EDGE_CURVE('',#22,#24,#26,.T.);
#22 = VERTEX_POINT('',#23);
#23 = CARTESIAN_POINT('',(-7.0593937045,20.940556863204,1.651502502548)
  );
#24 = VERTEX_POINT('',#25);
#25 = CARTESIAN_POINT('',(-7.210658839765,18.,-0.754254));
#26 = B_SPLINE_CURVE_WITH_KNOTS('',8,(#27,#28,#29,#30,#31,#32,#33,#34,
    #35,#36,#37,#38,#39,#40,#41,#42,#43,#44,#45,#46,#47,#48,#49,#50,#51,
    #52,#53,#54,#55,#56,#57,#58,#59,#60,#61,#62,#63,#64,#65,#66,#67,#68,
    #69,#70),.UNSPECIFIED.,.F.,.F.,(9,7,7,7,7,7,9),(0.,0.102505905393,
    0.217564346782,0.276260041264,0.383818805208,0.52376391686,1.),
  .UNSPECIFIED.);
#27 = CARTESIAN_POINT('',(-6.893411702741,21.,2.245746));
#28 = CARTESIAN_POINT('',(-6.915133130958,21.,2.179071163453));
#29 = CARTESIAN_POINT('',(-6.936170577876,20.998306422385,2.111993464331
    ));
#30 = CARTESIAN_POINT('',(-6.956485971346,20.994883580899,2.044608187274
    ));
#31 = CARTESIAN_POINT('',(-6.976045788879,20.989703467139,1.977015887495
    ));
#32 = CARTESIAN_POINT('',(-6.99482139742,20.982746947712,1.909322242899)
  );
#33 = CARTESIAN_POINT('',(-7.01278939313,20.974004961387,1.841637906206)
  );
#34 = CARTESIAN_POINT('',(-7.029931941166,20.963479716248,1.774078357073
    ));
#35 = CARTESIAN_POINT('',(-7.064538967763,20.93738659554,1.631206026524)
  );
#36 = CARTESIAN_POINT('',(-7.081788167137,20.921357233607,1.555946967874
    ));
#37 = CARTESIAN_POINT('',(-7.097966963116,20.903118199382,1.481158149206
    ));
#38 = CARTESIAN_POINT('',(-7.11307131188,20.882706639441,1.407000038282)
  );
#39 = CARTESIAN_POINT('',(-7.1271091342,20.860174761543,1.3336220688));
#40 = CARTESIAN_POINT('',(-7.140098573376,20.835588147553,1.261162709504
    ));
#41 = CARTESIAN_POINT('',(-7.15206625318,20.809024066383,1.189749533292)
  );
#42 = CARTESIAN_POINT('',(-7.168646486154,20.766054174907,1.083661958932
    ));
#43 = CARTESIAN_POINT('',(-7.173990411535,20.751045890523,1.048125626365
    ));
#44 = CARTESIAN_POINT('',(-7.179082025114,20.735556219131,1.012904678232
    ));
#45 = CARTESIAN_POINT('',(-7.183926392079,20.719596658172,0.978012392952
    ));
#46 = CARTESIAN_POINT('',(-7.18852892964,20.703178917168,0.943460937759)
  );
#47 = CARTESIAN_POINT('',(-7.192895407021,20.686314917717,0.909261368698
    ));
#48 = CARTESIAN_POINT('',(-7.197031945468,20.669016793497,0.875423630627
    ));
#49 = CARTESIAN_POINT('',(-7.208115651024,20.61882549853,0.780628770224)
  );
#50 = CARTESIAN_POINT('',(-7.214535513358,20.584937762089,0.720546498216
    ));
#51 = CARTESIAN_POINT('',(-7.220243986909,20.549707968676,0.661763030389
    ));
#52 = CARTESIAN_POINT('',(-7.225282444142,20.513210193492,0.604320306856
    ));
#53 = CARTESIAN_POINT('',(-7.229693392655,20.475517182283,0.548250092079
    ));
#54 = CARTESIAN_POINT('',(-7.233519619509,20.43669923441,0.493575148293)
  );
#55 = CARTESIAN_POINT('',(-7.23680333556,20.396823085926,0.440310408936)
  );
#56 = CARTESIAN_POINT('',(-7.243204969924,20.302771698375,0.32100679258)
  );
#57 = CARTESIAN_POINT('',(-7.245975056196,20.247909351774,0.255954603473
    ));
#58 = CARTESIAN_POINT('',(-7.247986457105,20.191498368488,0.193321424987
    ));
#59 = CARTESIAN_POINT('',(-7.249325689948,20.133665087531,0.133109220879
    ));
#60 = CARTESIAN_POINT('',(-7.250074500188,20.074526606074,
    7.530993187388E-02));
#61 = CARTESIAN_POINT('',(-7.250309450824,20.014189814224,
    1.990732911101E-02));
#62 = CARTESIAN_POINT('',(-7.25010151176,19.952750429812,
    -3.312113241092E-02));
#63 = CARTESIAN_POINT('',(-7.24752194679,19.677744829361,-0.256272058204
    ));
#64 = CARTESIAN_POINT('',(-7.241156489493,19.453793630317,
    -0.401239798617));
#65 = CARTESIAN_POINT('',(-7.233010260613,19.221296743419,
    -0.520363549218));
#66 = CARTESIAN_POINT('',(-7.224847837721,18.982569804308,
    -0.614522434044));
#67 = CARTESIAN_POINT('',(-7.217952439967,18.739605812695,
    -0.684535477743));
#68 = CARTESIAN_POINT('',(-7.213093386675,18.494037404026,
    -0.730977951892));
#69 = CARTESIAN_POINT('',(-7.210658839765,18.247181883685,-0.754254));
#70 = CARTESIAN_POINT('',(-7.210658839765,18.,-0.754254));
#71 = ORIENTED_EDGE('',*,*,#72,.T.);
#72 = EDGE_CURVE('',#24,#73,#75,.T.);
#73 = VERTEX_POINT('',#74);
#74 = CARTESIAN_POINT('',(-7.964364438138,18.,-0.754254));
#75 = LINE('',#76,#77);
#76 = CARTESIAN_POINT('',(-7.210658839765,18.,-0.754254));
#77 = VECTOR('',#78,1.);
#78 = DIRECTION('',(-1.,-0.,-0.));
#79 = ORIENTED_EDGE('',*,*,#80,.F.);
#80 = EDGE_CURVE('',#81,#73,#83,.T.);
#81 = VERTEX_POINT('',#82);
#82 = CARTESIAN_POINT('',(-7.827677783193,20.940556863204,1.651502502548
    ));
#83 = B_SPLINE_CURVE_WITH_KNOTS('',8,(#84,#85,#86,#87,#88,#89,#90,#91,
    #92,#93,#94,#95,#96,#97,#98,#99,#100,#101,#102,#103,#104,#105,#106,
    #107,#108,#109,#110,#111,#112,#113,#114,#115,#116,#117,#118,#119,
    #120,#121,#122,#123,#124,#125,#126,#127),.UNSPECIFIED.,.F.,.F.,(9,7,
    7,7,7,7,9),(0.,8.826732488573E-02,0.209313572696,0.267827763202,
    0.377545210419,0.521296955314,1.),.UNSPECIFIED.);
#84 = CARTESIAN_POINT('',(-7.678321750453,21.,2.245746));
#85 = CARTESIAN_POINT('',(-7.695358929928,21.,2.187495002012));
#86 = CARTESIAN_POINT('',(-7.711921178011,20.998707344242,2.128993345858
    ));
#87 = CARTESIAN_POINT('',(-7.727986522794,20.996102615675,2.07030447559)
  );
#88 = CARTESIAN_POINT('',(-7.74353549064,20.992170957096,2.011494320719)
  );
#89 = CARTESIAN_POINT('',(-7.758551230805,20.986902563088,1.952631227791
    ));
#90 = CARTESIAN_POINT('',(-7.773019640063,20.980293171958,1.893785891972
    ));
#91 = CARTESIAN_POINT('',(-7.78692948733,20.972344557669,1.835031288622)
  );
#92 = CARTESIAN_POINT('',(-7.818570659987,20.950339440698,1.696096448015
    ));
#93 = CARTESIAN_POINT('',(-7.835805113889,20.935109239911,1.616052231767
    ));
#94 = CARTESIAN_POINT('',(-7.851953096514,20.917395917634,1.536508784915
    ));
#95 = CARTESIAN_POINT('',(-7.867007328146,20.897241405524,1.457651576186
    ));
#96 = CARTESIAN_POINT('',(-7.880974058849,20.874705917647,1.379652850063
    ));
#97 = CARTESIAN_POINT('',(-7.893871074481,20.849865799433,1.302671762587
    ));
#98 = CARTESIAN_POINT('',(-7.905725702714,20.822811376633,1.226854517163
    ));
#99 = CARTESIAN_POINT('',(-7.921816354002,20.779545578549,1.116311256863
    ));
#100 = CARTESIAN_POINT('',(-7.926824669932,20.764951976769,
    1.080589301052));
#101 = CARTESIAN_POINT('',(-7.931601969435,20.749875214778,
    1.045182530941));
#102 = CARTESIAN_POINT('',(-7.936152774176,20.734326707989,
    1.010103776113));
#103 = CARTESIAN_POINT('',(-7.940481924893,20.718318071388,
    0.975364797715));
#104 = CARTESIAN_POINT('',(-7.944594581389,20.701861119528,
    0.940976288462));
#105 = CARTESIAN_POINT('',(-7.948496222541,20.684967866536,
    0.906947872636));
#106 = CARTESIAN_POINT('',(-7.959123651823,20.63517952432,0.810174122495
    ));
#107 = CARTESIAN_POINT('',(-7.965332783838,20.601217515385,
    0.748357170878));
#108 = CARTESIAN_POINT('',(-7.970857855339,20.56584331687,0.687892516339
    ));
#109 = CARTESIAN_POINT('',(-7.975738689743,20.529135506394,
    0.628823533532));
#110 = CARTESIAN_POINT('',(-7.980016272221,20.491171238378,
    0.571182942237));
#111 = CARTESIAN_POINT('',(-7.983731901044,20.452025060798,
    0.514994042927));
#112 = CARTESIAN_POINT('',(-7.986926338918,20.411767731934,
    0.460271952338));
#113 = CARTESIAN_POINT('',(-7.993193044808,20.316350266888,
    0.337260497624));
#114 = CARTESIAN_POINT('',(-7.995919828633,20.260444336859,
    0.270032364719));
#115 = CARTESIAN_POINT('',(-7.997908964383,20.202892994163,
    0.205354008649));
#116 = CARTESIAN_POINT('',(-7.999245743438,20.143832894667,
    0.143226416659));
#117 = CARTESIAN_POINT('',(-8.000010680465,20.083390577838,
    8.36399683238E-02));
#118 = CARTESIAN_POINT('',(-8.000279093904,20.021681441606,
    2.657640895646E-02));
#119 = CARTESIAN_POINT('',(-8.000120686456,19.958808717221,
    -2.798917698174E-02));
#120 = CARTESIAN_POINT('',(-7.997862292481,19.681917024536,
    -0.253573647838));
#121 = CARTESIAN_POINT('',(-7.992102599357,19.457460897306,
    -0.399368213504));
#122 = CARTESIAN_POINT('',(-7.984700037291,19.224394026212,
    -0.519149110493));
#123 = CARTESIAN_POINT('',(-7.977275060503,18.985060918966,
    -0.613809067655));
#124 = CARTESIAN_POINT('',(-7.971001166502,18.74147590226,
    -0.684183345128));
#125 = CARTESIAN_POINT('',(-7.966579743793,18.495283824358,
    -0.730860180462));
#126 = CARTESIAN_POINT('',(-7.964364438138,18.24780641626,-0.754254));
#127 = CARTESIAN_POINT('',(-7.964364438138,18.,-0.754254));
#128 = ORIENTED_EDGE('',*,*,#129,.F.);
#129 = EDGE_CURVE('',#22,#81,#130,.T.);
#130 = B_SPLINE_CURVE_WITH_KNOTS('',2,(#131,#132,#133,#134,#135),
  .UNSPECIFIED.,.F.,.F.,(3,1,1,3),(-4.896000000001E-02,-8.62E-15,
    1.079240283193,1.128200283193),.UNSPECIFIED.);
#131 = CARTESIAN_POINT('',(-6.6994775,20.940556863204,1.651502502548));
#132 = CARTESIAN_POINT('',(-6.7239575,20.940556863204,1.651502502548));
#133 = CARTESIAN_POINT('',(-7.288057641597,20.940556863204,
    1.651502502548));
#134 = CARTESIAN_POINT('',(-7.852157783193,20.940556863204,
    1.651502502548));
#135 = CARTESIAN_POINT('',(-7.876637783193,20.940556863204,
    1.651502502548));
#136 = CYLINDRICAL_SURFACE('',#137,3.);
#137 = AXIS2_PLACEMENT_3D('',#138,#139,#140);
#138 = CARTESIAN_POINT('',(-7.210658839765,18.,2.245746));
#139 = DIRECTION('',(-1.,-0.,-0.));
#140 = DIRECTION('',(0.,1.,0.));
#141 = ADVANCED_FACE('',(#142),#179,.T.);
#142 = FACE_BOUND('',#143,.T.);
#143 = EDGE_LOOP('',(#144,#157,#167,#178));
#144 = ORIENTED_EDGE('',*,*,#145,.T.);
#145 = EDGE_CURVE('',#22,#146,#148,.T.);
#146 = VERTEX_POINT('',#147);
#147 = CARTESIAN_POINT('',(-6.7484375,22.,2.649734195838));
#148 = B_SPLINE_CURVE_WITH_KNOTS('',4,(#149,#150,#151,#152,#153,#154,
    #155,#156),.UNSPECIFIED.,.F.,.F.,(5,3,5),(0.,0.495303554696,1.),
  .UNSPECIFIED.);
#149 = CARTESIAN_POINT('',(-7.059393705133,20.940556863204,
    1.651502502548));
#150 = CARTESIAN_POINT('',(-7.030193777763,21.073026466575,
    1.776318409972));
#151 = CARTESIAN_POINT('',(-6.997965695949,21.205154174895,
    1.900812176014));
#152 = CARTESIAN_POINT('',(-6.962681219285,21.336882528668,
    2.024929661014));
#153 = CARTESIAN_POINT('',(-6.885196968337,21.601902169518,
    2.274637262728));
#154 = CARTESIAN_POINT('',(-6.842878744736,21.735175597226,
    2.400210551931));
#155 = CARTESIAN_POINT('',(-6.79730880231,21.867900513552,2.525267021093
    ));
#156 = CARTESIAN_POINT('',(-6.7484375,22.,2.649734195838));
#157 = ORIENTED_EDGE('',*,*,#158,.T.);
#158 = EDGE_CURVE('',#146,#159,#161,.T.);
#159 = VERTEX_POINT('',#160);
#160 = CARTESIAN_POINT('',(-7.5484375,22.,2.649734195838));
#161 = B_SPLINE_CURVE_WITH_KNOTS('',2,(#162,#163,#164,#165,#166),
  .UNSPECIFIED.,.F.,.F.,(3,1,1,3),(-4.896000000001E-02,-8.62E-15,
    1.079240283193,1.128200283193),.UNSPECIFIED.);
#162 = CARTESIAN_POINT('',(-6.6994775,22.,2.649734195838));
#163 = CARTESIAN_POINT('',(-6.7239575,22.,2.649734195838));
#164 = CARTESIAN_POINT('',(-7.288057641597,22.,2.649734195838));
#165 = CARTESIAN_POINT('',(-7.852157783193,22.,2.649734195838));
#166 = CARTESIAN_POINT('',(-7.876637783193,22.,2.649734195838));
#167 = ORIENTED_EDGE('',*,*,#168,.F.);
#168 = EDGE_CURVE('',#81,#159,#169,.T.);
#169 = B_SPLINE_CURVE_WITH_KNOTS('',4,(#170,#171,#172,#173,#174,#175,
    #176,#177),.UNSPECIFIED.,.F.,.F.,(5,3,5),(0.,0.495846465584,1.),
  .UNSPECIFIED.);
#170 = CARTESIAN_POINT('',(-7.827677783613,20.940556863204,
    1.651502502548));
#171 = CARTESIAN_POINT('',(-7.801365868106,21.07291555544,1.776213906949
    ));
#172 = CARTESIAN_POINT('',(-7.772341647516,21.204998334143,
    1.900665339272));
#173 = CARTESIAN_POINT('',(-7.74058435706,21.336759708922,2.024813937424
    ));
#174 = CARTESIAN_POINT('',(-7.670970552296,21.601741626449,
    2.274485995356));
#175 = CARTESIAN_POINT('',(-7.633020769007,21.734949556828,
    2.399997571469));
#176 = CARTESIAN_POINT('',(-7.59218845021,21.867721719673,2.525098557387
    ));
#177 = CARTESIAN_POINT('',(-7.5484375,22.,2.649734195838));
#178 = ORIENTED_EDGE('',*,*,#129,.F.);
#179 = B_SPLINE_SURFACE_WITH_KNOTS('',1,2,(
    (#180,#181,#182,#183,#184)
    ,(#185,#186,#187,#188,#189
    )),.UNSPECIFIED.,.F.,.F.,.F.,(2,2),(3,1,1,3),(0.,1.079240283193),(
    -4.896000000001E-02,-8.62E-15,1.079240283193,1.128200283193),
  .UNSPECIFIED.);
#180 = CARTESIAN_POINT('',(-6.6994775,20.940556863204,1.651502502548));
#181 = CARTESIAN_POINT('',(-6.7239575,20.940556863204,1.651502502548));
#182 = CARTESIAN_POINT('',(-7.288057641597,20.940556863204,
    1.651502502548));
#183 = CARTESIAN_POINT('',(-7.852157783193,20.940556863204,
    1.651502502548));
#184 = CARTESIAN_POINT('',(-7.876637783193,20.940556863204,
    1.651502502548));
#185 = CARTESIAN_POINT('',(-6.6994775,22.,2.649734195838));
#186 = CARTESIAN_POINT('',(-6.7239575,22.,2.649734195838));
#187 = CARTESIAN_POINT('',(-7.288057641597,22.,2.649734195838));
#188 = CARTESIAN_POINT('',(-7.852157783193,22.,2.649734195838));
#189 = CARTESIAN_POINT('',(-7.876637783193,22.,2.649734195838));
#190 = ADVANCED_FACE('',(#191),#225,.T.);
#191 = FACE_BOUND('',#192,.F.);
#192 = EDGE_LOOP('',(#193,#203,#211,#219));
#193 = ORIENTED_EDGE('',*,*,#194,.F.);
#194 = EDGE_CURVE('',#195,#197,#199,.T.);
#195 = VERTEX_POINT('',#196);
#196 = CARTESIAN_POINT('',(-7.975470810594,28.,0.625991493039));
#197 = VERTEX_POINT('',#198);
#198 = CARTESIAN_POINT('',(-7.975470810594,27.9,0.625991493039));
#199 = LINE('',#200,#201);
#200 = CARTESIAN_POINT('',(-7.975470810594,-2.8E-15,0.625991493039));
#201 = VECTOR('',#202,1.);
#202 = DIRECTION('',(-0.,-1.,-2.2E-16));
#203 = ORIENTED_EDGE('',*,*,#204,.F.);
#204 = EDGE_CURVE('',#205,#195,#207,.T.);
#205 = VERTEX_POINT('',#206);
#206 = CARTESIAN_POINT('',(-2.5,28.,0.625991493039));
#207 = LINE('',#208,#209);
#208 = CARTESIAN_POINT('',(-2.5,28.,0.625991493039));
#209 = VECTOR('',#210,1.);
#210 = DIRECTION('',(-1.,0.,0.));
#211 = ORIENTED_EDGE('',*,*,#212,.T.);
#212 = EDGE_CURVE('',#205,#213,#215,.T.);
#213 = VERTEX_POINT('',#214);
#214 = CARTESIAN_POINT('',(-2.5,27.9,0.625991493039));
#215 = LINE('',#216,#217);
#216 = CARTESIAN_POINT('',(-2.5,28.,0.625991493039));
#217 = VECTOR('',#218,1.);
#218 = DIRECTION('',(-0.,-1.,-2.2E-16));
#219 = ORIENTED_EDGE('',*,*,#220,.T.);
#220 = EDGE_CURVE('',#213,#197,#221,.T.);
#221 = LINE('',#222,#223);
#222 = CARTESIAN_POINT('',(-2.5,27.9,0.625991493039));
#223 = VECTOR('',#224,1.);
#224 = DIRECTION('',(-1.,-0.,-0.));
#225 = PLANE('',#226);
#226 = AXIS2_PLACEMENT_3D('',#227,#228,#229);
#227 = CARTESIAN_POINT('',(-2.5,28.,0.625991493039));
#228 = DIRECTION('',(0.,-2.2E-16,1.));
#229 = DIRECTION('',(1.,0.,0.));
#230 = ADVANCED_FACE('',(#231),#263,.F.);
#231 = FACE_BOUND('',#232,.T.);
#232 = EDGE_LOOP('',(#233,#242,#243,#257));
#233 = ORIENTED_EDGE('',*,*,#234,.T.);
#234 = EDGE_CURVE('',#235,#213,#237,.T.);
#235 = VERTEX_POINT('',#236);
#236 = CARTESIAN_POINT('',(-2.5,27.5,1.025991493039));
#237 = CIRCLE('',#238,0.4);
#238 = AXIS2_PLACEMENT_3D('',#239,#240,#241);
#239 = CARTESIAN_POINT('',(-2.5,27.9,1.025991493039));
#240 = DIRECTION('',(1.,-0.,0.));
#241 = DIRECTION('',(0.,0.,-1.));
#242 = ORIENTED_EDGE('',*,*,#220,.T.);
#243 = ORIENTED_EDGE('',*,*,#244,.F.);
#244 = EDGE_CURVE('',#245,#197,#247,.T.);
#245 = VERTEX_POINT('',#246);
#246 = CARTESIAN_POINT('',(-7.93393606328,27.5,1.025991493039));
#247 = B_SPLINE_CURVE_WITH_KNOTS('',8,(#248,#249,#250,#251,#252,#253,
    #254,#255,#256),.UNSPECIFIED.,.F.,.F.,(9,9),(0.,1.),
  .PIECEWISE_BEZIER_KNOTS.);
#248 = CARTESIAN_POINT('',(-7.93393606328,27.5,1.025991493039));
#249 = CARTESIAN_POINT('',(-7.944432049548,27.5,0.94482660567));
#250 = CARTESIAN_POINT('',(-7.95395557241,27.518821179178,0.863722625295
    ));
#251 = CARTESIAN_POINT('',(-7.961730708187,27.556421616955,
    0.788725485034));
#252 = CARTESIAN_POINT('',(-7.967500840719,27.609830387912,
    0.725033310242));
#253 = CARTESIAN_POINT('',(-7.971569078053,27.674978925213,
    0.675718197504));
#254 = CARTESIAN_POINT('',(-7.97417381875,27.747698378457,0.642512507824
    ));
#255 = CARTESIAN_POINT('',(-7.975470810594,27.82395955473,0.625991493039
    ));
#256 = CARTESIAN_POINT('',(-7.975470810594,27.9,0.625991493039));
#257 = ORIENTED_EDGE('',*,*,#258,.F.);
#258 = EDGE_CURVE('',#235,#245,#259,.T.);
#259 = LINE('',#260,#261);
#260 = CARTESIAN_POINT('',(-2.5,27.5,1.025991493039));
#261 = VECTOR('',#262,1.);
#262 = DIRECTION('',(-1.,-0.,-0.));
#263 = CYLINDRICAL_SURFACE('',#264,0.4);
#264 = AXIS2_PLACEMENT_3D('',#265,#266,#267);
#265 = CARTESIAN_POINT('',(-2.5,27.9,1.025991493039));
#266 = DIRECTION('',(-1.,-0.,-0.));
#267 = DIRECTION('',(0.,-1.,0.));
#268 = ADVANCED_FACE('',(#269),#377,.T.);
#269 = FACE_BOUND('',#270,.F.);
#270 = EDGE_LOOP('',(#271,#272,#281,#289,#297,#305,#313,#321,#329,#337,
    #346,#354,#362,#371));
#271 = ORIENTED_EDGE('',*,*,#204,.T.);
#272 = ORIENTED_EDGE('',*,*,#273,.T.);
#273 = EDGE_CURVE('',#195,#274,#276,.T.);
#274 = VERTEX_POINT('',#275);
#275 = CARTESIAN_POINT('',(-6.613269692946,28.,-4.501629034956));
#276 = CIRCLE('',#277,8.);
#277 = AXIS2_PLACEMENT_3D('',#278,#279,#280);
#278 = CARTESIAN_POINT('',(0.,28.,1.843E-14));
#279 = DIRECTION('',(0.,-1.,-4.4E-16));
#280 = DIRECTION('',(1.,0.,0.));
#281 = ORIENTED_EDGE('',*,*,#282,.T.);
#282 = EDGE_CURVE('',#274,#283,#285,.T.);
#283 = VERTEX_POINT('',#284);
#284 = CARTESIAN_POINT('',(-6.,28.,-6.291502622129));
#285 = LINE('',#286,#287);
#286 = CARTESIAN_POINT('',(-6.288125108858,28.,-5.450587885793));
#287 = VECTOR('',#288,1.);
#288 = DIRECTION('',(0.324134549861,2.8E-16,-0.946010990204));
#289 = ORIENTED_EDGE('',*,*,#290,.F.);
#290 = EDGE_CURVE('',#291,#283,#293,.T.);
#291 = VERTEX_POINT('',#292);
#292 = CARTESIAN_POINT('',(-6.,28.,-7.000000000128));
#293 = LINE('',#294,#295);
#294 = CARTESIAN_POINT('',(-6.,28.,-8.000000000128));
#295 = VECTOR('',#296,1.);
#296 = DIRECTION('',(0.,-4.4E-16,1.));
#297 = ORIENTED_EDGE('',*,*,#298,.T.);
#298 = EDGE_CURVE('',#291,#299,#301,.T.);
#299 = VERTEX_POINT('',#300);
#300 = CARTESIAN_POINT('',(-5.,28.,-8.000000000128));
#301 = LINE('',#302,#303);
#302 = CARTESIAN_POINT('',(-5.410891739233,28.,-7.589108260895));
#303 = VECTOR('',#304,1.);
#304 = DIRECTION('',(0.707106781187,2.1E-16,-0.707106781187));
#305 = ORIENTED_EDGE('',*,*,#306,.T.);
#306 = EDGE_CURVE('',#299,#307,#309,.T.);
#307 = VERTEX_POINT('',#308);
#308 = CARTESIAN_POINT('',(5.,28.,-8.000000000128));
#309 = LINE('',#310,#311);
#310 = CARTESIAN_POINT('',(-6.,28.,-8.000000000128));
#311 = VECTOR('',#312,1.);
#312 = DIRECTION('',(1.,0.,0.));
#313 = ORIENTED_EDGE('',*,*,#314,.T.);
#314 = EDGE_CURVE('',#307,#315,#317,.T.);
#315 = VERTEX_POINT('',#316);
#316 = CARTESIAN_POINT('',(6.,28.,-7.000000000128));
#317 = LINE('',#318,#319);
#318 = CARTESIAN_POINT('',(5.410891739233,28.,-7.589108260895));
#319 = VECTOR('',#320,1.);
#320 = DIRECTION('',(0.707106781187,-2.1E-16,0.707106781187));
#321 = ORIENTED_EDGE('',*,*,#322,.T.);
#322 = EDGE_CURVE('',#315,#323,#325,.T.);
#323 = VERTEX_POINT('',#324);
#324 = CARTESIAN_POINT('',(6.,28.,-6.291502622129));
#325 = LINE('',#326,#327);
#326 = CARTESIAN_POINT('',(6.,28.,-8.000000000128));
#327 = VECTOR('',#328,1.);
#328 = DIRECTION('',(0.,-4.4E-16,1.));
#329 = ORIENTED_EDGE('',*,*,#330,.F.);
#330 = EDGE_CURVE('',#331,#323,#333,.T.);
#331 = VERTEX_POINT('',#332);
#332 = CARTESIAN_POINT('',(6.613269692946,28.,-4.501629034956));
#333 = LINE('',#334,#335);
#334 = CARTESIAN_POINT('',(6.288125108858,28.,-5.450587885793));
#335 = VECTOR('',#336,1.);
#336 = DIRECTION('',(-0.324134549861,2.8E-16,-0.946010990204));
#337 = ORIENTED_EDGE('',*,*,#338,.T.);
#338 = EDGE_CURVE('',#331,#339,#341,.T.);
#339 = VERTEX_POINT('',#340);
#340 = CARTESIAN_POINT('',(7.975470810594,28.,0.625991493039));
#341 = CIRCLE('',#342,8.);
#342 = AXIS2_PLACEMENT_3D('',#343,#344,#345);
#343 = CARTESIAN_POINT('',(0.,28.,1.843E-14));
#344 = DIRECTION('',(0.,-1.,-4.4E-16));
#345 = DIRECTION('',(1.,0.,0.));
#346 = ORIENTED_EDGE('',*,*,#347,.T.);
#347 = EDGE_CURVE('',#339,#348,#350,.T.);
#348 = VERTEX_POINT('',#349);
#349 = CARTESIAN_POINT('',(2.5,28.,0.625991493039));
#350 = LINE('',#351,#352);
#351 = CARTESIAN_POINT('',(10.109045000004,28.,0.625991493039));
#352 = VECTOR('',#353,1.);
#353 = DIRECTION('',(-1.,0.,0.));
#354 = ORIENTED_EDGE('',*,*,#355,.T.);
#355 = EDGE_CURVE('',#348,#356,#358,.T.);
#356 = VERTEX_POINT('',#357);
#357 = CARTESIAN_POINT('',(2.5,28.,0.));
#358 = LINE('',#359,#360);
#359 = CARTESIAN_POINT('',(2.5,28.,0.625991493039));
#360 = VECTOR('',#361,1.);
#361 = DIRECTION('',(-0.,4.4E-16,-1.));
#362 = ORIENTED_EDGE('',*,*,#363,.F.);
#363 = EDGE_CURVE('',#364,#356,#366,.T.);
#364 = VERTEX_POINT('',#365);
#365 = CARTESIAN_POINT('',(-2.5,28.,1.E-15));
#366 = CIRCLE('',#367,2.5);
#367 = AXIS2_PLACEMENT_3D('',#368,#369,#370);
#368 = CARTESIAN_POINT('',(0.,28.,1.243E-14));
#369 = DIRECTION('',(0.,-1.,-4.4E-16));
#370 = DIRECTION('',(1.,0.,0.));
#371 = ORIENTED_EDGE('',*,*,#372,.T.);
#372 = EDGE_CURVE('',#364,#205,#373,.T.);
#373 = LINE('',#374,#375);
#374 = CARTESIAN_POINT('',(-2.5,28.,1.277E-14));
#375 = VECTOR('',#376,1.);
#376 = DIRECTION('',(0.,-4.4E-16,1.));
#377 = PLANE('',#378);
#378 = AXIS2_PLACEMENT_3D('',#379,#380,#381);
#379 = CARTESIAN_POINT('',(-1.4E-16,28.,-2.356433043195));
#380 = DIRECTION('',(0.,1.,3.E-16));
#381 = DIRECTION('',(0.,-3.E-16,1.));
#382 = ADVANCED_FACE('',(#383),#474,.F.);
#383 = FACE_BOUND('',#384,.T.);
#384 = EDGE_LOOP('',(#385,#396,#404,#412,#420,#426,#427,#436,#444,#452,
    #460,#468));
#385 = ORIENTED_EDGE('',*,*,#386,.T.);
#386 = EDGE_CURVE('',#387,#389,#391,.T.);
#387 = VERTEX_POINT('',#388);
#388 = CARTESIAN_POINT('',(7.905500923977,27.5,1.225991493039));
#389 = VERTEX_POINT('',#390);
#390 = CARTESIAN_POINT('',(7.93393606328,27.5,1.025991493039));
#391 = CIRCLE('',#392,8.);
#392 = AXIS2_PLACEMENT_3D('',#393,#394,#395);
#393 = CARTESIAN_POINT('',(0.,27.5,6.11E-15));
#394 = DIRECTION('',(-0.,1.,2.2E-16));
#395 = DIRECTION('',(1.,0.,0.));
#396 = ORIENTED_EDGE('',*,*,#397,.T.);
#397 = EDGE_CURVE('',#389,#398,#400,.T.);
#398 = VERTEX_POINT('',#399);
#399 = CARTESIAN_POINT('',(2.5,27.5,1.025991493039));
#400 = LINE('',#401,#402);
#401 = CARTESIAN_POINT('',(7.975470810594,27.5,1.025991493039));
#402 = VECTOR('',#403,1.);
#403 = DIRECTION('',(-1.,-0.,-0.));
#404 = ORIENTED_EDGE('',*,*,#405,.F.);
#405 = EDGE_CURVE('',#406,#398,#408,.T.);
#406 = VERTEX_POINT('',#407);
#407 = CARTESIAN_POINT('',(2.5,27.5,0.));
#408 = LINE('',#409,#410);
#409 = CARTESIAN_POINT('',(2.5,27.5,1.034540293841));
#410 = VECTOR('',#411,1.);
#411 = DIRECTION('',(0.,0.,1.));
#412 = ORIENTED_EDGE('',*,*,#413,.F.);
#413 = EDGE_CURVE('',#414,#406,#416,.T.);
#414 = VERTEX_POINT('',#415);
#415 = CARTESIAN_POINT('',(-2.5,27.5,1.E-15));
#416 = LINE('',#417,#418);
#417 = CARTESIAN_POINT('',(-2.5,27.5,1.255E-14));
#418 = VECTOR('',#419,1.);
#419 = DIRECTION('',(1.,0.,-1.8E-16));
#420 = ORIENTED_EDGE('',*,*,#421,.T.);
#421 = EDGE_CURVE('',#414,#235,#422,.T.);
#422 = LINE('',#423,#424);
#423 = CARTESIAN_POINT('',(-2.5,27.5,5.3E-16));
#424 = VECTOR('',#425,1.);
#425 = DIRECTION('',(0.,-2.2E-16,1.));
#426 = ORIENTED_EDGE('',*,*,#258,.T.);
#427 = ORIENTED_EDGE('',*,*,#428,.T.);
#428 = EDGE_CURVE('',#245,#429,#431,.T.);
#429 = VERTEX_POINT('',#430);
#430 = CARTESIAN_POINT('',(-7.905500923977,27.5,1.225991493039));
#431 = CIRCLE('',#432,8.);
#432 = AXIS2_PLACEMENT_3D('',#433,#434,#435);
#433 = CARTESIAN_POINT('',(0.,27.5,6.11E-15));
#434 = DIRECTION('',(-0.,1.,2.2E-16));
#435 = DIRECTION('',(1.,0.,0.));
#436 = ORIENTED_EDGE('',*,*,#437,.T.);
#437 = EDGE_CURVE('',#429,#438,#440,.T.);
#438 = VERTEX_POINT('',#439);
#439 = CARTESIAN_POINT('',(-2.5,27.5,1.225991493039));
#440 = LINE('',#441,#442);
#441 = CARTESIAN_POINT('',(-7.833016766519,27.5,1.225991493039));
#442 = VECTOR('',#443,1.);
#443 = DIRECTION('',(1.,0.,0.));
#444 = ORIENTED_EDGE('',*,*,#445,.F.);
#445 = EDGE_CURVE('',#446,#438,#448,.T.);
#446 = VERTEX_POINT('',#447);
#447 = CARTESIAN_POINT('',(-2.5,27.5,2.649734195838));
#448 = LINE('',#449,#450);
#449 = CARTESIAN_POINT('',(-2.5,27.5,1.534540293841));
#450 = VECTOR('',#451,1.);
#451 = DIRECTION('',(-0.,-0.,-1.));
#452 = ORIENTED_EDGE('',*,*,#453,.F.);
#453 = EDGE_CURVE('',#454,#446,#456,.T.);
#454 = VERTEX_POINT('',#455);
#455 = CARTESIAN_POINT('',(2.5,27.5,2.649734195838));
#456 = LINE('',#457,#458);
#457 = CARTESIAN_POINT('',(5.107665695555E-02,27.5,2.649734195838));
#458 = VECTOR('',#459,1.);
#459 = DIRECTION('',(-1.,-0.,-0.));
#460 = ORIENTED_EDGE('',*,*,#461,.T.);
#461 = EDGE_CURVE('',#454,#462,#464,.T.);
#462 = VERTEX_POINT('',#463);
#463 = CARTESIAN_POINT('',(2.5,27.5,1.225991493039));
#464 = LINE('',#465,#466);
#465 = CARTESIAN_POINT('',(2.5,27.5,3.948228200006));
#466 = VECTOR('',#467,1.);
#467 = DIRECTION('',(-0.,2.2E-16,-1.));
#468 = ORIENTED_EDGE('',*,*,#469,.T.);
#469 = EDGE_CURVE('',#462,#387,#470,.T.);
#470 = LINE('',#471,#472);
#471 = CARTESIAN_POINT('',(2.5,27.5,1.225991493039));
#472 = VECTOR('',#473,1.);
#473 = DIRECTION('',(1.,0.,0.));
#474 = PLANE('',#475);
#475 = AXIS2_PLACEMENT_3D('',#476,#477,#478);
#476 = CARTESIAN_POINT('',(0.102153313911,27.5,1.443089094644));
#477 = DIRECTION('',(-0.,-1.,-0.));
#478 = DIRECTION('',(0.,0.,-1.));
#479 = ADVANCED_FACE('',(#480),#512,.F.);
#480 = FACE_BOUND('',#481,.T.);
#481 = EDGE_LOOP('',(#482,#496,#504,#511));
#482 = ORIENTED_EDGE('',*,*,#483,.T.);
#483 = EDGE_CURVE('',#429,#484,#486,.T.);
#484 = VERTEX_POINT('',#485);
#485 = CARTESIAN_POINT('',(-7.833016766519,27.9,1.625991493039));
#486 = B_SPLINE_CURVE_WITH_KNOTS('',8,(#487,#488,#489,#490,#491,#492,
    #493,#494,#495),.UNSPECIFIED.,.F.,.F.,(9,9),(0.,1.),
  .PIECEWISE_BEZIER_KNOTS.);
#487 = CARTESIAN_POINT('',(-7.905500923977,27.5,1.225991493039));
#488 = CARTESIAN_POINT('',(-7.892911947605,27.5,1.307168373064));
#489 = CARTESIAN_POINT('',(-7.879369006605,27.518826733281,
    1.388207293063));
#490 = CARTESIAN_POINT('',(-7.865800227131,27.556375760595,
    1.463111531435));
#491 = CARTESIAN_POINT('',(-7.853406742026,27.609679633744,
    1.526764381966));
#492 = CARTESIAN_POINT('',(-7.843368597116,27.674752240544,
    1.576128217666));
#493 = CARTESIAN_POINT('',(-7.836456902231,27.747484416152,
    1.609417952611));
#494 = CARTESIAN_POINT('',(-7.833016766519,27.823838896939,
    1.625991493039));
#495 = CARTESIAN_POINT('',(-7.833016766519,27.9,1.625991493039));
#496 = ORIENTED_EDGE('',*,*,#497,.T.);
#497 = EDGE_CURVE('',#484,#498,#500,.T.);
#498 = VERTEX_POINT('',#499);
#499 = CARTESIAN_POINT('',(-2.5,27.9,1.625991493039));
#500 = LINE('',#501,#502);
#501 = CARTESIAN_POINT('',(-7.833016766519,27.9,1.625991493039));
#502 = VECTOR('',#503,1.);
#503 = DIRECTION('',(1.,0.,0.));
#504 = ORIENTED_EDGE('',*,*,#505,.F.);
#505 = EDGE_CURVE('',#438,#498,#506,.T.);
#506 = CIRCLE('',#507,0.4);
#507 = AXIS2_PLACEMENT_3D('',#508,#509,#510);
#508 = CARTESIAN_POINT('',(-2.5,27.9,1.225991493039));
#509 = DIRECTION('',(-1.,0.,0.));
#510 = DIRECTION('',(0.,0.,1.));
#511 = ORIENTED_EDGE('',*,*,#437,.F.);
#512 = CYLINDRICAL_SURFACE('',#513,0.4);
#513 = AXIS2_PLACEMENT_3D('',#514,#515,#516);
#514 = CARTESIAN_POINT('',(-7.833016766519,27.9,1.225991493039));
#515 = DIRECTION('',(1.,0.,0.));
#516 = DIRECTION('',(0.,-1.,0.));
#517 = ADVANCED_FACE('',(#518),#543,.T.);
#518 = FACE_BOUND('',#519,.F.);
#519 = EDGE_LOOP('',(#520,#528,#536,#542));
#520 = ORIENTED_EDGE('',*,*,#521,.F.);
#521 = EDGE_CURVE('',#522,#498,#524,.T.);
#522 = VERTEX_POINT('',#523);
#523 = CARTESIAN_POINT('',(-2.5,28.,1.625991493039));
#524 = LINE('',#525,#526);
#525 = CARTESIAN_POINT('',(-2.5,28.,1.625991493039));
#526 = VECTOR('',#527,1.);
#527 = DIRECTION('',(-0.,-1.,-2.2E-16));
#528 = ORIENTED_EDGE('',*,*,#529,.F.);
#529 = EDGE_CURVE('',#530,#522,#532,.T.);
#530 = VERTEX_POINT('',#531);
#531 = CARTESIAN_POINT('',(-7.833016766519,28.,1.625991493039));
#532 = LINE('',#533,#534);
#533 = CARTESIAN_POINT('',(-9.876034999996,28.,1.625991493039));
#534 = VECTOR('',#535,1.);
#535 = DIRECTION('',(1.,0.,0.));
#536 = ORIENTED_EDGE('',*,*,#537,.T.);
#537 = EDGE_CURVE('',#530,#484,#538,.T.);
#538 = LINE('',#539,#540);
#539 = CARTESIAN_POINT('',(-7.833016766519,-3.03E-15,1.625991493039));
#540 = VECTOR('',#541,1.);
#541 = DIRECTION('',(-0.,-1.,-2.2E-16));
#542 = ORIENTED_EDGE('',*,*,#497,.T.);
#543 = PLANE('',#544);
#544 = AXIS2_PLACEMENT_3D('',#545,#546,#547);
#545 = CARTESIAN_POINT('',(-9.876034999996,28.,1.625991493039));
#546 = DIRECTION('',(0.,2.2E-16,-1.));
#547 = DIRECTION('',(-1.,0.,0.));
#548 = ADVANCED_FACE('',(#549),#575,.T.);
#549 = FACE_BOUND('',#550,.F.);
#550 = EDGE_LOOP('',(#551,#561,#568,#569));
#551 = ORIENTED_EDGE('',*,*,#552,.F.);
#552 = EDGE_CURVE('',#553,#555,#557,.T.);
#553 = VERTEX_POINT('',#554);
#554 = CARTESIAN_POINT('',(-7.5484375,28.,2.649734195838));
#555 = VERTEX_POINT('',#556);
#556 = CARTESIAN_POINT('',(-2.5,28.,2.649734195838));
#557 = LINE('',#558,#559);
#558 = CARTESIAN_POINT('',(-7.5484375,28.,2.649734195838));
#559 = VECTOR('',#560,1.);
#560 = DIRECTION('',(1.,0.,0.));
#561 = ORIENTED_EDGE('',*,*,#562,.T.);
#562 = EDGE_CURVE('',#553,#530,#563,.T.);
#563 = CIRCLE('',#564,8.);
#564 = AXIS2_PLACEMENT_3D('',#565,#566,#567);
#565 = CARTESIAN_POINT('',(0.,28.,1.843E-14));
#566 = DIRECTION('',(0.,-1.,-4.4E-16));
#567 = DIRECTION('',(1.,0.,0.));
#568 = ORIENTED_EDGE('',*,*,#529,.T.);
#569 = ORIENTED_EDGE('',*,*,#570,.T.);
#570 = EDGE_CURVE('',#522,#555,#571,.T.);
#571 = LINE('',#572,#573);
#572 = CARTESIAN_POINT('',(-2.5,28.,1.625991493039));
#573 = VECTOR('',#574,1.);
#574 = DIRECTION('',(0.,-4.4E-16,1.));
#575 = PLANE('',#576);
#576 = AXIS2_PLACEMENT_3D('',#577,#578,#579);
#577 = CARTESIAN_POINT('',(-1.4E-16,28.,-2.356433043195));
#578 = DIRECTION('',(0.,1.,3.E-16));
#579 = DIRECTION('',(0.,-3.E-16,1.));
#580 = ADVANCED_FACE('',(#581),#654,.T.);
#581 = FACE_BOUND('',#582,.F.);
#582 = EDGE_LOOP('',(#583,#591,#592,#598,#599,#605,#606,#614,#622,#630,
    #640,#648));
#583 = ORIENTED_EDGE('',*,*,#584,.F.);
#584 = EDGE_CURVE('',#146,#585,#587,.T.);
#585 = VERTEX_POINT('',#586);
#586 = CARTESIAN_POINT('',(-6.7484375,26.5,2.649734195838));
#587 = LINE('',#588,#589);
#588 = CARTESIAN_POINT('',(-6.7484375,-3.25E-15,2.649734195838));
#589 = VECTOR('',#590,1.);
#590 = DIRECTION('',(0.,1.,2.2E-16));
#591 = ORIENTED_EDGE('',*,*,#158,.T.);
#592 = ORIENTED_EDGE('',*,*,#593,.T.);
#593 = EDGE_CURVE('',#159,#553,#594,.T.);
#594 = LINE('',#595,#596);
#595 = CARTESIAN_POINT('',(-7.5484375,-3.25E-15,2.649734195838));
#596 = VECTOR('',#597,1.);
#597 = DIRECTION('',(0.,1.,2.2E-16));
#598 = ORIENTED_EDGE('',*,*,#552,.T.);
#599 = ORIENTED_EDGE('',*,*,#600,.T.);
#600 = EDGE_CURVE('',#555,#446,#601,.T.);
#601 = LINE('',#602,#603);
#602 = CARTESIAN_POINT('',(-2.5,22.141995195546,2.649734195838));
#603 = VECTOR('',#604,1.);
#604 = DIRECTION('',(-0.,-1.,-0.));
#605 = ORIENTED_EDGE('',*,*,#453,.F.);
#606 = ORIENTED_EDGE('',*,*,#607,.T.);
#607 = EDGE_CURVE('',#454,#608,#610,.T.);
#608 = VERTEX_POINT('',#609);
#609 = CARTESIAN_POINT('',(2.5,28.,2.649734195838));
#610 = LINE('',#611,#612);
#611 = CARTESIAN_POINT('',(2.5,22.141995195546,2.649734195838));
#612 = VECTOR('',#613,1.);
#613 = DIRECTION('',(0.,1.,0.));
#614 = ORIENTED_EDGE('',*,*,#615,.T.);
#615 = EDGE_CURVE('',#608,#616,#618,.T.);
#616 = VERTEX_POINT('',#617);
#617 = CARTESIAN_POINT('',(7.5484375,28.,2.649734195838));
#618 = LINE('',#619,#620);
#619 = CARTESIAN_POINT('',(-7.5484375,28.,2.649734195838));
#620 = VECTOR('',#621,1.);
#621 = DIRECTION('',(1.,0.,0.));
#622 = ORIENTED_EDGE('',*,*,#623,.F.);
#623 = EDGE_CURVE('',#624,#616,#626,.T.);
#624 = VERTEX_POINT('',#625);
#625 = CARTESIAN_POINT('',(7.5484375,22.,2.649734195838));
#626 = LINE('',#627,#628);
#627 = CARTESIAN_POINT('',(7.5484375,26.5,2.649734195838));
#628 = VECTOR('',#629,1.);
#629 = DIRECTION('',(0.,1.,0.));
#630 = ORIENTED_EDGE('',*,*,#631,.T.);
#631 = EDGE_CURVE('',#624,#632,#634,.T.);
#632 = VERTEX_POINT('',#633);
#633 = CARTESIAN_POINT('',(6.7484375,22.,2.649734195838));
#634 = B_SPLINE_CURVE_WITH_KNOTS('',2,(#635,#636,#637,#638,#639),
  .UNSPECIFIED.,.F.,.F.,(3,1,1,3),(-0.328200215345,-0.279240215345,0.8,
    0.84896),.UNSPECIFIED.);
#635 = CARTESIAN_POINT('',(7.876637715345,22.,2.649734195838));
#636 = CARTESIAN_POINT('',(7.852157715345,22.,2.649734195838));
#637 = CARTESIAN_POINT('',(7.288057607673,22.,2.649734195838));
#638 = CARTESIAN_POINT('',(6.7239575,22.,2.649734195838));
#639 = CARTESIAN_POINT('',(6.6994775,22.,2.649734195838));
#640 = ORIENTED_EDGE('',*,*,#641,.T.);
#641 = EDGE_CURVE('',#632,#642,#644,.T.);
#642 = VERTEX_POINT('',#643);
#643 = CARTESIAN_POINT('',(6.7484375,26.5,2.649734195838));
#644 = LINE('',#645,#646);
#645 = CARTESIAN_POINT('',(6.7484375,-3.25E-15,2.649734195838));
#646 = VECTOR('',#647,1.);
#647 = DIRECTION('',(0.,1.,2.2E-16));
#648 = ORIENTED_EDGE('',*,*,#649,.F.);
#649 = EDGE_CURVE('',#585,#642,#650,.T.);
#650 = LINE('',#651,#652);
#651 = CARTESIAN_POINT('',(-6.7484375,26.5,2.649734195838));
#652 = VECTOR('',#653,1.);
#653 = DIRECTION('',(1.,0.,-2.E-16));
#654 = PLANE('',#655);
#655 = AXIS2_PLACEMENT_3D('',#656,#657,#658);
#656 = CARTESIAN_POINT('',(1.8E-16,16.283990391092,2.649734195838));
#657 = DIRECTION('',(0.,0.,1.));
#658 = DIRECTION('',(-1.,-0.,-0.));
#659 = ADVANCED_FACE('',(#660),#672,.T.);
#660 = FACE_BOUND('',#661,.F.);
#661 = EDGE_LOOP('',(#662,#663,#664,#670,#671));
#662 = ORIENTED_EDGE('',*,*,#212,.F.);
#663 = ORIENTED_EDGE('',*,*,#372,.F.);
#664 = ORIENTED_EDGE('',*,*,#665,.F.);
#665 = EDGE_CURVE('',#414,#364,#666,.T.);
#666 = LINE('',#667,#668);
#667 = CARTESIAN_POINT('',(-2.5,26.5,3.1E-16));
#668 = VECTOR('',#669,1.);
#669 = DIRECTION('',(0.,1.,2.2E-16));
#670 = ORIENTED_EDGE('',*,*,#421,.T.);
#671 = ORIENTED_EDGE('',*,*,#234,.T.);
#672 = PLANE('',#673);
#673 = AXIS2_PLACEMENT_3D('',#674,#675,#676);
#674 = CARTESIAN_POINT('',(-2.5,28.,6.4E-16));
#675 = DIRECTION('',(1.,0.,0.));
#676 = DIRECTION('',(0.,2.2E-16,-1.));
#677 = ADVANCED_FACE('',(#678),#711,.F.);
#678 = FACE_BOUND('',#679,.F.);
#679 = EDGE_LOOP('',(#680,#688,#689,#690,#696,#704));
#680 = ORIENTED_EDGE('',*,*,#681,.T.);
#681 = EDGE_CURVE('',#682,#414,#684,.T.);
#682 = VERTEX_POINT('',#683);
#683 = CARTESIAN_POINT('',(-2.5,26.5,0.));
#684 = LINE('',#685,#686);
#685 = CARTESIAN_POINT('',(-2.5,26.5,3.1E-16));
#686 = VECTOR('',#687,1.);
#687 = DIRECTION('',(0.,1.,2.2E-16));
#688 = ORIENTED_EDGE('',*,*,#665,.T.);
#689 = ORIENTED_EDGE('',*,*,#363,.T.);
#690 = ORIENTED_EDGE('',*,*,#691,.F.);
#691 = EDGE_CURVE('',#406,#356,#692,.T.);
#692 = LINE('',#693,#694);
#693 = CARTESIAN_POINT('',(2.5,26.5,-6.1E-16));
#694 = VECTOR('',#695,1.);
#695 = DIRECTION('',(0.,1.,2.2E-16));
#696 = ORIENTED_EDGE('',*,*,#697,.F.);
#697 = EDGE_CURVE('',#698,#406,#700,.T.);
#698 = VERTEX_POINT('',#699);
#699 = CARTESIAN_POINT('',(2.5,26.5,-1.E-15));
#700 = LINE('',#701,#702);
#701 = CARTESIAN_POINT('',(2.5,26.5,-6.1E-16));
#702 = VECTOR('',#703,1.);
#703 = DIRECTION('',(0.,1.,2.2E-16));
#704 = ORIENTED_EDGE('',*,*,#705,.F.);
#705 = EDGE_CURVE('',#682,#698,#706,.T.);
#706 = CIRCLE('',#707,2.5);
#707 = AXIS2_PLACEMENT_3D('',#708,#709,#710);
#708 = CARTESIAN_POINT('',(0.,26.5,1.177E-14));
#709 = DIRECTION('',(0.,-1.,-4.4E-16));
#710 = DIRECTION('',(1.,0.,0.));
#711 = CYLINDRICAL_SURFACE('',#712,2.5);
#712 = AXIS2_PLACEMENT_3D('',#713,#714,#715);
#713 = CARTESIAN_POINT('',(0.,26.5,0.));
#714 = DIRECTION('',(-0.,-1.,-2.2E-16));
#715 = DIRECTION('',(1.,0.,0.));
#716 = ADVANCED_FACE('',(#717),#737,.T.);
#717 = FACE_BOUND('',#718,.F.);
#718 = EDGE_LOOP('',(#719,#727,#734,#735,#736));
#719 = ORIENTED_EDGE('',*,*,#720,.T.);
#720 = EDGE_CURVE('',#348,#721,#723,.T.);
#721 = VERTEX_POINT('',#722);
#722 = CARTESIAN_POINT('',(2.5,27.9,0.625991493039));
#723 = LINE('',#724,#725);
#724 = CARTESIAN_POINT('',(2.5,28.,0.625991493039));
#725 = VECTOR('',#726,1.);
#726 = DIRECTION('',(-0.,-1.,-2.2E-16));
#727 = ORIENTED_EDGE('',*,*,#728,.F.);
#728 = EDGE_CURVE('',#398,#721,#729,.T.);
#729 = CIRCLE('',#730,0.4);
#730 = AXIS2_PLACEMENT_3D('',#731,#732,#733);
#731 = CARTESIAN_POINT('',(2.5,27.9,1.025991493039));
#732 = DIRECTION('',(1.,-0.,0.));
#733 = DIRECTION('',(0.,0.,-1.));
#734 = ORIENTED_EDGE('',*,*,#405,.F.);
#735 = ORIENTED_EDGE('',*,*,#691,.T.);
#736 = ORIENTED_EDGE('',*,*,#355,.F.);
#737 = PLANE('',#738);
#738 = AXIS2_PLACEMENT_3D('',#739,#740,#741);
#739 = CARTESIAN_POINT('',(2.5,28.,0.625991493039));
#740 = DIRECTION('',(-1.,-0.,-0.));
#741 = DIRECTION('',(0.,-2.2E-16,1.));
#742 = ADVANCED_FACE('',(#743),#761,.T.);
#743 = FACE_BOUND('',#744,.F.);
#744 = EDGE_LOOP('',(#745,#746,#747,#755));
#745 = ORIENTED_EDGE('',*,*,#720,.F.);
#746 = ORIENTED_EDGE('',*,*,#347,.F.);
#747 = ORIENTED_EDGE('',*,*,#748,.T.);
#748 = EDGE_CURVE('',#339,#749,#751,.T.);
#749 = VERTEX_POINT('',#750);
#750 = CARTESIAN_POINT('',(7.975470810594,27.9,0.625991493039));
#751 = LINE('',#752,#753);
#752 = CARTESIAN_POINT('',(7.975470810594,-2.8E-15,0.625991493039));
#753 = VECTOR('',#754,1.);
#754 = DIRECTION('',(-0.,-1.,-2.2E-16));
#755 = ORIENTED_EDGE('',*,*,#756,.T.);
#756 = EDGE_CURVE('',#749,#721,#757,.T.);
#757 = LINE('',#758,#759);
#758 = CARTESIAN_POINT('',(7.975470810594,27.9,0.625991493039));
#759 = VECTOR('',#760,1.);
#760 = DIRECTION('',(-1.,-0.,-0.));
#761 = PLANE('',#762);
#762 = AXIS2_PLACEMENT_3D('',#763,#764,#765);
#763 = CARTESIAN_POINT('',(10.109045000004,28.,0.625991493039));
#764 = DIRECTION('',(0.,-2.2E-16,1.));
#765 = DIRECTION('',(1.,0.,0.));
#766 = ADVANCED_FACE('',(#767),#799,.F.);
#767 = FACE_BOUND('',#768,.T.);
#768 = EDGE_LOOP('',(#769,#778,#786,#798));
#769 = ORIENTED_EDGE('',*,*,#770,.T.);
#770 = EDGE_CURVE('',#462,#771,#773,.T.);
#771 = VERTEX_POINT('',#772);
#772 = CARTESIAN_POINT('',(2.5,27.9,1.625991493039));
#773 = CIRCLE('',#774,0.4);
#774 = AXIS2_PLACEMENT_3D('',#775,#776,#777);
#775 = CARTESIAN_POINT('',(2.5,27.9,1.225991493039));
#776 = DIRECTION('',(-1.,0.,0.));
#777 = DIRECTION('',(0.,0.,1.));
#778 = ORIENTED_EDGE('',*,*,#779,.T.);
#779 = EDGE_CURVE('',#771,#780,#782,.T.);
#780 = VERTEX_POINT('',#781);
#781 = CARTESIAN_POINT('',(7.833016766519,27.9,1.625991493039));
#782 = LINE('',#783,#784);
#783 = CARTESIAN_POINT('',(2.5,27.9,1.625991493039));
#784 = VECTOR('',#785,1.);
#785 = DIRECTION('',(1.,0.,0.));
#786 = ORIENTED_EDGE('',*,*,#787,.F.);
#787 = EDGE_CURVE('',#387,#780,#788,.T.);
#788 = B_SPLINE_CURVE_WITH_KNOTS('',8,(#789,#790,#791,#792,#793,#794,
    #795,#796,#797),.UNSPECIFIED.,.F.,.F.,(9,9),(0.,1.),
  .PIECEWISE_BEZIER_KNOTS.);
#789 = CARTESIAN_POINT('',(7.905500923977,27.5,1.225991493039));
#790 = CARTESIAN_POINT('',(7.892911947605,27.5,1.307168373064));
#791 = CARTESIAN_POINT('',(7.879369006605,27.518826733281,1.388207293064
    ));
#792 = CARTESIAN_POINT('',(7.865800227131,27.556375760595,1.463111531435
    ));
#793 = CARTESIAN_POINT('',(7.853406742026,27.609679633744,1.526764381966
    ));
#794 = CARTESIAN_POINT('',(7.843368597116,27.674752240544,1.576128217666
    ));
#795 = CARTESIAN_POINT('',(7.836456902231,27.747484416152,1.609417952611
    ));
#796 = CARTESIAN_POINT('',(7.833016766519,27.823838896939,1.625991493039
    ));
#797 = CARTESIAN_POINT('',(7.833016766519,27.9,1.625991493039));
#798 = ORIENTED_EDGE('',*,*,#469,.F.);
#799 = CYLINDRICAL_SURFACE('',#800,0.4);
#800 = AXIS2_PLACEMENT_3D('',#801,#802,#803);
#801 = CARTESIAN_POINT('',(2.5,27.9,1.225991493039));
#802 = DIRECTION('',(1.,0.,0.));
#803 = DIRECTION('',(0.,-1.,0.));
#804 = ADVANCED_FACE('',(#805),#822,.F.);
#805 = FACE_BOUND('',#806,.T.);
#806 = EDGE_LOOP('',(#807,#819,#820,#821));
#807 = ORIENTED_EDGE('',*,*,#808,.T.);
#808 = EDGE_CURVE('',#389,#749,#809,.T.);
#809 = B_SPLINE_CURVE_WITH_KNOTS('',8,(#810,#811,#812,#813,#814,#815,
    #816,#817,#818),.UNSPECIFIED.,.F.,.F.,(9,9),(0.,1.),
  .PIECEWISE_BEZIER_KNOTS.);
#810 = CARTESIAN_POINT('',(7.93393606328,27.5,1.025991493039));
#811 = CARTESIAN_POINT('',(7.944432049548,27.5,0.94482660567));
#812 = CARTESIAN_POINT('',(7.95395557241,27.518821179178,0.863722625295)
  );
#813 = CARTESIAN_POINT('',(7.961730708188,27.556421616955,0.788725485034
    ));
#814 = CARTESIAN_POINT('',(7.967500840719,27.609830387912,0.725033310242
    ));
#815 = CARTESIAN_POINT('',(7.971569078053,27.674978925213,0.675718197504
    ));
#816 = CARTESIAN_POINT('',(7.97417381875,27.747698378457,0.642512507824)
  );
#817 = CARTESIAN_POINT('',(7.975470810594,27.82395955473,0.625991493039)
  );
#818 = CARTESIAN_POINT('',(7.975470810594,27.9,0.625991493039));
#819 = ORIENTED_EDGE('',*,*,#756,.T.);
#820 = ORIENTED_EDGE('',*,*,#728,.F.);
#821 = ORIENTED_EDGE('',*,*,#397,.F.);
#822 = CYLINDRICAL_SURFACE('',#823,0.4);
#823 = AXIS2_PLACEMENT_3D('',#824,#825,#826);
#824 = CARTESIAN_POINT('',(7.975470810594,27.9,1.025991493039));
#825 = DIRECTION('',(-1.,-0.,-0.));
#826 = DIRECTION('',(0.,-1.,0.));
#827 = ADVANCED_FACE('',(#828),#847,.T.);
#828 = FACE_BOUND('',#829,.F.);
#829 = EDGE_LOOP('',(#830,#838,#844,#845,#846));
#830 = ORIENTED_EDGE('',*,*,#831,.F.);
#831 = EDGE_CURVE('',#832,#771,#834,.T.);
#832 = VERTEX_POINT('',#833);
#833 = CARTESIAN_POINT('',(2.5,28.,1.625991493039));
#834 = LINE('',#835,#836);
#835 = CARTESIAN_POINT('',(2.5,28.,1.625991493039));
#836 = VECTOR('',#837,1.);
#837 = DIRECTION('',(-0.,-1.,-2.2E-16));
#838 = ORIENTED_EDGE('',*,*,#839,.F.);
#839 = EDGE_CURVE('',#608,#832,#840,.T.);
#840 = LINE('',#841,#842);
#841 = CARTESIAN_POINT('',(2.5,28.,3.948228200006));
#842 = VECTOR('',#843,1.);
#843 = DIRECTION('',(-0.,4.4E-16,-1.));
#844 = ORIENTED_EDGE('',*,*,#607,.F.);
#845 = ORIENTED_EDGE('',*,*,#461,.T.);
#846 = ORIENTED_EDGE('',*,*,#770,.T.);
#847 = PLANE('',#848);
#848 = AXIS2_PLACEMENT_3D('',#849,#850,#851);
#849 = CARTESIAN_POINT('',(2.5,28.,3.948228200006));
#850 = DIRECTION('',(-1.,-0.,-0.));
#851 = DIRECTION('',(0.,-2.2E-16,1.));
#852 = ADVANCED_FACE('',(#853),#864,.F.);
#853 = FACE_BOUND('',#854,.T.);
#854 = EDGE_LOOP('',(#855,#861,#862,#863));
#855 = ORIENTED_EDGE('',*,*,#856,.F.);
#856 = EDGE_CURVE('',#682,#698,#857,.T.);
#857 = LINE('',#858,#859);
#858 = CARTESIAN_POINT('',(-2.5,26.5,1.207E-14));
#859 = VECTOR('',#860,1.);
#860 = DIRECTION('',(1.,0.,-1.8E-16));
#861 = ORIENTED_EDGE('',*,*,#681,.T.);
#862 = ORIENTED_EDGE('',*,*,#413,.T.);
#863 = ORIENTED_EDGE('',*,*,#697,.F.);
#864 = PLANE('',#865);
#865 = AXIS2_PLACEMENT_3D('',#866,#867,#868);
#866 = CARTESIAN_POINT('',(-2.5,26.5,3.1E-16));
#867 = DIRECTION('',(1.8E-16,-2.2E-16,1.));
#868 = DIRECTION('',(-1.,0.,1.8E-16));
#869 = ADVANCED_FACE('',(#870),#877,.T.);
#870 = FACE_BOUND('',#871,.F.);
#871 = EDGE_LOOP('',(#872,#873,#874,#875,#876));
#872 = ORIENTED_EDGE('',*,*,#521,.T.);
#873 = ORIENTED_EDGE('',*,*,#505,.F.);
#874 = ORIENTED_EDGE('',*,*,#445,.F.);
#875 = ORIENTED_EDGE('',*,*,#600,.F.);
#876 = ORIENTED_EDGE('',*,*,#570,.F.);
#877 = PLANE('',#878);
#878 = AXIS2_PLACEMENT_3D('',#879,#880,#881);
#879 = CARTESIAN_POINT('',(-2.5,28.,1.625991493039));
#880 = DIRECTION('',(1.,0.,0.));
#881 = DIRECTION('',(0.,2.2E-16,-1.));
#882 = ADVANCED_FACE('',(#883,#893),#897,.T.);
#883 = FACE_BOUND('',#884,.F.);
#884 = EDGE_LOOP('',(#885,#886));
#885 = ORIENTED_EDGE('',*,*,#649,.T.);
#886 = ORIENTED_EDGE('',*,*,#887,.F.);
#887 = EDGE_CURVE('',#585,#642,#888,.T.);
#888 = CIRCLE('',#889,7.25);
#889 = AXIS2_PLACEMENT_3D('',#890,#891,#892);
#890 = CARTESIAN_POINT('',(0.,26.5,1.777E-14));
#891 = DIRECTION('',(0.,-1.,-4.4E-16));
#892 = DIRECTION('',(1.,0.,0.));
#893 = FACE_BOUND('',#894,.F.);
#894 = EDGE_LOOP('',(#895,#896));
#895 = ORIENTED_EDGE('',*,*,#705,.T.);
#896 = ORIENTED_EDGE('',*,*,#856,.F.);
#897 = PLANE('',#898);
#898 = AXIS2_PLACEMENT_3D('',#899,#900,#901);
#899 = CARTESIAN_POINT('',(-6.8E-16,26.5,-1.015238337884));
#900 = DIRECTION('',(-0.,-1.,-0.));
#901 = DIRECTION('',(0.,0.,-1.));
#902 = ADVANCED_FACE('',(#903),#940,.F.);
#903 = FACE_BOUND('',#904,.F.);
#904 = EDGE_LOOP('',(#905,#918,#928,#939));
#905 = ORIENTED_EDGE('',*,*,#906,.T.);
#906 = EDGE_CURVE('',#624,#907,#909,.T.);
#907 = VERTEX_POINT('',#908);
#908 = CARTESIAN_POINT('',(7.827677715345,20.940556863204,1.651502502548
    ));
#909 = B_SPLINE_CURVE_WITH_KNOTS('',4,(#910,#911,#912,#913,#914,#915,
    #916,#917),.UNSPECIFIED.,.F.,.F.,(5,3,5),(0.,0.502152245174,1.),
  .UNSPECIFIED.);
#910 = CARTESIAN_POINT('',(7.5484375,22.,2.649734195838));
#911 = CARTESIAN_POINT('',(7.592014776304,21.868246811939,2.5255933114)
  );
#912 = CARTESIAN_POINT('',(7.632696546833,21.736003654127,2.40099076619)
  );
#913 = CARTESIAN_POINT('',(7.67051847945,21.603327953614,2.2759806693));
#914 = CARTESIAN_POINT('',(7.740199696158,21.338355102116,2.026317153591
    ));
#915 = CARTESIAN_POINT('',(7.77210731361,21.206064529643,1.901669933198)
  );
#916 = CARTESIAN_POINT('',(7.801259670402,21.073449769269,1.776717255507
    ));
#917 = CARTESIAN_POINT('',(7.827677783613,20.940556863204,1.651502502548
    ));
#918 = ORIENTED_EDGE('',*,*,#919,.T.);
#919 = EDGE_CURVE('',#907,#920,#922,.T.);
#920 = VERTEX_POINT('',#921);
#921 = CARTESIAN_POINT('',(7.059393603993,20.940556863204,1.651502502548
    ));
#922 = B_SPLINE_CURVE_WITH_KNOTS('',2,(#923,#924,#925,#926,#927),
  .UNSPECIFIED.,.F.,.F.,(3,1,1,3),(-0.328200215345,-0.279240215345,0.8,
    0.84896),.UNSPECIFIED.);
#923 = CARTESIAN_POINT('',(7.876637715345,20.940556863204,1.651502502548
    ));
#924 = CARTESIAN_POINT('',(7.852157715345,20.940556863204,1.651502502548
    ));
#925 = CARTESIAN_POINT('',(7.288057607673,20.940556863204,1.651502502548
    ));
#926 = CARTESIAN_POINT('',(6.7239575,20.940556863204,1.651502502548));
#927 = CARTESIAN_POINT('',(6.6994775,20.940556863204,1.651502502548));
#928 = ORIENTED_EDGE('',*,*,#929,.F.);
#929 = EDGE_CURVE('',#632,#920,#930,.T.);
#930 = B_SPLINE_CURVE_WITH_KNOTS('',4,(#931,#932,#933,#934,#935,#936,
    #937,#938),.UNSPECIFIED.,.F.,.F.,(5,3,5),(0.,0.502694810859,1.),
  .UNSPECIFIED.);
#931 = CARTESIAN_POINT('',(6.7484375,22.,2.649734195838));
#932 = CARTESIAN_POINT('',(6.797114977894,21.86842442236,2.525760660023)
  );
#933 = CARTESIAN_POINT('',(6.842517230517,21.736228365136,2.401202494072
    ));
#934 = CARTESIAN_POINT('',(6.884693310762,21.6034878376,2.276131315669)
  );
#935 = CARTESIAN_POINT('',(6.962253291908,21.338479541883,2.026434403601
    ));
#936 = CARTESIAN_POINT('',(6.997705164442,21.206222084979,1.901818385459
    ));
#937 = CARTESIAN_POINT('',(7.030075774202,21.073561806431,1.776822819498
    ));
#938 = CARTESIAN_POINT('',(7.059393705133,20.940556863204,1.651502502548
    ));
#939 = ORIENTED_EDGE('',*,*,#631,.F.);
#940 = B_SPLINE_SURFACE_WITH_KNOTS('',1,2,(
    (#941,#942,#943,#944,#945)
    ,(#946,#947,#948,#949,#950
    )),.UNSPECIFIED.,.F.,.F.,.F.,(2,2),(3,1,1,3),(0.,1.079240215345),(
    -0.328200215345,-0.279240215345,0.8,0.84896),.UNSPECIFIED.);
#941 = CARTESIAN_POINT('',(7.876637715345,22.,2.649734195838));
#942 = CARTESIAN_POINT('',(7.852157715345,22.,2.649734195838));
#943 = CARTESIAN_POINT('',(7.288057607673,22.,2.649734195838));
#944 = CARTESIAN_POINT('',(6.7239575,22.,2.649734195838));
#945 = CARTESIAN_POINT('',(6.6994775,22.,2.649734195838));
#946 = CARTESIAN_POINT('',(7.876637715345,20.940556863204,1.651502502548
    ));
#947 = CARTESIAN_POINT('',(7.852157715345,20.940556863204,1.651502502548
    ));
#948 = CARTESIAN_POINT('',(7.288057607673,20.940556863204,1.651502502548
    ));
#949 = CARTESIAN_POINT('',(6.7239575,20.940556863204,1.651502502548));
#950 = CARTESIAN_POINT('',(6.6994775,20.940556863204,1.651502502548));
#951 = ADVANCED_FACE('',(#952),#971,.T.);
#952 = FACE_BOUND('',#953,.F.);
#953 = EDGE_LOOP('',(#954,#955,#956,#964));
#954 = ORIENTED_EDGE('',*,*,#615,.F.);
#955 = ORIENTED_EDGE('',*,*,#839,.T.);
#956 = ORIENTED_EDGE('',*,*,#957,.T.);
#957 = EDGE_CURVE('',#832,#958,#960,.T.);
#958 = VERTEX_POINT('',#959);
#959 = CARTESIAN_POINT('',(7.833016766519,28.,1.625991493039));
#960 = LINE('',#961,#962);
#961 = CARTESIAN_POINT('',(2.5,28.,1.625991493039));
#962 = VECTOR('',#963,1.);
#963 = DIRECTION('',(1.,0.,0.));
#964 = ORIENTED_EDGE('',*,*,#965,.T.);
#965 = EDGE_CURVE('',#958,#616,#966,.T.);
#966 = CIRCLE('',#967,8.);
#967 = AXIS2_PLACEMENT_3D('',#968,#969,#970);
#968 = CARTESIAN_POINT('',(0.,28.,1.843E-14));
#969 = DIRECTION('',(0.,-1.,-4.4E-16));
#970 = DIRECTION('',(1.,0.,0.));
#971 = PLANE('',#972);
#972 = AXIS2_PLACEMENT_3D('',#973,#974,#975);
#973 = CARTESIAN_POINT('',(-1.4E-16,28.,-2.356433043195));
#974 = DIRECTION('',(0.,1.,3.E-16));
#975 = DIRECTION('',(0.,-3.E-16,1.));
#976 = ADVANCED_FACE('',(#977),#988,.T.);
#977 = FACE_BOUND('',#978,.F.);
#978 = EDGE_LOOP('',(#979,#985,#986,#987));
#979 = ORIENTED_EDGE('',*,*,#980,.F.);
#980 = EDGE_CURVE('',#958,#780,#981,.T.);
#981 = LINE('',#982,#983);
#982 = CARTESIAN_POINT('',(7.833016766519,-3.03E-15,1.625991493039));
#983 = VECTOR('',#984,1.);
#984 = DIRECTION('',(-0.,-1.,-2.2E-16));
#985 = ORIENTED_EDGE('',*,*,#957,.F.);
#986 = ORIENTED_EDGE('',*,*,#831,.T.);
#987 = ORIENTED_EDGE('',*,*,#779,.T.);
#988 = PLANE('',#989);
#989 = AXIS2_PLACEMENT_3D('',#990,#991,#992);
#990 = CARTESIAN_POINT('',(2.5,28.,1.625991493039));
#991 = DIRECTION('',(0.,2.2E-16,-1.));
#992 = DIRECTION('',(-1.,0.,0.));
#993 = ADVANCED_FACE('',(#994),#1053,.F.);
#994 = FACE_BOUND('',#995,.T.);
#995 = EDGE_LOOP('',(#996,#1021,#1022,#1047));
#996 = ORIENTED_EDGE('',*,*,#997,.T.);
#997 = EDGE_CURVE('',#998,#907,#1000,.T.);
#998 = VERTEX_POINT('',#999);
#999 = CARTESIAN_POINT('',(7.964364438138,18.,-0.754254));
#1000 = B_SPLINE_CURVE_WITH_KNOTS('',7,(#1001,#1002,#1003,#1004,#1005,
    #1006,#1007,#1008,#1009,#1010,#1011,#1012,#1013,#1014,#1015,#1016,
    #1017,#1018,#1019,#1020),.UNSPECIFIED.,.F.,.F.,(8,6,6,8),(0.,
    0.2511439031,0.64546106386,1.),.UNSPECIFIED.);
#1001 = CARTESIAN_POINT('',(7.964364438138,18.,-0.754254));
#1002 = CARTESIAN_POINT('',(7.964364438138,18.168029836562,-0.754254));
#1003 = CARTESIAN_POINT('',(7.965400380005,18.336042444269,
    -0.743272532274));
#1004 = CARTESIAN_POINT('',(7.967480502517,18.503606099834,
    -0.721313399265));
#1005 = CARTESIAN_POINT('',(7.970515781079,18.670247919925,
    -0.688307014329));
#1006 = CARTESIAN_POINT('',(7.974319927725,18.835453861171,
    -0.644110401738));
#1007 = CARTESIAN_POINT('',(7.978609391116,18.998668720157,
    -0.588507196681));
#1008 = CARTESIAN_POINT('',(7.989902253741,19.411494752461,
    -0.415541659709));
#1009 = CARTESIAN_POINT('',(7.996929382894,19.653055824579,
    -0.282806288464));
#1010 = CARTESIAN_POINT('',(8.002438617728,19.878074581159,
    -0.12520823118));
#1011 = CARTESIAN_POINT('',(8.004296275737,20.082492018676,
    5.339888013794E-02));
#1012 = CARTESIAN_POINT('',(8.000539860031,20.263724740589,
    0.248581938837));
#1013 = CARTESIAN_POINT('',(7.989910829401,20.420533744793,0.45563903737
    ));
#1014 = CARTESIAN_POINT('',(7.955692900717,20.67182985105,0.8627663145)
  );
#1015 = CARTESIAN_POINT('',(7.932652548354,20.777377504286,
    1.071753373799));
#1016 = CARTESIAN_POINT('',(7.901255821488,20.865573527445,
    1.294699103259));
#1017 = CARTESIAN_POINT('',(7.860191747282,20.933251647137,1.52831482865
    ));
#1018 = CARTESIAN_POINT('',(7.808754779918,20.978304414117,
    1.768327884826));
#1019 = CARTESIAN_POINT('',(7.747403958061,21.,2.009550358442));
#1020 = CARTESIAN_POINT('',(7.678321750453,21.,2.245746));
#1021 = ORIENTED_EDGE('',*,*,#919,.T.);
#1022 = ORIENTED_EDGE('',*,*,#1023,.F.);
#1023 = EDGE_CURVE('',#1024,#920,#1026,.T.);
#1024 = VERTEX_POINT('',#1025);
#1025 = CARTESIAN_POINT('',(7.210658839765,18.,-0.754254));
#1026 = B_SPLINE_CURVE_WITH_KNOTS('',7,(#1027,#1028,#1029,#1030,#1031,
    #1032,#1033,#1034,#1035,#1036,#1037,#1038,#1039,#1040,#1041,#1042,
    #1043,#1044,#1045,#1046),.UNSPECIFIED.,.F.,.F.,(8,6,6,8),(0.,
    0.251135984121,0.643877136046,1.),.UNSPECIFIED.);
#1027 = CARTESIAN_POINT('',(7.210658839765,18.,-0.754254));
#1028 = CARTESIAN_POINT('',(7.210658839765,18.168385009097,-0.754254));
#1029 = CARTESIAN_POINT('',(7.211808067553,18.33675304628,
    -0.743225751834));
#1030 = CARTESIAN_POINT('',(7.214115310173,18.504665877101,
    -0.721173727745));
#1031 = CARTESIAN_POINT('',(7.217481062924,18.671644905954,
    -0.688028944216));
#1032 = CARTESIAN_POINT('',(7.221697529356,18.837171176077,
    -0.643648961977));
#1033 = CARTESIAN_POINT('',(7.226448621272,19.000685369551,
    -0.587817885997));
#1034 = CARTESIAN_POINT('',(7.238912402794,19.413216457687,
    -0.414574066494));
#1035 = CARTESIAN_POINT('',(7.246701157381,19.656162914973,
    -0.281131413251));
#1036 = CARTESIAN_POINT('',(7.252830306409,19.882884460577,
    -0.121947827381));
#1037 = CARTESIAN_POINT('',(7.25480865209,20.088399262481,
    5.860698449083E-02));
#1038 = CARTESIAN_POINT('',(7.250400597004,20.269734242114,
    0.255376520498));
#1039 = CARTESIAN_POINT('',(7.238377804427,20.425725320383,
    0.462910126927));
#1040 = CARTESIAN_POINT('',(7.200275940964,20.675411855717,0.8696351944)
  );
#1041 = CARTESIAN_POINT('',(7.174542954515,20.78056781282,1.079216518262
    ));
#1042 = CARTESIAN_POINT('',(7.139539255851,20.868066442511,
    1.302372617614));
#1043 = CARTESIAN_POINT('',(7.093880840391,20.934810318197,
    1.535508604607));
#1044 = CARTESIAN_POINT('',(7.036910586329,20.978916481843,
    1.774116745559));
#1045 = CARTESIAN_POINT('',(6.969266913783,21.,2.012905242626));
#1046 = CARTESIAN_POINT('',(6.893411702741,21.,2.245746));
#1047 = ORIENTED_EDGE('',*,*,#1048,.F.);
#1048 = EDGE_CURVE('',#998,#1024,#1049,.T.);
#1049 = LINE('',#1050,#1051);
#1050 = CARTESIAN_POINT('',(7.964364438138,18.,-0.754254));
#1051 = VECTOR('',#1052,1.);
#1052 = DIRECTION('',(-1.,-0.,-0.));
#1053 = CYLINDRICAL_SURFACE('',#1054,3.);
#1054 = AXIS2_PLACEMENT_3D('',#1055,#1056,#1057);
#1055 = CARTESIAN_POINT('',(7.964364438138,18.,2.245746));
#1056 = DIRECTION('',(-1.,-0.,-0.));
#1057 = DIRECTION('',(0.,2.2E-16,-1.));
#1058 = ADVANCED_FACE('',(#1059),#1084,.T.);
#1059 = FACE_BOUND('',#1060,.T.);
#1060 = EDGE_LOOP('',(#1061,#1069,#1070,#1078));
#1061 = ORIENTED_EDGE('',*,*,#1062,.F.);
#1062 = EDGE_CURVE('',#274,#1063,#1065,.T.);
#1063 = VERTEX_POINT('',#1064);
#1064 = CARTESIAN_POINT('',(-6.613269692946,-28.,-4.501629034956));
#1065 = LINE('',#1066,#1067);
#1066 = CARTESIAN_POINT('',(-6.613269692946,-0.,-4.501629034956));
#1067 = VECTOR('',#1068,1.);
#1068 = DIRECTION('',(-0.,-1.,-0.));
#1069 = ORIENTED_EDGE('',*,*,#282,.T.);
#1070 = ORIENTED_EDGE('',*,*,#1071,.F.);
#1071 = EDGE_CURVE('',#1072,#283,#1074,.T.);
#1072 = VERTEX_POINT('',#1073);
#1073 = CARTESIAN_POINT('',(-6.,-28.,-6.291502622129));
#1074 = LINE('',#1075,#1076);
#1075 = CARTESIAN_POINT('',(-6.,-2.66E-15,-6.291502622129));
#1076 = VECTOR('',#1077,1.);
#1077 = DIRECTION('',(0.,1.,0.));
#1078 = ORIENTED_EDGE('',*,*,#1079,.F.);
#1079 = EDGE_CURVE('',#1063,#1072,#1080,.T.);
#1080 = LINE('',#1081,#1082);
#1081 = CARTESIAN_POINT('',(-6.288125108858,-28.,-5.450587885793));
#1082 = VECTOR('',#1083,1.);
#1083 = DIRECTION('',(0.324134549861,-2.8E-16,-0.946010990204));
#1084 = PLANE('',#1085);
#1085 = AXIS2_PLACEMENT_3D('',#1086,#1087,#1088);
#1086 = CARTESIAN_POINT('',(-6.306634846473,-1.35E-15,-5.396565828543));
#1087 = DIRECTION('',(-0.946010990204,-0.,-0.324134549861));
#1088 = DIRECTION('',(0.324134549861,0.,-0.946010990204));
#1089 = ADVANCED_FACE('',(#1090),#1208,.F.);
#1090 = FACE_BOUND('',#1091,.T.);
#1091 = EDGE_LOOP('',(#1092,#1143,#1151,#1200));
#1092 = ORIENTED_EDGE('',*,*,#1093,.T.);
#1093 = EDGE_CURVE('',#1094,#1096,#1098,.T.);
#1094 = VERTEX_POINT('',#1095);
#1095 = CARTESIAN_POINT('',(-7.0593937045,-20.9405568632,1.651502502548)
  );
#1096 = VERTEX_POINT('',#1097);
#1097 = CARTESIAN_POINT('',(-7.210658839765,-18.,-0.754254));
#1098 = B_SPLINE_CURVE_WITH_KNOTS('',8,(#1099,#1100,#1101,#1102,#1103,
    #1104,#1105,#1106,#1107,#1108,#1109,#1110,#1111,#1112,#1113,#1114,
    #1115,#1116,#1117,#1118,#1119,#1120,#1121,#1122,#1123,#1124,#1125,
    #1126,#1127,#1128,#1129,#1130,#1131,#1132,#1133,#1134,#1135,#1136,
    #1137,#1138,#1139,#1140,#1141,#1142),.UNSPECIFIED.,.F.,.F.,(9,7,7,7,
    7,7,9),(0.,0.102505905393,0.217564346782,0.276260041264,
    0.383818805208,0.52376391686,1.),.UNSPECIFIED.);
#1099 = CARTESIAN_POINT('',(-6.893411702741,-21.,2.245746));
#1100 = CARTESIAN_POINT('',(-6.915133130958,-21.,2.179071163453));
#1101 = CARTESIAN_POINT('',(-6.936170577876,-20.99830642238,
    2.111993464331));
#1102 = CARTESIAN_POINT('',(-6.956485971346,-20.99488358089,
    2.044608187274));
#1103 = CARTESIAN_POINT('',(-6.976045788879,-20.98970346713,
    1.977015887495));
#1104 = CARTESIAN_POINT('',(-6.99482139742,-20.98274694771,
    1.909322242899));
#1105 = CARTESIAN_POINT('',(-7.01278939313,-20.97400496138,
    1.841637906206));
#1106 = CARTESIAN_POINT('',(-7.029931941166,-20.96347971624,
    1.774078357073));
#1107 = CARTESIAN_POINT('',(-7.064538967763,-20.93738659554,
    1.631206026524));
#1108 = CARTESIAN_POINT('',(-7.081788167137,-20.9213572336,
    1.555946967874));
#1109 = CARTESIAN_POINT('',(-7.097966963116,-20.90311819938,
    1.481158149206));
#1110 = CARTESIAN_POINT('',(-7.11307131188,-20.88270663944,
    1.407000038282));
#1111 = CARTESIAN_POINT('',(-7.1271091342,-20.86017476154,1.3336220688)
  );
#1112 = CARTESIAN_POINT('',(-7.140098573376,-20.83558814755,
    1.261162709504));
#1113 = CARTESIAN_POINT('',(-7.15206625318,-20.80902406638,
    1.189749533292));
#1114 = CARTESIAN_POINT('',(-7.168646486154,-20.7660541749,
    1.083661958932));
#1115 = CARTESIAN_POINT('',(-7.173990411535,-20.75104589052,
    1.048125626365));
#1116 = CARTESIAN_POINT('',(-7.179082025114,-20.73555621913,
    1.012904678232));
#1117 = CARTESIAN_POINT('',(-7.183926392079,-20.71959665817,
    0.978012392952));
#1118 = CARTESIAN_POINT('',(-7.18852892964,-20.70317891716,
    0.943460937759));
#1119 = CARTESIAN_POINT('',(-7.192895407021,-20.68631491771,
    0.909261368698));
#1120 = CARTESIAN_POINT('',(-7.197031945468,-20.66901679349,
    0.875423630627));
#1121 = CARTESIAN_POINT('',(-7.208115651024,-20.61882549853,
    0.780628770224));
#1122 = CARTESIAN_POINT('',(-7.214535513358,-20.58493776208,
    0.720546498216));
#1123 = CARTESIAN_POINT('',(-7.220243986909,-20.54970796867,
    0.661763030389));
#1124 = CARTESIAN_POINT('',(-7.225282444142,-20.51321019349,
    0.604320306856));
#1125 = CARTESIAN_POINT('',(-7.229693392655,-20.47551718228,
    0.548250092079));
#1126 = CARTESIAN_POINT('',(-7.233519619509,-20.43669923441,
    0.493575148293));
#1127 = CARTESIAN_POINT('',(-7.23680333556,-20.39682308592,
    0.440310408936));
#1128 = CARTESIAN_POINT('',(-7.243204969924,-20.30277169837,
    0.32100679258));
#1129 = CARTESIAN_POINT('',(-7.245975056196,-20.24790935177,
    0.255954603473));
#1130 = CARTESIAN_POINT('',(-7.247986457105,-20.19149836848,
    0.193321424987));
#1131 = CARTESIAN_POINT('',(-7.249325689948,-20.13366508753,
    0.133109220879));
#1132 = CARTESIAN_POINT('',(-7.250074500188,-20.07452660607,
    7.530993187388E-02));
#1133 = CARTESIAN_POINT('',(-7.250309450824,-20.01418981422,
    1.990732911101E-02));
#1134 = CARTESIAN_POINT('',(-7.25010151176,-19.95275042981,
    -3.312113241092E-02));
#1135 = CARTESIAN_POINT('',(-7.24752194679,-19.67774482936,
    -0.256272058204));
#1136 = CARTESIAN_POINT('',(-7.241156489493,-19.45379363031,
    -0.401239798617));
#1137 = CARTESIAN_POINT('',(-7.233010260613,-19.22129674341,
    -0.520363549218));
#1138 = CARTESIAN_POINT('',(-7.224847837721,-18.9825698043,
    -0.614522434044));
#1139 = CARTESIAN_POINT('',(-7.217952439967,-18.73960581269,
    -0.684535477743));
#1140 = CARTESIAN_POINT('',(-7.213093386675,-18.49403740402,
    -0.730977951892));
#1141 = CARTESIAN_POINT('',(-7.210658839765,-18.24718188368,-0.754254));
#1142 = CARTESIAN_POINT('',(-7.210658839765,-18.,-0.754254));
#1143 = ORIENTED_EDGE('',*,*,#1144,.T.);
#1144 = EDGE_CURVE('',#1096,#1145,#1147,.T.);
#1145 = VERTEX_POINT('',#1146);
#1146 = CARTESIAN_POINT('',(-7.964364438138,-18.,-0.754254));
#1147 = LINE('',#1148,#1149);
#1148 = CARTESIAN_POINT('',(-7.210658839765,-18.,-0.754254));
#1149 = VECTOR('',#1150,1.);
#1150 = DIRECTION('',(-1.,0.,0.));
#1151 = ORIENTED_EDGE('',*,*,#1152,.F.);
#1152 = EDGE_CURVE('',#1153,#1145,#1155,.T.);
#1153 = VERTEX_POINT('',#1154);
#1154 = CARTESIAN_POINT('',(-7.827677783193,-20.9405568632,
    1.651502502548));
#1155 = B_SPLINE_CURVE_WITH_KNOTS('',8,(#1156,#1157,#1158,#1159,#1160,
    #1161,#1162,#1163,#1164,#1165,#1166,#1167,#1168,#1169,#1170,#1171,
    #1172,#1173,#1174,#1175,#1176,#1177,#1178,#1179,#1180,#1181,#1182,
    #1183,#1184,#1185,#1186,#1187,#1188,#1189,#1190,#1191,#1192,#1193,
    #1194,#1195,#1196,#1197,#1198,#1199),.UNSPECIFIED.,.F.,.F.,(9,7,7,7,
    7,7,9),(0.,8.826732488573E-02,0.209313572696,0.267827763202,
    0.377545210419,0.521296955314,1.),.UNSPECIFIED.);
#1156 = CARTESIAN_POINT('',(-7.678321750453,-21.,2.245746));
#1157 = CARTESIAN_POINT('',(-7.695358929928,-21.,2.187495002012));
#1158 = CARTESIAN_POINT('',(-7.711921178011,-20.99870734424,
    2.128993345858));
#1159 = CARTESIAN_POINT('',(-7.727986522794,-20.99610261567,
    2.07030447559));
#1160 = CARTESIAN_POINT('',(-7.74353549064,-20.99217095709,
    2.011494320719));
#1161 = CARTESIAN_POINT('',(-7.758551230805,-20.98690256308,
    1.952631227791));
#1162 = CARTESIAN_POINT('',(-7.773019640063,-20.98029317195,
    1.893785891972));
#1163 = CARTESIAN_POINT('',(-7.78692948733,-20.97234455766,
    1.835031288622));
#1164 = CARTESIAN_POINT('',(-7.818570659987,-20.95033944069,
    1.696096448015));
#1165 = CARTESIAN_POINT('',(-7.835805113889,-20.93510923991,
    1.616052231767));
#1166 = CARTESIAN_POINT('',(-7.851953096514,-20.91739591763,
    1.536508784915));
#1167 = CARTESIAN_POINT('',(-7.867007328146,-20.89724140552,
    1.457651576186));
#1168 = CARTESIAN_POINT('',(-7.880974058849,-20.87470591764,
    1.379652850063));
#1169 = CARTESIAN_POINT('',(-7.893871074481,-20.84986579943,
    1.302671762587));
#1170 = CARTESIAN_POINT('',(-7.905725702714,-20.82281137663,
    1.226854517163));
#1171 = CARTESIAN_POINT('',(-7.921816354002,-20.77954557854,
    1.116311256863));
#1172 = CARTESIAN_POINT('',(-7.926824669932,-20.76495197676,
    1.080589301052));
#1173 = CARTESIAN_POINT('',(-7.931601969435,-20.74987521477,
    1.045182530941));
#1174 = CARTESIAN_POINT('',(-7.936152774176,-20.73432670798,
    1.010103776113));
#1175 = CARTESIAN_POINT('',(-7.940481924893,-20.71831807138,
    0.975364797715));
#1176 = CARTESIAN_POINT('',(-7.944594581389,-20.70186111952,
    0.940976288462));
#1177 = CARTESIAN_POINT('',(-7.948496222541,-20.68496786653,
    0.906947872636));
#1178 = CARTESIAN_POINT('',(-7.959123651823,-20.63517952432,
    0.810174122495));
#1179 = CARTESIAN_POINT('',(-7.965332783838,-20.60121751538,
    0.748357170878));
#1180 = CARTESIAN_POINT('',(-7.970857855339,-20.56584331687,
    0.687892516339));
#1181 = CARTESIAN_POINT('',(-7.975738689743,-20.52913550639,
    0.628823533532));
#1182 = CARTESIAN_POINT('',(-7.980016272221,-20.49117123837,
    0.571182942237));
#1183 = CARTESIAN_POINT('',(-7.983731901044,-20.45202506079,
    0.514994042927));
#1184 = CARTESIAN_POINT('',(-7.986926338918,-20.41176773193,
    0.460271952338));
#1185 = CARTESIAN_POINT('',(-7.993193044808,-20.31635026688,
    0.337260497624));
#1186 = CARTESIAN_POINT('',(-7.995919828633,-20.26044433685,
    0.270032364719));
#1187 = CARTESIAN_POINT('',(-7.997908964383,-20.20289299416,
    0.205354008649));
#1188 = CARTESIAN_POINT('',(-7.999245743438,-20.14383289466,
    0.143226416659));
#1189 = CARTESIAN_POINT('',(-8.000010680465,-20.08339057783,
    8.36399683238E-02));
#1190 = CARTESIAN_POINT('',(-8.000279093904,-20.0216814416,
    2.657640895646E-02));
#1191 = CARTESIAN_POINT('',(-8.000120686456,-19.95880871722,
    -2.798917698174E-02));
#1192 = CARTESIAN_POINT('',(-7.997862292481,-19.68191702453,
    -0.253573647838));
#1193 = CARTESIAN_POINT('',(-7.992102599357,-19.4574608973,
    -0.399368213504));
#1194 = CARTESIAN_POINT('',(-7.984700037291,-19.22439402621,
    -0.519149110493));
#1195 = CARTESIAN_POINT('',(-7.977275060503,-18.98506091896,
    -0.613809067655));
#1196 = CARTESIAN_POINT('',(-7.971001166502,-18.74147590226,
    -0.684183345128));
#1197 = CARTESIAN_POINT('',(-7.966579743793,-18.49528382435,
    -0.730860180462));
#1198 = CARTESIAN_POINT('',(-7.964364438138,-18.24780641626,-0.754254));
#1199 = CARTESIAN_POINT('',(-7.964364438138,-18.,-0.754254));
#1200 = ORIENTED_EDGE('',*,*,#1201,.F.);
#1201 = EDGE_CURVE('',#1094,#1153,#1202,.T.);
#1202 = B_SPLINE_CURVE_WITH_KNOTS('',2,(#1203,#1204,#1205,#1206,#1207),
  .UNSPECIFIED.,.F.,.F.,(3,1,1,3),(-4.896000000001E-02,-8.62E-15,
    1.079240283193,1.128200283193),.UNSPECIFIED.);
#1203 = CARTESIAN_POINT('',(-6.6994775,-20.9405568632,1.651502502548));
#1204 = CARTESIAN_POINT('',(-6.7239575,-20.9405568632,1.651502502548));
#1205 = CARTESIAN_POINT('',(-7.288057641597,-20.9405568632,
    1.651502502548));
#1206 = CARTESIAN_POINT('',(-7.852157783193,-20.9405568632,
    1.651502502548));
#1207 = CARTESIAN_POINT('',(-7.876637783193,-20.9405568632,
    1.651502502548));
#1208 = CYLINDRICAL_SURFACE('',#1209,3.);
#1209 = AXIS2_PLACEMENT_3D('',#1210,#1211,#1212);
#1210 = CARTESIAN_POINT('',(-7.210658839765,-18.,2.245746));
#1211 = DIRECTION('',(-1.,0.,0.));
#1212 = DIRECTION('',(-0.,-1.,-0.));
#1213 = ADVANCED_FACE('',(#1214),#1251,.F.);
#1214 = FACE_BOUND('',#1215,.F.);
#1215 = EDGE_LOOP('',(#1216,#1229,#1239,#1250));
#1216 = ORIENTED_EDGE('',*,*,#1217,.T.);
#1217 = EDGE_CURVE('',#1094,#1218,#1220,.T.);
#1218 = VERTEX_POINT('',#1219);
#1219 = CARTESIAN_POINT('',(-6.7484375,-22.,2.649734195838));
#1220 = B_SPLINE_CURVE_WITH_KNOTS('',4,(#1221,#1222,#1223,#1224,#1225,
    #1226,#1227,#1228),.UNSPECIFIED.,.F.,.F.,(5,3,5),(0.,0.495303554696,
    1.),.UNSPECIFIED.);
#1221 = CARTESIAN_POINT('',(-7.059393705133,-20.9405568632,
    1.651502502548));
#1222 = CARTESIAN_POINT('',(-7.030193777763,-21.07302646657,
    1.776318409972));
#1223 = CARTESIAN_POINT('',(-6.997965695949,-21.20515417489,
    1.900812176014));
#1224 = CARTESIAN_POINT('',(-6.962681219285,-21.33688252866,
    2.024929661014));
#1225 = CARTESIAN_POINT('',(-6.885196968337,-21.60190216951,
    2.274637262728));
#1226 = CARTESIAN_POINT('',(-6.842878744736,-21.73517559722,
    2.400210551931));
#1227 = CARTESIAN_POINT('',(-6.79730880231,-21.86790051355,
    2.525267021093));
#1228 = CARTESIAN_POINT('',(-6.7484375,-22.,2.649734195838));
#1229 = ORIENTED_EDGE('',*,*,#1230,.T.);
#1230 = EDGE_CURVE('',#1218,#1231,#1233,.T.);
#1231 = VERTEX_POINT('',#1232);
#1232 = CARTESIAN_POINT('',(-7.5484375,-22.,2.649734195838));
#1233 = B_SPLINE_CURVE_WITH_KNOTS('',2,(#1234,#1235,#1236,#1237,#1238),
  .UNSPECIFIED.,.F.,.F.,(3,1,1,3),(-4.896000000001E-02,-8.62E-15,
    1.079240283193,1.128200283193),.UNSPECIFIED.);
#1234 = CARTESIAN_POINT('',(-6.6994775,-22.,2.649734195838));
#1235 = CARTESIAN_POINT('',(-6.7239575,-22.,2.649734195838));
#1236 = CARTESIAN_POINT('',(-7.288057641597,-22.,2.649734195838));
#1237 = CARTESIAN_POINT('',(-7.852157783193,-22.,2.649734195838));
#1238 = CARTESIAN_POINT('',(-7.876637783193,-22.,2.649734195838));
#1239 = ORIENTED_EDGE('',*,*,#1240,.F.);
#1240 = EDGE_CURVE('',#1153,#1231,#1241,.T.);
#1241 = B_SPLINE_CURVE_WITH_KNOTS('',4,(#1242,#1243,#1244,#1245,#1246,
    #1247,#1248,#1249),.UNSPECIFIED.,.F.,.F.,(5,3,5),(0.,0.495846465584,
    1.),.UNSPECIFIED.);
#1242 = CARTESIAN_POINT('',(-7.827677783613,-20.9405568632,
    1.651502502548));
#1243 = CARTESIAN_POINT('',(-7.801365868106,-21.07291555544,
    1.776213906949));
#1244 = CARTESIAN_POINT('',(-7.772341647516,-21.20499833414,
    1.900665339272));
#1245 = CARTESIAN_POINT('',(-7.74058435706,-21.33675970892,
    2.024813937424));
#1246 = CARTESIAN_POINT('',(-7.670970552296,-21.60174162644,
    2.274485995356));
#1247 = CARTESIAN_POINT('',(-7.633020769007,-21.73494955682,
    2.399997571469));
#1248 = CARTESIAN_POINT('',(-7.59218845021,-21.86772171967,
    2.525098557387));
#1249 = CARTESIAN_POINT('',(-7.5484375,-22.,2.649734195838));
#1250 = ORIENTED_EDGE('',*,*,#1201,.F.);
#1251 = B_SPLINE_SURFACE_WITH_KNOTS('',1,2,(
    (#1252,#1253,#1254,#1255,#1256)
    ,(#1257,#1258,#1259,#1260,#1261
    )),.UNSPECIFIED.,.F.,.F.,.F.,(2,2),(3,1,1,3),(0.,1.079240283193),(
    -4.896000000001E-02,-8.62E-15,1.079240283193,1.128200283193),
  .UNSPECIFIED.);
#1252 = CARTESIAN_POINT('',(-6.6994775,-20.9405568632,1.651502502548));
#1253 = CARTESIAN_POINT('',(-6.7239575,-20.9405568632,1.651502502548));
#1254 = CARTESIAN_POINT('',(-7.288057641597,-20.9405568632,
    1.651502502548));
#1255 = CARTESIAN_POINT('',(-7.852157783193,-20.9405568632,
    1.651502502548));
#1256 = CARTESIAN_POINT('',(-7.876637783193,-20.9405568632,
    1.651502502548));
#1257 = CARTESIAN_POINT('',(-6.6994775,-22.,2.649734195838));
#1258 = CARTESIAN_POINT('',(-6.7239575,-22.,2.649734195838));
#1259 = CARTESIAN_POINT('',(-7.288057641597,-22.,2.649734195838));
#1260 = CARTESIAN_POINT('',(-7.852157783193,-22.,2.649734195838));
#1261 = CARTESIAN_POINT('',(-7.876637783193,-22.,2.649734195838));
#1262 = ADVANCED_FACE('',(#1263),#1297,.T.);
#1263 = FACE_BOUND('',#1264,.T.);
#1264 = EDGE_LOOP('',(#1265,#1275,#1283,#1291));
#1265 = ORIENTED_EDGE('',*,*,#1266,.F.);
#1266 = EDGE_CURVE('',#1267,#1269,#1271,.T.);
#1267 = VERTEX_POINT('',#1268);
#1268 = CARTESIAN_POINT('',(-7.975470810594,-28.,0.625991493039));
#1269 = VERTEX_POINT('',#1270);
#1270 = CARTESIAN_POINT('',(-7.975470810594,-27.9,0.625991493039));
#1271 = LINE('',#1272,#1273);
#1272 = CARTESIAN_POINT('',(-7.975470810594,1.4E-16,0.625991493039));
#1273 = VECTOR('',#1274,1.);
#1274 = DIRECTION('',(0.,1.,-2.2E-16));
#1275 = ORIENTED_EDGE('',*,*,#1276,.F.);
#1276 = EDGE_CURVE('',#1277,#1267,#1279,.T.);
#1277 = VERTEX_POINT('',#1278);
#1278 = CARTESIAN_POINT('',(-2.5,-28.,0.625991493039));
#1279 = LINE('',#1280,#1281);
#1280 = CARTESIAN_POINT('',(-2.5,-28.,0.625991493039));
#1281 = VECTOR('',#1282,1.);
#1282 = DIRECTION('',(-1.,0.,0.));
#1283 = ORIENTED_EDGE('',*,*,#1284,.T.);
#1284 = EDGE_CURVE('',#1277,#1285,#1287,.T.);
#1285 = VERTEX_POINT('',#1286);
#1286 = CARTESIAN_POINT('',(-2.5,-27.9,0.625991493039));
#1287 = LINE('',#1288,#1289);
#1288 = CARTESIAN_POINT('',(-2.5,-28.,0.625991493039));
#1289 = VECTOR('',#1290,1.);
#1290 = DIRECTION('',(0.,1.,-2.2E-16));
#1291 = ORIENTED_EDGE('',*,*,#1292,.T.);
#1292 = EDGE_CURVE('',#1285,#1269,#1293,.T.);
#1293 = LINE('',#1294,#1295);
#1294 = CARTESIAN_POINT('',(-2.5,-27.9,0.625991493039));
#1295 = VECTOR('',#1296,1.);
#1296 = DIRECTION('',(-1.,0.,0.));
#1297 = PLANE('',#1298);
#1298 = AXIS2_PLACEMENT_3D('',#1299,#1300,#1301);
#1299 = CARTESIAN_POINT('',(-2.5,-28.,0.625991493039));
#1300 = DIRECTION('',(0.,2.2E-16,1.));
#1301 = DIRECTION('',(-1.,0.,0.));
#1302 = ADVANCED_FACE('',(#1303),#1335,.F.);
#1303 = FACE_BOUND('',#1304,.F.);
#1304 = EDGE_LOOP('',(#1305,#1314,#1315,#1329));
#1305 = ORIENTED_EDGE('',*,*,#1306,.T.);
#1306 = EDGE_CURVE('',#1307,#1285,#1309,.T.);
#1307 = VERTEX_POINT('',#1308);
#1308 = CARTESIAN_POINT('',(-2.5,-27.5,1.025991493039));
#1309 = CIRCLE('',#1310,0.4);
#1310 = AXIS2_PLACEMENT_3D('',#1311,#1312,#1313);
#1311 = CARTESIAN_POINT('',(-2.5,-27.9,1.025991493039));
#1312 = DIRECTION('',(-1.,0.,0.));
#1313 = DIRECTION('',(0.,0.,-1.));
#1314 = ORIENTED_EDGE('',*,*,#1292,.T.);
#1315 = ORIENTED_EDGE('',*,*,#1316,.F.);
#1316 = EDGE_CURVE('',#1317,#1269,#1319,.T.);
#1317 = VERTEX_POINT('',#1318);
#1318 = CARTESIAN_POINT('',(-7.93393606328,-27.5,1.025991493039));
#1319 = B_SPLINE_CURVE_WITH_KNOTS('',8,(#1320,#1321,#1322,#1323,#1324,
    #1325,#1326,#1327,#1328),.UNSPECIFIED.,.F.,.F.,(9,9),(0.,1.),
  .PIECEWISE_BEZIER_KNOTS.);
#1320 = CARTESIAN_POINT('',(-7.93393606328,-27.5,1.025991493039));
#1321 = CARTESIAN_POINT('',(-7.944432049548,-27.5,0.94482660567));
#1322 = CARTESIAN_POINT('',(-7.95395557241,-27.51882117917,
    0.863722625295));
#1323 = CARTESIAN_POINT('',(-7.961730708187,-27.55642161695,
    0.788725485034));
#1324 = CARTESIAN_POINT('',(-7.967500840719,-27.60983038791,
    0.725033310242));
#1325 = CARTESIAN_POINT('',(-7.971569078053,-27.67497892521,
    0.675718197504));
#1326 = CARTESIAN_POINT('',(-7.97417381875,-27.74769837845,
    0.642512507824));
#1327 = CARTESIAN_POINT('',(-7.975470810594,-27.82395955473,
    0.625991493039));
#1328 = CARTESIAN_POINT('',(-7.975470810594,-27.9,0.625991493039));
#1329 = ORIENTED_EDGE('',*,*,#1330,.F.);
#1330 = EDGE_CURVE('',#1307,#1317,#1331,.T.);
#1331 = LINE('',#1332,#1333);
#1332 = CARTESIAN_POINT('',(-2.5,-27.5,1.025991493039));
#1333 = VECTOR('',#1334,1.);
#1334 = DIRECTION('',(-1.,0.,0.));
#1335 = CYLINDRICAL_SURFACE('',#1336,0.4);
#1336 = AXIS2_PLACEMENT_3D('',#1337,#1338,#1339);
#1337 = CARTESIAN_POINT('',(-2.5,-27.9,1.025991493039));
#1338 = DIRECTION('',(-1.,0.,0.));
#1339 = DIRECTION('',(0.,1.,0.));
#1340 = ADVANCED_FACE('',(#1341),#1440,.T.);
#1341 = FACE_BOUND('',#1342,.T.);
#1342 = EDGE_LOOP('',(#1343,#1344,#1351,#1352,#1360,#1368,#1376,#1384,
    #1392,#1400,#1409,#1417,#1425,#1434));
#1343 = ORIENTED_EDGE('',*,*,#1276,.T.);
#1344 = ORIENTED_EDGE('',*,*,#1345,.T.);
#1345 = EDGE_CURVE('',#1267,#1063,#1346,.T.);
#1346 = CIRCLE('',#1347,8.);
#1347 = AXIS2_PLACEMENT_3D('',#1348,#1349,#1350);
#1348 = CARTESIAN_POINT('',(0.,-28.,6.E-15));
#1349 = DIRECTION('',(0.,-1.,0.));
#1350 = DIRECTION('',(1.,0.,0.));
#1351 = ORIENTED_EDGE('',*,*,#1079,.T.);
#1352 = ORIENTED_EDGE('',*,*,#1353,.F.);
#1353 = EDGE_CURVE('',#1354,#1072,#1356,.T.);
#1354 = VERTEX_POINT('',#1355);
#1355 = CARTESIAN_POINT('',(-6.,-28.,-7.000000000128));
#1356 = LINE('',#1357,#1358);
#1357 = CARTESIAN_POINT('',(-6.,-28.,-8.000000000128));
#1358 = VECTOR('',#1359,1.);
#1359 = DIRECTION('',(0.,0.,1.));
#1360 = ORIENTED_EDGE('',*,*,#1361,.T.);
#1361 = EDGE_CURVE('',#1354,#1362,#1364,.T.);
#1362 = VERTEX_POINT('',#1363);
#1363 = CARTESIAN_POINT('',(-5.,-28.,-8.000000000128));
#1364 = LINE('',#1365,#1366);
#1365 = CARTESIAN_POINT('',(-5.410891739233,-28.,-7.589108260895));
#1366 = VECTOR('',#1367,1.);
#1367 = DIRECTION('',(0.707106781187,-2.1E-16,-0.707106781187));
#1368 = ORIENTED_EDGE('',*,*,#1369,.T.);
#1369 = EDGE_CURVE('',#1362,#1370,#1372,.T.);
#1370 = VERTEX_POINT('',#1371);
#1371 = CARTESIAN_POINT('',(5.,-28.,-8.000000000128));
#1372 = LINE('',#1373,#1374);
#1373 = CARTESIAN_POINT('',(-6.,-28.,-8.000000000128));
#1374 = VECTOR('',#1375,1.);
#1375 = DIRECTION('',(1.,0.,0.));
#1376 = ORIENTED_EDGE('',*,*,#1377,.T.);
#1377 = EDGE_CURVE('',#1370,#1378,#1380,.T.);
#1378 = VERTEX_POINT('',#1379);
#1379 = CARTESIAN_POINT('',(6.,-28.,-7.000000000128));
#1380 = LINE('',#1381,#1382);
#1381 = CARTESIAN_POINT('',(5.410891739233,-28.,-7.589108260895));
#1382 = VECTOR('',#1383,1.);
#1383 = DIRECTION('',(0.707106781187,2.1E-16,0.707106781187));
#1384 = ORIENTED_EDGE('',*,*,#1385,.T.);
#1385 = EDGE_CURVE('',#1378,#1386,#1388,.T.);
#1386 = VERTEX_POINT('',#1387);
#1387 = CARTESIAN_POINT('',(6.,-28.,-6.291502622129));
#1388 = LINE('',#1389,#1390);
#1389 = CARTESIAN_POINT('',(6.,-28.,-8.000000000128));
#1390 = VECTOR('',#1391,1.);
#1391 = DIRECTION('',(0.,0.,1.));
#1392 = ORIENTED_EDGE('',*,*,#1393,.F.);
#1393 = EDGE_CURVE('',#1394,#1386,#1396,.T.);
#1394 = VERTEX_POINT('',#1395);
#1395 = CARTESIAN_POINT('',(6.613269692946,-28.,-4.501629034956));
#1396 = LINE('',#1397,#1398);
#1397 = CARTESIAN_POINT('',(6.288125108858,-28.,-5.450587885793));
#1398 = VECTOR('',#1399,1.);
#1399 = DIRECTION('',(-0.324134549861,-2.8E-16,-0.946010990204));
#1400 = ORIENTED_EDGE('',*,*,#1401,.T.);
#1401 = EDGE_CURVE('',#1394,#1402,#1404,.T.);
#1402 = VERTEX_POINT('',#1403);
#1403 = CARTESIAN_POINT('',(7.975470810594,-28.,0.625991493039));
#1404 = CIRCLE('',#1405,8.);
#1405 = AXIS2_PLACEMENT_3D('',#1406,#1407,#1408);
#1406 = CARTESIAN_POINT('',(0.,-28.,6.E-15));
#1407 = DIRECTION('',(0.,-1.,0.));
#1408 = DIRECTION('',(1.,0.,0.));
#1409 = ORIENTED_EDGE('',*,*,#1410,.T.);
#1410 = EDGE_CURVE('',#1402,#1411,#1413,.T.);
#1411 = VERTEX_POINT('',#1412);
#1412 = CARTESIAN_POINT('',(2.5,-28.,0.625991493039));
#1413 = LINE('',#1414,#1415);
#1414 = CARTESIAN_POINT('',(10.109045000004,-28.,0.625991493039));
#1415 = VECTOR('',#1416,1.);
#1416 = DIRECTION('',(-1.,0.,0.));
#1417 = ORIENTED_EDGE('',*,*,#1418,.T.);
#1418 = EDGE_CURVE('',#1411,#1419,#1421,.T.);
#1419 = VERTEX_POINT('',#1420);
#1420 = CARTESIAN_POINT('',(2.5,-28.,0.));
#1421 = LINE('',#1422,#1423);
#1422 = CARTESIAN_POINT('',(2.5,-28.,0.625991493039));
#1423 = VECTOR('',#1424,1.);
#1424 = DIRECTION('',(0.,0.,-1.));
#1425 = ORIENTED_EDGE('',*,*,#1426,.F.);
#1426 = EDGE_CURVE('',#1427,#1419,#1429,.T.);
#1427 = VERTEX_POINT('',#1428);
#1428 = CARTESIAN_POINT('',(-2.5,-28.,1.E-15));
#1429 = CIRCLE('',#1430,2.5);
#1430 = AXIS2_PLACEMENT_3D('',#1431,#1432,#1433);
#1431 = CARTESIAN_POINT('',(0.,-28.,0.));
#1432 = DIRECTION('',(0.,-1.,0.));
#1433 = DIRECTION('',(1.,0.,0.));
#1434 = ORIENTED_EDGE('',*,*,#1435,.T.);
#1435 = EDGE_CURVE('',#1427,#1277,#1436,.T.);
#1436 = LINE('',#1437,#1438);
#1437 = CARTESIAN_POINT('',(-2.5,-28.,3.3E-16));
#1438 = VECTOR('',#1439,1.);
#1439 = DIRECTION('',(0.,0.,1.));
#1440 = PLANE('',#1441);
#1441 = AXIS2_PLACEMENT_3D('',#1442,#1443,#1444);
#1442 = CARTESIAN_POINT('',(-1.4E-16,-28.,-2.356433043195));
#1443 = DIRECTION('',(0.,-1.,3.E-16));
#1444 = DIRECTION('',(0.,-3.E-16,-1.));
#1445 = ADVANCED_FACE('',(#1446),#1537,.F.);
#1446 = FACE_BOUND('',#1447,.F.);
#1447 = EDGE_LOOP('',(#1448,#1459,#1467,#1475,#1483,#1489,#1490,#1499,
    #1507,#1515,#1523,#1531));
#1448 = ORIENTED_EDGE('',*,*,#1449,.T.);
#1449 = EDGE_CURVE('',#1450,#1452,#1454,.T.);
#1450 = VERTEX_POINT('',#1451);
#1451 = CARTESIAN_POINT('',(7.905500923977,-27.5,1.225991493039));
#1452 = VERTEX_POINT('',#1453);
#1453 = CARTESIAN_POINT('',(7.93393606328,-27.5,1.025991493039));
#1454 = CIRCLE('',#1455,8.);
#1455 = AXIS2_PLACEMENT_3D('',#1456,#1457,#1458);
#1456 = CARTESIAN_POINT('',(0.,-27.5,6.11E-15));
#1457 = DIRECTION('',(0.,1.,-2.2E-16));
#1458 = DIRECTION('',(1.,0.,0.));
#1459 = ORIENTED_EDGE('',*,*,#1460,.T.);
#1460 = EDGE_CURVE('',#1452,#1461,#1463,.T.);
#1461 = VERTEX_POINT('',#1462);
#1462 = CARTESIAN_POINT('',(2.5,-27.5,1.025991493039));
#1463 = LINE('',#1464,#1465);
#1464 = CARTESIAN_POINT('',(7.975470810594,-27.5,1.025991493039));
#1465 = VECTOR('',#1466,1.);
#1466 = DIRECTION('',(-1.,0.,0.));
#1467 = ORIENTED_EDGE('',*,*,#1468,.T.);
#1468 = EDGE_CURVE('',#1461,#1469,#1471,.T.);
#1469 = VERTEX_POINT('',#1470);
#1470 = CARTESIAN_POINT('',(2.5,-27.5,0.));
#1471 = LINE('',#1472,#1473);
#1472 = CARTESIAN_POINT('',(2.5,-27.5,0.625991493039));
#1473 = VECTOR('',#1474,1.);
#1474 = DIRECTION('',(0.,-2.2E-16,-1.));
#1475 = ORIENTED_EDGE('',*,*,#1476,.F.);
#1476 = EDGE_CURVE('',#1477,#1469,#1479,.T.);
#1477 = VERTEX_POINT('',#1478);
#1478 = CARTESIAN_POINT('',(-2.5,-27.5,1.E-15));
#1479 = LINE('',#1480,#1481);
#1480 = CARTESIAN_POINT('',(-2.5,-27.5,3.4E-16));
#1481 = VECTOR('',#1482,1.);
#1482 = DIRECTION('',(1.,0.,-1.8E-16));
#1483 = ORIENTED_EDGE('',*,*,#1484,.T.);
#1484 = EDGE_CURVE('',#1477,#1307,#1485,.T.);
#1485 = LINE('',#1486,#1487);
#1486 = CARTESIAN_POINT('',(-2.5,-27.5,0.721544547322));
#1487 = VECTOR('',#1488,1.);
#1488 = DIRECTION('',(0.,0.,1.));
#1489 = ORIENTED_EDGE('',*,*,#1330,.T.);
#1490 = ORIENTED_EDGE('',*,*,#1491,.T.);
#1491 = EDGE_CURVE('',#1317,#1492,#1494,.T.);
#1492 = VERTEX_POINT('',#1493);
#1493 = CARTESIAN_POINT('',(-7.905500923977,-27.5,1.225991493039));
#1494 = CIRCLE('',#1495,8.);
#1495 = AXIS2_PLACEMENT_3D('',#1496,#1497,#1498);
#1496 = CARTESIAN_POINT('',(0.,-27.5,6.11E-15));
#1497 = DIRECTION('',(0.,1.,-2.2E-16));
#1498 = DIRECTION('',(1.,0.,0.));
#1499 = ORIENTED_EDGE('',*,*,#1500,.T.);
#1500 = EDGE_CURVE('',#1492,#1501,#1503,.T.);
#1501 = VERTEX_POINT('',#1502);
#1502 = CARTESIAN_POINT('',(-2.5,-27.5,1.225991493039));
#1503 = LINE('',#1504,#1505);
#1504 = CARTESIAN_POINT('',(-7.833016766519,-27.5,1.225991493039));
#1505 = VECTOR('',#1506,1.);
#1506 = DIRECTION('',(1.,0.,0.));
#1507 = ORIENTED_EDGE('',*,*,#1508,.T.);
#1508 = EDGE_CURVE('',#1501,#1509,#1511,.T.);
#1509 = VERTEX_POINT('',#1510);
#1510 = CARTESIAN_POINT('',(-2.5,-27.5,2.649734195838));
#1511 = LINE('',#1512,#1513);
#1512 = CARTESIAN_POINT('',(-2.5,-27.5,1.625991493039));
#1513 = VECTOR('',#1514,1.);
#1514 = DIRECTION('',(0.,2.2E-16,1.));
#1515 = ORIENTED_EDGE('',*,*,#1516,.F.);
#1516 = EDGE_CURVE('',#1517,#1509,#1519,.T.);
#1517 = VERTEX_POINT('',#1518);
#1518 = CARTESIAN_POINT('',(2.5,-27.5,2.649734195838));
#1519 = LINE('',#1520,#1521);
#1520 = CARTESIAN_POINT('',(5.107665695555E-02,-27.5,2.649734195838));
#1521 = VECTOR('',#1522,1.);
#1522 = DIRECTION('',(-1.,0.,0.));
#1523 = ORIENTED_EDGE('',*,*,#1524,.T.);
#1524 = EDGE_CURVE('',#1517,#1525,#1527,.T.);
#1525 = VERTEX_POINT('',#1526);
#1526 = CARTESIAN_POINT('',(2.5,-27.5,1.225991493039));
#1527 = LINE('',#1528,#1529);
#1528 = CARTESIAN_POINT('',(2.5,-27.5,2.695658647325));
#1529 = VECTOR('',#1530,1.);
#1530 = DIRECTION('',(0.,0.,-1.));
#1531 = ORIENTED_EDGE('',*,*,#1532,.T.);
#1532 = EDGE_CURVE('',#1525,#1450,#1533,.T.);
#1533 = LINE('',#1534,#1535);
#1534 = CARTESIAN_POINT('',(2.5,-27.5,1.225991493039));
#1535 = VECTOR('',#1536,1.);
#1536 = DIRECTION('',(1.,0.,0.));
#1537 = PLANE('',#1538);
#1538 = AXIS2_PLACEMENT_3D('',#1539,#1540,#1541);
#1539 = CARTESIAN_POINT('',(0.102153313911,-27.5,1.443089094644));
#1540 = DIRECTION('',(0.,1.,0.));
#1541 = DIRECTION('',(0.,0.,1.));
#1542 = ADVANCED_FACE('',(#1543),#1575,.F.);
#1543 = FACE_BOUND('',#1544,.F.);
#1544 = EDGE_LOOP('',(#1545,#1559,#1567,#1574));
#1545 = ORIENTED_EDGE('',*,*,#1546,.T.);
#1546 = EDGE_CURVE('',#1492,#1547,#1549,.T.);
#1547 = VERTEX_POINT('',#1548);
#1548 = CARTESIAN_POINT('',(-7.833016766519,-27.9,1.625991493039));
#1549 = B_SPLINE_CURVE_WITH_KNOTS('',8,(#1550,#1551,#1552,#1553,#1554,
    #1555,#1556,#1557,#1558),.UNSPECIFIED.,.F.,.F.,(9,9),(0.,1.),
  .PIECEWISE_BEZIER_KNOTS.);
#1550 = CARTESIAN_POINT('',(-7.905500923977,-27.5,1.225991493039));
#1551 = CARTESIAN_POINT('',(-7.892911947605,-27.5,1.307168373064));
#1552 = CARTESIAN_POINT('',(-7.879369006605,-27.51882673328,
    1.388207293063));
#1553 = CARTESIAN_POINT('',(-7.865800227131,-27.55637576059,
    1.463111531435));
#1554 = CARTESIAN_POINT('',(-7.853406742026,-27.60967963374,
    1.526764381966));
#1555 = CARTESIAN_POINT('',(-7.843368597116,-27.67475224054,
    1.576128217666));
#1556 = CARTESIAN_POINT('',(-7.836456902231,-27.74748441615,
    1.609417952611));
#1557 = CARTESIAN_POINT('',(-7.833016766519,-27.82383889693,
    1.625991493039));
#1558 = CARTESIAN_POINT('',(-7.833016766519,-27.9,1.625991493039));
#1559 = ORIENTED_EDGE('',*,*,#1560,.T.);
#1560 = EDGE_CURVE('',#1547,#1561,#1563,.T.);
#1561 = VERTEX_POINT('',#1562);
#1562 = CARTESIAN_POINT('',(-2.5,-27.9,1.625991493039));
#1563 = LINE('',#1564,#1565);
#1564 = CARTESIAN_POINT('',(-7.833016766519,-27.9,1.625991493039));
#1565 = VECTOR('',#1566,1.);
#1566 = DIRECTION('',(1.,0.,0.));
#1567 = ORIENTED_EDGE('',*,*,#1568,.F.);
#1568 = EDGE_CURVE('',#1501,#1561,#1569,.T.);
#1569 = CIRCLE('',#1570,0.4);
#1570 = AXIS2_PLACEMENT_3D('',#1571,#1572,#1573);
#1571 = CARTESIAN_POINT('',(-2.5,-27.9,1.225991493039));
#1572 = DIRECTION('',(1.,0.,-0.));
#1573 = DIRECTION('',(0.,0.,1.));
#1574 = ORIENTED_EDGE('',*,*,#1500,.F.);
#1575 = CYLINDRICAL_SURFACE('',#1576,0.4);
#1576 = AXIS2_PLACEMENT_3D('',#1577,#1578,#1579);
#1577 = CARTESIAN_POINT('',(-7.833016766519,-27.9,1.225991493039));
#1578 = DIRECTION('',(1.,0.,0.));
#1579 = DIRECTION('',(0.,1.,0.));
#1580 = ADVANCED_FACE('',(#1581),#1606,.T.);
#1581 = FACE_BOUND('',#1582,.T.);
#1582 = EDGE_LOOP('',(#1583,#1591,#1599,#1605));
#1583 = ORIENTED_EDGE('',*,*,#1584,.F.);
#1584 = EDGE_CURVE('',#1585,#1561,#1587,.T.);
#1585 = VERTEX_POINT('',#1586);
#1586 = CARTESIAN_POINT('',(-2.5,-28.,1.625991493039));
#1587 = LINE('',#1588,#1589);
#1588 = CARTESIAN_POINT('',(-2.5,-28.,1.625991493039));
#1589 = VECTOR('',#1590,1.);
#1590 = DIRECTION('',(0.,1.,-2.2E-16));
#1591 = ORIENTED_EDGE('',*,*,#1592,.F.);
#1592 = EDGE_CURVE('',#1593,#1585,#1595,.T.);
#1593 = VERTEX_POINT('',#1594);
#1594 = CARTESIAN_POINT('',(-7.833016766519,-28.,1.625991493039));
#1595 = LINE('',#1596,#1597);
#1596 = CARTESIAN_POINT('',(-9.876034999996,-28.,1.625991493039));
#1597 = VECTOR('',#1598,1.);
#1598 = DIRECTION('',(1.,0.,0.));
#1599 = ORIENTED_EDGE('',*,*,#1600,.T.);
#1600 = EDGE_CURVE('',#1593,#1547,#1601,.T.);
#1601 = LINE('',#1602,#1603);
#1602 = CARTESIAN_POINT('',(-7.833016766519,3.6E-16,1.625991493039));
#1603 = VECTOR('',#1604,1.);
#1604 = DIRECTION('',(0.,1.,-2.2E-16));
#1605 = ORIENTED_EDGE('',*,*,#1560,.T.);
#1606 = PLANE('',#1607);
#1607 = AXIS2_PLACEMENT_3D('',#1608,#1609,#1610);
#1608 = CARTESIAN_POINT('',(-9.876034999996,-28.,1.625991493039));
#1609 = DIRECTION('',(0.,-2.2E-16,-1.));
#1610 = DIRECTION('',(1.,0.,0.));
#1611 = ADVANCED_FACE('',(#1612),#1638,.T.);
#1612 = FACE_BOUND('',#1613,.T.);
#1613 = EDGE_LOOP('',(#1614,#1624,#1631,#1632));
#1614 = ORIENTED_EDGE('',*,*,#1615,.F.);
#1615 = EDGE_CURVE('',#1616,#1618,#1620,.T.);
#1616 = VERTEX_POINT('',#1617);
#1617 = CARTESIAN_POINT('',(-7.5484375,-28.,2.649734195838));
#1618 = VERTEX_POINT('',#1619);
#1619 = CARTESIAN_POINT('',(-2.5,-28.,2.649734195838));
#1620 = LINE('',#1621,#1622);
#1621 = CARTESIAN_POINT('',(-7.5484375,-28.,2.649734195838));
#1622 = VECTOR('',#1623,1.);
#1623 = DIRECTION('',(1.,0.,0.));
#1624 = ORIENTED_EDGE('',*,*,#1625,.T.);
#1625 = EDGE_CURVE('',#1616,#1593,#1626,.T.);
#1626 = CIRCLE('',#1627,8.);
#1627 = AXIS2_PLACEMENT_3D('',#1628,#1629,#1630);
#1628 = CARTESIAN_POINT('',(0.,-28.,6.E-15));
#1629 = DIRECTION('',(0.,-1.,0.));
#1630 = DIRECTION('',(1.,0.,0.));
#1631 = ORIENTED_EDGE('',*,*,#1592,.T.);
#1632 = ORIENTED_EDGE('',*,*,#1633,.T.);
#1633 = EDGE_CURVE('',#1585,#1618,#1634,.T.);
#1634 = LINE('',#1635,#1636);
#1635 = CARTESIAN_POINT('',(-2.5,-28.,1.625991493039));
#1636 = VECTOR('',#1637,1.);
#1637 = DIRECTION('',(0.,0.,1.));
#1638 = PLANE('',#1639);
#1639 = AXIS2_PLACEMENT_3D('',#1640,#1641,#1642);
#1640 = CARTESIAN_POINT('',(-1.4E-16,-28.,-2.356433043195));
#1641 = DIRECTION('',(0.,-1.,3.E-16));
#1642 = DIRECTION('',(0.,-3.E-16,-1.));
#1643 = ADVANCED_FACE('',(#1644),#1717,.T.);
#1644 = FACE_BOUND('',#1645,.T.);
#1645 = EDGE_LOOP('',(#1646,#1654,#1655,#1661,#1662,#1668,#1669,#1677,
    #1685,#1693,#1703,#1711));
#1646 = ORIENTED_EDGE('',*,*,#1647,.F.);
#1647 = EDGE_CURVE('',#1218,#1648,#1650,.T.);
#1648 = VERTEX_POINT('',#1649);
#1649 = CARTESIAN_POINT('',(-6.7484375,-26.5,2.649734195838));
#1650 = LINE('',#1651,#1652);
#1651 = CARTESIAN_POINT('',(-6.7484375,5.9E-16,2.649734195838));
#1652 = VECTOR('',#1653,1.);
#1653 = DIRECTION('',(0.,-1.,2.2E-16));
#1654 = ORIENTED_EDGE('',*,*,#1230,.T.);
#1655 = ORIENTED_EDGE('',*,*,#1656,.T.);
#1656 = EDGE_CURVE('',#1231,#1616,#1657,.T.);
#1657 = LINE('',#1658,#1659);
#1658 = CARTESIAN_POINT('',(-7.5484375,5.9E-16,2.649734195838));
#1659 = VECTOR('',#1660,1.);
#1660 = DIRECTION('',(0.,-1.,2.2E-16));
#1661 = ORIENTED_EDGE('',*,*,#1615,.T.);
#1662 = ORIENTED_EDGE('',*,*,#1663,.T.);
#1663 = EDGE_CURVE('',#1618,#1509,#1664,.T.);
#1664 = LINE('',#1665,#1666);
#1665 = CARTESIAN_POINT('',(-2.5,-22.14199519554,2.649734195838));
#1666 = VECTOR('',#1667,1.);
#1667 = DIRECTION('',(0.,1.,0.));
#1668 = ORIENTED_EDGE('',*,*,#1516,.F.);
#1669 = ORIENTED_EDGE('',*,*,#1670,.T.);
#1670 = EDGE_CURVE('',#1517,#1671,#1673,.T.);
#1671 = VERTEX_POINT('',#1672);
#1672 = CARTESIAN_POINT('',(2.5,-28.,2.649734195838));
#1673 = LINE('',#1674,#1675);
#1674 = CARTESIAN_POINT('',(2.5,-22.14199519554,2.649734195838));
#1675 = VECTOR('',#1676,1.);
#1676 = DIRECTION('',(0.,-1.,0.));
#1677 = ORIENTED_EDGE('',*,*,#1678,.T.);
#1678 = EDGE_CURVE('',#1671,#1679,#1681,.T.);
#1679 = VERTEX_POINT('',#1680);
#1680 = CARTESIAN_POINT('',(7.5484375,-28.,2.649734195838));
#1681 = LINE('',#1682,#1683);
#1682 = CARTESIAN_POINT('',(-7.5484375,-28.,2.649734195838));
#1683 = VECTOR('',#1684,1.);
#1684 = DIRECTION('',(1.,0.,0.));
#1685 = ORIENTED_EDGE('',*,*,#1686,.F.);
#1686 = EDGE_CURVE('',#1687,#1679,#1689,.T.);
#1687 = VERTEX_POINT('',#1688);
#1688 = CARTESIAN_POINT('',(7.5484375,-22.,2.649734195838));
#1689 = LINE('',#1690,#1691);
#1690 = CARTESIAN_POINT('',(7.5484375,-26.5,2.649734195838));
#1691 = VECTOR('',#1692,1.);
#1692 = DIRECTION('',(-0.,-1.,-0.));
#1693 = ORIENTED_EDGE('',*,*,#1694,.T.);
#1694 = EDGE_CURVE('',#1687,#1695,#1697,.T.);
#1695 = VERTEX_POINT('',#1696);
#1696 = CARTESIAN_POINT('',(6.7484375,-22.,2.649734195838));
#1697 = B_SPLINE_CURVE_WITH_KNOTS('',2,(#1698,#1699,#1700,#1701,#1702),
  .UNSPECIFIED.,.F.,.F.,(3,1,1,3),(-0.328200215345,-0.279240215345,0.8,
    0.84896),.UNSPECIFIED.);
#1698 = CARTESIAN_POINT('',(7.876637715345,-22.,2.649734195838));
#1699 = CARTESIAN_POINT('',(7.852157715345,-22.,2.649734195838));
#1700 = CARTESIAN_POINT('',(7.288057607673,-22.,2.649734195838));
#1701 = CARTESIAN_POINT('',(6.7239575,-22.,2.649734195838));
#1702 = CARTESIAN_POINT('',(6.6994775,-22.,2.649734195838));
#1703 = ORIENTED_EDGE('',*,*,#1704,.T.);
#1704 = EDGE_CURVE('',#1695,#1705,#1707,.T.);
#1705 = VERTEX_POINT('',#1706);
#1706 = CARTESIAN_POINT('',(6.7484375,-26.5,2.649734195838));
#1707 = LINE('',#1708,#1709);
#1708 = CARTESIAN_POINT('',(6.7484375,5.9E-16,2.649734195838));
#1709 = VECTOR('',#1710,1.);
#1710 = DIRECTION('',(0.,-1.,2.2E-16));
#1711 = ORIENTED_EDGE('',*,*,#1712,.F.);
#1712 = EDGE_CURVE('',#1648,#1705,#1713,.T.);
#1713 = LINE('',#1714,#1715);
#1714 = CARTESIAN_POINT('',(-6.7484375,-26.5,2.649734195838));
#1715 = VECTOR('',#1716,1.);
#1716 = DIRECTION('',(1.,0.,-2.E-16));
#1717 = PLANE('',#1718);
#1718 = AXIS2_PLACEMENT_3D('',#1719,#1720,#1721);
#1719 = CARTESIAN_POINT('',(1.8E-16,-16.28399039109,2.649734195838));
#1720 = DIRECTION('',(0.,0.,1.));
#1721 = DIRECTION('',(1.,0.,0.));
#1722 = ADVANCED_FACE('',(#1723),#1735,.T.);
#1723 = FACE_BOUND('',#1724,.T.);
#1724 = EDGE_LOOP('',(#1725,#1726,#1727,#1733,#1734));
#1725 = ORIENTED_EDGE('',*,*,#1284,.F.);
#1726 = ORIENTED_EDGE('',*,*,#1435,.F.);
#1727 = ORIENTED_EDGE('',*,*,#1728,.F.);
#1728 = EDGE_CURVE('',#1477,#1427,#1729,.T.);
#1729 = LINE('',#1730,#1731);
#1730 = CARTESIAN_POINT('',(-2.5,-26.5,3.1E-16));
#1731 = VECTOR('',#1732,1.);
#1732 = DIRECTION('',(0.,-1.,2.2E-16));
#1733 = ORIENTED_EDGE('',*,*,#1484,.T.);
#1734 = ORIENTED_EDGE('',*,*,#1306,.T.);
#1735 = PLANE('',#1736);
#1736 = AXIS2_PLACEMENT_3D('',#1737,#1738,#1739);
#1737 = CARTESIAN_POINT('',(-2.5,-28.,6.4E-16));
#1738 = DIRECTION('',(1.,0.,0.));
#1739 = DIRECTION('',(0.,2.2E-16,1.));
#1740 = ADVANCED_FACE('',(#1741),#1774,.F.);
#1741 = FACE_BOUND('',#1742,.T.);
#1742 = EDGE_LOOP('',(#1743,#1751,#1752,#1753,#1759,#1767));
#1743 = ORIENTED_EDGE('',*,*,#1744,.T.);
#1744 = EDGE_CURVE('',#1745,#1477,#1747,.T.);
#1745 = VERTEX_POINT('',#1746);
#1746 = CARTESIAN_POINT('',(-2.5,-26.5,0.));
#1747 = LINE('',#1748,#1749);
#1748 = CARTESIAN_POINT('',(-2.5,-26.5,3.1E-16));
#1749 = VECTOR('',#1750,1.);
#1750 = DIRECTION('',(0.,-1.,2.2E-16));
#1751 = ORIENTED_EDGE('',*,*,#1728,.T.);
#1752 = ORIENTED_EDGE('',*,*,#1426,.T.);
#1753 = ORIENTED_EDGE('',*,*,#1754,.F.);
#1754 = EDGE_CURVE('',#1469,#1419,#1755,.T.);
#1755 = LINE('',#1756,#1757);
#1756 = CARTESIAN_POINT('',(2.5,-26.5,-6.1E-16));
#1757 = VECTOR('',#1758,1.);
#1758 = DIRECTION('',(0.,-1.,2.2E-16));
#1759 = ORIENTED_EDGE('',*,*,#1760,.F.);
#1760 = EDGE_CURVE('',#1761,#1469,#1763,.T.);
#1761 = VERTEX_POINT('',#1762);
#1762 = CARTESIAN_POINT('',(2.5,-26.5,-1.E-15));
#1763 = LINE('',#1764,#1765);
#1764 = CARTESIAN_POINT('',(2.5,-26.5,-6.1E-16));
#1765 = VECTOR('',#1766,1.);
#1766 = DIRECTION('',(0.,-1.,2.2E-16));
#1767 = ORIENTED_EDGE('',*,*,#1768,.F.);
#1768 = EDGE_CURVE('',#1745,#1761,#1769,.T.);
#1769 = CIRCLE('',#1770,2.5);
#1770 = AXIS2_PLACEMENT_3D('',#1771,#1772,#1773);
#1771 = CARTESIAN_POINT('',(0.,-26.5,0.));
#1772 = DIRECTION('',(0.,-1.,0.));
#1773 = DIRECTION('',(1.,0.,0.));
#1774 = CYLINDRICAL_SURFACE('',#1775,2.5);
#1775 = AXIS2_PLACEMENT_3D('',#1776,#1777,#1778);
#1776 = CARTESIAN_POINT('',(0.,-26.5,0.));
#1777 = DIRECTION('',(0.,1.,-2.2E-16));
#1778 = DIRECTION('',(1.,0.,0.));
#1779 = ADVANCED_FACE('',(#1780),#1800,.T.);
#1780 = FACE_BOUND('',#1781,.T.);
#1781 = EDGE_LOOP('',(#1782,#1790,#1797,#1798,#1799));
#1782 = ORIENTED_EDGE('',*,*,#1783,.T.);
#1783 = EDGE_CURVE('',#1411,#1784,#1786,.T.);
#1784 = VERTEX_POINT('',#1785);
#1785 = CARTESIAN_POINT('',(2.5,-27.9,0.625991493039));
#1786 = LINE('',#1787,#1788);
#1787 = CARTESIAN_POINT('',(2.5,-28.,0.625991493039));
#1788 = VECTOR('',#1789,1.);
#1789 = DIRECTION('',(0.,1.,-2.2E-16));
#1790 = ORIENTED_EDGE('',*,*,#1791,.F.);
#1791 = EDGE_CURVE('',#1461,#1784,#1792,.T.);
#1792 = CIRCLE('',#1793,0.4);
#1793 = AXIS2_PLACEMENT_3D('',#1794,#1795,#1796);
#1794 = CARTESIAN_POINT('',(2.5,-27.9,1.025991493039));
#1795 = DIRECTION('',(-1.,0.,0.));
#1796 = DIRECTION('',(0.,0.,-1.));
#1797 = ORIENTED_EDGE('',*,*,#1468,.T.);
#1798 = ORIENTED_EDGE('',*,*,#1754,.T.);
#1799 = ORIENTED_EDGE('',*,*,#1418,.F.);
#1800 = PLANE('',#1801);
#1801 = AXIS2_PLACEMENT_3D('',#1802,#1803,#1804);
#1802 = CARTESIAN_POINT('',(2.5,-28.,0.625991493039));
#1803 = DIRECTION('',(-1.,0.,0.));
#1804 = DIRECTION('',(-0.,-2.2E-16,-1.));
#1805 = ADVANCED_FACE('',(#1806),#1824,.T.);
#1806 = FACE_BOUND('',#1807,.T.);
#1807 = EDGE_LOOP('',(#1808,#1809,#1810,#1818));
#1808 = ORIENTED_EDGE('',*,*,#1783,.F.);
#1809 = ORIENTED_EDGE('',*,*,#1410,.F.);
#1810 = ORIENTED_EDGE('',*,*,#1811,.T.);
#1811 = EDGE_CURVE('',#1402,#1812,#1814,.T.);
#1812 = VERTEX_POINT('',#1813);
#1813 = CARTESIAN_POINT('',(7.975470810594,-27.9,0.625991493039));
#1814 = LINE('',#1815,#1816);
#1815 = CARTESIAN_POINT('',(7.975470810594,1.4E-16,0.625991493039));
#1816 = VECTOR('',#1817,1.);
#1817 = DIRECTION('',(0.,1.,-2.2E-16));
#1818 = ORIENTED_EDGE('',*,*,#1819,.T.);
#1819 = EDGE_CURVE('',#1812,#1784,#1820,.T.);
#1820 = LINE('',#1821,#1822);
#1821 = CARTESIAN_POINT('',(7.975470810594,-27.9,0.625991493039));
#1822 = VECTOR('',#1823,1.);
#1823 = DIRECTION('',(-1.,0.,0.));
#1824 = PLANE('',#1825);
#1825 = AXIS2_PLACEMENT_3D('',#1826,#1827,#1828);
#1826 = CARTESIAN_POINT('',(10.109045000004,-28.,0.625991493039));
#1827 = DIRECTION('',(0.,2.2E-16,1.));
#1828 = DIRECTION('',(-1.,0.,0.));
#1829 = ADVANCED_FACE('',(#1830),#1862,.F.);
#1830 = FACE_BOUND('',#1831,.F.);
#1831 = EDGE_LOOP('',(#1832,#1841,#1849,#1861));
#1832 = ORIENTED_EDGE('',*,*,#1833,.T.);
#1833 = EDGE_CURVE('',#1525,#1834,#1836,.T.);
#1834 = VERTEX_POINT('',#1835);
#1835 = CARTESIAN_POINT('',(2.5,-27.9,1.625991493039));
#1836 = CIRCLE('',#1837,0.4);
#1837 = AXIS2_PLACEMENT_3D('',#1838,#1839,#1840);
#1838 = CARTESIAN_POINT('',(2.5,-27.9,1.225991493039));
#1839 = DIRECTION('',(1.,0.,-0.));
#1840 = DIRECTION('',(0.,0.,1.));
#1841 = ORIENTED_EDGE('',*,*,#1842,.T.);
#1842 = EDGE_CURVE('',#1834,#1843,#1845,.T.);
#1843 = VERTEX_POINT('',#1844);
#1844 = CARTESIAN_POINT('',(7.833016766519,-27.9,1.625991493039));
#1845 = LINE('',#1846,#1847);
#1846 = CARTESIAN_POINT('',(2.5,-27.9,1.625991493039));
#1847 = VECTOR('',#1848,1.);
#1848 = DIRECTION('',(1.,0.,0.));
#1849 = ORIENTED_EDGE('',*,*,#1850,.F.);
#1850 = EDGE_CURVE('',#1450,#1843,#1851,.T.);
#1851 = B_SPLINE_CURVE_WITH_KNOTS('',8,(#1852,#1853,#1854,#1855,#1856,
    #1857,#1858,#1859,#1860),.UNSPECIFIED.,.F.,.F.,(9,9),(0.,1.),
  .PIECEWISE_BEZIER_KNOTS.);
#1852 = CARTESIAN_POINT('',(7.905500923977,-27.5,1.225991493039));
#1853 = CARTESIAN_POINT('',(7.892911947605,-27.5,1.307168373064));
#1854 = CARTESIAN_POINT('',(7.879369006605,-27.51882673328,
    1.388207293064));
#1855 = CARTESIAN_POINT('',(7.865800227131,-27.55637576059,
    1.463111531435));
#1856 = CARTESIAN_POINT('',(7.853406742026,-27.60967963374,
    1.526764381966));
#1857 = CARTESIAN_POINT('',(7.843368597116,-27.67475224054,
    1.576128217666));
#1858 = CARTESIAN_POINT('',(7.836456902231,-27.74748441615,
    1.609417952611));
#1859 = CARTESIAN_POINT('',(7.833016766519,-27.82383889693,
    1.625991493039));
#1860 = CARTESIAN_POINT('',(7.833016766519,-27.9,1.625991493039));
#1861 = ORIENTED_EDGE('',*,*,#1532,.F.);
#1862 = CYLINDRICAL_SURFACE('',#1863,0.4);
#1863 = AXIS2_PLACEMENT_3D('',#1864,#1865,#1866);
#1864 = CARTESIAN_POINT('',(2.5,-27.9,1.225991493039));
#1865 = DIRECTION('',(1.,0.,0.));
#1866 = DIRECTION('',(0.,1.,0.));
#1867 = ADVANCED_FACE('',(#1868),#1885,.F.);
#1868 = FACE_BOUND('',#1869,.F.);
#1869 = EDGE_LOOP('',(#1870,#1882,#1883,#1884));
#1870 = ORIENTED_EDGE('',*,*,#1871,.T.);
#1871 = EDGE_CURVE('',#1452,#1812,#1872,.T.);
#1872 = B_SPLINE_CURVE_WITH_KNOTS('',8,(#1873,#1874,#1875,#1876,#1877,
    #1878,#1879,#1880,#1881),.UNSPECIFIED.,.F.,.F.,(9,9),(0.,1.),
  .PIECEWISE_BEZIER_KNOTS.);
#1873 = CARTESIAN_POINT('',(7.93393606328,-27.5,1.025991493039));
#1874 = CARTESIAN_POINT('',(7.944432049548,-27.5,0.94482660567));
#1875 = CARTESIAN_POINT('',(7.95395557241,-27.51882117917,0.863722625295
    ));
#1876 = CARTESIAN_POINT('',(7.961730708188,-27.55642161695,
    0.788725485034));
#1877 = CARTESIAN_POINT('',(7.967500840719,-27.60983038791,
    0.725033310242));
#1878 = CARTESIAN_POINT('',(7.971569078053,-27.67497892521,
    0.675718197504));
#1879 = CARTESIAN_POINT('',(7.97417381875,-27.74769837845,0.642512507824
    ));
#1880 = CARTESIAN_POINT('',(7.975470810594,-27.82395955473,
    0.625991493039));
#1881 = CARTESIAN_POINT('',(7.975470810594,-27.9,0.625991493039));
#1882 = ORIENTED_EDGE('',*,*,#1819,.T.);
#1883 = ORIENTED_EDGE('',*,*,#1791,.F.);
#1884 = ORIENTED_EDGE('',*,*,#1460,.F.);
#1885 = CYLINDRICAL_SURFACE('',#1886,0.4);
#1886 = AXIS2_PLACEMENT_3D('',#1887,#1888,#1889);
#1887 = CARTESIAN_POINT('',(7.975470810594,-27.9,1.025991493039));
#1888 = DIRECTION('',(-1.,0.,0.));
#1889 = DIRECTION('',(0.,1.,0.));
#1890 = ADVANCED_FACE('',(#1891),#1910,.T.);
#1891 = FACE_BOUND('',#1892,.T.);
#1892 = EDGE_LOOP('',(#1893,#1901,#1907,#1908,#1909));
#1893 = ORIENTED_EDGE('',*,*,#1894,.F.);
#1894 = EDGE_CURVE('',#1895,#1834,#1897,.T.);
#1895 = VERTEX_POINT('',#1896);
#1896 = CARTESIAN_POINT('',(2.5,-28.,1.625991493039));
#1897 = LINE('',#1898,#1899);
#1898 = CARTESIAN_POINT('',(2.5,-28.,1.625991493039));
#1899 = VECTOR('',#1900,1.);
#1900 = DIRECTION('',(0.,1.,-2.2E-16));
#1901 = ORIENTED_EDGE('',*,*,#1902,.F.);
#1902 = EDGE_CURVE('',#1671,#1895,#1903,.T.);
#1903 = LINE('',#1904,#1905);
#1904 = CARTESIAN_POINT('',(2.5,-28.,3.948228200006));
#1905 = VECTOR('',#1906,1.);
#1906 = DIRECTION('',(0.,0.,-1.));
#1907 = ORIENTED_EDGE('',*,*,#1670,.F.);
#1908 = ORIENTED_EDGE('',*,*,#1524,.T.);
#1909 = ORIENTED_EDGE('',*,*,#1833,.T.);
#1910 = PLANE('',#1911);
#1911 = AXIS2_PLACEMENT_3D('',#1912,#1913,#1914);
#1912 = CARTESIAN_POINT('',(2.5,-28.,3.948228200006));
#1913 = DIRECTION('',(-1.,0.,0.));
#1914 = DIRECTION('',(-0.,-2.2E-16,-1.));
#1915 = ADVANCED_FACE('',(#1916),#1927,.F.);
#1916 = FACE_BOUND('',#1917,.F.);
#1917 = EDGE_LOOP('',(#1918,#1924,#1925,#1926));
#1918 = ORIENTED_EDGE('',*,*,#1919,.F.);
#1919 = EDGE_CURVE('',#1745,#1761,#1920,.T.);
#1920 = LINE('',#1921,#1922);
#1921 = CARTESIAN_POINT('',(-2.5,-26.5,3.1E-16));
#1922 = VECTOR('',#1923,1.);
#1923 = DIRECTION('',(1.,0.,-1.8E-16));
#1924 = ORIENTED_EDGE('',*,*,#1744,.T.);
#1925 = ORIENTED_EDGE('',*,*,#1476,.T.);
#1926 = ORIENTED_EDGE('',*,*,#1760,.F.);
#1927 = PLANE('',#1928);
#1928 = AXIS2_PLACEMENT_3D('',#1929,#1930,#1931);
#1929 = CARTESIAN_POINT('',(-2.5,-26.5,3.1E-16));
#1930 = DIRECTION('',(1.8E-16,2.2E-16,1.));
#1931 = DIRECTION('',(1.,0.,-1.8E-16));
#1932 = ADVANCED_FACE('',(#1933),#1940,.T.);
#1933 = FACE_BOUND('',#1934,.T.);
#1934 = EDGE_LOOP('',(#1935,#1936,#1937,#1938,#1939));
#1935 = ORIENTED_EDGE('',*,*,#1584,.T.);
#1936 = ORIENTED_EDGE('',*,*,#1568,.F.);
#1937 = ORIENTED_EDGE('',*,*,#1508,.T.);
#1938 = ORIENTED_EDGE('',*,*,#1663,.F.);
#1939 = ORIENTED_EDGE('',*,*,#1633,.F.);
#1940 = PLANE('',#1941);
#1941 = AXIS2_PLACEMENT_3D('',#1942,#1943,#1944);
#1942 = CARTESIAN_POINT('',(-2.5,-28.,1.625991493039));
#1943 = DIRECTION('',(1.,0.,0.));
#1944 = DIRECTION('',(0.,2.2E-16,1.));
#1945 = ADVANCED_FACE('',(#1946,#1956),#1960,.T.);
#1946 = FACE_BOUND('',#1947,.T.);
#1947 = EDGE_LOOP('',(#1948,#1949));
#1948 = ORIENTED_EDGE('',*,*,#1712,.T.);
#1949 = ORIENTED_EDGE('',*,*,#1950,.F.);
#1950 = EDGE_CURVE('',#1648,#1705,#1951,.T.);
#1951 = CIRCLE('',#1952,7.25);
#1952 = AXIS2_PLACEMENT_3D('',#1953,#1954,#1955);
#1953 = CARTESIAN_POINT('',(0.,-26.5,6.E-15));
#1954 = DIRECTION('',(0.,-1.,0.));
#1955 = DIRECTION('',(1.,0.,0.));
#1956 = FACE_BOUND('',#1957,.T.);
#1957 = EDGE_LOOP('',(#1958,#1959));
#1958 = ORIENTED_EDGE('',*,*,#1768,.T.);
#1959 = ORIENTED_EDGE('',*,*,#1919,.F.);
#1960 = PLANE('',#1961);
#1961 = AXIS2_PLACEMENT_3D('',#1962,#1963,#1964);
#1962 = CARTESIAN_POINT('',(-6.8E-16,-26.5,-1.015238337884));
#1963 = DIRECTION('',(0.,1.,0.));
#1964 = DIRECTION('',(0.,0.,1.));
#1965 = ADVANCED_FACE('',(#1966),#2003,.T.);
#1966 = FACE_BOUND('',#1967,.T.);
#1967 = EDGE_LOOP('',(#1968,#1981,#1991,#2002));
#1968 = ORIENTED_EDGE('',*,*,#1969,.T.);
#1969 = EDGE_CURVE('',#1687,#1970,#1972,.T.);
#1970 = VERTEX_POINT('',#1971);
#1971 = CARTESIAN_POINT('',(7.827677715345,-20.9405568632,1.651502502548
    ));
#1972 = B_SPLINE_CURVE_WITH_KNOTS('',4,(#1973,#1974,#1975,#1976,#1977,
    #1978,#1979,#1980),.UNSPECIFIED.,.F.,.F.,(5,3,5),(0.,0.502152245174,
    1.),.UNSPECIFIED.);
#1973 = CARTESIAN_POINT('',(7.5484375,-22.,2.649734195838));
#1974 = CARTESIAN_POINT('',(7.592014776304,-21.86824681193,2.5255933114)
  );
#1975 = CARTESIAN_POINT('',(7.632696546833,-21.73600365412,2.40099076619
    ));
#1976 = CARTESIAN_POINT('',(7.67051847945,-21.60332795361,2.2759806693)
  );
#1977 = CARTESIAN_POINT('',(7.740199696158,-21.33835510211,
    2.026317153591));
#1978 = CARTESIAN_POINT('',(7.77210731361,-21.20606452964,1.901669933198
    ));
#1979 = CARTESIAN_POINT('',(7.801259670402,-21.07344976926,
    1.776717255507));
#1980 = CARTESIAN_POINT('',(7.827677783613,-20.9405568632,1.651502502548
    ));
#1981 = ORIENTED_EDGE('',*,*,#1982,.T.);
#1982 = EDGE_CURVE('',#1970,#1983,#1985,.T.);
#1983 = VERTEX_POINT('',#1984);
#1984 = CARTESIAN_POINT('',(7.059393603993,-20.9405568632,1.651502502548
    ));
#1985 = B_SPLINE_CURVE_WITH_KNOTS('',2,(#1986,#1987,#1988,#1989,#1990),
  .UNSPECIFIED.,.F.,.F.,(3,1,1,3),(-0.328200215345,-0.279240215345,0.8,
    0.84896),.UNSPECIFIED.);
#1986 = CARTESIAN_POINT('',(7.876637715345,-20.9405568632,1.651502502548
    ));
#1987 = CARTESIAN_POINT('',(7.852157715345,-20.9405568632,1.651502502548
    ));
#1988 = CARTESIAN_POINT('',(7.288057607673,-20.9405568632,1.651502502548
    ));
#1989 = CARTESIAN_POINT('',(6.7239575,-20.9405568632,1.651502502548));
#1990 = CARTESIAN_POINT('',(6.6994775,-20.9405568632,1.651502502548));
#1991 = ORIENTED_EDGE('',*,*,#1992,.F.);
#1992 = EDGE_CURVE('',#1695,#1983,#1993,.T.);
#1993 = B_SPLINE_CURVE_WITH_KNOTS('',4,(#1994,#1995,#1996,#1997,#1998,
    #1999,#2000,#2001),.UNSPECIFIED.,.F.,.F.,(5,3,5),(0.,0.502694810859,
    1.),.UNSPECIFIED.);
#1994 = CARTESIAN_POINT('',(6.7484375,-22.,2.649734195838));
#1995 = CARTESIAN_POINT('',(6.797114977894,-21.86842442236,
    2.525760660023));
#1996 = CARTESIAN_POINT('',(6.842517230517,-21.73622836513,
    2.401202494072));
#1997 = CARTESIAN_POINT('',(6.884693310762,-21.6034878376,2.276131315669
    ));
#1998 = CARTESIAN_POINT('',(6.962253291908,-21.33847954188,
    2.026434403601));
#1999 = CARTESIAN_POINT('',(6.997705164442,-21.20622208497,
    1.901818385459));
#2000 = CARTESIAN_POINT('',(7.030075774202,-21.07356180643,
    1.776822819498));
#2001 = CARTESIAN_POINT('',(7.059393705133,-20.9405568632,1.651502502548
    ));
#2002 = ORIENTED_EDGE('',*,*,#1694,.F.);
#2003 = B_SPLINE_SURFACE_WITH_KNOTS('',1,2,(
    (#2004,#2005,#2006,#2007,#2008)
    ,(#2009,#2010,#2011,#2012,#2013
    )),.UNSPECIFIED.,.F.,.F.,.F.,(2,2),(3,1,1,3),(0.,1.079240215345),(
    -0.328200215345,-0.279240215345,0.8,0.84896),.UNSPECIFIED.);
#2004 = CARTESIAN_POINT('',(7.876637715345,-22.,2.649734195838));
#2005 = CARTESIAN_POINT('',(7.852157715345,-22.,2.649734195838));
#2006 = CARTESIAN_POINT('',(7.288057607673,-22.,2.649734195838));
#2007 = CARTESIAN_POINT('',(6.7239575,-22.,2.649734195838));
#2008 = CARTESIAN_POINT('',(6.6994775,-22.,2.649734195838));
#2009 = CARTESIAN_POINT('',(7.876637715345,-20.9405568632,1.651502502548
    ));
#2010 = CARTESIAN_POINT('',(7.852157715345,-20.9405568632,1.651502502548
    ));
#2011 = CARTESIAN_POINT('',(7.288057607673,-20.9405568632,1.651502502548
    ));
#2012 = CARTESIAN_POINT('',(6.7239575,-20.9405568632,1.651502502548));
#2013 = CARTESIAN_POINT('',(6.6994775,-20.9405568632,1.651502502548));
#2014 = ADVANCED_FACE('',(#2015),#2034,.T.);
#2015 = FACE_BOUND('',#2016,.T.);
#2016 = EDGE_LOOP('',(#2017,#2018,#2019,#2027));
#2017 = ORIENTED_EDGE('',*,*,#1678,.F.);
#2018 = ORIENTED_EDGE('',*,*,#1902,.T.);
#2019 = ORIENTED_EDGE('',*,*,#2020,.T.);
#2020 = EDGE_CURVE('',#1895,#2021,#2023,.T.);
#2021 = VERTEX_POINT('',#2022);
#2022 = CARTESIAN_POINT('',(7.833016766519,-28.,1.625991493039));
#2023 = LINE('',#2024,#2025);
#2024 = CARTESIAN_POINT('',(2.5,-28.,1.625991493039));
#2025 = VECTOR('',#2026,1.);
#2026 = DIRECTION('',(1.,0.,0.));
#2027 = ORIENTED_EDGE('',*,*,#2028,.T.);
#2028 = EDGE_CURVE('',#2021,#1679,#2029,.T.);
#2029 = CIRCLE('',#2030,8.);
#2030 = AXIS2_PLACEMENT_3D('',#2031,#2032,#2033);
#2031 = CARTESIAN_POINT('',(0.,-28.,6.E-15));
#2032 = DIRECTION('',(0.,-1.,0.));
#2033 = DIRECTION('',(1.,0.,0.));
#2034 = PLANE('',#2035);
#2035 = AXIS2_PLACEMENT_3D('',#2036,#2037,#2038);
#2036 = CARTESIAN_POINT('',(-1.4E-16,-28.,-2.356433043195));
#2037 = DIRECTION('',(0.,-1.,3.E-16));
#2038 = DIRECTION('',(0.,-3.E-16,-1.));
#2039 = ADVANCED_FACE('',(#2040),#2051,.T.);
#2040 = FACE_BOUND('',#2041,.T.);
#2041 = EDGE_LOOP('',(#2042,#2048,#2049,#2050));
#2042 = ORIENTED_EDGE('',*,*,#2043,.F.);
#2043 = EDGE_CURVE('',#2021,#1843,#2044,.T.);
#2044 = LINE('',#2045,#2046);
#2045 = CARTESIAN_POINT('',(7.833016766519,3.6E-16,1.625991493039));
#2046 = VECTOR('',#2047,1.);
#2047 = DIRECTION('',(0.,1.,-2.2E-16));
#2048 = ORIENTED_EDGE('',*,*,#2020,.F.);
#2049 = ORIENTED_EDGE('',*,*,#1894,.T.);
#2050 = ORIENTED_EDGE('',*,*,#1842,.T.);
#2051 = PLANE('',#2052);
#2052 = AXIS2_PLACEMENT_3D('',#2053,#2054,#2055);
#2053 = CARTESIAN_POINT('',(2.5,-28.,1.625991493039));
#2054 = DIRECTION('',(0.,-2.2E-16,-1.));
#2055 = DIRECTION('',(1.,0.,0.));
#2056 = ADVANCED_FACE('',(#2057),#2116,.F.);
#2057 = FACE_BOUND('',#2058,.F.);
#2058 = EDGE_LOOP('',(#2059,#2084,#2085,#2110));
#2059 = ORIENTED_EDGE('',*,*,#2060,.T.);
#2060 = EDGE_CURVE('',#2061,#1970,#2063,.T.);
#2061 = VERTEX_POINT('',#2062);
#2062 = CARTESIAN_POINT('',(7.964364438138,-18.,-0.754254));
#2063 = B_SPLINE_CURVE_WITH_KNOTS('',7,(#2064,#2065,#2066,#2067,#2068,
    #2069,#2070,#2071,#2072,#2073,#2074,#2075,#2076,#2077,#2078,#2079,
    #2080,#2081,#2082,#2083),.UNSPECIFIED.,.F.,.F.,(8,6,6,8),(0.,
    0.2511439031,0.64546106386,1.),.UNSPECIFIED.);
#2064 = CARTESIAN_POINT('',(7.964364438138,-18.,-0.754254));
#2065 = CARTESIAN_POINT('',(7.964364438138,-18.16802983656,-0.754254));
#2066 = CARTESIAN_POINT('',(7.965400380005,-18.33604244426,
    -0.743272532274));
#2067 = CARTESIAN_POINT('',(7.967480502517,-18.50360609983,
    -0.721313399265));
#2068 = CARTESIAN_POINT('',(7.970515781079,-18.67024791992,
    -0.688307014329));
#2069 = CARTESIAN_POINT('',(7.974319927725,-18.83545386117,
    -0.644110401738));
#2070 = CARTESIAN_POINT('',(7.978609391116,-18.99866872015,
    -0.588507196681));
#2071 = CARTESIAN_POINT('',(7.989902253741,-19.41149475246,
    -0.415541659709));
#2072 = CARTESIAN_POINT('',(7.996929382894,-19.65305582457,
    -0.282806288464));
#2073 = CARTESIAN_POINT('',(8.002438617728,-19.87807458115,
    -0.12520823118));
#2074 = CARTESIAN_POINT('',(8.004296275737,-20.08249201867,
    5.339888013794E-02));
#2075 = CARTESIAN_POINT('',(8.000539860031,-20.26372474058,
    0.248581938837));
#2076 = CARTESIAN_POINT('',(7.989910829401,-20.42053374479,0.45563903737
    ));
#2077 = CARTESIAN_POINT('',(7.955692900717,-20.67182985105,0.8627663145)
  );
#2078 = CARTESIAN_POINT('',(7.932652548354,-20.77737750428,
    1.071753373799));
#2079 = CARTESIAN_POINT('',(7.901255821488,-20.86557352744,
    1.294699103259));
#2080 = CARTESIAN_POINT('',(7.860191747282,-20.93325164713,1.52831482865
    ));
#2081 = CARTESIAN_POINT('',(7.808754779918,-20.97830441411,
    1.768327884826));
#2082 = CARTESIAN_POINT('',(7.747403958061,-21.,2.009550358442));
#2083 = CARTESIAN_POINT('',(7.678321750453,-21.,2.245746));
#2084 = ORIENTED_EDGE('',*,*,#1982,.T.);
#2085 = ORIENTED_EDGE('',*,*,#2086,.F.);
#2086 = EDGE_CURVE('',#2087,#1983,#2089,.T.);
#2087 = VERTEX_POINT('',#2088);
#2088 = CARTESIAN_POINT('',(7.210658839765,-18.,-0.754254));
#2089 = B_SPLINE_CURVE_WITH_KNOTS('',7,(#2090,#2091,#2092,#2093,#2094,
    #2095,#2096,#2097,#2098,#2099,#2100,#2101,#2102,#2103,#2104,#2105,
    #2106,#2107,#2108,#2109),.UNSPECIFIED.,.F.,.F.,(8,6,6,8),(0.,
    0.251135984121,0.643877136046,1.),.UNSPECIFIED.);
#2090 = CARTESIAN_POINT('',(7.210658839765,-18.,-0.754254));
#2091 = CARTESIAN_POINT('',(7.210658839765,-18.16838500909,-0.754254));
#2092 = CARTESIAN_POINT('',(7.211808067553,-18.33675304628,
    -0.743225751834));
#2093 = CARTESIAN_POINT('',(7.214115310173,-18.5046658771,
    -0.721173727745));
#2094 = CARTESIAN_POINT('',(7.217481062924,-18.67164490595,
    -0.688028944216));
#2095 = CARTESIAN_POINT('',(7.221697529356,-18.83717117607,
    -0.643648961977));
#2096 = CARTESIAN_POINT('',(7.226448621272,-19.00068536955,
    -0.587817885997));
#2097 = CARTESIAN_POINT('',(7.238912402794,-19.41321645768,
    -0.414574066494));
#2098 = CARTESIAN_POINT('',(7.246701157381,-19.65616291497,
    -0.281131413251));
#2099 = CARTESIAN_POINT('',(7.252830306409,-19.88288446057,
    -0.121947827381));
#2100 = CARTESIAN_POINT('',(7.25480865209,-20.08839926248,
    5.860698449083E-02));
#2101 = CARTESIAN_POINT('',(7.250400597004,-20.26973424211,
    0.255376520498));
#2102 = CARTESIAN_POINT('',(7.238377804427,-20.42572532038,
    0.462910126927));
#2103 = CARTESIAN_POINT('',(7.200275940964,-20.67541185571,0.8696351944)
  );
#2104 = CARTESIAN_POINT('',(7.174542954515,-20.78056781282,
    1.079216518262));
#2105 = CARTESIAN_POINT('',(7.139539255851,-20.86806644251,
    1.302372617614));
#2106 = CARTESIAN_POINT('',(7.093880840391,-20.93481031819,
    1.535508604607));
#2107 = CARTESIAN_POINT('',(7.036910586329,-20.97891648184,
    1.774116745559));
#2108 = CARTESIAN_POINT('',(6.969266913783,-21.,2.012905242626));
#2109 = CARTESIAN_POINT('',(6.893411702741,-21.,2.245746));
#2110 = ORIENTED_EDGE('',*,*,#2111,.F.);
#2111 = EDGE_CURVE('',#2061,#2087,#2112,.T.);
#2112 = LINE('',#2113,#2114);
#2113 = CARTESIAN_POINT('',(7.964364438138,-18.,-0.754254));
#2114 = VECTOR('',#2115,1.);
#2115 = DIRECTION('',(-1.,0.,0.));
#2116 = CYLINDRICAL_SURFACE('',#2117,3.);
#2117 = AXIS2_PLACEMENT_3D('',#2118,#2119,#2120);
#2118 = CARTESIAN_POINT('',(7.964364438138,-18.,2.245746));
#2119 = DIRECTION('',(-1.,0.,0.));
#2120 = DIRECTION('',(-0.,-2.2E-16,-1.));
#2121 = ADVANCED_FACE('',(#2122),#2138,.T.);
#2122 = FACE_BOUND('',#2123,.T.);
#2123 = EDGE_LOOP('',(#2124,#2125,#2131,#2132));
#2124 = ORIENTED_EDGE('',*,*,#1144,.F.);
#2125 = ORIENTED_EDGE('',*,*,#2126,.T.);
#2126 = EDGE_CURVE('',#1096,#24,#2127,.T.);
#2127 = LINE('',#2128,#2129);
#2128 = CARTESIAN_POINT('',(-7.210658839765,-1.7E-16,-0.754254));
#2129 = VECTOR('',#2130,1.);
#2130 = DIRECTION('',(0.,1.,-2.2E-16));
#2131 = ORIENTED_EDGE('',*,*,#72,.T.);
#2132 = ORIENTED_EDGE('',*,*,#2133,.T.);
#2133 = EDGE_CURVE('',#73,#1145,#2134,.T.);
#2134 = LINE('',#2135,#2136);
#2135 = CARTESIAN_POINT('',(-7.964364438138,-2.5E-15,-0.754254));
#2136 = VECTOR('',#2137,1.);
#2137 = DIRECTION('',(-0.,-1.,-2.2E-16));
#2138 = PLANE('',#2139);
#2139 = AXIS2_PLACEMENT_3D('',#2140,#2141,#2142);
#2140 = CARTESIAN_POINT('',(-7.587511638952,-1.42E-15,-0.754254));
#2141 = DIRECTION('',(0.,0.,1.));
#2142 = DIRECTION('',(1.,0.,-0.));
#2143 = ADVANCED_FACE('',(#2144),#2160,.T.);
#2144 = FACE_BOUND('',#2145,.T.);
#2145 = EDGE_LOOP('',(#2146,#2147,#2153,#2154));
#2146 = ORIENTED_EDGE('',*,*,#2111,.F.);
#2147 = ORIENTED_EDGE('',*,*,#2148,.T.);
#2148 = EDGE_CURVE('',#2061,#998,#2149,.T.);
#2149 = LINE('',#2150,#2151);
#2150 = CARTESIAN_POINT('',(7.964364438138,-1.7E-16,-0.754254));
#2151 = VECTOR('',#2152,1.);
#2152 = DIRECTION('',(0.,1.,-2.2E-16));
#2153 = ORIENTED_EDGE('',*,*,#1048,.T.);
#2154 = ORIENTED_EDGE('',*,*,#2155,.T.);
#2155 = EDGE_CURVE('',#1024,#2087,#2156,.T.);
#2156 = LINE('',#2157,#2158);
#2157 = CARTESIAN_POINT('',(7.210658839765,-2.5E-15,-0.754254));
#2158 = VECTOR('',#2159,1.);
#2159 = DIRECTION('',(-0.,-1.,-2.2E-16));
#2160 = PLANE('',#2161);
#2161 = AXIS2_PLACEMENT_3D('',#2162,#2163,#2164);
#2162 = CARTESIAN_POINT('',(7.587511638952,-1.42E-15,-0.754254));
#2163 = DIRECTION('',(0.,0.,1.));
#2164 = DIRECTION('',(1.,0.,-0.));
#2165 = ADVANCED_FACE('',(#2166),#2182,.T.);
#2166 = FACE_BOUND('',#2167,.T.);
#2167 = EDGE_LOOP('',(#2168,#2169,#2175,#2176));
#2168 = ORIENTED_EDGE('',*,*,#1393,.T.);
#2169 = ORIENTED_EDGE('',*,*,#2170,.F.);
#2170 = EDGE_CURVE('',#323,#1386,#2171,.T.);
#2171 = LINE('',#2172,#2173);
#2172 = CARTESIAN_POINT('',(6.,-1.78E-15,-6.291502622129));
#2173 = VECTOR('',#2174,1.);
#2174 = DIRECTION('',(0.,-1.,2.2E-16));
#2175 = ORIENTED_EDGE('',*,*,#330,.F.);
#2176 = ORIENTED_EDGE('',*,*,#2177,.F.);
#2177 = EDGE_CURVE('',#1394,#331,#2178,.T.);
#2178 = LINE('',#2179,#2180);
#2179 = CARTESIAN_POINT('',(6.613269692946,-1.66E-15,-4.501629034956));
#2180 = VECTOR('',#2181,1.);
#2181 = DIRECTION('',(0.,1.,2.2E-16));
#2182 = PLANE('',#2183);
#2183 = AXIS2_PLACEMENT_3D('',#2184,#2185,#2186);
#2184 = CARTESIAN_POINT('',(6.306634846473,0.,-5.396565828543));
#2185 = DIRECTION('',(0.946010990204,0.,-0.324134549861));
#2186 = DIRECTION('',(0.324134549861,0.,0.946010990204));
#2187 = ADVANCED_FACE('',(#2188),#2199,.T.);
#2188 = FACE_BOUND('',#2189,.T.);
#2189 = EDGE_LOOP('',(#2190,#2196,#2197,#2198));
#2190 = ORIENTED_EDGE('',*,*,#2191,.F.);
#2191 = EDGE_CURVE('',#315,#1378,#2192,.T.);
#2192 = LINE('',#2193,#2194);
#2193 = CARTESIAN_POINT('',(6.,-3.55E-15,-7.000000000128));
#2194 = VECTOR('',#2195,1.);
#2195 = DIRECTION('',(-0.,-1.,-0.));
#2196 = ORIENTED_EDGE('',*,*,#322,.T.);
#2197 = ORIENTED_EDGE('',*,*,#2170,.T.);
#2198 = ORIENTED_EDGE('',*,*,#1385,.F.);
#2199 = PLANE('',#2200);
#2200 = AXIS2_PLACEMENT_3D('',#2201,#2202,#2203);
#2201 = CARTESIAN_POINT('',(6.,-1.1E-15,-6.645751311129));
#2202 = DIRECTION('',(1.,0.,0.));
#2203 = DIRECTION('',(-0.,0.,1.));
#2204 = ADVANCED_FACE('',(#2205),#2216,.T.);
#2205 = FACE_BOUND('',#2206,.T.);
#2206 = EDGE_LOOP('',(#2207,#2213,#2214,#2215));
#2207 = ORIENTED_EDGE('',*,*,#2208,.F.);
#2208 = EDGE_CURVE('',#307,#1370,#2209,.T.);
#2209 = LINE('',#2210,#2211);
#2210 = CARTESIAN_POINT('',(5.,-3.55E-15,-8.000000000128));
#2211 = VECTOR('',#2212,1.);
#2212 = DIRECTION('',(-0.,-1.,-0.));
#2213 = ORIENTED_EDGE('',*,*,#314,.T.);
#2214 = ORIENTED_EDGE('',*,*,#2191,.T.);
#2215 = ORIENTED_EDGE('',*,*,#1377,.F.);
#2216 = PLANE('',#2217);
#2217 = AXIS2_PLACEMENT_3D('',#2218,#2219,#2220);
#2218 = CARTESIAN_POINT('',(5.5,-1.49E-15,-7.500000000128));
#2219 = DIRECTION('',(0.707106781187,0.,-0.707106781187));
#2220 = DIRECTION('',(0.707106781187,0.,0.707106781187));
#2221 = ADVANCED_FACE('',(#2222),#2233,.T.);
#2222 = FACE_BOUND('',#2223,.T.);
#2223 = EDGE_LOOP('',(#2224,#2230,#2231,#2232));
#2224 = ORIENTED_EDGE('',*,*,#2225,.F.);
#2225 = EDGE_CURVE('',#299,#1362,#2226,.T.);
#2226 = LINE('',#2227,#2228);
#2227 = CARTESIAN_POINT('',(-5.,-1.78E-15,-8.000000000128));
#2228 = VECTOR('',#2229,1.);
#2229 = DIRECTION('',(0.,-1.,2.2E-16));
#2230 = ORIENTED_EDGE('',*,*,#306,.T.);
#2231 = ORIENTED_EDGE('',*,*,#2208,.T.);
#2232 = ORIENTED_EDGE('',*,*,#1369,.F.);
#2233 = PLANE('',#2234);
#2234 = AXIS2_PLACEMENT_3D('',#2235,#2236,#2237);
#2235 = CARTESIAN_POINT('',(-3.5E-16,0.,-8.000000000128));
#2236 = DIRECTION('',(-3.E-16,-0.,-1.));
#2237 = DIRECTION('',(-1.,0.,3.E-16));
#2238 = ADVANCED_FACE('',(#2239),#2250,.T.);
#2239 = FACE_BOUND('',#2240,.T.);
#2240 = EDGE_LOOP('',(#2241,#2247,#2248,#2249));
#2241 = ORIENTED_EDGE('',*,*,#2242,.F.);
#2242 = EDGE_CURVE('',#291,#1354,#2243,.T.);
#2243 = LINE('',#2244,#2245);
#2244 = CARTESIAN_POINT('',(-6.,-1.55E-15,-7.000000000128));
#2245 = VECTOR('',#2246,1.);
#2246 = DIRECTION('',(0.,-1.,2.2E-16));
#2247 = ORIENTED_EDGE('',*,*,#298,.T.);
#2248 = ORIENTED_EDGE('',*,*,#2225,.T.);
#2249 = ORIENTED_EDGE('',*,*,#1361,.F.);
#2250 = PLANE('',#2251);
#2251 = AXIS2_PLACEMENT_3D('',#2252,#2253,#2254);
#2252 = CARTESIAN_POINT('',(-5.5,-1.2E-16,-7.500000000128));
#2253 = DIRECTION('',(-0.707106781187,-0.,-0.707106781187));
#2254 = DIRECTION('',(-0.707106781187,0.,0.707106781187));
#2255 = ADVANCED_FACE('',(#2256),#2262,.T.);
#2256 = FACE_BOUND('',#2257,.T.);
#2257 = EDGE_LOOP('',(#2258,#2259,#2260,#2261));
#2258 = ORIENTED_EDGE('',*,*,#1353,.T.);
#2259 = ORIENTED_EDGE('',*,*,#1071,.T.);
#2260 = ORIENTED_EDGE('',*,*,#290,.F.);
#2261 = ORIENTED_EDGE('',*,*,#2242,.T.);
#2262 = PLANE('',#2263);
#2263 = AXIS2_PLACEMENT_3D('',#2264,#2265,#2266);
#2264 = CARTESIAN_POINT('',(-6.,-5.E-16,-6.645751311129));
#2265 = DIRECTION('',(-1.,-0.,-0.));
#2266 = DIRECTION('',(0.,0.,-1.));
#2267 = ADVANCED_FACE('',(#2268),#2292,.T.);
#2268 = FACE_BOUND('',#2269,.F.);
#2269 = EDGE_LOOP('',(#2270,#2271,#2272,#2273,#2274,#2275,#2276,#2277,
    #2278,#2279,#2280,#2281,#2282,#2283,#2284,#2285,#2286,#2287,#2288,
    #2289,#2290,#2291));
#2270 = ORIENTED_EDGE('',*,*,#80,.T.);
#2271 = ORIENTED_EDGE('',*,*,#2133,.T.);
#2272 = ORIENTED_EDGE('',*,*,#1152,.F.);
#2273 = ORIENTED_EDGE('',*,*,#1240,.T.);
#2274 = ORIENTED_EDGE('',*,*,#1656,.T.);
#2275 = ORIENTED_EDGE('',*,*,#1625,.T.);
#2276 = ORIENTED_EDGE('',*,*,#1600,.T.);
#2277 = ORIENTED_EDGE('',*,*,#1546,.F.);
#2278 = ORIENTED_EDGE('',*,*,#1491,.F.);
#2279 = ORIENTED_EDGE('',*,*,#1316,.T.);
#2280 = ORIENTED_EDGE('',*,*,#1266,.F.);
#2281 = ORIENTED_EDGE('',*,*,#1345,.T.);
#2282 = ORIENTED_EDGE('',*,*,#1062,.F.);
#2283 = ORIENTED_EDGE('',*,*,#273,.F.);
#2284 = ORIENTED_EDGE('',*,*,#194,.T.);
#2285 = ORIENTED_EDGE('',*,*,#244,.F.);
#2286 = ORIENTED_EDGE('',*,*,#428,.T.);
#2287 = ORIENTED_EDGE('',*,*,#483,.T.);
#2288 = ORIENTED_EDGE('',*,*,#537,.F.);
#2289 = ORIENTED_EDGE('',*,*,#562,.F.);
#2290 = ORIENTED_EDGE('',*,*,#593,.F.);
#2291 = ORIENTED_EDGE('',*,*,#168,.F.);
#2292 = CYLINDRICAL_SURFACE('',#2293,8.);
#2293 = AXIS2_PLACEMENT_3D('',#2294,#2295,#2296);
#2294 = CARTESIAN_POINT('',(0.,-0.,-0.));
#2295 = DIRECTION('',(0.,1.,-2.2E-16));
#2296 = DIRECTION('',(1.,0.,0.));
#2297 = ADVANCED_FACE('',(#2298),#2322,.T.);
#2298 = FACE_BOUND('',#2299,.F.);
#2299 = EDGE_LOOP('',(#2300,#2301,#2302,#2303,#2304,#2305,#2306,#2307,
    #2308,#2309,#2310,#2311,#2312,#2313,#2314,#2315,#2316,#2317,#2318,
    #2319,#2320,#2321));
#2300 = ORIENTED_EDGE('',*,*,#1401,.T.);
#2301 = ORIENTED_EDGE('',*,*,#1811,.T.);
#2302 = ORIENTED_EDGE('',*,*,#1871,.F.);
#2303 = ORIENTED_EDGE('',*,*,#1449,.F.);
#2304 = ORIENTED_EDGE('',*,*,#1850,.T.);
#2305 = ORIENTED_EDGE('',*,*,#2043,.F.);
#2306 = ORIENTED_EDGE('',*,*,#2028,.T.);
#2307 = ORIENTED_EDGE('',*,*,#1686,.F.);
#2308 = ORIENTED_EDGE('',*,*,#1969,.T.);
#2309 = ORIENTED_EDGE('',*,*,#2060,.F.);
#2310 = ORIENTED_EDGE('',*,*,#2148,.T.);
#2311 = ORIENTED_EDGE('',*,*,#997,.T.);
#2312 = ORIENTED_EDGE('',*,*,#906,.F.);
#2313 = ORIENTED_EDGE('',*,*,#623,.T.);
#2314 = ORIENTED_EDGE('',*,*,#965,.F.);
#2315 = ORIENTED_EDGE('',*,*,#980,.T.);
#2316 = ORIENTED_EDGE('',*,*,#787,.F.);
#2317 = ORIENTED_EDGE('',*,*,#386,.T.);
#2318 = ORIENTED_EDGE('',*,*,#808,.T.);
#2319 = ORIENTED_EDGE('',*,*,#748,.F.);
#2320 = ORIENTED_EDGE('',*,*,#338,.F.);
#2321 = ORIENTED_EDGE('',*,*,#2177,.F.);
#2322 = CYLINDRICAL_SURFACE('',#2323,8.);
#2323 = AXIS2_PLACEMENT_3D('',#2324,#2325,#2326);
#2324 = CARTESIAN_POINT('',(0.,-0.,-0.));
#2325 = DIRECTION('',(0.,1.,-2.2E-16));
#2326 = DIRECTION('',(1.,0.,0.));
#2327 = ADVANCED_FACE('',(#2328),#2346,.F.);
#2328 = FACE_BOUND('',#2329,.T.);
#2329 = EDGE_LOOP('',(#2330,#2331,#2332,#2333,#2334,#2335,#2336,#2337,
    #2338,#2339,#2340,#2341,#2342,#2343,#2344,#2345));
#2330 = ORIENTED_EDGE('',*,*,#929,.F.);
#2331 = ORIENTED_EDGE('',*,*,#641,.T.);
#2332 = ORIENTED_EDGE('',*,*,#887,.F.);
#2333 = ORIENTED_EDGE('',*,*,#584,.F.);
#2334 = ORIENTED_EDGE('',*,*,#145,.F.);
#2335 = ORIENTED_EDGE('',*,*,#21,.T.);
#2336 = ORIENTED_EDGE('',*,*,#2126,.F.);
#2337 = ORIENTED_EDGE('',*,*,#1093,.F.);
#2338 = ORIENTED_EDGE('',*,*,#1217,.T.);
#2339 = ORIENTED_EDGE('',*,*,#1647,.T.);
#2340 = ORIENTED_EDGE('',*,*,#1950,.T.);
#2341 = ORIENTED_EDGE('',*,*,#1704,.F.);
#2342 = ORIENTED_EDGE('',*,*,#1992,.T.);
#2343 = ORIENTED_EDGE('',*,*,#2086,.F.);
#2344 = ORIENTED_EDGE('',*,*,#2155,.F.);
#2345 = ORIENTED_EDGE('',*,*,#1023,.T.);
#2346 = CYLINDRICAL_SURFACE('',#2347,7.25);
#2347 = AXIS2_PLACEMENT_3D('',#2348,#2349,#2350);
#2348 = CARTESIAN_POINT('',(0.,-0.,-0.));
#2349 = DIRECTION('',(0.,1.,-2.2E-16));
#2350 = DIRECTION('',(1.,0.,0.));
#2351 = ( GEOMETRIC_REPRESENTATION_CONTEXT(3) 
GLOBAL_UNCERTAINTY_ASSIGNED_CONTEXT((#2355)) 
GLOBAL_UNIT_ASSIGNED_CONTEXT((#2352,#2353,#2354)) REPRESENTATION_CONTEXT
('Context #1','3D Context with UNIT and UNCERTAINTY') );
#2352 = ( LENGTH_UNIT() NAMED_UNIT(*) SI_UNIT(.MILLI.,.METRE.) );
#2353 = ( NAMED_UNIT(*) PLANE_ANGLE_UNIT() SI_UNIT($,.RADIAN.) );
#2354 = ( NAMED_UNIT(*) SI_UNIT($,.STERADIAN.) SOLID_ANGLE_UNIT() );
#2355 = UNCERTAINTY_MEASURE_WITH_UNIT(LENGTH_MEASURE(2.E-06),#2352,
  'distance_accuracy_value','confusion accuracy');
#2356 = PRODUCT_RELATED_PRODUCT_CATEGORY('part',$,(#7));
#2357 = MECHANICAL_DESIGN_GEOMETRIC_PRESENTATION_REPRESENTATION('',(
    #2358),#2351);
#2358 = STYLED_ITEM('color',(#2359),#15);
#2359 = PRESENTATION_STYLE_ASSIGNMENT((#2360,#2366));
#2360 = SURFACE_STYLE_USAGE(.BOTH.,#2361);
#2361 = SURFACE_SIDE_STYLE('',(#2362));
#2362 = SURFACE_STYLE_FILL_AREA(#2363);
#2363 = FILL_AREA_STYLE('',(#2364));
#2364 = FILL_AREA_STYLE_COLOUR('',#2365);
#2365 = COLOUR_RGB('',0.800000010877,0.800000010877,0.901960800373);
#2366 = CURVE_STYLE('',#2367,POSITIVE_LENGTH_MEASURE(0.1),#2368);
#2367 = DRAUGHTING_PRE_DEFINED_CURVE_FONT('continuous');
#2368 = COLOUR_RGB('',9.803921802644E-02,9.803921802644E-02,
  9.803921802644E-02);
ENDSEC;
END-ISO-10303-21;
